date,symbol,open,high,low,close,volume,source,return_1d,log_return_1d,range_pct,volume_20d_ma,volume_ratio_20d
2012-02-22,JKH.N0000,17.351429,17.361407,16.61307,17.351429,13343590,tradingview_cselk_fallback,,,0.043128263383955256,,
2012-02-23,JKH.N0000,17.351429,17.76052,17.261629,17.680697,4216350,tradingview_cselk_fallback,0.018976419751940865,0.018798613395746136,0.02821670435277526,,
2012-02-24,JKH.N0000,17.351429,17.660741,17.351429,17.570941,213490,tradingview_cselk_fallback,-0.00620767382643328,-0.006227021544708688,0.017603610415628964,,
2012-02-27,JKH.N0000,17.351429,17.610852,17.16185,17.461185,838810,tradingview_cselk_fallback,-0.006246449749048755,-0.006266040440403463,0.025714291441273896,,
2012-03-05,JKH.N0000,18.069832,18.129699,17.710631,18.069832,8686400,tradingview_cselk_fallback,0.034857141711745365,0.03426338985903663,0.023191582522737307,5459728.0,1.5909950092751874
2012-03-06,JKH.N0000,18.62859,18.708412,18.129699,18.62859,3381030,tradingview_cselk_fallback,0.03092214692422135,0.030453689985981885,0.03106585093128361,5113278.333333333,0.6612254955806239
2012-03-08,JKH.N0000,18.568723,18.658523,18.259411,18.568723,4600910,tradingview_cselk_fallback,-0.0032137161212952847,-0.003218891197407544,0.021493777466549468,5040082.857142857,0.9128639608532513
2012-03-09,JKH.N0000,18.888013,18.927925,18.558745,18.888013,4406890,tradingview_cselk_fallback,0.01719504351483958,0.017048881878808122,0.019545729876403625,4960933.75,0.8883186557369366
2012-03-13,JKH.N0000,19.356971,19.456749,19.257193,19.356971,13835530,tradingview_cselk_fallback,0.02482833954000352,0.024525124945590192,0.01030925757960776,5947000.0,2.3264721708424414
2012-03-14,JKH.N0000,19.456749,19.526594,19.356971,19.456749,6050960,tradingview_cselk_fallback,0.005154628789803883,0.005141389168223506,0.008717951801711471,5957396.0,1.015705519659932
2012-03-15,JKH.N0000,19.486682,19.556527,19.40686,19.486682,3981690,tradingview_cselk_fallback,0.0015384378962794987,0.0015372557130208452,0.007680476337633946,5777786.363636363,0.6891376297779978
2012-03-16,JKH.N0000,19.466727,19.556527,18.957858,19.466727,76990200,tradingview_cselk_fallback,-0.0010240327214248168,-0.001024557401155483,0.030753449205919284,11712154.166666666,6.573530274995669
2012-03-19,JKH.N0000,19.95564,19.995551,19.456749,19.95564,20928880,tradingview_cselk_fallback,0.025115315995339227,0.024805109672424525,0.026999985968879,12421133.076923076,1.6849412908137391
2012-03-20,JKH.N0000,19.95564,20.055418,19.945662,19.95564,9735300,tradingview_cselk_fallback,0.0,0.0,0.0054999989977771125,12229287.857142856,0.7960643427257154
2012-03-21,JKH.N0000,19.456749,19.855862,19.396882,19.456749,1100290,tradingview_cselk_fallback,-0.025000000000000022,-0.025317807984289897,0.02358975798063679,11487354.666666666,0.0957827134207632
2012-03-22,JKH.N0000,19.067614,19.855862,18.967836,19.067614,2675300,tradingview_cselk_fallback,-0.02000000102792099,-0.020202708366418416,0.04657247624165247,10936601.25,0.24461895783207785
2012-03-23,JKH.N0000,19.436793,19.466727,19.067614,19.436793,20877000,tradingview_cselk_fallback,0.019361572979188724,0.019176522489532503,0.02053389157357388,11521330.588235294,1.8120302893936575
2012-03-26,JKH.N0000,19.935684,19.95564,19.217281,19.935684,7356510,tradingview_cselk_fallback,0.025667351604762967,0.02534347546952105,0.03703705375747324,11289951.666666666,0.6515980065459389
2012-03-27,JKH.N0000,20.055418,20.065396,19.935684,20.055418,6058660,tradingview_cselk_fallback,0.006006014140272242,0.005988049930326027,0.006467678709065121,11014620.52631579,0.5500561717514314
2012-03-28,JKH.N0000,20.484464,20.554309,20.055418,20.484464,12185780,tradingview_cselk_fallback,0.02139302207513194,0.021167403482137047,0.024354603566878803,11073178.5,1.1004771574846373
2012-03-29,JKH.N0000,20.793777,20.953422,20.464509,20.793777,5322510,tradingview_cselk_fallback,0.015099882525605679,0.014987014081323788,0.023512467215552047,10672124.5,0.49873012632114627
2012-03-30,JKH.N0000,20.554309,20.953422,20.454531,20.554309,5443240,tradingview_cselk_fallback,-0.011516330102030015,-0.01158315659090786,0.024271844896367006,10733469.0,0.5071277515218985
2012-04-02,JKH.N0000,20.793777,20.833688,20.554309,20.793777,4012660,tradingview_cselk_fallback,0.011650501118767753,0.011583156590907799,0.01343570242193127,10923427.5,0.36734440723847894
2012-04-03,JKH.N0000,20.853644,20.903533,20.793777,20.853644,6537310,tradingview_cselk_fallback,0.0028790825255076147,0.0028749459052919042,0.005263156885194782,11208352.5,0.5832534264067801
2012-04-04,JKH.N0000,20.853644,20.903533,20.753866,20.853644,4409860,tradingview_cselk_fallback,0.0,0.0,0.007177019038015653,10994525.5,0.4010959818138582
2012-04-05,JKH.N0000,20.883577,21.033245,20.753866,20.883577,2586460,tradingview_cselk_fallback,0.0014353846263031045,0.001434355446518572,0.013377928503340318,10954797.0,0.23610296019177718
2012-04-09,JKH.N0000,20.863622,20.953422,20.853644,20.863622,408780,tradingview_cselk_fallback,-0.0009555355387632636,-0.0009559923538714141,0.004782391092016554,10745190.5,0.03804306680277097
2012-04-10,JKH.N0000,20.853644,20.943444,20.773821,20.853644,260920,tradingview_cselk_fallback,-0.00047824869526491565,-0.00047836309264723015,0.008133974091050843,10537892.0,0.02476017025036886
2012-04-11,JKH.N0000,20.893555,20.953422,20.853644,20.893555,205960,tradingview_cselk_fallback,0.0019138621528209665,0.0019120330520436381,0.0047755396341120785,9856413.5,0.02089603890908189
2012-04-16,JKH.N0000,20.923489,20.943444,20.773821,20.923489,5184600,tradingview_cselk_fallback,0.0014326906072230639,0.001431665285231011,0.008106821954980734,9813095.5,0.5283348154514547
2012-04-17,JKH.N0000,20.893555,20.913511,20.873599,20.893555,10363940,tradingview_cselk_fallback,-0.0014306409413841203,-0.0014316652852310974,0.0019102541429642328,10132208.0,1.0228708293394688
2012-04-18,JKH.N0000,20.803755,20.943444,20.753866,20.803755,1334260,tradingview_cselk_fallback,-0.004297976098371015,-0.004307238948174706,0.00911268182114243,6349411.0,0.21013917668898738
2012-04-19,JKH.N0000,20.604198,20.853644,20.454531,20.604198,2973250,tradingview_cselk_fallback,-0.009592354841709949,-0.009638657818381823,0.019370470037222504,5451629.5,0.5453873928886767
2012-04-20,JKH.N0000,20.554309,20.654087,20.554309,20.554309,2116730,tradingview_cselk_fallback,-0.002421302687927951,-0.002424238781686581,0.004854359248953618,5070701.0,0.4174432686920408
2012-04-23,JKH.N0000,20.554309,20.703977,20.50442,20.554309,966320,tradingview_cselk_fallback,0.0,0.0,0.009708767149506152,5064002.5,0.1908213907872281
2012-04-24,JKH.N0000,20.554309,20.604198,20.454531,20.554309,2905930,tradingview_cselk_fallback,0.0,0.0,0.007281538873430427,5075534.0,0.5725368010538399
2012-04-25,JKH.N0000,20.484464,20.59422,20.454531,20.484464,2468870,tradingview_cselk_fallback,-0.0033980709349071825,-0.003403857490416019,0.006819265566333619,4155127.5,0.5941743063239335
2012-04-26,JKH.N0000,20.314842,20.404642,20.254975,20.314842,1418560,tradingview_cselk_fallback,-0.008280519324303515,-0.008314993264432429,0.007367372091793643,3858230.0,0.3676711860101653
2012-04-27,JKH.N0000,20.314842,20.454531,20.254975,20.314842,3462540,tradingview_cselk_fallback,0.0,0.0,0.009823162789058247,3728424.0,0.9286872952217881
2012-04-30,JKH.N0000,20.264952,20.354753,20.105307,20.264952,5911810,tradingview_cselk_fallback,-0.002455839922358094,-0.0024588604435112358,0.012309232215304479,3414725.5,1.7312694680729095
2012-05-02,JKH.N0000,20.105307,20.354753,20.005529,20.105307,4200000,tradingview_cselk_fallback,-0.007877886905431675,-0.00790908139559724,0.017369742227761036,3358600.0,1.2505210504376825
2012-05-03,JKH.N0000,20.115285,20.205086,19.965618,20.115285,1068120,tradingview_cselk_fallback,0.0004962868758979777,0.0004961637662964857,0.011904777884081794,3139844.0,0.34018250588245785
2012-05-04,JKH.N0000,20.155196,20.195108,19.985573,20.155196,2056700,tradingview_cselk_fallback,0.001984113076200611,0.0019821473236051883,0.010396078509978392,3042046.0,0.6760910255794949
2012-05-08,JKH.N0000,20.155196,20.254975,20.055418,20.155196,3461140,tradingview_cselk_fallback,0.0,0.0,0.009901020064503576,2888237.5,1.1983571295643105
2012-05-09,JKH.N0000,19.945662,20.155196,19.935684,19.945662,2767550,tradingview_cselk_fallback,-0.010396028894980813,-0.010450445073370321,0.011005500845246536,2806122.0,0.9862543396188762
2012-05-10,JKH.N0000,19.746106,19.945662,19.666283,19.746106,4003530,tradingview_cselk_fallback,-0.01000498253705484,-0.010055368731878312,0.014148561746807127,2876975.5,1.3915759797050757
2012-05-11,JKH.N0000,19.646328,19.756084,19.556527,19.646328,2376990,tradingview_cselk_fallback,-0.00505304691466768,-0.0050658567268365515,0.010157470647950202,2975386.0,0.7988845816979713
2012-05-14,JKH.N0000,19.656305,19.696217,19.556527,19.656305,2376920,tradingview_cselk_fallback,0.0005078302673151569,0.000507701365163386,0.007106625584004809,3081186.0,0.7714302219989316
2012-05-15,JKH.N0000,19.766061,19.95564,19.656305,19.766061,7563930,tradingview_cselk_fallback,0.005583755441320282,0.00556822406767825,0.015143887292465567,3449084.5,2.1930254245728107
2012-05-16,JKH.N0000,19.815951,19.935684,19.756084,19.815951,488430,tradingview_cselk_fallback,0.0025240233752186203,0.002520843378020161,0.009063405536277169,3214276.0,0.15195645924618795
2012-05-17,JKH.N0000,19.95564,20.055418,19.756084,19.95564,336490,tradingview_cselk_fallback,0.007049321024259703,0.007024590714054051,0.014999969933311997,2712903.5,0.1240331622558635
2012-05-18,JKH.N0000,20.035463,20.055418,19.95564,20.035463,434830,tradingview_cselk_fallback,0.0040000220489044835,0.003992043230597454,0.004980069589607217,2667932.0,0.16298391413274402
2012-05-21,JKH.N0000,20.165174,20.205086,19.985573,20.165174,2355730,tradingview_cselk_fallback,0.006474070501889528,0.0064532037210427995,0.010885747874032861,2637056.0,0.893318154790797
2012-05-22,JKH.N0000,20.165174,20.205086,20.155196,20.165174,472340,tradingview_cselk_fallback,0.0,0.0,0.002474067419403439,2554836.5,0.1848807154586996
2012-05-23,JKH.N0000,19.556527,20.155196,19.376926,19.556527,19124160,tradingview_cselk_fallback,-0.03018307702180012,-0.030647964495924447,0.03979592081968333,3462728.5,5.522858635899407
2012-05-24,JKH.N0000,19.646328,19.945662,19.616394,19.646328,6074120,tradingview_cselk_fallback,0.004591868484624229,0.004581358019368369,0.016759773124015796,3621138.0,1.6774063844018097
2012-05-25,JKH.N0000,19.476705,19.756084,19.466727,19.476705,131910,tradingview_cselk_fallback,-0.008633827145714035,-0.008671314560509335,0.014856568397991475,3504290.0,0.03764243256123209
2012-05-28,JKH.N0000,19.067614,19.646328,19.057636,19.067614,8058400,tradingview_cselk_fallback,-0.021004117482910978,-0.021227842265283122,0.0308739205649958,3836282.0,2.1005755051375266
2012-05-29,JKH.N0000,18.738346,18.967836,18.658523,18.738346,7964180,tradingview_cselk_fallback,-0.017268442711290466,-0.017419281288505763,0.016506953175056086,4061364.0,1.9609618837415213
2012-05-30,JKH.N0000,18.458967,18.85808,18.458967,18.458967,21154140,tradingview_cselk_fallback,-0.014909480271097508,-0.015021743830497782,0.0216216324564641,4823480.5,4.385658861894435
2012-05-31,JKH.N0000,18.419056,18.658523,18.369167,18.419056,2779960,tradingview_cselk_fallback,-0.0021621469933826853,-0.002164487807925247,0.015709599883946167,4752478.5,0.5849495163418414
2012-06-01,JKH.N0000,18.359189,18.458967,18.3093,18.359189,94700,tradingview_cselk_fallback,-0.003250275149823123,-0.0032555687676865453,0.008152157483644886,4703807.5,0.020132626600897253
2012-06-05,JKH.N0000,17.321496,18.458967,17.16185,17.321496,5484390,tradingview_cselk_fallback,-0.056521723263484036,-0.058181938565230566,0.07488481364427184,4875192.0,1.1249587708545632
2012-06-06,JKH.N0000,17.690675,17.76052,17.461185,17.690675,641440,tradingview_cselk_fallback,0.02131334383589034,0.021089391056453462,0.016920496250143042,4734207.0,0.13549048446762044
2012-06-07,JKH.N0000,17.870276,17.970054,17.750542,17.870276,7709970,tradingview_cselk_fallback,0.010152297750085859,0.010101109337091308,0.012283637924786484,4981328.0,1.5477740072526844
2012-06-08,JKH.N0000,17.830364,17.900209,17.76052,17.830364,3416130,tradingview_cselk_fallback,-0.0022334294109391806,-0.002235927234240383,0.007834332490351887,4951958.0,0.6898543969880196
2012-06-11,JKH.N0000,17.960076,18.159632,17.960076,17.960076,1471580,tradingview_cselk_fallback,0.0072747813785518645,0.007248447793423494,0.011111088839490302,4906687.5,0.2999131287655878
2012-06-12,JKH.N0000,18.029921,18.059854,17.980032,18.029921,1671100,tradingview_cselk_fallback,0.003888903365442342,0.003881361128446162,0.004427196325485844,4871396.5,0.3430433141707927
2012-06-13,JKH.N0000,18.16961,18.458967,18.019943,18.16961,1585140,tradingview_cselk_fallback,0.00774762130128015,0.00771776260677572,0.024162543940128595,4572457.0,0.3466713847719071
2012-06-14,JKH.N0000,18.558745,18.658523,18.16961,18.558745,1225340,tradingview_cselk_fallback,0.02141680531392809,0.02119068831117825,0.026344076606473133,4609302.5,0.2658406559343849
2012-06-15,JKH.N0000,18.788235,18.85808,18.508856,18.788235,670120,tradingview_cselk_fallback,0.012365599074722011,0.012289769533008447,0.01858737662159322,4625984.0,0.14485999086896972
2012-06-18,JKH.N0000,18.937902,19.007747,18.558745,18.937902,309590,tradingview_cselk_fallback,0.007965995741483933,0.007934434696711285,0.02370917327589931,4619722.0,0.06701485500642679
2012-06-19,JKH.N0000,19.027703,19.147437,18.85808,19.027703,741640,tradingview_cselk_fallback,0.004741866337675482,0.004730659104330395,0.01520714297464066,4539017.5,0.16339218784681928
2012-06-20,JKH.N0000,19.356971,19.40686,18.957858,19.356971,553570,tradingview_cselk_fallback,0.01730466362650307,0.017156643124862658,0.023195881215093007,4543079.0,0.12184908076659023
2012-06-21,JKH.N0000,19.556527,19.656305,19.356971,19.556527,2884840,tradingview_cselk_fallback,0.010309257579607767,0.010256479608229226,0.015306091925217511,3731113.0,0.7731848378754543
2012-06-22,JKH.N0000,19.346993,19.656305,19.157414,19.346993,7513740,tradingview_cselk_fallback,-0.010714274574416871,-0.01077208572139393,0.025786487853693873,3803094.0,1.9756913712887454
2012-06-25,JKH.N0000,18.987791,19.346993,18.957858,18.987791,121610,tradingview_cselk_fallback,-0.018566296064716603,-0.018740813206347875,0.020493958459938785,3802579.0,0.031980926629006264
2012-06-26,JKH.N0000,18.957858,19.446771,18.878035,18.957858,10179750,tradingview_cselk_fallback,-0.0015764340359549767,-0.001577677915524441,0.030000013714629452,3908646.5,2.604418179029493
2012-06-27,JKH.N0000,18.85808,19.057636,18.85808,18.85808,37438270,tradingview_cselk_fallback,-0.005263147345021868,-0.005277046495310249,0.0105819892587155,5382351.0,6.955746661635408
2012-06-28,JKH.N0000,18.458967,18.957858,18.458967,18.458967,8754950,tradingview_cselk_fallback,-0.021164031545098938,-0.021391200586851126,0.02702702702702705,4762391.5,1.8383515928919325
2012-06-29,JKH.N0000,18.239455,18.568723,18.16961,18.239455,206760,tradingview_cselk_fallback,-0.011891889724923499,-0.011963163865227305,0.021881848991650237,4633731.5,0.04462062594692852
2012-07-02,JKH.N0000,18.409078,18.508856,18.159632,18.409078,131590,tradingview_cselk_fallback,0.009299784450796489,0.00925680769958697,0.018970205895156893,4635576.0,0.028386979309583102
2012-07-04,JKH.N0000,18.498878,18.94788,18.369167,18.498878,6236330,tradingview_cselk_fallback,0.004878028111999999,0.004866169083017349,0.03128368109676708,4673173.0,1.3344958553856234
2012-07-05,JKH.N0000,18.379144,18.458967,18.349211,18.379144,157400,tradingview_cselk_fallback,-0.006472500656526381,-0.0064935381146742485,0.0059717688701933485,4648971.0,0.03385695458199244
2012-07-06,JKH.N0000,18.448989,18.458967,18.259411,18.448989,57610,tradingview_cselk_fallback,0.00380023139271346,0.0037930287554194786,0.01081663607691463,4266353.0,0.013503336456219164
2012-07-09,JKH.N0000,18.3991,18.448989,18.16961,18.3991,160010,tradingview_cselk_fallback,-0.0027041590192286025,-0.002707821861992279,0.01518438401878365,4103547.0,0.03899309548544223
2012-07-10,JKH.N0000,18.299322,18.458967,18.259411,18.299322,1381750,tradingview_cselk_fallback,-0.005422982645890362,-0.005437740394470274,0.010905103478697253,4099055.5,0.3370898491128017
2012-07-11,JKH.N0000,18.209521,18.259411,18.209521,18.209521,142600,tradingview_cselk_fallback,-0.004907340282880535,-0.00491942081560127,0.0027397755273189956,4022630.5,0.03544944035998335
2012-07-12,JKH.N0000,18.009965,18.259411,17.980032,18.009965,1511080,tradingview_cselk_fallback,-0.010958882443969697,-0.011019373343929216,0.015512467681086481,4018927.5,0.3759908582575824
2012-07-13,JKH.N0000,17.930143,18.159632,17.910187,17.930143,1378550,tradingview_cselk_fallback,-0.004432101894701113,-0.0044419527758186835,0.013912047438773795,4026588.0,0.34236182097597273
2012-07-16,JKH.N0000,17.950098,17.970054,17.810409,17.950098,425070,tradingview_cselk_fallback,0.0011129303318997419,0.0011123114840517125,0.008893823309488402,4014335.5,0.10588801060598946
2012-07-17,JKH.N0000,17.780475,17.960076,17.750542,17.780475,780030,tradingview_cselk_fallback,-0.009449697711956806,-0.00949462938993017,0.011784499570455877,4037857.5,0.19317917980017868
2012-07-18,JKH.N0000,17.660741,17.76052,17.560963,17.660741,963420,tradingview_cselk_fallback,-0.00673401582353661,-0.006756791614033642,0.011299469257830045,4048946.5,0.23794337613500202
2012-07-19,JKH.N0000,17.960076,18.109743,17.76052,17.960076,3136690,tradingview_cselk_fallback,0.016949175575362352,0.01680714096548729,0.019444405469108375,4178102.5,0.7507451049848586
2012-07-20,JKH.N0000,17.960076,18.159632,17.860298,17.960076,460910,tradingview_cselk_fallback,0.0,0.0,0.01666663325923555,4056906.0,0.11361121011923865
2012-07-23,JKH.N0000,17.870276,17.960076,17.860298,17.870276,6231530,tradingview_cselk_fallback,-0.004999978841960351,-0.005012520559183052,0.00558346160965844,3992795.5,1.5606935040875496
2012-07-24,JKH.N0000,17.800431,17.960076,17.76052,17.800431,909730,tradingview_cselk_fallback,-0.003908445510298786,-0.0039161034437085,0.011210739784896286,4032201.5,0.22561620494412296
2012-07-25,JKH.N0000,17.660741,17.860298,17.650764,17.660741,1710450,tradingview_cselk_fallback,-0.007847562792159257,-0.007878516962595611,0.01186439459137085,3608736.5,0.4739747554303286
2012-07-26,JKH.N0000,17.750542,17.800431,17.660741,17.750542,262310,tradingview_cselk_fallback,0.005084780983991344,0.005071897141053958,0.007869618854455154,1749938.5,0.14989669636961528
2012-07-27,JKH.N0000,18.349211,18.409078,17.960076,18.349211,3114700,tradingview_cselk_fallback,0.03372680113091753,0.0331705256344632,0.02446982597780363,1467926.0,2.1218372043277385
2012-07-30,JKH.N0000,18.478923,18.508856,18.349211,18.478923,2643120,tradingview_cselk_fallback,0.007069077793045331,0.007044208993493694,0.008639302193098653,1589744.0,1.662607312875532
2012-07-31,JKH.N0000,18.349211,18.558745,18.349211,18.349211,16346830,tradingview_cselk_fallback,-0.007019456707514915,-0.007044208993493615,0.01141923759010662,2400506.0,6.809743445756853
2012-08-02,JKH.N0000,18.458967,18.558745,18.448989,18.458967,20248580,tradingview_cselk_fallback,0.0059815105946516844,0.005963692378084248,0.00594594486246155,3101118.5,6.529444134430851
2012-08-03,JKH.N0000,18.369167,18.458967,18.3093,18.369167,3405160,tradingview_cselk_fallback,-0.004864844278664182,-0.0048767161524535,0.008147729290065296,3263506.5,1.043405306531487
2012-08-06,JKH.N0000,18.448989,18.548767,18.409078,18.448989,11633690,tradingview_cselk_fallback,0.004345433845748259,0.004336019710575756,0.007571634413137794,3842310.5,3.0277849746916603
2012-08-07,JKH.N0000,18.448989,18.458967,18.3093,18.448989,5317760,tradingview_cselk_fallback,0.0,0.0,0.008112477057685972,4100198.0,1.296952000854593
2012-08-08,JKH.N0000,18.359189,18.448989,18.249433,18.359189,476520,tradingview_cselk_fallback,-0.004867475393909082,-0.004879360133733916,0.010869543311526515,4054936.5,0.11751602028786394
2012-08-09,JKH.N0000,18.458967,18.658523,18.409078,18.458967,14892200,tradingview_cselk_fallback,0.005434771655763226,0.005420056575611755,0.013513486426407172,4792416.5,3.107451115736706
2012-08-10,JKH.N0000,18.458967,18.458967,18.359189,18.458967,139350,tradingview_cselk_fallback,0.0,0.0,0.005405394570562946,4723830.0,0.029499368097497158
2012-08-13,JKH.N0000,18.508856,18.558745,18.458967,18.508856,877310,tradingview_cselk_fallback,0.0027026972852814968,0.002699051566346004,0.00539082480300225,4698768.0,0.18671064415182873
2012-08-14,JKH.N0000,19.436793,19.456749,18.458967,19.436793,10944720,tradingview_cselk_fallback,0.050134757113027506,0.0489184960421902,0.051334703209526246,5224750.5,2.0947832819959538
2012-08-15,JKH.N0000,19.855862,19.95564,19.396882,19.855862,35644070,tradingview_cselk_fallback,0.02156060415933836,0.021331462110223656,0.028140707263174847,6967952.5,5.115429532563547
2012-08-16,JKH.N0000,19.456749,19.835906,19.17737,19.456749,2383400,tradingview_cselk_fallback,-0.02010051238269084,-0.020305276233337832,0.0338461476786282,7038951.5,0.33860156587241724
2012-08-17,JKH.N0000,19.466727,19.606416,19.26717,19.466727,576930,tradingview_cselk_fallback,0.0005128297641090462,0.0005126983118653968,0.017426966536285185,6910963.5,0.08348040038122036
2012-08-20,JKH.N0000,19.746106,19.825928,19.606416,19.746106,878280,tradingview_cselk_fallback,0.014351616478722962,0.014249606874345115,0.011116723469427424,6931832.0,0.12670243595055392
2012-08-21,JKH.N0000,19.756084,19.815951,19.356971,19.756084,2643290,tradingview_cselk_fallback,0.00050531482004601,0.0005051871915055829,0.02323233693478914,6752420.0,0.3914581735140883
2012-08-22,JKH.N0000,19.855862,19.905751,19.815951,19.855862,6299570,tradingview_cselk_fallback,0.005050494824784035,0.005037783855621625,0.004522593881847101,7021912.0,0.8971302972751581
2012-08-23,JKH.N0000,19.855862,19.86584,19.756084,19.855862,11050660,tradingview_cselk_fallback,0.0,0.0,0.005527637128017777,7488922.5,1.475600795708595
2012-08-24,JKH.N0000,19.476705,19.656305,19.456749,19.476705,3797730,tradingview_cselk_fallback,-0.019095469136519938,-0.019280142334473,0.010245880912608226,7665693.5,0.49541897285614145
2012-08-27,JKH.N0000,19.696217,19.786017,19.606416,19.696217,1567160,tradingview_cselk_fallback,0.011270489541223894,0.011207450783544636,0.009118553070368877,7588316.5,0.2065227511266827
2012-08-28,JKH.N0000,19.795995,19.855862,19.756084,19.795995,306460,tradingview_cselk_fallback,0.005065845893147847,0.005053057666448542,0.005040312447037748,7471483.5,0.041017289270598
2012-08-29,JKH.N0000,19.756084,19.835906,19.656305,19.756084,234210,tradingview_cselk_fallback,-0.0020161148757614766,-0.0020181499711417117,0.009090921055002685,6665852.5,0.0351357909584708
2012-08-30,JKH.N0000,19.736128,19.756084,19.706195,19.736128,2765160,tradingview_cselk_fallback,-0.0010101192118843194,-0.0010106297261112016,0.002527800792536423,5791681.5,0.4774364750547833
2012-09-03,JKH.N0000,19.776039,19.805973,19.706195,19.776039,2534790,tradingview_cselk_fallback,0.0020222305003292362,0.0020201885446376466,0.005045398626084859,5748163.0,0.44097392506092814
2012-09-04,JKH.N0000,19.855862,19.905751,19.706195,19.855862,361540,tradingview_cselk_fallback,0.00403634924061369,0.004028225037095154,0.010050231009864878,5184555.5,0.0697340398805645
2012-09-05,JKH.N0000,19.666283,19.855862,19.656305,19.666283,1325340,tradingview_cselk_fallback,-0.009547759749740314,-0.00959363182506885,0.010147164057386882,4984934.5,0.26586909015554766
2012-09-06,JKH.N0000,19.835906,19.855862,19.656305,19.835906,3063550,tradingview_cselk_fallback,0.008625066566976702,0.008588083184277548,0.010060392502364079,5114286.0,0.5990181229598814
2012-09-07,JKH.N0000,19.95564,20.055418,19.835906,19.95564,6302670,tradingview_cselk_fallback,0.006036225418692531,0.006018080391743359,0.010999997995554046,4684809.5,1.3453417903118579
2012-09-10,JKH.N0000,20.424598,20.454531,19.95564,20.424598,3451140,tradingview_cselk_fallback,0.023500023051127528,0.023228148641070645,0.024425988702445965,4850399.0,0.7115167226448793
2012-09-11,JKH.N0000,20.254975,20.404642,19.95564,20.254975,602560,tradingview_cselk_fallback,-0.008304839096465844,-0.008339516399084881,0.02216749218401899,4836661.5,0.12458180089716843
2012-09-12,JKH.N0000,20.793777,20.953422,19.965618,20.793777,7274250,tradingview_cselk_fallback,0.026600970872587837,0.02625331686014674,0.047504789533907216,4653138.0,1.56329986344699
2012-09-13,JKH.N0000,21.19289,21.252757,20.933466,21.19289,6600590,tradingview_cselk_fallback,0.01919386747294638,0.01901198881701832,0.015065949004595399,3200964.0,2.0620631784674868
2012-09-14,JKH.N0000,21.751648,21.781581,21.312624,21.751648,17446920,tradingview_cselk_fallback,0.026365351775996526,0.02602377671131286,0.0215596078053488,3954140.0,4.412317216891663
2012-09-17,JKH.N0000,21.891337,21.951204,21.751648,21.891337,2126950,tradingview_cselk_fallback,0.006421996163233246,0.006401463008215858,0.009115752043833648,4031641.0,0.5275643342251951
2012-09-18,JKH.N0000,21.651869,21.901315,21.452313,21.651869,4595380,tradingview_cselk_fallback,-0.01093893899673637,-0.010999209120412178,0.020737332190583643,4217496.0,1.08959913654927
2012-09-19,JKH.N0000,21.751648,21.771603,21.452313,21.751648,10474420,tradingview_cselk_fallback,0.0046083319643213105,0.004597746112196322,0.0146788877789857,4609052.5,2.272575545624616
2012-09-20,JKH.N0000,21.891337,21.901315,21.552091,21.891337,3248910,tradingview_cselk_fallback,0.006421996163233246,0.006401463008215858,0.015952611756878968,4456519.5,0.7290240736072174
2012-09-21,JKH.N0000,21.961182,22.041004,21.911293,21.961182,18837530,tradingview_cselk_fallback,0.0031905314874098867,0.0031854525419799497,0.005906376077571797,4845863.0,3.8873426673432574
2012-09-24,JKH.N0000,21.951204,22.050982,21.801537,21.951204,2549610,tradingview_cselk_fallback,-0.00045434712940317645,-0.00045445037633465725,0.011363613585842557,4783457.0,0.5330057320469276
2012-09-25,JKH.N0000,22.090893,22.140783,21.801537,22.090893,3071170,tradingview_cselk_fallback,0.0063636144969543285,0.006343452193764397,0.015356826000651004,4858657.5,0.6321025921254997
2012-09-26,JKH.N0000,22.250539,22.340339,22.050982,22.250539,8141620,tradingview_cselk_fallback,0.007226778926501476,0.007200790891085623,0.0130044939585508,5250415.5,1.5506620380806053
2012-09-27,JKH.N0000,22.450095,22.499984,22.250539,22.450095,9511600,tradingview_cselk_fallback,0.0089685917271487,0.00892861276720859,0.0111110888394905,5714285.0,1.664530208066276
2012-09-28,JKH.N0000,22.859186,22.939008,22.450095,22.859186,11970250,tradingview_cselk_fallback,0.01822223914865395,0.018058203878543923,0.021388031927296103,6174539.5,1.9386465986653743
2012-10-01,JKH.N0000,22.69954,22.948986,22.649651,22.69954,3496040,tradingview_cselk_fallback,-0.006983888227691137,-0.007008389718836861,0.013186831098780098,6222602.0,0.5618292797771736
2012-10-02,JKH.N0000,22.460073,22.799319,22.350317,22.460073,392700,tradingview_cselk_fallback,-0.010549420825267775,-0.010605460437219126,0.019991119352105405,6224160.0,0.06309285108351971
2012-10-03,JKH.N0000,22.120827,22.649651,21.951204,22.120827,14519180,tradingview_cselk_fallback,-0.015104403267077626,-0.01521963659226641,0.031574181200368236,6883852.0,2.1091650430601936
2012-10-04,JKH.N0000,21.941226,22.440117,21.751648,21.941226,926330,tradingview_cselk_fallback,-0.008119090665100304,-0.008152229977661017,0.03137787286817981,6776991.0,0.13668750629888693
2012-10-05,JKH.N0000,21.592002,21.951204,21.302646,21.592002,1640240,tradingview_cselk_fallback,-0.015916339406011337,-0.016044364615107685,0.030036955350411752,6543869.5,0.2506529202637675
2012-10-08,JKH.N0000,21.003311,21.951204,20.953422,21.003311,2745530,tradingview_cselk_fallback,-0.027264308330464226,-0.027642876380591017,0.04750593846846342,6508589.0,0.42183182868053276
2012-10-09,JKH.N0000,21.332579,21.492224,21.152978,21.332579,2535390,tradingview_cselk_fallback,0.01567695683790049,0.015555342729397669,0.015902718560189055,6605230.5,0.3838458022017551
2012-10-10,JKH.N0000,20.833688,21.452313,20.723932,20.833688,6624610,tradingview_cselk_fallback,-0.02338634255145622,-0.023664142762065313,0.03496169281214151,6572748.5,1.0078903825393593
2012-10-11,JKH.N0000,20.304864,20.953422,20.254975,20.304864,6648760,tradingview_cselk_fallback,-0.025383119877767202,-0.02571082867117964,0.034398014190097415,6575157.0,1.0111941053270668
2012-10-12,JKH.N0000,20.494442,20.753866,20.314842,20.494442,4916940,tradingview_cselk_fallback,0.009336580634078606,0.009293264174782438,0.021421612747495145,5948658.0,0.8265628987243846
2012-10-15,JKH.N0000,20.454531,20.953422,20.454531,20.454531,38379640,tradingview_cselk_fallback,-0.001947406033304011,-0.001949304693809009,0.024390243902439046,7761292.5,4.9450062602330735
2012-10-16,JKH.N0000,20.394664,20.753866,20.254975,20.394664,585770,tradingview_cselk_fallback,-0.0029268331794065627,-0.002931124731453462,0.02446183962628641,7560812.0,0.07747448289945577
2012-10-17,JKH.N0000,20.244997,20.404642,20.165174,20.244997,777950,tradingview_cselk_fallback,-0.007338537178155913,-0.007365596708303182,0.011828502617214449,7075988.5,0.1099422363391348
2012-10-18,JKH.N0000,20.344775,20.454531,20.165174,20.344775,9060010,tradingview_cselk_fallback,0.00492852629219942,0.004916420864811362,0.014222668965373124,7366543.5,1.2298861738887443
2012-10-19,JKH.N0000,20.554309,20.753866,20.454531,20.554309,552950,tradingview_cselk_fallback,0.010299155434257745,0.010246480495798493,0.01456312639845977,6452314.5,0.08569793056429596
2012-10-22,JKH.N0000,20.654087,20.753866,20.534354,20.654087,1895070,tradingview_cselk_fallback,0.00485435924895361,0.004842614839480912,0.01062801759283759,6419587.5,0.2952012103581422
2012-10-23,JKH.N0000,20.753866,20.923489,20.654087,20.753866,6517300,tradingview_cselk_fallback,0.004830956701208811,0.004819325076093461,0.012980810418646795,6591894.0,0.9886839806586696
2012-10-24,JKH.N0000,20.713954,20.853644,20.664065,20.713954,2294490,tradingview_cselk_fallback,-0.0019231115783439057,-0.00192496313162514,0.009152236217189552,6299537.5,0.36423150112210617
2012-10-25,JKH.N0000,20.753866,20.853644,20.654087,20.753866,221210,tradingview_cselk_fallback,0.00192681706254616,0.0019249631316250613,0.00961541334033855,5835018.0,0.03791076565659266
2012-10-26,JKH.N0000,20.763843,20.903533,20.654087,20.763843,935080,tradingview_cselk_fallback,0.00048072971079227145,0.0004806141972838865,0.01201347939300056,5283259.5,0.1769892241711769
2012-10-30,JKH.N0000,20.634132,20.753866,20.584243,20.634132,1287830,tradingview_cselk_fallback,-0.0062469649765700686,-0.006266558906631582,0.008220505713542874,5172849.0,0.2489595192127201
2012-10-31,JKH.N0000,20.474487,20.753866,20.454531,20.474487,11536290,tradingview_cselk_fallback,-0.007736938001559834,-0.007767023386015237,0.014619902320385328,5730028.5,2.0133041223093393
2012-11-01,JKH.N0000,20.604198,20.753866,20.544331,20.604198,717000,tradingview_cselk_fallback,0.006335250304439821,0.00631526696147513,0.01016952952985595,5039919.5,0.14226417703695465
2012-11-02,JKH.N0000,20.923489,21.152978,20.574265,20.923489,27594100,tradingview_cselk_fallback,0.015496405150057235,0.015377562051787672,0.02765853247515271,6373308.0,4.329635410684687
2012-11-05,JKH.N0000,21.113067,21.152978,20.853644,21.113067,2188250,tradingview_cselk_fallback,0.009060534789393948,0.009019734407724826,0.014177665423976618,6400708.5,0.341876215734555
2012-11-06,JKH.N0000,21.162956,21.452313,20.9634,21.162956,472020,tradingview_cselk_fallback,0.002362944237329412,0.0023601568746532257,0.02310230196575564,6287033.0,0.07507833981466297
2012-11-07,JKH.N0000,21.28269,21.442335,21.162956,21.28269,407660,tradingview_cselk_fallback,0.005657716247200906,0.005641771482998669,0.013127053018203936,6180646.5,0.06595750137141802
2012-11-08,JKH.N0000,21.342557,21.402424,21.252757,21.342557,226010,tradingview_cselk_fallback,0.0028129432886538908,0.002808994367342453,0.007012608657903591,5860716.5,0.03856354423558962
2012-11-09,JKH.N0000,21.442335,21.462291,21.352535,21.442335,7494460,tradingview_cselk_fallback,0.0046750724386024345,0.004664178228401952,0.005118658952021823,5903001.5,1.2696015747243161
2012-11-12,JKH.N0000,21.641892,21.751648,21.402424,21.641892,1236770,tradingview_cselk_fallback,0.009306682317947068,0.009263641985778125,0.016136481967473065,5718993.0,0.21625660321668516
2012-11-14,JKH.N0000,21.751648,21.771603,21.552091,21.751648,3316770,tradingview_cselk_fallback,0.005071460480442269,0.00505864393886549,0.010091741094743633,3965849.5,0.8363327957856191
2012-11-15,JKH.N0000,21.532136,21.851426,21.352535,21.532136,14112860,tradingview_cselk_fallback,-0.010091741094743645,-0.01014300791989307,0.023169601009393605,4642204.0,3.040120597888417
2012-11-16,JKH.N0000,21.631914,21.651869,21.60198,21.631914,9448490,tradingview_cselk_fallback,0.004633910913436345,0.004623207401602403,0.002306268414343747,5075731.0,1.8615032987366746
2012-11-19,JKH.N0000,21.552091,21.651869,21.362513,21.552091,997450,tradingview_cselk_fallback,-0.003690057199746466,-0.003696882255886691,0.01342588985913253,4672603.0,0.21346773950194356
2012-11-20,JKH.N0000,21.352535,21.60198,21.252757,21.352535,768740,tradingview_cselk_fallback,-0.009259240785499667,-0.009302374015902143,0.016355107250731686,4683392.5,0.16414169856572985
2012-11-21,JKH.N0000,20.9634,21.352535,20.853644,20.9634,16000940,tradingview_cselk_fallback,-0.0182242998313783,-0.018392407951072647,0.02379819113311774,5388686.0,2.969358392751034
2012-11-22,JKH.N0000,21.152978,21.302646,20.803755,21.152978,324510,tradingview_cselk_fallback,0.009043284963317078,0.009002639324797522,0.023584906106364805,5079046.5,0.06389191357078539
2012-11-23,JKH.N0000,21.103089,21.242779,20.953422,21.103089,769350,tradingview_cselk_fallback,-0.002358485883169781,-0.0023612714917412387,0.013711594544286809,5002789.5,0.15378420379270405
2012-11-26,JKH.N0000,21.133023,21.232801,21.103089,21.133023,1256560,tradingview_cselk_fallback,0.0014184653251474444,0.0014174602535353467,0.006137881930095747,5054557.0,0.24859943215597333
2012-11-28,JKH.N0000,20.863622,21.152978,20.853644,20.863622,18614620,tradingview_cselk_fallback,-0.012747868584631838,-0.01282981987583167,0.01434717327604966,5938534.0,3.1345480214477175
2012-11-29,JKH.N0000,21.123045,21.152978,20.953422,21.123045,16581880,tradingview_cselk_fallback,0.012434226425306338,0.01235755633321094,0.00944731216545726,6703236.5,2.47371251185901
2012-11-30,JKH.N0000,20.803755,21.152978,20.464509,20.803755,3550240,tradingview_cselk_fallback,-0.015115718401395362,-0.01523112532198929,0.03309349682304956,6303934.0,0.5631784850539362
2012-12-03,JKH.N0000,20.664065,20.953422,20.554309,20.664065,1196760,tradingview_cselk_fallback,-0.006714653196021492,-0.006737297904292777,0.019314350782384773,6327922.0,0.1891236965310255
2012-12-04,JKH.N0000,20.863622,20.953422,20.654087,20.863622,7709920,tradingview_cselk_fallback,0.009657199587786769,0.009610866893071189,0.014347221206365762,5333713.0,1.4455070979634637
2012-12-05,JKH.N0000,20.883577,20.953422,20.803755,20.883577,7957880,tradingview_cselk_fallback,0.0009564494602134488,0.0009559923538713344,0.0071667320210518,5622194.5,1.4154401808759907
2012-12-06,JKH.N0000,21.023267,21.0532,20.853644,21.023267,2463650,tradingview_cselk_fallback,0.006688988193928713,0.006666716175413862,0.009492149816676978,5721776.0,0.4305743531379068
2012-12-07,JKH.N0000,20.953422,21.152978,20.853644,20.953422,304520,tradingview_cselk_fallback,-0.0033222714623755145,-0.003327802459924845,0.0142856856507735,5716619.0,0.05326924883396987
2012-12-10,JKH.N0000,21.0532,21.152978,20.953422,21.0532,4319660,tradingview_cselk_fallback,0.004761895216924605,0.0047505932588544865,0.009478654076339995,5921301.5,0.729511915581397
2012-12-11,JKH.N0000,21.133023,21.152978,21.013289,21.133023,1726330,tradingview_cselk_fallback,0.0037914901297666503,0.003784320547616912,0.006609986654535918,5632895.0,0.306472959286477
2012-12-12,JKH.N0000,21.392446,21.452313,21.133023,21.392446,2097840,tradingview_cselk_fallback,0.012275716540884662,0.012200980933069136,0.014925361971230346,5675948.5,0.36960166217152957
2012-12-13,JKH.N0000,21.691781,21.751648,21.452313,21.691781,1387990,tradingview_cselk_fallback,0.013992556063948891,0.013895563982231258,0.013799466258671856,5579509.5,0.2487655948968274
2012-12-14,JKH.N0000,21.751648,21.751648,21.661847,21.751648,4950260,tradingview_cselk_fallback,0.0027598932517343133,0.0027560917392599332,0.0041284687946401945,5121379.5,0.9665872251802469
2012-12-17,JKH.N0000,21.631914,21.791559,21.502202,21.631914,125730,tradingview_cselk_fallback,-0.005504594410501773,-0.005519800518290634,0.013376393785589153,4655241.5,0.02700826584399542
2012-12-18,JKH.N0000,21.731692,21.851426,21.552091,21.731692,7141080,tradingview_cselk_fallback,0.004612536828687563,0.00460193167928013,0.013774123064140576,4962423.0,1.4390308927715352
2012-12-19,JKH.N0000,21.651869,21.74167,21.482246,21.651869,356180,tradingview_cselk_fallback,-0.0036731148223524412,-0.003679877273185829,0.011981598447690553,4941795.0,0.07207502537033608
2012-12-20,JKH.N0000,21.751648,21.751648,21.651869,21.751648,26304210,tradingview_cselk_fallback,0.0046083319643213105,0.004597746112196322,0.004587192657770025,5456958.5,4.820306036778546
2012-12-21,JKH.N0000,21.751648,21.751648,21.651869,21.751648,14992200,tradingview_cselk_fallback,0.0,0.0,0.004587192657770025,6190343.0,2.421869030520603
2012-12-24,JKH.N0000,21.651869,21.701758,21.651869,21.651869,117630,tradingview_cselk_fallback,-0.004587192657770078,-0.004597746112196392,0.0023041428894660454,6157757.0,0.01910273497314038
2012-12-26,JKH.N0000,21.751648,21.751648,21.651869,21.751648,6947660,tradingview_cselk_fallback,0.0046083319643213105,0.004597746112196322,0.004587192657770025,6442312.0,1.0784420251611533
2012-12-28,JKH.N0000,21.891337,21.951204,21.751648,21.891337,28721420,tradingview_cselk_fallback,0.006421996163233246,0.006401463008215858,0.009115752043833648,6947652.0,4.133975046533707
2012-12-31,JKH.N0000,21.941226,21.951204,21.851426,21.941226,1472330,tradingview_cselk_fallback,0.0022789380109584645,0.0022763451702645042,0.004547512522773366,6192174.5,0.23777269196790238
2013-01-02,JKH.N0000,21.941226,21.951204,21.851426,21.941226,450240,tradingview_cselk_fallback,0.0,0.0,0.004547512522773366,6037174.5,0.07457793376686395
2013-01-03,JKH.N0000,21.951204,21.951204,21.851426,21.951204,4326560,tradingview_cselk_fallback,0.0004547603675382206,0.0004546569953807983,0.0045454454343370225,6193664.5,0.6985460707469705
2013-01-04,JKH.N0000,21.941226,21.961182,21.911293,21.941226,24147100,tradingview_cselk_fallback,-0.0004545536545512707,-0.00045465699538085804,0.002273756261386683,7015523.5,3.4419526924826065
2013-01-07,JKH.N0000,22.250539,22.300428,21.951204,22.250539,9853300,tradingview_cselk_fallback,0.014097343512162963,0.013998900080230879,0.01569508046524174,7110294.5,1.385779449782284
2013-01-08,JKH.N0000,22.38025,22.440117,22.250539,22.38025,6925410,tradingview_cselk_fallback,0.005829566645554118,0.005812640471565365,0.008470772221043149,7333382.5,0.9443677593525225
2013-01-09,JKH.N0000,22.350317,22.400206,22.250539,22.350317,847910,tradingview_cselk_fallback,-0.0013374738888082272,-0.0013383691053180167,0.00669641508887775,7360552.0,0.11519652330423044
2013-01-10,JKH.N0000,22.310406,22.350317,22.250539,22.310406,7162490,tradingview_cselk_fallback,-0.0017857017419484755,-0.001787298007890374,0.004472262853486422,7502693.5,0.9546558179405836
2013-01-11,JKH.N0000,22.250539,22.270494,22.160738,22.250539,3562890,tradingview_cselk_fallback,-0.0026833666765185837,-0.00268697335835698,0.004932734438478135,7594521.5,0.46913949746537686
2013-01-15,JKH.N0000,22.38025,22.400206,22.250539,22.38025,8153450,tradingview_cselk_fallback,0.005829566645554118,0.005812640471565365,0.006687458808547754,7897302.0,1.0324348745938803
2013-01-16,JKH.N0000,22.450095,22.460073,22.350317,22.450095,7391460,tradingview_cselk_fallback,0.0031208319835569487,0.0031159722956433135,0.0048888879980241,8197475.5,0.9016751559672243
2013-01-17,JKH.N0000,22.450095,22.549873,22.450095,22.450095,5671280,tradingview_cselk_fallback,0.0,0.0,0.0044444355357962,8233526.5,0.688803272813903
2013-01-18,JKH.N0000,22.450095,22.549873,22.360295,22.450095,783410,tradingview_cselk_fallback,0.0,0.0,0.0084444186093645,8266410.5,0.0947702754418015
2013-01-21,JKH.N0000,22.400206,22.499984,22.350317,22.400206,1651360,tradingview_cselk_fallback,-0.0022222177678981048,-0.002224690557866497,0.006681501054052846,7991924.5,0.20662857863584672
2013-01-22,JKH.N0000,22.400206,22.440117,22.350317,22.400206,984310,tradingview_cselk_fallback,0.0,0.0,0.00400889170394238,8023331.0,0.12268096629691583
2013-01-23,JKH.N0000,22.410184,22.420162,22.400206,22.410184,779430,tradingview_cselk_fallback,0.0004454423320927603,0.0004453431521086994,0.0008904880031328849,6747092.0,0.11552087921729835
2013-01-24,JKH.N0000,22.400206,22.450095,22.400206,22.400206,1416200,tradingview_cselk_fallback,-0.00044524400156642496,-0.00044534315210877215,0.002227167018017615,6068292.0,0.23337703591059888
2013-01-28,JKH.N0000,22.450095,22.509962,22.410184,22.450095,24406480,tradingview_cselk_fallback,0.0022271670180176173,0.002224690557866494,0.0044444355357962,7282734.5,3.3512796601331547
2013-01-29,JKH.N0000,22.460073,22.549873,22.410184,22.460073,17370080,tradingview_cselk_fallback,0.00044445246222779566,0.00044435372248786915,0.006219436597556945,7803855.5,2.225833115438901
2013-01-30,JKH.N0000,22.769385,22.919053,22.539895,22.769385,3583650,tradingview_cselk_fallback,0.013771638231095729,0.013677670960598125,0.01665209666400741,6546967.0,0.5473756015571791
2013-01-31,JKH.N0000,22.939008,22.948986,22.849208,22.939008,57274770,tradingview_cselk_fallback,0.007449608322754431,0.007421997034734154,0.004349708583736515,9337089.0,6.13411417627057
2013-02-01,JKH.N0000,22.939008,23.038786,22.74943,22.939008,25760360,tradingview_cselk_fallback,0.0,0.0,0.012614146174063041,10602595.0,2.4296278411087098
2013-02-05,JKH.N0000,22.859186,22.899097,22.74943,22.859186,3329730,tradingview_cselk_fallback,-0.0034797494294435127,-0.0034858178392763025,0.006547345999109543,10552753.5,0.3155318656879458
2013-02-06,JKH.N0000,22.889119,22.899097,22.849208,22.889119,1285190,tradingview_cselk_fallback,0.0013094517013860774,0.0013085951171958223,0.0021795945925223376,9409658.0,0.13658200967559075
2013-02-07,JKH.N0000,22.909075,22.939008,22.849208,22.909075,12167650,tradingview_cselk_fallback,0.0008718553125615092,0.0008714754674824218,0.003919843991955167,9525375.5,1.277393211427728
2013-02-08,JKH.N0000,22.948986,23.038786,22.869163,22.948986,7850020,tradingview_cselk_fallback,0.0017421480352217689,0.001740632255553156,0.007391306962320749,9571606.0,0.8201361401628943
2013-02-11,JKH.N0000,22.939008,22.948986,22.74943,22.939008,1029970,tradingview_cselk_fallback,-0.00043479045217942325,-0.00043488500095500624,0.00869941716747303,9580709.0,0.10750456986012204
2013-02-12,JKH.N0000,23.048764,23.048764,22.849208,23.048764,3411330,tradingview_cselk_fallback,0.004784688160882844,0.004773277922298221,0.008657991378626535,9393151.0,0.36317206015319037
2013-02-13,JKH.N0000,23.048764,23.148542,22.958964,23.048764,6606250,tradingview_cselk_fallback,0.0,0.0,0.008225083132440306,9545319.0,0.6920931610562203
2013-02-14,JKH.N0000,22.968942,23.148542,22.958964,22.968942,1060120,tradingview_cselk_fallback,-0.0034631791969408354,-0.0034691898834178798,0.008253667060502717,9190652.5,0.11534763173779011
2013-02-15,JKH.N0000,22.958964,23.038786,22.948986,22.958964,2614060,tradingview_cselk_fallback,-0.0004344126951949523,-0.0004345070797253742,0.00391132631245906,8951782.5,0.2920155846056358
2013-02-18,JKH.N0000,22.958964,23.038786,22.948986,22.958964,15579510,tradingview_cselk_fallback,0.0,0.0,0.00391132631245906,9447194.0,1.649115070570161
2013-02-19,JKH.N0000,23.048764,23.098653,22.978919,23.048764,8575620,tradingview_cselk_fallback,0.003911326312458829,0.0039036969631432387,0.005194812181685646,9836804.5,0.8717892075622728
2013-02-20,JKH.N0000,23.228365,23.248321,23.048764,23.228365,2970430,tradingview_cselk_fallback,0.007792218272528739,0.007762015734776701,0.008591091107790074,9902758.0,0.29995986976557437
2013-02-21,JKH.N0000,23.447877,23.47781,23.248321,23.447877,13979130,tradingview_cselk_fallback,0.009450170082999643,0.009405796564843508,0.009787197365458756,10552499.0,1.32472222930322
2013-02-22,JKH.N0000,23.637456,23.647433,23.397988,23.637456,4174380,tradingview_cselk_fallback,0.008085124295048152,0.008052614788990602,0.010552954598836605,10722246.5,0.3893195329915237
2013-02-26,JKH.N0000,23.547655,23.567611,23.258298,23.547655,10047910,tradingview_cselk_fallback,-0.0037990975001709337,-0.003806332400954181,0.013135617962807742,11153832.0,0.900848246593637
2013-02-27,JKH.N0000,23.5277,23.557633,23.248321,23.5277,940670,tradingview_cselk_fallback,-0.0008474304553892642,-0.0008477897275640868,0.013146716423619753,9980541.5,0.09425039713526566
2013-02-28,JKH.N0000,23.348099,23.587566,23.268276,23.348099,2571400,tradingview_cselk_fallback,-0.007633597844243112,-0.0076628828809218496,0.013675203278862177,9240607.5,0.2782717478261034
2013-03-01,JKH.N0000,23.467833,23.597544,23.248321,23.467833,119430,tradingview_cselk_fallback,0.005128211937083016,0.005115107440909119,0.014880922324613377,9067396.5,0.01317136622403134
2013-03-04,JKH.N0000,23.338121,23.547655,23.278254,23.338121,293190,tradingview_cselk_fallback,-0.00552722528748173,-0.005542556917518195,0.011543388604421,6218317.5,0.047149409788097826
2013-03-05,JKH.N0000,23.397988,23.427921,23.348099,23.397988,10688150,tradingview_cselk_fallback,0.002565202228577146,0.002561917713105588,0.003411489911012864,5464707.0,1.9558505149498409
2013-03-06,JKH.N0000,23.378032,23.407966,23.29821,23.378032,1047960,tradingview_cselk_fallback,-0.0008528938471119574,-0.0008532577680078204,0.004694834877460912,5350618.5,0.19585773121369052
2013-03-07,JKH.N0000,23.358077,23.417944,23.348099,23.358077,3801090,tradingview_cselk_fallback,-0.0008535791207745502,-0.0008539436268702175,0.0029901862212371876,5476413.5,0.694083819638528
2013-03-08,JKH.N0000,23.248321,23.397988,23.248321,23.248321,13453590,tradingview_cselk_fallback,-0.004698845714054323,-0.0047099199940834734,0.006437755225420403,5540710.5,2.42813444232468
2013-03-11,JKH.N0000,23.417944,23.447877,23.248321,23.417944,5776420,tradingview_cselk_fallback,0.007296139794353174,0.007269651728790212,0.008521499581688198,5437030.5,1.062421849573954
2013-03-12,JKH.N0000,23.697323,23.747212,23.29821,23.697323,14706540,tradingview_cselk_fallback,0.011930125035741979,0.0118595220740913,0.0189473722411599,6120859.0,2.4026921711478733
2013-03-13,JKH.N0000,23.657411,23.84699,23.647433,23.657411,4404970,tradingview_cselk_fallback,-0.0016842408739586867,-0.001685660802177511,0.00843528482470048,6170541.0,0.7138709555612709
2013-03-14,JKH.N0000,23.807079,23.84699,23.647433,23.807079,7120900,tradingview_cselk_fallback,0.006326474186038489,0.0063065460539380135,0.008382254706677883,6196273.5,1.1492229966930931
2013-03-15,JKH.N0000,23.946768,23.946768,23.797101,23.946768,11249550,tradingview_cselk_fallback,0.005867540490792633,0.005850393516105038,0.006249987472213258,6705745.0,1.67759883502877
2013-03-18,JKH.N0000,23.946768,24.046546,23.84699,23.946768,2662620,tradingview_cselk_fallback,0.0,0.0,0.008333316629617726,6708173.0,0.3969217848138383
2013-03-19,JKH.N0000,24.325925,24.445659,23.946768,24.325925,18347790,tradingview_cselk_fallback,0.015833326651847335,0.015709287127835116,0.020508613752611683,6846587.0,2.6798447167910084
2013-03-20,JKH.N0000,24.894661,24.914617,24.325925,24.894661,8510050,tradingview_cselk_fallback,0.023379830366162757,0.02311070873867261,0.023647319399127318,6843308.5,1.2435578492479187
2013-03-21,JKH.N0000,24.844772,24.914617,24.645215,24.844772,732880,tradingview_cselk_fallback,-0.002004003991056602,-0.002006014693808007,0.010843408021615151,6731431.0,0.10887432404788819
2013-03-22,JKH.N0000,24.695104,24.844772,24.445659,24.695104,11505730,tradingview_cselk_fallback,-0.006024124511989859,-0.006042342752874033,0.016161624587610557,6607761.0,1.7412448785602264
2013-03-25,JKH.N0000,24.545437,24.645215,24.246103,24.545437,515920,tradingview_cselk_fallback,-0.006060594035157796,-0.006079033977608092,0.016260130141500385,6424838.0,0.08030085739126808
2013-03-27,JKH.N0000,24.62526,24.645215,24.445659,24.62526,13622010,tradingview_cselk_fallback,0.0032520504727620025,0.0032467739931139193,0.008103711392285854,6603543.0,2.0628335425392095
2013-03-28,JKH.N0000,24.645215,24.744994,24.645215,24.645215,3780710,tradingview_cselk_fallback,0.0008103467740034898,0.0008100186203233053,0.004048615522323423,6745545.0,0.5604750987503604
2013-04-01,JKH.N0000,24.595326,24.645215,24.495548,24.595326,285290,tradingview_cselk_fallback,-0.002024287473247899,-0.0020263391123408483,0.006085180574553104,6631239.5,0.043022122787150126
2013-04-02,JKH.N0000,24.645215,24.645215,24.295992,24.645215,13024630,tradingview_cselk_fallback,0.0020283935248510687,0.0020263391123408452,0.01417001231273503,7276499.5,1.7899582072396212
2013-04-03,JKH.N0000,24.685127,24.744994,24.645215,24.685127,12301240,tradingview_cselk_fallback,0.0016194624392604773,0.0016181525240127235,0.004042069542522429,7876902.0,1.5616850381025433
2013-04-04,JKH.N0000,24.764949,24.794883,24.645215,24.764949,1067800,tradingview_cselk_fallback,0.003233607021750462,0.0032283901577317216,0.006043541620053341,7395884.5,0.14437759270037276
2013-04-05,JKH.N0000,24.645215,24.744994,24.645215,24.645215,1705060,tradingview_cselk_fallback,-0.004834817144182324,-0.004846542681744449,0.004048615522323423,7428739.5,0.22952211475446138
2013-04-08,JKH.N0000,24.645215,24.695104,24.635238,24.645215,495840,tradingview_cselk_fallback,0.0,0.0,0.002429112507235158,7263477.0,0.06826482688662744
2013-04-09,JKH.N0000,24.675149,24.695104,24.595326,24.675149,3219390,tradingview_cselk_fallback,0.001214596829445469,0.0012138598034490123,0.004043663525598187,6751767.0,0.47682184530360716
2013-04-10,JKH.N0000,24.685127,24.744994,24.645215,24.685127,418330,tradingview_cselk_fallback,0.000404374457880774,0.0004042927205639272,0.004042069542522429,6483862.5,0.06451864147335018
2013-04-11,JKH.N0000,24.675149,24.695104,24.545437,24.675149,256620,tradingview_cselk_fallback,-0.00040421100527454623,-0.0004042927205638268,0.006065495288397281,5761366.5,0.04454151632255993
2013-04-12,JKH.N0000,24.725038,24.794883,24.695104,24.725038,794960,tradingview_cselk_fallback,0.002021831762799131,0.0020197906117402483,0.004035544859425416,5580866.0,0.1424438429448046
2013-04-16,JKH.N0000,24.794883,24.794883,24.645215,24.794883,1780400,tradingview_cselk_fallback,0.002824869268148289,0.0028208868231187384,0.006036245462420547,5313841.0,0.33504954325882164
2013-04-17,JKH.N0000,24.804861,24.844772,24.794883,24.804861,4079020,tradingview_cselk_fallback,0.0004024217416149778,0.00040234079170252396,0.00201125900282208,4955314.5,0.8231606692168579
2013-04-18,JKH.N0000,24.844772,24.844772,24.695104,24.844772,1754340,tradingview_cselk_fallback,0.0016089991393219982,0.0016077060870343582,0.006024124511989821,4909900.5,0.3573066297372014
2013-04-19,JKH.N0000,24.824816,24.894661,24.744994,24.824816,627060,tradingview_cselk_fallback,-0.000803227334909784,-0.0008035500948301913,0.006028926860928229,4023864.0,0.1558352866796691
2013-04-22,JKH.N0000,24.824816,24.844772,24.744994,24.824816,539740,tradingview_cselk_fallback,0.0,0.0,0.004019284573952153,3625348.5,0.1488794801382543
2013-04-23,JKH.N0000,24.834794,24.844772,24.744994,24.834794,1269640,tradingview_cselk_fallback,0.00040193651384967666,0.0004018557590072491,0.00401766972578877,3652186.5,0.3476383256988656
2013-04-24,JKH.N0000,24.844772,24.894661,24.794883,24.844772,4600010,tradingview_cselk_fallback,0.0004017750257965247,0.00040169433582293513,0.004016056174715574,3306900.5,1.3910336884947099
2013-04-26,JKH.N0000,24.894661,24.894661,24.844772,24.894661,4585010,tradingview_cselk_fallback,0.0020080280873577827,0.002006014693807969,0.0020040039910565683,3510355.0,1.306138552938378
2013-04-29,JKH.N0000,24.934572,24.94455,24.844772,24.934572,1933230,tradingview_cselk_fallback,0.0016031951589940974,0.0016019114135150607,0.004001592648151354,2925916.0,0.660726418666838
2013-04-30,JKH.N0000,24.94455,24.94455,24.894661,24.94455,2546000,tradingview_cselk_fallback,0.0004001672858069405,0.00040008724023232707,0.00199999599110829,2864180.5,0.8889104579826586
2013-05-02,JKH.N0000,24.94455,24.954528,24.904639,24.94455,3980530,tradingview_cselk_fallback,0.0,0.0,0.00199999599110829,3048942.5,1.3055444633672166
2013-05-03,JKH.N0000,25.223929,25.243885,24.994439,25.223929,9607720,tradingview_cselk_fallback,0.01120000160355672,0.01113774599625173,0.009889260313093926,2878097.0,3.3382196638959702
2013-05-06,JKH.N0000,25.962288,26.141888,25.243885,25.962288,1643760,tradingview_cselk_fallback,0.029272164538680867,0.028851916086173348,0.03458874656963989,2345223.0,0.7008971001904722
2013-05-07,JKH.N0000,26.391334,26.421267,26.04211,26.391334,2199130,tradingview_cselk_fallback,0.016525739179844123,0.01639067514280523,0.014366723561605461,2401789.5,0.9156214564182248
2013-05-08,JKH.N0000,26.930136,26.940114,26.431245,26.930136,3875360,tradingview_cselk_fallback,0.020415868330111664,0.020210258252520496,0.0188958941759522,2510304.5,1.5437808441167198
2013-05-09,JKH.N0000,26.690668,26.950092,26.640779,26.690668,858030,tradingview_cselk_fallback,-0.00889219423177079,-0.008931965737075135,0.011588806994264927,2528414.0,0.3393550265106901
2013-05-10,JKH.N0000,26.770491,27.039892,26.690668,26.770491,1276790,tradingview_cselk_fallback,0.002990670746794377,0.002986207587382514,0.013045110005640148,2431284.0,0.5251504966100217
2013-05-13,JKH.N0000,26.930136,26.990003,26.740558,26.930136,4613890,tradingview_cselk_fallback,0.005963469254262055,0.005945758149692507,0.00926267138049364,2641062.0,1.7469828425080516
2013-05-14,JKH.N0000,27.239449,27.339227,26.990003,27.239449,3721990,tradingview_cselk_fallback,0.01148575707155719,0.011420296529547368,0.01282052364568753,2814330.5,1.3225134716764786
2013-05-15,JKH.N0000,27.359182,27.439005,27.239449,27.359182,16203930,tradingview_cselk_fallback,0.004395573493428673,0.004385941176317369,0.007293931521783114,3584779.0,4.520203337500025
2013-05-16,JKH.N0000,27.73834,27.788229,27.439005,27.73834,2483450,tradingview_cselk_fallback,0.013858528372668433,0.013763377065248788,0.012589938691356424,3619931.5,0.6860488934666306
2013-05-17,JKH.N0000,28.426809,28.436787,27.73834,28.426809,3090860,tradingview_cselk_fallback,0.024820122617287055,0.024517107060700937,0.024570010654379044,3570523.5,0.8656601756017009
2013-05-20,JKH.N0000,29.644103,29.783793,28.436787,29.644103,5424370,tradingview_cselk_fallback,0.04282204168607184,0.04193053987537544,0.04543925650238094,3754025.0,1.444947756075146
2013-05-21,JKH.N0000,29.634125,29.913504,29.444547,29.634125,14916650,tradingview_cselk_fallback,-0.00033659308227340645,-0.0003366497424395603,0.015824897816284423,4468504.5,3.338174997921564
2013-05-22,JKH.N0000,29.444547,29.634125,29.035456,29.444547,567490,tradingview_cselk_fallback,-0.006397286911626443,-0.006417837242667668,0.020332083899949317,4469892.0,0.12695832472014984
2013-05-23,JKH.N0000,29.314835,29.434569,29.235013,29.314835,329740,tradingview_cselk_fallback,-0.004405297863811608,-0.00441502978029047,0.00680733833228129,4422897.0,0.07455294572765317
2013-05-27,JKH.N0000,28.825922,29.424591,28.746099,28.825922,3197750,tradingview_cselk_fallback,-0.01667800620402604,-0.016818650115780015,0.023537564557345247,4352784.0,0.734644769876015
2013-05-28,JKH.N0000,28.8359,28.915722,28.636343,28.8359,2134850,tradingview_cselk_fallback,0.00034614677719591036,0.0003460868822214651,0.009688582634840555,4230276.0,0.5046597432413393
2013-05-29,JKH.N0000,28.795989,28.935678,28.736122,28.795989,2035430,tradingview_cselk_fallback,-0.0013840733252646897,-0.0013850320394721588,0.006929992923667169,4235386.0,0.48057721303323947
2013-05-30,JKH.N0000,28.626366,28.795989,28.536565,28.626366,1823670,tradingview_cselk_fallback,-0.005890507875940587,-0.005907925349650605,0.009062414698393754,4199269.5,0.4342826770227536
2013-05-31,JKH.N0000,28.436787,28.636343,28.386898,28.436787,2075020,tradingview_cselk_fallback,-0.006622531130916265,-0.006644557390457727,0.008771912241703027,4103994.0,0.505609900989134
2013-06-03,JKH.N0000,28.28712,28.436787,28.137452,28.28712,1575040,tradingview_cselk_fallback,-0.005263147345021646,-0.005277046495310026,0.010582024610494078,3702360.0,0.4254151406130144
2013-06-04,JKH.N0000,28.107519,28.237231,27.937896,28.107519,3103170,tradingview_cselk_fallback,-0.006349214766296574,-0.00636945675635343,0.010649641471380053,3775330.5,0.8219598257688963
2013-06-05,JKH.N0000,27.878029,28.087563,27.788229,27.878029,1735400,tradingview_cselk_fallback,-0.008164719198446413,-0.00819823306376883,0.01073727271034829,3752144.0,0.4625089015773382
2013-06-06,JKH.N0000,27.259404,27.937896,26.740558,27.259404,4074060,tradingview_cselk_fallback,-0.022190413820144972,-0.02244032506088424,0.04392385101303016,3762079.0,1.0829278173052719
2013-06-07,JKH.N0000,26.441223,27.239449,26.441223,26.441223,976800,tradingview_cselk_fallback,-0.030014632748390224,-0.03047429290611173,0.030188694373176294,3768017.5,0.25923446480808543
2013-06-10,JKH.N0000,27.219493,27.339227,26.600868,27.219493,2788270,tradingview_cselk_fallback,0.029433963776940297,0.029009101452619937,0.027126111423162902,3843591.5,0.7254334910460698
2013-06-11,JKH.N0000,27.439005,27.538783,27.389116,27.439005,5241630,tradingview_cselk_fallback,0.008064514647646126,0.008032170227729216,0.005454534521204297,3874978.5,1.35268621490416
2013-06-12,JKH.N0000,27.289338,27.439005,27.039892,27.289338,482060,tradingview_cselk_fallback,-0.005454534521204479,-0.005469464811231004,0.014625235687285758,3712982.0,0.12983095528068814
2013-06-13,JKH.N0000,26.640779,27.289338,26.600868,26.640779,605350,tradingview_cselk_fallback,-0.023766021733469755,-0.02405298946966677,0.025842712782535467,2933053.0,0.20638904240734826
2013-06-14,JKH.N0000,26.50109,26.740558,26.441223,26.50109,8259450,tradingview_cselk_fallback,-0.0052434277541207885,-0.005257222764651066,0.011295195782513067,3221853.0,2.5635713361224117
2013-06-17,JKH.N0000,26.3614,26.491112,26.331467,26.3614,1067300,tradingview_cselk_fallback,-0.005271103943271793,-0.0052850452238685265,0.006056013717025695,3120675.0,0.34200934092784413
2013-06-18,JKH.N0000,26.341445,26.431245,26.291556,26.341445,378340,tradingview_cselk_fallback,-0.0007569780057204989,-0.0007572646582399686,0.005303012040531589,2868373.5,0.1319005352685067
2013-06-19,JKH.N0000,26.441223,26.740558,26.441223,26.441223,1537240,tradingview_cselk_fallback,0.0037878711665211284,0.003780715247308197,0.011320769844874392,2199403.0,0.6989351201212329
2013-06-20,JKH.N0000,26.890225,26.940114,26.391334,26.890225,10501430,tradingview_cselk_fallback,0.016981135857444984,0.016838568081653082,0.020408159470588317,2696100.0,3.895044694187901
2013-06-21,JKH.N0000,26.451201,26.840336,26.441223,26.451201,1198150,tradingview_cselk_fallback,-0.016326527576470573,-0.016461273967911375,0.015088653252455335,2739520.5,0.4373575594707176
2013-06-24,JKH.N0000,26.341445,26.441223,26.341445,26.341445,280970,tradingview_cselk_fallback,-0.004149376809015282,-0.00415800936104987,0.0037878711665210694,2593681.5,0.10832864405286463
2013-06-25,JKH.N0000,25.842554,26.341445,25.742776,25.842554,3920250,tradingview_cselk_fallback,-0.018939393795594728,-0.019121041300203156,0.023166015247564193,2682951.5,1.4611706547807517
2013-06-26,JKH.N0000,24.874705,25.842554,24.744994,24.874705,38268680,tradingview_cselk_fallback,-0.03745175496199027,-0.038171089361584,0.044123538349500085,4494614.0,8.514341832246329
2013-06-27,JKH.N0000,25.074262,25.642997,24.94455,25.074262,26389480,tradingview_cselk_fallback,0.008022487100852072,0.007990478032140738,0.02785513687302149,5722904.5,4.611203978679008
2013-06-28,JKH.N0000,25.094217,25.154084,25.074262,25.094217,976770,tradingview_cselk_fallback,0.0007958359851227836,0.000795519475580499,0.0031808922350516082,5667992.0,0.1723308713209193
2013-07-01,JKH.N0000,25.982243,26.431245,25.054306,25.982243,920430,tradingview_cselk_fallback,0.03538767517631647,0.034775921972975084,0.05299538611812691,5635261.5,0.16333403516411793
2013-07-02,JKH.N0000,26.620824,26.740558,26.191777,26.620824,1117740,tradingview_cselk_fallback,0.024577593243200635,0.024280423499143656,0.020614726275941037,5535990.0,0.201904266445568
2013-07-03,JKH.N0000,25.902421,26.640779,25.463397,25.902421,756410,tradingview_cselk_fallback,-0.02698650500074673,-0.02735732741723183,0.045454515622304105,5487040.5,0.13785391232304556
2013-07-04,JKH.N0000,25.333685,25.922376,25.293774,25.333685,813940,tradingview_cselk_fallback,-0.02195686650294204,-0.022201506139639976,0.02481289239998053,5324034.5,0.15288030158331994
2013-07-05,JKH.N0000,24.844772,25.293774,24.764949,24.844772,2154560,tradingview_cselk_fallback,-0.019298929468808068,-0.019487584985404555,0.02128516212585882,5382922.5,0.4002584098136282
2013-07-08,JKH.N0000,24.046546,24.844772,23.946768,24.046546,4148330,tradingview_cselk_fallback,-0.032128529897557545,-0.03265597934123877,0.03734440696805272,5450925.5,0.7610322320494015
2013-07-09,JKH.N0000,24.126369,24.295992,24.046546,24.126369,1442600,tradingview_cselk_fallback,0.0033195204001439382,0.0033140229548621536,0.010339143863711897,5260974.0,0.2742077797761403
2013-07-10,JKH.N0000,24.505526,24.844772,24.196213,24.505526,2220800,tradingview_cselk_fallback,0.015715460540290938,0.01559325140924275,0.026465826524188822,5347911.0,0.4152649511182965
2013-07-11,JKH.N0000,25.273818,25.642997,24.934572,25.273818,1598220,tradingview_cselk_fallback,0.03135178571559738,0.03087035509607409,0.028029995309770843,5397554.5,0.29610076192838813
2013-07-12,JKH.N0000,24.934572,25.293774,24.794883,24.934572,1778020,tradingview_cselk_fallback,-0.013422823571808573,-0.013513724011617255,0.020008003345716157,5073483.0,0.35045352472847546
2013-07-15,JKH.N0000,24.804861,24.94455,24.754971,24.804861,1484950,tradingview_cselk_fallback,-0.005202054400612943,-0.005215632194357353,0.0076428164624667075,5094365.5,0.29148870453052494
2013-07-16,JKH.N0000,24.565393,24.844772,24.25608,24.565393,13850950,tradingview_cselk_fallback,-0.009654075465288736,-0.009700978164075637,0.023964281784541294,5767996.0,2.4013452852602533
2013-07-17,JKH.N0000,24.545437,24.844772,24.445659,24.545437,1002910,tradingview_cselk_fallback,-0.0008123623342806141,-0.0008126924793720938,0.01626017088227029,5741279.5,0.17468405779582757
2013-07-18,JKH.N0000,24.914617,24.94455,24.445659,24.914617,10415150,tradingview_cselk_fallback,0.015040677417965664,0.014928687964576044,0.02002402846489675,5736965.5,1.8154458136448615
2013-07-19,JKH.N0000,25.942332,26.04211,24.94455,25.942332,12485970,tradingview_cselk_fallback,0.04124948017463015,0.0404214152667429,0.042307684598285204,6301356.5,1.9814733541896892
2013-07-23,JKH.N0000,26.970047,27.13967,25.942332,26.970047,3421390,tradingview_cselk_fallback,0.039615366883748226,0.038850805210915995,0.04439510246311393,6458377.5,0.5297599900284553
2013-07-24,JKH.N0000,26.910181,27.259404,26.580912,26.910181,2453640,tradingview_cselk_fallback,-0.002219721752802273,-0.0022221889868570986,0.02521320833925266,6385047.0,0.38427908204904365
2013-07-25,JKH.N0000,26.640779,26.910181,26.541001,26.640779,2238740,tradingview_cselk_fallback,-0.01001115525755858,-0.010061603853912977,0.013857702884739222,4583550.0,0.4884292742524899
2013-07-26,JKH.N0000,26.740558,26.840336,26.541001,26.740558,358950,tradingview_cselk_fallback,0.0037453484374463386,0.0037383520837342087,0.011194044641850752,3282023.5,0.10936850391229679
2013-07-29,JKH.N0000,26.690668,26.890225,26.341445,26.690668,4165950,tradingview_cselk_fallback,-0.0018657052706230193,-0.001867447866485612,0.02056074430209093,3441482.5,1.210510296071533
2013-07-30,JKH.N0000,26.351423,26.840336,25.942332,26.351423,17625520,tradingview_cselk_fallback,-0.012710247641610106,-0.012791713879361864,0.03407800785559096,4276737.0,4.121254124347605
2013-07-31,JKH.N0000,25.982243,26.241667,25.463397,25.982243,22920000,tradingview_cselk_fallback,-0.014009869599831526,-0.014108934165736829,0.029953918913005282,5366850.0,4.270661561251013
2013-08-01,JKH.N0000,26.511068,26.640779,26.141888,26.511068,4893070,tradingview_cselk_fallback,0.020353323614131336,0.02014896301516901,0.018818215848565467,5573683.0,0.8778881037906174
2013-08-02,JKH.N0000,26.541001,26.640779,26.441223,26.541001,2413070,tradingview_cselk_fallback,0.0011290755996702373,0.0011284386731956976,0.007518781978117465,5653639.5,0.42681709719906974
2013-08-05,JKH.N0000,26.73058,26.740558,26.441223,26.73058,478500,tradingview_cselk_fallback,0.007142873021254825,0.007117483534648788,0.01119822315864449,5569836.5,0.08590916447906505
2013-08-06,JKH.N0000,26.860291,26.940114,26.451201,26.860291,6122960,tradingview_cselk_fallback,0.004852532193465375,0.004840796608677191,0.018202073834568663,5668568.0,1.0801599275160851
2013-08-07,JKH.N0000,26.690668,26.940114,26.541001,26.690668,1168830,tradingview_cselk_fallback,-0.006315009766647783,-0.006335033786592188,0.01495327880141478,5654879.5,0.20669405952858944
2013-08-08,JKH.N0000,26.371378,26.640779,26.371378,26.371378,463690,tradingview_cselk_fallback,-0.01196260805462035,-0.012034735851852357,0.010215658810093217,5567024.0,0.08329225812570594
2013-08-12,JKH.N0000,26.171822,26.441223,25.942332,26.171822,2561950,tradingview_cselk_fallback,-0.0075671434386174186,-0.007595919528977152,0.01906214248285811,5615210.5,0.45625181816425225
2013-08-13,JKH.N0000,25.942332,26.241667,25.942332,25.942332,3842060,tradingview_cselk_fallback,-0.008768590891379269,-0.00880726120656482,0.011538476957275823,5718412.5,0.6718752800711736
2013-08-14,JKH.N0000,25.942332,26.141888,25.942332,25.942332,9450050,tradingview_cselk_fallback,0.0,0.0,0.007692292273493423,6116667.5,1.5449670919663363
2013-08-15,JKH.N0000,25.72282,25.972265,25.543219,25.72282,5623060,tradingview_cselk_fallback,-0.00846153691965712,-0.00849753895540135,0.01667958645280726,5705273.0,0.9855899971833074
2013-08-16,JKH.N0000,25.623042,25.742776,24.94455,25.623042,8033890,tradingview_cselk_fallback,-0.003878968169119701,-0.00388651087775079,0.031152663294233354,6056822.0,1.3264200268721782
2013-08-19,JKH.N0000,25.872487,25.942332,25.623042,25.872487,2796020,tradingview_cselk_fallback,0.00973518288734021,0.00968810131295805,0.01234090870351964,5675865.5,0.4926156195914086
2013-08-21,JKH.N0000,24.884683,25.543219,24.844772,24.884683,3821140,tradingview_cselk_fallback,-0.038179708042756055,-0.03892765246422653,0.028067345684090153,5242624.0,0.7288602043556814
2013-08-22,JKH.N0000,24.744994,24.94455,24.695104,24.744994,8209720,tradingview_cselk_fallback,-0.005613453062673135,-0.005629267701239089,0.010080665204444946,5482040.5,1.497566462706724
2013-08-23,JKH.N0000,23.976701,24.744994,23.946768,23.976701,19762030,tradingview_cselk_fallback,-0.03104842134938479,-0.031540638772736135,0.03329173600655068,6347460.0,3.113376059085051
2013-08-26,JKH.N0000,23.956746,24.046546,23.946768,23.956746,4621380,tradingview_cselk_fallback,-0.0008322662905125844,-0.000832612816382954,0.004164922898961344,6466592.0,0.7146546434350582
2013-08-27,JKH.N0000,23.108631,23.956746,22.759407,23.108631,7767150,tradingview_cselk_fallback,-0.03540192812496323,-0.03604377023477363,0.05181349773597577,6837002.0,1.136046179304906
2013-08-28,JKH.N0000,20.753866,22.948986,20.354753,20.753866,7414640,tradingview_cselk_fallback,-0.10189980531516563,-0.10747364153113961,0.12499998795405169,6999436.5,1.0593195609389412
2013-08-29,JKH.N0000,21.412402,21.452313,20.753866,21.412402,5240290,tradingview_cselk_fallback,0.031730762837150595,0.031237744298296524,0.03261880661497022,6380175.0,0.8213395400596378
2013-08-30,JKH.N0000,21.432357,21.651869,21.252757,21.432357,4326840,tradingview_cselk_fallback,0.0009319365478006603,0.0009315025645450722,0.01862193691529132,5450517.0,0.793840290746731
2013-09-02,JKH.N0000,21.242779,21.452313,21.143001,21.242779,5817070,tradingview_cselk_fallback,-0.008845410703078538,-0.008884763581782874,0.014560806756968967,5496717.0,1.058280788332381
2013-09-03,JKH.N0000,21.432357,21.452313,21.202867,21.432357,3055820,tradingview_cselk_fallback,0.008924350246264812,0.008884763581782815,0.011638757230480948,5528854.5,0.5527040004398741
2013-09-04,JKH.N0000,21.252757,21.352535,21.232801,21.252757,4960670,tradingview_cselk_fallback,-0.008379852948511513,-0.008415161307164359,0.005633810239302182,5752963.0,0.862280880304636
2013-09-05,JKH.N0000,21.013289,21.302646,20.953422,21.013289,12564280,tradingview_cselk_fallback,-0.01126762047860419,-0.011331581023522996,0.01661919749925866,6075029.0,2.0681843658688708
2013-09-06,JKH.N0000,20.893555,21.152978,20.853644,20.893555,5996800,tradingview_cselk_fallback,-0.005698013290542092,-0.005714308899485308,0.014326618902336236,6316427.5,0.9493974244143545
2013-09-09,JKH.N0000,20.59422,20.853644,20.554309,20.59422,7120720,tradingview_cselk_fallback,-0.014326666763985307,-0.014430284307607118,0.014534903482627613,6649279.0,1.0709010706273567
2013-09-10,JKH.N0000,20.853644,20.953422,20.554309,20.853644,15580010,tradingview_cselk_fallback,0.01259693253738181,0.012518251255563587,0.019138765387958088,7300182.0,2.134194736514788
2013-09-11,JKH.N0000,20.853644,21.152978,20.843666,20.853644,40572980,tradingview_cselk_fallback,0.0,0.0,0.014832515602548986,9136728.0,4.44064658595506
2013-09-12,JKH.N0000,20.943444,21.152978,20.853644,20.943444,5554640,tradingview_cselk_fallback,0.004306201832159351,0.0042969566765512866,0.014292491721991941,8941957.5,0.6211883695488376
2013-09-13,JKH.N0000,20.913511,21.152978,20.853644,20.913511,30823130,tradingview_cselk_fallback,-0.0014292300731436614,-0.0014302523966510897,0.014312948218020483,10201961.0,3.021294631492906
2013-09-16,JKH.N0000,21.043222,21.152978,20.903533,21.043222,23704350,tradingview_cselk_fallback,0.0062022584347507514,0.006183103591296784,0.011853935675820056,10985484.0,2.1577884051353586
2013-09-17,JKH.N0000,21.133023,21.152978,20.973378,21.133023,32822770,tradingview_cselk_fallback,0.004267454860287234,0.004258375097282017,0.008498547510216623,12486821.5,2.6285928728940346
2013-09-18,JKH.N0000,21.152978,21.152978,21.003311,21.152978,14870690,tradingview_cselk_fallback,0.0009442567681869907,0.0009438112382059325,0.00707545764950925,13039299.0,1.1404516454450504
2013-09-20,JKH.N0000,21.74167,21.751648,21.202867,21.74167,13774600,tradingview_cselk_fallback,0.02783021851580414,0.027449996307246392,0.025240977349026004,13317543.0,1.0343199192223371
2013-09-23,JKH.N0000,21.951204,21.951204,21.751648,21.951204,3618390,tradingview_cselk_fallback,0.00963743815447482,0.009591294282969402,0.009090890868674045,12510361.0,0.28923146182592174
2013-09-24,JKH.N0000,22.041004,22.06096,21.851426,22.041004,10850920,tradingview_cselk_fallback,0.004090891779785721,0.004082546833116135,0.009506554238636382,12821838.0,0.8462842846711992
2013-09-25,JKH.N0000,22.240561,22.350317,22.050982,22.240561,11982890,tradingview_cselk_fallback,0.00905389790773592,0.009013157098182291,0.013458968053908319,13032625.0,0.9194532950959611
2013-09-26,JKH.N0000,22.220605,22.350317,22.100871,22.220605,1868100,tradingview_cselk_fallback,-0.0008972795245587584,-0.0008976823207965908,0.011225886963923752,12755298.0,0.14645678995504458
2013-09-27,JKH.N0000,21.841448,22.240561,21.801537,21.841448,2660210,tradingview_cselk_fallback,-0.017063306782151066,-0.01721056251835598,0.020100498831396155,12626294.0,0.21068810848218805
2013-09-30,JKH.N0000,21.751648,21.851426,21.651869,21.751648,5075640,tradingview_cselk_fallback,-0.0041114490211454635,-0.004119924266007031,0.009174339342012092,12663734.0,0.40080121708178645
2013-10-01,JKH.N0000,21.851426,21.941226,21.562069,21.851426,10342750,tradingview_cselk_fallback,0.004587146684241983,0.004576657790721139,0.017351590692525024,12890018.0,0.8023844497346707
2013-10-02,JKH.N0000,22.250539,22.350317,21.901315,22.250539,35405780,tradingview_cselk_fallback,0.018264849168196262,0.018100050467990014,0.02017937632881613,14507516.0,2.4405129037941435
2013-10-03,JKH.N0000,21.332579,21.552091,20.853644,21.332579,11177320,tradingview_cselk_fallback,-0.0412556298074398,-0.042130798346531925,0.03274086082137568,14818348.5,0.7542891841152204
2013-10-04,JKH.N0000,21.60198,21.951204,21.152978,21.60198,871500,tradingview_cselk_fallback,0.01262861841505436,0.012549542464249192,0.03695152018472379,14233709.5,0.061227890031056206
2013-10-07,JKH.N0000,21.851426,21.951204,21.751648,21.851426,10774500,tradingview_cselk_fallback,0.011547367417245935,0.011481205414292752,0.009132401702296278,14472594.5,0.7444760509250777
2013-10-08,JKH.N0000,21.851426,22.011071,21.851426,21.851426,8826270,tradingview_cselk_fallback,0.0,0.0,0.007305930514557775,14557872.0,0.6062884740297209
2013-10-09,JKH.N0000,21.462291,21.851426,21.452313,21.462291,1747720,tradingview_cselk_fallback,-0.017808219930360636,-0.017968694308734535,0.01859601102230884,13866257.5,0.12604121912491528
2013-10-10,JKH.N0000,21.452313,21.751648,21.452313,21.452313,3600550,tradingview_cselk_fallback,-0.0004649084293937289,-0.0004650165328243521,0.013953507018100997,12017636.0,0.29960551309758426
2013-10-11,JKH.N0000,21.452313,21.651869,21.452313,21.452313,6496130,tradingview_cselk_fallback,0.0,0.0,0.009302306935387396,12064710.5,0.5384406032784624
2013-10-14,JKH.N0000,21.452313,21.502202,21.452313,21.452313,281970,tradingview_cselk_fallback,0.0,0.0,0.002325576733846849,10537652.5,0.02675833161133374
2013-10-15,JKH.N0000,21.701758,21.841448,21.452313,21.701758,51325940,tradingview_cselk_fallback,0.011627883669234285,0.011560799361468232,0.017931035817466932,11918732.0,4.306325538656293
2013-10-17,JKH.N0000,21.681803,21.801537,21.552091,21.681803,10465370,tradingview_cselk_fallback,-0.000919510760372666,-0.0009199337697195301,0.011504855015978097,10800862.0,0.9689384051013706
2013-10-21,JKH.N0000,21.352535,21.751648,21.272712,21.352535,11563980,tradingview_cselk_fallback,-0.015186375413520636,-0.015302869330990579,0.02242993630498678,10635526.5,1.087297370750757
2013-10-22,JKH.N0000,21.242779,21.352535,21.003311,21.242779,11202580,tradingview_cselk_fallback,-0.005140185931085006,-0.005153442132526627,0.016439656977083817,10506925.5,1.066209139866843
2013-10-23,JKH.N0000,21.252757,21.352535,21.162956,21.252757,6955020,tradingview_cselk_fallback,0.0004697125550288117,0.00046960227461867996,0.008920207387681438,10673757.0,0.6515999942663113
2013-10-24,JKH.N0000,21.951204,22.250539,21.252757,21.951204,1390520,tradingview_cselk_fallback,0.032863830325637444,0.03233536182184887,0.04545454545454549,10200737.0,0.1363156407228223
2013-10-25,JKH.N0000,22.180694,22.250539,21.991115,22.180694,1014230,tradingview_cselk_fallback,0.010454551832327574,0.010400280929584508,0.011695937016217762,9652304.0,0.10507646671716929
2013-10-28,JKH.N0000,21.761625,22.15076,21.651869,21.761625,231660,tradingview_cselk_fallback,-0.018893412442369972,-0.01907417337439199,0.022925264082989984,9570482.0,0.024205677415202284
2013-10-29,JKH.N0000,21.941226,22.041004,21.452313,21.941226,857050,tradingview_cselk_fallback,0.008253106098464746,0.008219235449426567,0.026830360345406437,9480324.0,0.0904030284197038
2013-10-30,JKH.N0000,21.941226,22.050982,21.60198,21.941226,54010,tradingview_cselk_fallback,0.0,0.0,0.02046385192878466,9229242.5,0.005852051238224589
2013-10-31,JKH.N0000,22.310406,22.390228,21.951204,22.310406,8074850,tradingview_cselk_fallback,0.01682586014108778,0.016685873438587736,0.01967799241304707,9115847.5,0.8858035415796501
2013-11-01,JKH.N0000,22.440117,22.450095,22.160738,22.440117,8137620,tradingview_cselk_fallback,0.005813923780678909,0.005797088148353054,0.01289462973833882,7752439.5,1.0496850700995475
2013-11-04,JKH.N0000,22.450095,22.490006,22.350317,22.450095,2589940,tradingview_cselk_fallback,0.000444650088054388,0.0004445512604986869,0.0062222008414664,7323070.5,0.3536685875139397
2013-11-05,JKH.N0000,22.340339,22.350317,21.951204,22.340339,183660,tradingview_cselk_fallback,-0.004888887998024116,-0.004900877704469481,0.017865127292831136,7288678.5,0.02519798342045132
2013-11-06,JKH.N0000,22.330361,22.340339,22.050982,22.330361,2106800,tradingview_cselk_fallback,-0.0004466360156845095,-0.0004467357872585876,0.012958008157593107,6855293.5,0.3073245514579354
2013-11-07,JKH.N0000,22.200649,22.340339,22.15076,22.200649,1607670,tradingview_cselk_fallback,-0.0058087730870092225,-0.005825709628261146,0.008539344953384109,6494363.5,0.2475485087953577
2013-11-08,JKH.N0000,21.891337,22.15076,21.751648,21.891337,122630,tradingview_cselk_fallback,-0.013932565665084717,-0.014030534897714662,0.018231504087667137,6413109.0,0.019121770735535604
2013-11-11,JKH.N0000,21.791559,21.951204,21.661847,21.791559,889530,tradingview_cselk_fallback,-0.004557876021916818,-0.004568294809246923,0.013278398300920048,6277558.0,0.14170000500194502
2013-11-12,JKH.N0000,20.933466,21.651869,20.753866,20.933466,14240910,tradingview_cselk_fallback,-0.039377311187327124,-0.04017357061261561,0.04289796061483573,6664797.0,2.136735747540398
2013-11-13,JKH.N0000,20.813733,20.953422,20.604198,20.813733,11805520,tradingview_cselk_fallback,-0.005719693050352914,-0.0057361131364845105,0.01677853751655215,7240974.5,1.6303772372075056
2013-11-14,JKH.N0000,20.793777,20.953422,20.664065,20.793777,419970,tradingview_cselk_fallback,-0.0009587900450149789,-0.0009592499781999295,0.013915557524734395,4695676.0,0.08943760174253931
2013-11-15,JKH.N0000,20.993333,21.232801,20.953422,20.993333,455460,tradingview_cselk_fallback,0.009596909690817723,0.00955115187581811,0.013307986873737425,4195180.5,0.10856743827828147
2013-11-18,JKH.N0000,21.402424,21.751648,21.0532,21.402424,4261190,tradingview_cselk_fallback,0.019486710376098948,0.019299275514452457,0.0326340605157621,3830041.0,1.112570335408942
2013-11-19,JKH.N0000,21.731692,21.751648,21.651869,21.731692,2886530,tradingview_cselk_fallback,0.015384612509312001,0.01526746929905025,0.004591405031876859,3414238.5,0.845438887763699
2013-11-20,JKH.N0000,21.751648,21.781581,21.701758,21.751648,1052030,tradingview_cselk_fallback,0.0009182902095243861,0.0009178688390104798,0.0036697449315103636,3119089.0,0.33728758621507754
2013-11-21,JKH.N0000,21.851426,21.941226,21.761625,21.851426,279720,tradingview_cselk_fallback,0.004587146684241983,0.004576657790721139,0.008219188990228906,3063549.0,0.09130586780234297
2013-11-22,JKH.N0000,21.841448,21.851426,21.74167,21.841448,355460,tradingview_cselk_fallback,-0.00045662923783551523,-0.0004567335247141053,0.0050251247078490794,3030610.5,0.11728989918037966
2013-11-25,JKH.N0000,21.731692,21.851426,21.661847,21.731692,168680,tradingview_cselk_fallback,-0.005025124707849105,-0.0050377931050176235,0.008723618943246499,3027461.5,0.05571664577732863
2013-11-26,JKH.N0000,21.552091,21.651869,21.552091,21.552091,1120860,tradingview_cselk_fallback,-0.008264473838484276,-0.0082988139351668,0.0046296203927498536,3040652.0,0.36862488703080787
2013-11-27,JKH.N0000,21.352535,21.452313,21.352535,21.352535,2270350,tradingview_cselk_fallback,-0.009259240785499667,-0.009302374015902143,0.004672887785923338,3151469.0,0.7204100690820694
2013-11-28,JKH.N0000,21.152978,21.302646,20.953422,21.152978,3056580,tradingview_cselk_fallback,-0.009345822404693283,-0.009389768626275101,0.016509448456855556,2900555.5,1.0537912479178557
2013-11-29,JKH.N0000,21.043222,21.252757,20.983355,21.043222,208830,tradingview_cselk_fallback,-0.005188678397906932,-0.005202186335487759,0.012802317059621359,2504116.0,0.08339469896761971
2013-12-02,JKH.N0000,20.943444,21.152978,20.883577,20.943444,9735890,tradingview_cselk_fallback,-0.004741574270328064,-0.004752851194645648,0.012863261648848299,2861413.5,3.4024757344578127
2013-12-03,JKH.N0000,20.9634,20.973378,20.953422,20.9634,2775380,tradingview_cselk_fallback,0.0009528518805217434,0.0009523982053359338,0.0009519448181115911,2990999.5,0.9279105529773576
2013-12-04,JKH.N0000,20.953422,20.953422,20.943444,20.953422,5150910,tradingview_cselk_fallback,-0.00047597240905583593,-0.0004760857198795708,0.0004761990666727499,3143205.0,1.638744529866808
2013-12-05,JKH.N0000,20.953422,21.003311,20.943444,20.953422,5105560,tradingview_cselk_fallback,0.0,0.0,0.002857146675135,3318099.5,1.5387000902173067
2013-12-06,JKH.N0000,21.003311,21.152978,20.953422,21.003311,3208390,tradingview_cselk_fallback,0.0023809476084621917,0.002378117643813308,0.009501168649076385,3472387.5,0.9239723389166675
2013-12-09,JKH.N0000,21.452313,21.452313,21.0532,21.452313,4000930,tradingview_cselk_fallback,0.021377677071962697,0.021152379766380854,0.018604660485794695,3627957.5,1.1028050907432074
2013-12-10,JKH.N0000,21.452313,21.552091,21.432357,21.452313,3494570,tradingview_cselk_fallback,0.0,0.0,0.005581402807240465,3090640.5,1.130694430491026
2013-12-11,JKH.N0000,21.452313,21.552091,21.402424,21.452313,984430,tradingview_cselk_fallback,0.0,0.0,0.006976730201540546,2549586.0,0.386113667081636
2013-12-12,JKH.N0000,21.442335,21.502202,21.42238,21.442335,121900,tradingview_cselk_fallback,-0.00046512466977333133,-0.0004652328738060914,0.0037226356178093503,2534682.5,0.048092808468121744
2013-12-13,JKH.N0000,21.382468,21.502202,21.362513,21.382468,5912830,tradingview_cselk_fallback,-0.0027920000317129823,-0.002795904933819682,0.006532875437952281,2807551.0,2.1060454467256338
2013-12-17,JKH.N0000,21.552091,21.552091,21.442335,21.552091,35963220,tradingview_cselk_fallback,0.007932807382197371,0.007901508084285963,0.005092591711866884,4392652.5,8.187130668770179
2013-12-18,JKH.N0000,21.691781,21.951204,21.472269,21.691781,3051190,tradingview_cselk_fallback,0.006481505669217791,0.0064605910349172955,0.022079099913464916,4400885.5,0.6933127435376357
2013-12-19,JKH.N0000,22.001093,22.15076,21.801537,22.001093,2856790,tradingview_cselk_fallback,0.01425941005028597,0.014158700902431655,0.015872984128561182,4491123.5,0.6360969588121992
2013-12-20,JKH.N0000,22.250539,22.260516,22.15076,22.250539,4071390,tradingview_cselk_fallback,0.011337891258402344,0.011274099095539421,0.004932734438478135,4680707.0,0.8698237253474742
2013-12-23,JKH.N0000,22.110849,22.300428,22.050982,22.110849,57080,tradingview_cselk_fallback,-0.006278050163189275,-0.006297839991282745,0.01128161112221421,4665788.0,0.012233732008398153
2013-12-24,JKH.N0000,22.070938,22.110849,22.050982,22.070938,2460,tradingview_cselk_fallback,-0.0018050414979542406,-0.001806672548396919,0.0027124810010340544,4657477.0,0.0005281829625782371
2013-12-26,JKH.N0000,21.951204,22.070938,21.851426,21.951204,125410,tradingview_cselk_fallback,-0.005424962002068101,-0.005439730545170332,0.009999998177776567,4607704.5,0.027217457195877037
2013-12-27,JKH.N0000,22.450095,22.499984,22.001093,22.450095,3713240,tradingview_cselk_fallback,0.022727272727272707,0.022472855852058576,0.02222222222222224,4679849.0,0.7934529511529111
2013-12-30,JKH.N0000,22.998875,23.008853,22.659629,22.998875,8744540,tradingview_cselk_fallback,0.024444439990120248,0.024150455884244262,0.015184394888880412,4964247.0,1.7615038091376194
2013-12-31,JKH.N0000,22.679585,22.998875,22.400206,22.679585,4311940,tradingview_cselk_fallback,-0.013882852965634296,-0.013980121057214565,0.02639682339866453,5169402.5,0.8341273483734338
2014-01-02,JKH.N0000,22.869163,22.948986,22.74943,22.869163,2500330,tradingview_cselk_fallback,0.008358971295109763,0.008324228569252664,0.00872598616748681,4807624.5,0.5200759751515536
2014-01-03,JKH.N0000,22.83923,22.948986,22.759407,22.83923,876630,tradingview_cselk_fallback,-0.0013088804343210914,-0.0013097377664952924,0.0083005863157384,4712687.0,0.18601489978010421
2014-01-06,JKH.N0000,22.69954,22.849208,22.549873,22.69954,4191630,tradingview_cselk_fallback,-0.00611623071355738,-0.006135011470080056,0.013186831098779942,4664723.0,0.8985806874277422
2014-01-07,JKH.N0000,22.729474,22.74943,22.649651,22.729474,4858430,tradingview_cselk_fallback,0.0013187051367560265,0.0013178364087839969,0.004389850816609378,4652366.5,1.0442921897920123
2014-01-08,JKH.N0000,23.447877,23.447877,22.649651,23.447877,7468030,tradingview_cselk_fallback,0.03160667070430212,0.031117461371247504,0.03404257025060306,4865348.5,1.5349424609562912
2014-01-09,JKH.N0000,23.198431,23.447877,22.958964,23.198431,13148450,tradingview_cselk_fallback,-0.010638319196232482,-0.01069531066992941,0.02107526151229782,5322724.5,2.470248084416167
2014-01-10,JKH.N0000,23.128587,23.148542,22.958964,23.128587,5266480,tradingview_cselk_fallback,-0.0030107208543542763,-0.0030152621918092255,0.008196696149228544,5411320.0,0.973233887480319
2014-01-13,JKH.N0000,23.048764,23.427921,22.948986,23.048764,3536780,tradingview_cselk_fallback,-0.003451270066779255,-0.0034572394378814876,0.02077920534046858,5538937.5,0.6385304040711779
2014-01-16,JKH.N0000,23.966724,24.435681,23.048764,23.966724,6182210,tradingview_cselk_fallback,0.039826864468741174,0.03905422282217099,0.05786844292945504,5841953.0,1.0582437071986028
2014-01-17,JKH.N0000,23.747212,24.146324,23.657411,23.747212,39861940,tradingview_cselk_fallback,-0.009159032331661154,-0.00920123415115221,0.020588227367490556,7539408.5,5.287144210318356
2014-01-20,JKH.N0000,24.216169,24.246103,23.497766,24.216169,6307280,tradingview_cselk_fallback,0.019747876087517158,0.019555416435737043,0.03090236940450832,6056611.5,1.0413875811582103
2014-01-21,JKH.N0000,24.645215,24.744994,24.196213,24.645215,2631750,tradingview_cselk_fallback,0.01771733588413582,0.01756221344635166,0.022267243357381877,6035639.5,0.4360349885045321
2014-01-22,JKH.N0000,24.894661,24.894661,24.645215,24.894661,9727490,tradingview_cselk_fallback,0.01012147794206708,0.010070598810852744,0.010020060124538308,6379174.5,1.5248822555332198
2014-01-23,JKH.N0000,24.764949,24.984461,24.695104,24.764949,15199290,tradingview_cselk_fallback,-0.005210434478300274,-0.005224056129108188,0.01168413470183197,6935569.5,2.191498477522286
2014-01-24,JKH.N0000,24.645215,24.94455,24.595326,24.645215,549880,tradingview_cselk_fallback,-0.004834817144182324,-0.004846542681744449,0.014170052888562731,6960209.5,0.07900336907962326
2014-01-27,JKH.N0000,23.866945,24.685127,23.747212,23.866945,10140670,tradingview_cselk_fallback,-0.03157894950399087,-0.03208831675670849,0.039297656235433576,7467120.0,1.3580429938182326
2014-01-28,JKH.N0000,23.537677,24.246103,23.348099,23.537677,3788580,tradingview_cselk_fallback,-0.01379598436247298,-0.013892033371637224,0.038151768332958275,7650278.5,0.4952211870456742
2014-01-29,JKH.N0000,24.016613,24.046546,23.547655,24.016613,285560,tradingview_cselk_fallback,0.020347632436285013,0.020143385345565375,0.02077274593215956,7478894.5,0.03818211368003654
2014-01-30,JKH.N0000,23.946768,24.126369,23.667389,23.946768,202630,tradingview_cselk_fallback,-0.0029081952563420055,-0.002912432272874691,0.01916667835926754,7051799.0,0.028734511576407665
2014-01-31,JKH.N0000,23.946768,23.946768,23.866945,23.946768,7560890,tradingview_cselk_fallback,0.0,0.0,0.003333351707420289,7214246.5,1.0480498552412925
2014-02-03,JKH.N0000,23.447877,23.93679,23.29821,23.447877,16055580,tradingview_cselk_fallback,-0.02083333333333337,-0.02105340919783238,0.027234022082254932,7892009.0,2.0344097428170698
2014-02-05,JKH.N0000,23.168498,23.447877,23.098653,23.168498,10366450,tradingview_cselk_fallback,-0.01191489532293255,-0.011986446606849964,0.015073225722271662,8366500.0,1.2390426104105658
2014-02-06,JKH.N0000,22.849208,23.108631,22.759407,22.849208,10778990,tradingview_cselk_fallback,-0.013781212748448346,-0.013877055230030595,0.015283855790537664,8695868.0,1.2395530842924478
2014-02-07,JKH.N0000,22.889119,23.248321,22.74943,22.889119,7989860,tradingview_cselk_fallback,0.0017467126212864503,0.0017451888928814953,0.021795989614104432,8852439.5,0.9025602490703268
2014-02-10,JKH.N0000,22.83923,22.948986,22.74943,22.83923,22081270,tradingview_cselk_fallback,-0.0021795945925223714,-0.002181973365952598,0.008737422408723989,9583101.5,2.304188263058677
2014-02-11,JKH.N0000,22.430139,22.939008,22.270494,22.430139,53306790,tradingview_cselk_fallback,-0.017911768479059953,-0.018074125864504822,0.029804273615959394,11591018.5,4.598973765765278
2014-02-12,JKH.N0000,22.480028,22.83923,22.15076,22.480028,2626430,tradingview_cselk_fallback,0.0022241948656671617,0.0022217250058885556,0.030625851533636984,11459016.0,0.22920205364928367
2014-02-13,JKH.N0000,22.15076,22.450095,22.070938,22.15076,8072740,tradingview_cselk_fallback,-0.014647134781148985,-0.014755463161382671,0.017117110202990747,11685814.0,0.6908153766609669
2014-02-17,JKH.N0000,21.941226,22.120827,21.771603,21.941226,4237690,tradingview_cselk_fallback,-0.009459449698339784,-0.009504474457227623,0.015916339406011292,11588588.0,0.3656778547999118
2014-02-18,JKH.N0000,21.791559,21.851426,21.751648,21.791559,246820,tradingview_cselk_fallback,-0.006821268784160006,-0.006844639979511337,0.0045787453756750765,9607832.0,0.02568945835022927
2014-02-19,JKH.N0000,21.452313,21.83147,21.452313,21.452313,12643250,tradingview_cselk_fallback,-0.015567770988757612,-0.015690221249806555,0.017674411146247928,9924630.5,1.2739265204885966
2014-02-20,JKH.N0000,21.392446,21.552091,21.352535,21.392446,3199290,tradingview_cselk_fallback,-0.002790701403620255,-0.002794602670653731,0.009328339545650889,9953007.5,0.3214395246863825
2014-02-21,JKH.N0000,21.182912,21.452313,21.0532,21.182912,22138630,tradingview_cselk_fallback,-0.009794765872027766,-0.009843050138697766,0.018841271681627143,10573564.5,2.0937716888188462
2014-02-24,JKH.N0000,20.853644,21.252757,20.853644,20.853644,10332760,tradingview_cselk_fallback,-0.0155440385155734,-0.015666113762850285,0.019138765387958088,10330238.0,1.0002441376471676
2014-02-25,JKH.N0000,20.584243,20.853644,20.554309,20.584243,4488460,tradingview_cselk_fallback,-0.01291865344972798,-0.013002824960766051,0.014541948421421143,10527167.0,0.42636922165289104
2014-02-26,JKH.N0000,21.152978,21.452313,20.554309,21.152978,1140670,tradingview_cselk_fallback,0.027629629129426903,0.027254819167450827,0.04245284044639011,10077167.0,0.11319351956755307
2014-02-28,JKH.N0000,22.021049,22.350317,21.262734,22.021049,4599580,tradingview_cselk_fallback,0.041037767826355154,0.04021806930743036,0.049388337494730705,10117717.0,0.4546065085631472
2014-03-03,JKH.N0000,21.801537,22.300428,21.751648,21.801537,258530,tradingview_cselk_fallback,-0.009968280802608476,-0.010018296773433476,0.025171619780752188,10116365.5,0.025555620741460953
2014-03-04,JKH.N0000,21.961182,22.100871,21.751648,21.961182,858260,tradingview_cselk_fallback,0.0073226488572801784,0.007295968432553584,0.015901830784882255,10149147.0,0.08456474223892904
2014-03-05,JKH.N0000,21.951204,22.15076,21.751648,21.951204,386900,tradingview_cselk_fallback,-0.00045434712940317645,-0.00045445037633465725,0.018181781737347927,9790447.5,0.039518111914700525
2014-03-06,JKH.N0000,22.440117,22.499984,21.801537,22.440117,1868690,tradingview_cselk_fallback,0.022272719072721436,0.0220283045915599,0.0311249268441872,9081103.0,0.20577786641116172
2014-03-07,JKH.N0000,22.74943,22.948986,22.450095,22.74943,1276800,tradingview_cselk_fallback,0.013783929914447324,0.013689795593377475,0.021929824175814534,8626620.5,0.1480069744577265
2014-03-10,JKH.N0000,22.649651,22.809297,22.639674,22.649651,1289720,tradingview_cselk_fallback,-0.004386000000879187,-0.004395646716212525,0.0074889895654463474,8152157.0,0.15820598155800975
2014-03-11,JKH.N0000,22.450095,22.649651,22.450095,22.450095,2693810,tradingview_cselk_fallback,-0.008810555182505841,-0.00884959761666637,0.00888887107159224,7887354.5,0.34153530185564757
2014-03-12,JKH.N0000,22.400206,22.450095,22.300428,22.400206,5788690,tradingview_cselk_fallback,-0.0022222177678981048,-0.002224690557866497,0.006681501054052846,7072725.5,0.8184525187638061
2014-03-13,JKH.N0000,22.230583,22.400206,21.951204,22.230583,1929350,tradingview_cselk_fallback,-0.0075723857182385945,-0.007601201794101774,0.020197490996974758,4503853.5,0.42837761041739036
2014-03-14,JKH.N0000,21.951204,22.300428,21.861404,21.951204,3946140,tradingview_cselk_fallback,-0.012567326731827033,-0.012646963500090435,0.01999999635555297,4569839.0,0.8635183865339676
2014-03-17,JKH.N0000,21.761625,22.130805,21.751648,21.761625,69320,tradingview_cselk_fallback,-0.008636382769710571,-0.008673892444807353,0.017423193350680353,4169668.0,0.0166248248061956
2014-03-18,JKH.N0000,21.851426,21.951204,21.761625,21.851426,12594240,tradingview_cselk_fallback,0.004126576025457629,0.0041180850616673115,0.008675818228064472,4587495.5,2.745341112596187
2014-03-19,JKH.N0000,21.751648,21.881359,21.751648,21.751648,17425960,tradingview_cselk_fallback,-0.004566200851148117,-0.0045766577907212,0.005963272300103438,5446452.5,3.199506467742076
2014-03-20,JKH.N0000,21.761625,21.901315,21.751648,21.761625,2064840,tradingview_cselk_fallback,0.000458677889601633,0.000458572729053745,0.006877565439161868,4917532.0,0.41989355636119907
2014-03-21,JKH.N0000,21.841448,21.951204,21.761625,21.841448,82140,tradingview_cselk_fallback,0.003668062472356848,0.0036613515369533145,0.008679781670153094,4761674.5,0.017250234135071603
2014-03-24,JKH.N0000,21.901315,21.951204,21.701758,21.901315,533140,tradingview_cselk_fallback,0.002740981275600518,0.00273723163665458,0.011389544417766647,3681400.0,0.14481990547074483
2014-03-25,JKH.N0000,21.751648,21.901315,21.751648,21.751648,6675860,tradingview_cselk_fallback,-0.006833699255044734,-0.006857155902661526,0.006880720026363101,3498555.0,1.9081763756751002
2014-03-26,JKH.N0000,21.751648,21.851426,21.661847,21.751648,11314210,tradingview_cselk_fallback,0.0,0.0,0.008715615478882261,3839842.5,2.9465297079242183
2014-03-27,JKH.N0000,22.230583,22.430139,21.751648,22.230583,3150880,tradingview_cselk_fallback,0.022018331668478552,0.0217794286739515,0.030520612077515066,3940353.0,0.7996440928008227
2014-03-28,JKH.N0000,22.450095,22.549873,21.981137,22.450095,12592160,tradingview_cselk_fallback,0.009874324933358825,0.009825892351968268,0.025333344914576138,4339982.0,2.9014313884251135
2014-03-31,JKH.N0000,22.649651,22.74943,22.450095,22.649651,1370150,tradingview_cselk_fallback,0.008888871071592197,0.008849597616666283,0.013215876924549489,4395563.0,0.3117120605483302
2014-04-01,JKH.N0000,23.178476,23.248321,22.579807,23.178476,1720270,tradingview_cselk_fallback,0.02334804187490569,0.02307964599536339,0.02884201705064655,4438663.5,0.3875648604585592
2014-04-02,JKH.N0000,23.348099,23.447877,23.048764,23.348099,38122150,tradingview_cselk_fallback,0.007318125661065933,0.007291478107259404,0.01709402551359748,6325426.0,6.026811474831892
2014-04-03,JKH.N0000,23.218387,23.348099,23.048764,23.218387,90246220,tradingview_cselk_fallback,-0.005555570070180038,-0.005571059645167257,0.012892153102625209,10744302.5,8.399448917228456
2014-04-04,JKH.N0000,23.218387,23.427921,22.74943,23.218387,18883060,tradingview_cselk_fallback,0.0,0.0,0.0292221419170936,11624615.5,1.6244029748768896
2014-04-07,JKH.N0000,23.38801,23.547655,23.148542,23.38801,2832190,tradingview_cselk_fallback,0.007305546246601846,0.007278990003759321,0.01706485502614373,11701739.0,0.24203154761869156
2014-04-08,JKH.N0000,23.827034,23.926812,23.248321,23.827034,4824670,tradingview_cselk_fallback,0.01877132770167278,0.01859732052108402,0.028475680187471132,11808282.0,0.408583568718972
2014-04-09,JKH.N0000,23.93679,23.946768,23.657411,23.93679,3553980,tradingview_cselk_fallback,0.004606364350678183,0.004595787522458016,0.012088379436006207,11696546.5,0.30384866165410446
2014-04-10,JKH.N0000,23.747212,23.93679,23.647433,23.747212,370390,tradingview_cselk_fallback,-0.0079199424818448,-0.00795147181028612,0.012184883008582184,11618598.5,0.03187906011211249
2014-04-11,JKH.N0000,23.747212,23.767167,23.597544,23.747212,6225740,tradingview_cselk_fallback,0.0,0.0,0.0071428595491547136,11732578.5,0.5306369780521818
2014-04-16,JKH.N0000,23.747212,23.747212,23.697323,23.747212,12330310,tradingview_cselk_fallback,0.0,0.0,0.0021008360897270925,12345628.0,0.9987592368731668
2014-04-17,JKH.N0000,23.747212,23.747212,23.697323,23.747212,985150,tradingview_cselk_fallback,0.0,0.0,0.0021008360897270925,11765173.5,0.08373442176607085
2014-04-21,JKH.N0000,23.84699,23.946768,23.657411,23.84699,6383220,tradingview_cselk_fallback,0.004201672179454219,0.004192869802756037,0.01213390033710749,11213036.5,0.5692677447362273
2014-04-22,JKH.N0000,23.93679,23.956746,23.856968,23.93679,4321390,tradingview_cselk_fallback,0.0037656744100615924,0.0037586020075300115,0.004168395177465341,11325864.0,0.3815505819246991
2014-04-23,JKH.N0000,23.84699,23.84699,23.807079,23.84699,2556870,tradingview_cselk_fallback,-0.0037515473043794323,-0.0037586020075300887,0.001673628411803755,11449600.5,0.22331521523392892
2014-04-24,JKH.N0000,23.697323,23.876923,23.447877,23.697323,13077010,tradingview_cselk_fallback,-0.006276137994774222,-0.006295915744187645,0.018105251804180714,12076794.0,1.0828213183068287
2014-04-25,JKH.N0000,23.437899,23.84699,23.148542,23.437899,47930,tradingview_cselk_fallback,-0.01094739688529367,-0.011007760589127828,0.029799940685809875,11745397.5,0.004080747373598892
2014-04-28,JKH.N0000,23.447877,23.597544,23.447877,23.447877,1452210,tradingview_cselk_fallback,0.00042572075252977903,0.00042563015916095127,0.006382965929069011,11252297.5,0.1290589766223298
2014-04-29,JKH.N0000,23.747212,23.747212,23.547655,23.747212,694840,tradingview_cselk_fallback,0.012765974505922317,0.012685176371398552,0.008403386469114867,11129495.5,0.06243229982886466
2014-04-30,JKH.N0000,23.747212,23.747212,23.647433,23.747212,7515660,tradingview_cselk_fallback,0.0,0.0,0.004201714289660681,10875670.5,0.6910525654487234
2014-05-02,JKH.N0000,23.647433,23.747212,23.567611,23.647433,343080,tradingview_cselk_fallback,-0.004201714289660652,-0.004210566295581358,0.007594946986423502,10824317.0,0.03169530234563529
2014-05-05,JKH.N0000,23.447877,23.727256,23.148542,23.447877,2248020,tradingview_cselk_fallback,-0.008438801792989614,-0.008474610075817212,0.024680869828854934,10850704.5,0.20717733120462362
2014-05-06,JKH.N0000,23.358077,23.647433,23.338121,23.358077,1208250,tradingview_cselk_fallback,-0.003829771027884399,-0.0038371233788311063,0.013242185989882577,9005009.5,0.13417531652798367
2014-05-07,JKH.N0000,23.447877,23.447877,23.368054,23.447877,7442340,tradingview_cselk_fallback,0.0038444945617739368,0.003837123378831103,0.0034042740841739123,4864815.5,1.5298298568568531
2014-05-08,JKH.N0000,23.407966,23.447877,23.29821,23.407966,2010960,tradingview_cselk_fallback,-0.0017021157181948965,-0.001703565963043965,0.006393848999951442,4021210.5,0.5000882197039921
2014-05-09,JKH.N0000,23.427921,23.647433,23.348099,23.427921,3338450,tradingview_cselk_fallback,0.0008524875676940713,0.0008521244065464548,0.01277680593169143,4046523.5,0.8250168323500408
2014-05-12,JKH.N0000,23.447877,23.647433,23.368054,23.447877,3592260,tradingview_cselk_fallback,0.0008518041357574724,0.0008514415564976922,0.011914895322932594,3984903.0,0.9014673631955408
2014-05-13,JKH.N0000,23.397988,23.447877,23.348099,23.397988,59650,tradingview_cselk_fallback,-0.0021276553096895023,-0.002129921983952988,0.004264383758124717,3810186.5,0.015655401645037585
2014-05-16,JKH.N0000,23.447877,23.447877,23.358077,23.447877,36374630,tradingview_cselk_fallback,0.0021321918790622174,0.0021299219839529394,0.0038297710278843915,5610398.5,6.483430722434423
2014-05-19,JKH.N0000,23.348099,23.447877,23.348099,23.348099,2660920,tradingview_cselk_fallback,-0.004255310619379227,-0.004264390220449528,0.004273495670889396,5432157.5,0.4898458853595464
2014-05-20,JKH.N0000,23.348099,23.437899,23.348099,23.348099,2129550,tradingview_cselk_fallback,0.0,0.0,0.0038461375377927052,4922119.5,0.4326489838371458
2014-05-21,JKH.N0000,23.308188,23.447877,23.218387,23.308188,3183540,tradingview_cselk_fallback,-0.0017093897023479077,-0.0017108523760156831,0.009845896214669215,5032039.0,0.6326540791913576
2014-05-22,JKH.N0000,23.188454,23.208409,23.048764,23.188454,659620,tradingview_cselk_fallback,-0.0051369930601212754,-0.005150232769966153,0.006884676313479163,4745859.0,0.1389885371647156
2014-05-23,JKH.N0000,23.348099,23.38801,23.188454,23.348099,12392860,tradingview_cselk_fallback,0.00688467631347911,0.006861085145981769,0.008546991341779097,5149432.5,2.406645780870028
2014-05-26,JKH.N0000,23.348099,23.348099,23.238343,23.348099,1645360,tradingview_cselk_fallback,0.0,0.0,0.004700853803986391,5103857.0,0.32237580324056886
2014-05-27,JKH.N0000,23.258298,23.29821,23.098653,23.258298,230230,tradingview_cselk_fallback,-0.0038461803678321305,-0.003853595940068921,0.008580034532191574,4461518.0,0.051603512526454
2014-05-28,JKH.N0000,23.248321,23.29821,23.098653,23.248321,143010,tradingview_cselk_fallback,-0.00042896518051316335,-0.0004290572123961329,0.008583716647752851,4466272.0,0.0320199934083728
2014-05-29,JKH.N0000,23.348099,23.348099,23.198431,23.348099,13195190,tradingview_cselk_fallback,0.004291836816946892,0.004282653152465039,0.0064102863363737625,5053421.0,2.61114005739874
2014-05-30,JKH.N0000,23.348099,23.437899,23.248321,23.348099,4722820,tradingview_cselk_fallback,0.0,0.0,0.008119633208682253,5254820.0,0.8987596149820546
2014-06-02,JKH.N0000,23.447877,23.916835,23.348099,23.447877,3631450,tradingview_cselk_fallback,0.004273495670889416,0.00426439022044951,0.024255330237359984,5060609.5,0.7175914284633106
2014-06-03,JKH.N0000,23.447877,23.547655,23.407966,23.447877,137020,tradingview_cselk_fallback,0.0,0.0,0.005957426337574213,5050306.5,0.027131026602048806
2014-06-04,JKH.N0000,23.447877,23.447877,23.358077,23.447877,21956600,tradingview_cselk_fallback,0.0,0.0,0.0038297710278843915,6035735.5,3.6377670956588473
2014-06-05,JKH.N0000,23.447877,23.447877,23.397988,23.447877,22276690,tradingview_cselk_fallback,0.0,0.0,0.002127655309689519,7089157.5,3.142360710705045
2014-06-06,JKH.N0000,23.437899,23.447877,23.417944,23.437899,3454840,tradingview_cselk_fallback,-0.00042553959149460585,-0.00042563015916090036,0.001277119591649395,6889782.5,0.5014439860764835
2014-06-09,JKH.N0000,23.427921,23.447877,23.38801,23.427921,32352070,tradingview_cselk_fallback,-0.00042572075252989006,-0.0004258113973366205,0.00255536972316054,8406838.0,3.848304201888986
2014-06-10,JKH.N0000,23.397988,23.437899,23.38801,23.397988,4440600,tradingview_cselk_fallback,-0.001277663519524408,-0.001278480427455414,0.0021321918790624343,8461945.5,0.5247729378545395
2014-06-11,JKH.N0000,23.397988,23.447877,23.378032,23.397988,32860040,tradingview_cselk_fallback,0.0,0.0,0.0029850857261742875,9925334.5,3.3107236839221894
2014-06-13,JKH.N0000,23.348099,23.397988,23.348099,23.348099,6862410,tradingview_cselk_fallback,-0.0021321918790624395,-0.0021344682364964913,0.002136747835444774,10265472.5,0.6684943143143192
2014-06-16,JKH.N0000,23.348099,23.348099,23.248321,23.348099,1398630,tradingview_cselk_fallback,0.0,0.0,0.004273495670889548,8516672.5,0.1642225881058594
2014-06-17,JKH.N0000,23.208409,23.348099,23.058742,23.208409,3605890,tradingview_cselk_fallback,-0.005982928203276949,-0.006000897627251154,0.01246776545518491,8563921.0,0.42105596256667943
2014-06-18,JKH.N0000,22.659629,23.058742,22.549873,22.659629,695570,tradingview_cselk_fallback,-0.023645739783369035,-0.023929786893842283,0.022457075532878193,8492222.0,0.08190671416738753
2014-06-19,JKH.N0000,22.160738,22.649651,22.050982,22.160738,7914650,tradingview_cselk_fallback,-0.022016732930623006,-0.02226271842970142,0.027014849415213406,8728777.5,0.9067306389697756
2014-06-20,JKH.N0000,22.021049,22.350317,21.951204,22.021049,12205280,tradingview_cselk_fallback,-0.006303445309447597,-0.006323395903338362,0.01812415929867827,9306060.5,1.3115410113656578
2014-06-23,JKH.N0000,21.951204,22.430139,21.951204,21.951204,8460030,tradingview_cselk_fallback,-0.003171738094765675,-0.0031767787172146318,0.021818165418170225,9109419.0,0.928712358054888
2014-06-24,JKH.N0000,22.130805,22.948986,21.951204,22.130805,14183080,tradingview_cselk_fallback,0.00818182911515919,0.008148539408517425,0.04508566227030607,9736305.0,1.4567210045289256
2014-06-25,JKH.N0000,22.340339,22.350317,22.250539,22.340339,11014450,tradingview_cselk_fallback,0.00946797913586983,0.009423438739071859,0.004466270632688277,10275516.0,1.0719121064090602
2014-06-26,JKH.N0000,22.230583,22.400206,22.200649,22.230583,1382700,tradingview_cselk_fallback,-0.004912906648372739,-0.004925014647498752,0.008976687655919875,10337500.5,0.13375573718231018
2014-06-27,JKH.N0000,21.961182,22.440117,21.941226,21.961182,17395190,tradingview_cselk_fallback,-0.012118485601569584,-0.012192513123755718,0.022716946656149945,10547500.5,1.6492239085459157
2014-06-30,JKH.N0000,21.941226,21.951204,21.921271,21.941226,22335820,tradingview_cselk_fallback,-0.0009086942588063529,-0.0009091073717155261,0.0013642355263101416,11428150.5,1.9544562350662078
2014-07-01,JKH.N0000,22.180694,22.440117,21.921271,22.180694,12465640,tradingview_cselk_fallback,0.010914066515699705,0.010854937924965497,0.023391783863931398,11869860.0,1.0501926728706152
2014-07-02,JKH.N0000,22.559851,22.649651,22.300428,22.559851,2237970,tradingview_cselk_fallback,0.01709400977264286,0.01694955111544731,0.015479845146140305,11974907.5,0.18688829120391953
2014-07-03,JKH.N0000,22.240561,22.599762,22.070938,22.240561,7729180,tradingview_cselk_fallback,-0.014153019007084655,-0.01425412811373335,0.02377745777186091,11263536.5,0.6862125407948028
2014-07-04,JKH.N0000,22.450095,22.549873,22.06096,22.450095,3438050,tradingview_cselk_fallback,0.009421255156288666,0.009377151920760217,0.02177776975999434,10321604.5,0.3330925923387202
2014-07-07,JKH.N0000,22.659629,22.74943,22.450095,22.659629,10817860,tradingview_cselk_fallback,0.009333323533820215,0.009290037198195855,0.013210057410913446,10689755.5,1.0119838568805433
2014-07-08,JKH.N0000,23.407966,23.487788,22.649651,23.407966,7768920,tradingview_cselk_fallback,0.033025121461609075,0.03249150877849899,0.03580563129662781,9460598.0,0.8211869905052513
2014-07-09,JKH.N0000,23.7073,23.84699,22.998875,23.7073,5182380,tradingview_cselk_fallback,0.012787697999903092,0.012706625809422806,0.03577442391162216,9497687.0,0.5456465347826266
2014-07-10,JKH.N0000,23.946768,24.016613,23.697323,23.946768,24788830,tradingview_cselk_fallback,0.010101023735305192,0.010050349351453491,0.013333323311103977,9094126.5,2.7258065961585207
2014-07-11,JKH.N0000,23.946768,24.246103,23.856968,23.946768,9077930,tradingview_cselk_fallback,0.0,0.0,0.016250000835185907,9204902.5,0.9862059918614021
2014-07-14,JKH.N0000,23.976701,24.036568,23.647433,23.976701,1189560,tradingview_cselk_fallback,0.0012499807907271343,0.0012492002151404892,0.01622971400444121,9194449.0,0.12937806278549155
2014-07-15,JKH.N0000,24.186236,24.295992,23.946768,24.186236,5682290,tradingview_cselk_fallback,0.008739108854049604,0.008701143868693223,0.014438956107101556,9298269.0,0.6111126705411513
2014-07-16,JKH.N0000,24.435681,24.445659,24.146324,24.435681,16319420,tradingview_cselk_fallback,0.01031351054376528,0.01026068916601964,0.012249914377258373,10079461.5,1.6190765746761373
2014-07-17,JKH.N0000,24.445659,24.505526,24.39577,24.445659,11416540,tradingview_cselk_fallback,0.0004083372998691104,0.00040825395288222866,0.004489795100226214,10254556.0,1.113313926024686
2014-07-18,JKH.N0000,24.445659,24.515504,23.946768,24.445659,9176900,tradingview_cselk_fallback,0.0,0.0,0.02326531675828421,10103137.0,0.9083218410281876
2014-07-21,JKH.N0000,24.615282,24.645215,24.345881,24.615282,1646360,tradingview_cselk_fallback,0.006938777964627718,0.006914815428094327,0.012160494444061285,9762453.5,0.16864203245628775
2014-07-22,JKH.N0000,24.39577,24.695104,24.345881,24.39577,10894880,tradingview_cselk_fallback,-0.008917712175712689,-0.008957712958823237,0.014314899673181133,9598043.5,1.1351146720683232
2014-07-23,JKH.N0000,23.93679,24.445659,23.757189,23.93679,2081670,tradingview_cselk_fallback,-0.01881391733075044,-0.018993150688154437,0.028762001922563504,9151404.5,0.22747000200898124
2014-07-24,JKH.N0000,23.926812,24.216169,23.747212,23.926812,3594470,tradingview_cselk_fallback,-0.0004168478730856018,-0.0004169347783119281,0.019599644114727845,9261993.0,0.38808817929359263
2014-07-25,JKH.N0000,23.817056,23.946768,23.757189,23.817056,301780,tradingview_cselk_fallback,-0.004587155196438264,-0.004597708478231033,0.00795979990138153,8407322.5,0.035894899951797975
2014-07-28,JKH.N0000,23.747212,23.797101,23.647433,23.747212,672470,tradingview_cselk_fallback,-0.0029325202913408344,-0.002936828553743214,0.006302550379387774,7324155.0,0.09181536982764564
2014-07-30,JKH.N0000,23.647433,23.747212,23.557633,23.647433,6165900,tradingview_cselk_fallback,-0.004201714289660652,-0.004210566295581358,0.008016895533650606,7009168.0,0.879690713648182
2014-07-31,JKH.N0000,23.627478,23.7073,23.597544,23.627478,3483190,tradingview_cselk_fallback,-0.0008438548065661244,-0.0008442110524607135,0.004645269376613147,7071429.0,0.49257229337945696
2014-08-01,JKH.N0000,23.497766,23.647433,23.47781,23.497766,2550570,tradingview_cselk_fallback,-0.005489879199125802,-0.005505003966766774,0.007218686235959532,6812498.5,0.37439567876602103
2014-08-04,JKH.N0000,23.647433,23.697323,23.497766,23.647433,435070,tradingview_cselk_fallback,0.006369414011527796,0.006349215019227426,0.00843884408087771,6662349.5,0.0653027884532326
2014-08-05,JKH.N0000,23.637456,23.697323,23.567611,23.637456,4765580,tradingview_cselk_fallback,-0.00042190625933902215,-0.00042199528682657366,0.005487561774837418,6359735.5,0.7493361948779159
2014-08-06,JKH.N0000,23.747212,23.946768,23.557633,23.747212,13395400,tradingview_cselk_fallback,0.0046433084846355666,0.004632561582407882,0.016386555188036372,6641059.5,2.0170576697889846
2014-08-07,JKH.N0000,23.946768,24.106413,23.797101,23.946768,21210120,tradingview_cselk_fallback,0.008403344358908216,0.00836823282643378,0.012916649127765321,7442446.5,2.849885450973682
2014-08-08,JKH.N0000,23.866945,24.146324,23.84699,23.866945,7279340,tradingview_cselk_fallback,-0.003333351707420329,-0.003338919701053594,0.012541781111910141,6566972.0,1.1084773926247897
2014-08-11,JKH.N0000,23.896879,23.946768,23.886901,23.896879,3636290,tradingview_cselk_fallback,0.001254203250562469,0.0012534173946789802,0.0025052225439145008,6294890.0,0.577657433251415
2014-08-12,JKH.N0000,23.747212,23.946768,23.747212,23.747212,4948130,tradingview_cselk_fallback,-0.006263035436552045,-0.006282730520059238,0.008403344358908221,6482818.5,0.7632683222582893
2014-08-13,JKH.N0000,23.856968,23.896879,23.747212,23.856968,498120,tradingview_cselk_fallback,0.004621847819440861,0.0046111998769822055,0.006273513046586529,6223610.0,0.08003714885733522
2014-08-14,JKH.N0000,23.837012,23.93679,23.747212,23.837012,10964670,tradingview_cselk_fallback,-0.0008364851728013267,-0.0008368352217442654,0.007953094121024788,5955872.5,1.8409846752092158
2014-08-15,JKH.N0000,23.747212,23.946768,23.697323,23.747212,74541450,tradingview_cselk_fallback,-0.0037672506940047423,-0.0037743646552377405,0.010504180448635313,9112118.0,8.180474616329596
2014-08-18,JKH.N0000,23.946768,23.946768,23.747212,23.946768,40427840,tradingview_cselk_fallback,0.008403344358908216,0.00836823282643378,0.008333316629617726,10674665.0,3.787270139156592
2014-08-19,JKH.N0000,24.385792,24.445659,23.747212,24.385792,30354620,tradingview_cselk_fallback,0.018333329992590297,0.01816730067485022,0.028641554885730103,12110078.0,2.506558586988457
2014-08-20,JKH.N0000,24.445659,24.725038,24.246103,24.445659,2301880,tradingview_cselk_fallback,0.0024549951053465247,0.002451986527885459,0.019591822008152855,11680428.0,0.1970715456659636
2014-08-21,JKH.N0000,24.814838,24.984461,24.445659,24.814838,5073540,tradingview_cselk_fallback,0.015102026907926724,0.0149891265631524,0.02171289613093587,11830021.5,0.42886988835988166
2014-08-22,JKH.N0000,24.445659,24.844772,24.445659,24.445659,42626280,tradingview_cselk_fallback,-0.014877348786238365,-0.014989126563152422,0.01632653879365657,13781612.0,3.092982156223815
2014-08-25,JKH.N0000,24.246103,24.545437,24.146324,24.246103,11162390,tradingview_cselk_fallback,-0.008163248943299006,-0.008196750706681777,0.016460913326978764,14324642.5,0.7792438799083468
2014-08-26,JKH.N0000,24.146324,24.246103,24.066502,24.146324,17775300,tradingview_cselk_fallback,-0.004115259264550697,-0.0041237502470271485,0.007438026591542533,15179784.0,1.1709850416843877
2014-08-27,JKH.N0000,24.445659,24.545437,24.236125,24.445659,1566900,tradingview_cselk_fallback,0.012396710985904003,0.012320500953708893,0.012653044043525212,14949834.0,0.10481052833095003
2014-08-28,JKH.N0000,24.834794,24.934572,24.455637,24.834794,1302250,tradingview_cselk_fallback,0.015918368165079855,0.01579299963414101,0.019284838843438762,14840787.0,0.0877480419333557
2014-08-29,JKH.N0000,24.844772,24.844772,24.645215,24.844772,2789620,tradingview_cselk_fallback,0.0004017750257965247,0.00040169433582293513,0.008032152599347607,14852739.5,0.18781855024118616
2014-09-01,JKH.N0000,24.894661,24.914617,24.754971,24.894661,2440940,tradingview_cselk_fallback,0.0020080280873577827,0.002006014693807969,0.006412860974487607,14953033.0,0.16324046098206296
2014-09-02,JKH.N0000,24.705082,24.744994,24.455637,24.705082,36160,tradingview_cselk_fallback,-0.00761524730141927,-0.007644391350858262,0.011712448475176038,14716562.0,0.0024570956178487885
2014-09-03,JKH.N0000,24.894661,24.914617,24.545437,24.894661,7705990,tradingview_cselk_fallback,0.007673684305115724,0.00764439135085824,0.014829685770776315,14432091.5,0.5339482499816468
2014-09-04,JKH.N0000,24.934572,24.94455,24.744994,24.934572,11754070,tradingview_cselk_fallback,0.0016031951589940974,0.0016019114135150607,0.008003185296302708,13959289.0,0.8420249770600781
2014-09-05,JKH.N0000,24.94455,24.94455,24.844772,24.94455,8897660,tradingview_cselk_fallback,0.0004001672858069405,0.00040008724023232707,0.00399999198221658,14040205.0,0.6337272140969452
2014-09-09,JKH.N0000,25.553197,25.623042,24.94455,25.553197,13874110,tradingview_cselk_fallback,0.024399999198221778,0.024107074560552316,0.026552137487923802,14552096.0,0.9534097356147183
2014-09-10,JKH.N0000,25.852532,25.892443,25.593108,25.852532,9578390,tradingview_cselk_fallback,0.011714189813509357,0.01164610984401937,0.011578556406003065,14783609.0,0.6479060694854687
2014-09-11,JKH.N0000,25.842554,25.942332,25.742776,25.842554,10761280,tradingview_cselk_fallback,-0.0003859583270219291,-0.0003860328281071874,0.007721992183899516,15296767.0,0.7035002886557663
2014-09-12,JKH.N0000,25.892443,25.942332,25.792665,25.892443,1095430,tradingview_cselk_fallback,0.0019304980459748933,0.0019286370293631725,0.005780335212092613,14803305.0,0.0739990157603319
2014-09-15,JKH.N0000,25.772709,25.882465,25.742776,25.772709,931010,tradingview_cselk_fallback,-0.004624283618197111,-0.004635008694323339,0.005420035588808325,11122783.0,0.08370297253843755
2014-09-16,JKH.N0000,25.732798,25.842554,25.652975,25.732798,5546780,tradingview_cselk_fallback,-0.0015485760538405113,-0.001549776337051043,0.0073672128464226235,9378730.0,0.5914212265413334
2014-09-17,JKH.N0000,25.742776,25.792665,25.642997,25.742776,18601660,tradingview_cselk_fallback,0.0003877541804819806,0.00038767902325746435,0.005813980590127435,8791082.0,2.115969342567843
2014-09-18,JKH.N0000,25.72282,25.942332,25.702864,25.72282,11504980,tradingview_cselk_fallback,-0.0007752077709102245,-0.0007755083998308889,0.009309554706676744,9251237.0,1.2436153132818888
2014-09-19,JKH.N0000,25.613064,25.842554,25.543219,25.613064,5245920,tradingview_cselk_fallback,-0.004266872761229057,-0.004276001840477099,0.011686809512520612,9259856.0,0.5665228487354447
2014-09-22,JKH.N0000,25.353641,25.842554,25.243885,25.353641,1857250,tradingview_cselk_fallback,-0.010128542215800618,-0.010180184905545545,0.02361274264315729,7221404.5,0.2571868117898672
2014-09-23,JKH.N0000,25.333685,25.443441,24.94455,25.333685,19727620,tradingview_cselk_fallback,-0.000787105883529704,-0.0007874158140083882,0.019692792422420995,7649666.0,2.5788864507286986
2014-09-24,JKH.N0000,25.423485,25.443441,24.94455,25.423485,4299490,tradingview_cselk_fallback,0.0035446876362439372,0.0035384200377770493,0.019623234186815868,6975875.5,0.6163369744772538
2014-09-25,JKH.N0000,25.293774,25.443441,25.044328,25.293774,169550,tradingview_cselk_fallback,-0.005102014928323184,-0.005115074646008427,0.015779100422103867,6906008.0,0.02455108653219052
2014-09-26,JKH.N0000,25.064284,25.443441,24.94455,25.064284,45361400,tradingview_cselk_fallback,-0.009072983731095219,-0.009114393914235014,0.01990445847166432,9108965.5,4.9798629712671545
2014-09-29,JKH.N0000,25.044328,25.293774,24.954528,25.044328,85749630,tradingview_cselk_fallback,-0.0007961927019339843,-0.0007965098316853932,0.013545821632746514,13256966.0,6.4682695874757465
2014-09-30,JKH.N0000,25.313729,25.443441,25.044328,25.313729,79153840,tradingview_cselk_fallback,0.010756966607369023,0.010699522027845765,0.015766661640408644,17092611.0,4.630880560026786
2014-10-01,JKH.N0000,25.513286,25.742776,25.443441,25.513286,5471640,tradingview_cselk_fallback,0.007883350572331915,0.007852439314120371,0.011732514580834442,17364385.0,0.3151070423743772
2014-10-02,JKH.N0000,26.002199,26.04211,25.543219,26.002199,15701110,tradingview_cselk_fallback,0.01916307448597565,0.01898177527949777,0.019186492650102416,17764141.0,0.8838654230452235
2014-10-03,JKH.N0000,25.922376,26.241667,25.842554,25.922376,15332270,tradingview_cselk_fallback,-0.003069855745662209,-0.00307457741852429,0.015396466743634913,17943051.0,0.8544962615332253
2014-10-07,JKH.N0000,25.253862,25.942332,25.243885,25.253862,13738440,tradingview_cselk_fallback,-0.02578907118699303,-0.02612743942892451,0.027657037169206103,18185090.0,0.7554782516886086
2014-10-09,JKH.N0000,25.144106,25.443441,24.954528,25.144106,10535220,tradingview_cselk_fallback,-0.004346107537928301,-0.004355579316836225,0.019444437595037188,18018145.5,0.5847005730972702
2014-10-10,JKH.N0000,25.03435,25.343663,24.94455,25.03435,27487880,tradingview_cselk_fallback,-0.004365078639105402,-0.004374633409889913,0.01594261484719994,18913620.0,1.4533378591723847
2014-10-13,JKH.N0000,24.874705,25.443441,24.844772,24.874705,9470740,tradingview_cselk_fallback,-0.00637703794985689,-0.006397458116105867,0.02406738089959262,18849093.0,0.5024507014740709
2014-10-14,JKH.N0000,24.655193,24.934572,24.465615,24.655193,4915820,tradingview_cselk_fallback,-0.008824707669899956,-0.008863876005631984,0.01902061768488284,19040112.5,0.25818229803001425
2014-10-15,JKH.N0000,24.934572,24.94455,24.804861,24.934572,1520110,tradingview_cselk_fallback,0.011331446482694352,0.011267726550519075,0.005602221686419989,19069567.5,0.07971392114687446
2014-10-16,JKH.N0000,24.94455,24.94455,24.844772,24.94455,6172140,tradingview_cselk_fallback,0.0004001672858069405,0.00040008724023232707,0.00399999198221658,19100835.5,0.323134556077403
2014-10-17,JKH.N0000,24.744994,24.934572,24.744994,24.744994,1916780,tradingview_cselk_fallback,-0.007999983964433133,-0.008032155532378436,0.007661266759652515,18266591.5,0.10493364347694532
2014-10-20,JKH.N0000,24.665171,24.94455,24.645215,24.665171,2408450,tradingview_cselk_fallback,-0.003225824180842274,-0.0032310383680521433,0.012135938566977672,17811765.0,0.13521680754265508
2014-10-21,JKH.N0000,24.595326,24.744994,24.545437,24.595326,11333530,tradingview_cselk_fallback,-0.0028317257561280007,-0.0028357426765104037,0.008113614757535585,18116145.5,0.625603829468029
2014-10-23,JKH.N0000,24.924594,24.94455,24.545437,24.924594,14135730,tradingview_cselk_fallback,0.013387421658895615,0.013298601962606677,0.016012818503683544,18730069.5,0.7547078242288423
2014-10-24,JKH.N0000,24.744994,24.934572,24.695104,24.744994,5762960,tradingview_cselk_fallback,-0.007205734223795224,-0.007231820918044172,0.00967743213031285,18031836.5,0.31959917116595415
2014-10-27,JKH.N0000,24.934572,25.144106,24.844772,24.934572,5497960,tradingview_cselk_fallback,0.0076612667596525075,0.007632068292146027,0.012004777944454061,18091760.0,0.3038930430206901
2014-10-28,JKH.N0000,24.85475,25.144106,24.844772,24.85475,30752750,tradingview_cselk_fallback,-0.003201258076537261,-0.0032063930650510645,0.012043331757511211,19620920.0,1.5673449563017432
2014-10-29,JKH.N0000,24.924594,24.94455,24.744994,24.924594,25414870,tradingview_cselk_fallback,0.0028100866031643967,0.0028061456909492127,0.008006389191334519,18623593.5,1.3646598332378765
2014-10-30,JKH.N0000,25.443441,25.443441,24.94455,25.443441,19435060,tradingview_cselk_fallback,0.020816668066890198,0.02060296191051412,0.01960784313725492,15307865.0,1.2696127121580965
2014-10-31,JKH.N0000,25.662953,25.832576,25.443441,25.662953,9511690,tradingview_cselk_fallback,0.008627449408277865,0.008590445646371205,0.015163297848069142,11825757.5,0.804319723281997
2014-11-03,JKH.N0000,25.642997,25.792665,25.642997,25.642997,11490410,tradingview_cselk_fallback,-0.0007776190058875754,-0.0007779215083780246,0.005836603264431157,12126696.0,0.9475301434125173
2014-11-04,JKH.N0000,25.253862,25.732798,25.193995,25.253862,2108470,tradingview_cselk_fallback,-0.015175098292917966,-0.015291418376460343,0.02133546940265999,11447064.0,0.18419308217373467
2014-11-05,JKH.N0000,25.443441,25.642997,25.343663,25.443441,19460970,tradingview_cselk_fallback,0.007506931019105156,0.007478894238467306,0.011764682300637,11653499.0,1.6699679641281988
2014-11-07,JKH.N0000,25.742776,25.792665,25.443441,25.742776,16636270,tradingview_cselk_fallback,0.011764721603496842,0.01169605530153106,0.013565902915831592,11798390.5,1.4100457176764916
2014-11-10,JKH.N0000,25.832576,25.922376,25.692886,25.832576,8966370,tradingview_cselk_fallback,0.0034883572773969362,0.0034822870717508567,0.008883744307962103,11719948.0,0.7650520292410854
2014-11-11,JKH.N0000,25.742776,25.832576,25.692886,25.742776,14883430,tradingview_cselk_fallback,-0.003476230941892866,-0.0034822870717508506,0.005426376704672336,11089725.5,1.3420918308573102
2014-11-12,JKH.N0000,25.81262,25.842554,25.742776,25.81262,1626040,tradingview_cselk_fallback,0.0027131495064867117,0.0027094755601745468,0.003865473555183495,10697490.5,0.15200200458228966
2014-11-13,JKH.N0000,25.81262,25.942332,25.742776,25.81262,14922310,tradingview_cselk_fallback,0.0,0.0,0.00773094711036699,11197815.0,1.3326090848973662
2014-11-14,JKH.N0000,25.732798,25.842554,25.543219,25.732798,72430,tradingview_cselk_fallback,-0.0030923633478507906,-0.0030971545834321645,0.01163243110990104,11125431.0,0.006510309578118816
2014-11-17,JKH.N0000,25.443441,25.642997,24.94455,25.443441,63690,tradingview_cselk_fallback,-0.011244676929418995,-0.011308376278273607,0.027450964671012917,10820008.5,0.00588631700243119
2014-11-18,JKH.N0000,25.243885,25.443441,25.243885,25.243885,1191150,tradingview_cselk_fallback,-0.00784312153375799,-0.007874040585484248,0.007905122369239171,10783727.0,0.11045810043225315
2014-11-19,JKH.N0000,25.253862,25.543219,25.164062,25.253862,1301670,tradingview_cselk_fallback,0.00039522442761885657,0.00039514634701699324,0.01501382244030633,10728388.0,0.12132950448846555
2014-11-20,JKH.N0000,25.393552,25.453419,25.243885,25.393552,3935830,tradingview_cselk_fallback,0.005531431192583369,0.0055161890086259675,0.008251464781295717,10358503.0,0.37996127432699495
2014-11-21,JKH.N0000,25.26384,25.343663,25.193995,25.26384,5337780,tradingview_cselk_fallback,-0.005108068378933406,-0.005121159158307396,0.005924198379977009,9918605.5,0.538158312678128
2014-11-24,JKH.N0000,24.695104,25.154084,23.966724,24.695104,1265610,tradingview_cselk_fallback,-0.022511858846477772,-0.022769119008460723,0.048080785567859996,9693738.0,0.13055954266558473
2014-11-25,JKH.N0000,24.405748,24.94455,24.196213,24.405748,2945630,tradingview_cselk_fallback,-0.011717140369200352,-0.01178632703603773,0.030662325940593968,9566121.5,0.30792312223924817
2014-11-26,JKH.N0000,24.146324,24.545437,24.056524,24.146324,16257170,tradingview_cselk_fallback,-0.010629627086209292,-0.010686525134761154,0.02024792676516724,8841342.5,1.8387671329325834
2014-11-27,JKH.N0000,24.16628,24.39577,23.946768,24.16628,3067050,tradingview_cselk_fallback,0.0008264612037840458,0.0008261198727749768,0.018579690378494336,7723951.5,0.39708302155962527
2014-11-28,JKH.N0000,24.026591,24.146324,23.956746,24.026591,2404140,tradingview_cselk_fallback,-0.005780326967990135,-0.005797097716083623,0.007890341164087777,6872405.5,0.34982510854459914
2014-12-01,JKH.N0000,24.455637,24.545437,24.146324,24.455637,2577740,tradingview_cselk_fallback,0.01785713170878056,0.017699566146623866,0.01631987749899951,6525708.0,0.3950130775082183
2014-12-02,JKH.N0000,24.565393,24.824816,24.39577,24.565393,1737560,tradingview_cselk_fallback,0.004487963245447313,0.004477922369247806,0.017465464525643844,6038065.5,0.28776766333521886
2014-12-03,JKH.N0000,25.323707,25.443441,24.635238,25.323707,18963820,tradingview_cselk_fallback,0.030869198795231867,0.030402328698515967,0.03191487723341606,6880833.0,2.756035497446312
2014-12-04,JKH.N0000,25.323707,25.443441,25.144106,25.323707,1253520,tradingview_cselk_fallback,0.0,0.0,0.011820346839425967,5970460.5,0.20995365432867363
2014-12-05,JKH.N0000,25.144106,25.413508,24.94455,25.144106,2034110,tradingview_cselk_fallback,-0.007092208103655517,-0.007117477358974225,0.01865081224204196,5240352.5,0.3881628191996626
2014-12-08,JKH.N0000,24.85475,25.094217,24.695104,24.85475,1124180,tradingview_cselk_fallback,-0.01150790566982185,-0.011574634046159816,0.016057815910439647,4848243.0,0.23187369114955667
2014-12-09,JKH.N0000,24.984461,25.243885,24.645215,24.984461,4303280,tradingview_cselk_fallback,0.005218761001418271,0.005205190462014808,0.023961693630292786,4319235.5,0.9963059434939354
2014-12-10,JKH.N0000,25.363618,25.443441,24.94455,25.363618,4294540,tradingview_cselk_fallback,0.015175712615933534,0.015061713388693268,0.019669551875446178,4452660.5,0.9644885344391292
2014-12-11,JKH.N0000,25.443441,25.49333,25.393552,25.443441,13827500,tradingview_cselk_fallback,0.0031471456477543125,0.003142203750755247,0.003921560766879,4397920.0,3.144099938152581
2014-12-12,JKH.N0000,25.253862,25.443441,25.243885,25.253862,419700,tradingview_cselk_fallback,-0.00745099689935802,-0.007478894238467216,0.007901999306086378,4415283.5,0.09505618382149188
2014-12-15,JKH.N0000,25.144106,25.423485,25.144106,25.144106,2046420,tradingview_cselk_fallback,-0.004346107537928301,-0.004355579316836225,0.01111111287870003,4514420.0,0.4533074016152684
2014-12-16,JKH.N0000,24.94455,25.144106,24.94455,24.94455,4493300,tradingview_cselk_fallback,-0.00793649215446357,-0.007968153740876279,0.00799998396443316,4679527.5,0.96020378125783
2014-12-17,JKH.N0000,24.565393,24.94455,24.445659,24.565393,7516780,tradingview_cselk_fallback,-0.015199993585773175,-0.01531669759866543,0.020308691987952338,4990283.0,1.5062833109865712
2014-12-18,JKH.N0000,24.645215,24.744994,24.435681,24.645215,7950460,tradingview_cselk_fallback,0.0032493679217751037,0.003244100134065221,0.01255063102513001,5191014.5,1.5315811581724537
2014-12-19,JKH.N0000,25.074262,25.233907,24.744994,25.074262,1010570,tradingview_cselk_fallback,0.017408937191256024,0.017259137711621533,0.019498599799268275,4974654.0,0.20314377643148648
2014-12-22,JKH.N0000,24.94455,25.243885,24.94455,24.94455,917330,tradingview_cselk_fallback,-0.005173113370196103,-0.005186540247021276,0.012000016035566857,4957240.0,0.1850485350719352
2014-12-23,JKH.N0000,24.874705,25.044328,24.744994,24.874705,2282360,tradingview_cselk_fallback,-0.002800010423118504,-0.002803937785119472,0.012033670349055467,4924076.5,0.46351026431047526
2014-12-24,JKH.N0000,24.94455,24.94455,24.744994,24.94455,2107250,tradingview_cselk_fallback,0.002807872495372399,0.002803937785119536,0.00799998396443316,4216580.5,0.4997532953539011
2014-12-26,JKH.N0000,24.94455,25.243885,24.94455,24.94455,112400,tradingview_cselk_fallback,0.0,0.0,0.012000016035566857,4068848.0,0.02762452664734588
2014-12-29,JKH.N0000,24.794883,24.94455,24.744994,24.794883,2426320,tradingview_cselk_fallback,-0.005999987973324905,-0.00601806022629237,0.008048273508691337,4069957.0,0.5961537185773708
2014-12-30,JKH.N0000,24.864727,24.94455,24.744994,24.864727,7807740,tradingview_cselk_fallback,0.0028168715295007196,0.0028129115815938677,0.008025666237960352,4331457.0,1.8025666652121908
2014-12-31,JKH.N0000,24.94455,24.94455,24.794883,24.94455,3019360,tradingview_cselk_fallback,0.003210290625752732,0.0032051486446985217,0.00599998797332487,4395547.0,0.6869133693713205
2015-01-02,JKH.N0000,24.744994,24.974483,24.744994,24.744994,1805490,tradingview_cselk_fallback,-0.007999983964433133,-0.008032155532378436,0.009274158643966572,3537630.5,0.5103670380499037
2015-01-06,JKH.N0000,24.445659,24.744994,24.445659,24.445659,15202280,tradingview_cselk_fallback,-0.012096790162891113,-0.012170551785141018,0.012244914322006997,4235068.5,3.5896184441880927
2015-01-07,JKH.N0000,24.365836,24.445659,24.246103,24.365836,2416110,tradingview_cselk_fallback,-0.003265324121554558,-0.00327066692619355,0.008189991921475528,4254168.5,0.5679394222396221
2015-01-08,JKH.N0000,24.315947,24.844772,24.196213,24.315947,7915650,tradingview_cselk_fallback,-0.002047497980368962,-0.002049596969966138,0.02667216703507368,4593742.0,1.7231376947159853
2015-01-09,JKH.N0000,24.146324,24.246103,24.096435,24.146324,3963790,tradingview_cselk_fallback,-0.006975792470677811,-0.007000237057549281,0.0061983762000378155,4576767.5,0.8660675902806948
2015-01-12,JKH.N0000,24.096435,24.545437,24.086457,24.096435,9901150,tradingview_cselk_fallback,-0.0020661115952888,-0.002068248948364989,0.019047630904737583,4857098.0,2.0384908848864076
2015-01-13,JKH.N0000,24.126369,24.844772,24.096435,24.126369,13913190,tradingview_cselk_fallback,0.0012422584502644884,0.0012414874856613366,0.03101739014271063,4861382.5,2.8619821624815573
2015-01-16,JKH.N0000,24.006635,24.136347,23.946768,24.006635,2832110,tradingview_cselk_fallback,-0.004962785738707787,-0.004975141255323888,0.007896941824624816,4982003.0,0.5684681442383716
2015-01-19,JKH.N0000,23.657411,24.006635,23.647433,23.657411,2548760,tradingview_cselk_fallback,-0.014546978366605678,-0.014653823101042178,0.015183487322429315,5007120.0,0.5090271453450287
2015-01-20,JKH.N0000,23.447877,23.93679,23.427921,23.447877,3949730,tradingview_cselk_fallback,-0.008857013136390979,-0.008896469627789392,0.021702135336175515,4979941.5,0.7931277907581846
2015-01-21,JKH.N0000,22.889119,23.447877,22.74943,22.889119,2444840,tradingview_cselk_fallback,-0.023829790645865212,-0.02411831294399905,0.030514367984193626,4726344.5,0.5172792630753006
2015-01-22,JKH.N0000,22.569829,22.759407,22.15076,22.569829,8595730,tradingview_cselk_fallback,-0.013949422867695405,-0.014047630429029805,0.0269672845106625,4758608.0,1.806353874914681
2015-01-23,JKH.N0000,22.599762,22.599762,22.250539,22.250539,3339550,tradingview_cselk_fallback,-0.014146762033509397,-0.014247781333918536,0.015695035522510198,4875057.0,0.6850278878790546
2015-01-26,JKH.N0000,22.460073,22.899097,22.250539,22.899097,1647720,tradingview_cselk_fallback,0.02914796805596498,0.02873124443037289,0.028322426862509086,4911576.5,0.3354768066831495
2015-01-27,JKH.N0000,22.939008,23.547655,22.939008,23.437899,11754690,tradingview_cselk_fallback,0.023529399434397025,0.02325685011741371,0.02596849657898081,5385193.0,2.182779707245404
2015-01-28,JKH.N0000,23.647433,23.647433,23.29821,23.328143,6931770,tradingview_cselk_fallback,-0.00468284294594834,-0.004693841805698323,0.014970029976239365,5626419.0,1.232003873156265
2015-01-29,JKH.N0000,23.29821,23.29821,22.350317,22.450095,5866280,tradingview_cselk_fallback,-0.037639001098372926,-0.03836563997487944,0.04222222667654638,5914113.0,0.991912058494655
2015-01-30,JKH.N0000,21.951204,21.951204,21.252757,21.342557,6968240,tradingview_cselk_fallback,-0.049333332442468625,-0.050591785178965475,0.03272555392495855,6141209.0,1.1346690855172004
2015-02-02,JKH.N0000,21.322601,21.322601,19.95564,19.965618,24687670,tradingview_cselk_fallback,-0.0645161214750416,-0.06669136642026845,0.06846574946991373,6985205.5,3.534279700146259
2015-02-05,JKH.N0000,20.454531,20.454531,20.005529,20.254975,65359170,tradingview_cselk_fallback,0.014492764511471856,0.014388748184836092,0.02216749218401899,10102196.0,6.46979824980628
2015-02-06,JKH.N0000,20.454531,20.903533,20.454531,20.833688,30919330,tradingview_cselk_fallback,0.028571400359664656,0.028170849538592137,0.02155172910336375,11557888.0,2.6751712769668647
2015-02-09,JKH.N0000,20.853644,21.352535,20.853644,21.143001,13011060,tradingview_cselk_fallback,0.014846771248566482,0.014737636810369076,0.023596035397245658,11448327.0,1.13650317640298
2015-02-10,JKH.N0000,21.252757,21.991115,21.152978,21.841448,20786280,tradingview_cselk_fallback,0.03303443063735356,0.032500520305524035,0.03837369207389545,12366835.5,1.680808319961885
2015-02-11,JKH.N0000,21.851426,22.15076,21.821492,21.941226,9104040,tradingview_cselk_fallback,0.004568286864497395,0.0045578839124733725,0.01500681867093475,12426255.0,0.7326455154831444
2015-02-12,JKH.N0000,21.951204,21.951204,21.651869,21.701758,2851620,tradingview_cselk_fallback,-0.010914066515699705,-0.01097406186784977,0.013793122197750026,12370646.5,0.2305150341172549
2015-02-13,JKH.N0000,21.751648,21.751648,21.452313,21.502202,3387930,tradingview_cselk_fallback,-0.00919538407902254,-0.009237922596014908,0.013921132356583722,12044985.5,0.28127306587459155
2015-02-16,JKH.N0000,21.552091,21.552091,21.152978,21.252757,1931630,tradingview_cselk_fallback,-0.01160090487476595,-0.011668720362603285,0.018779351780100807,11445907.5,0.1687616294295581
2015-02-18,JKH.N0000,21.342557,21.342557,20.753866,20.953422,5493780,tradingview_cselk_fallback,-0.014084525598255238,-0.014184653813044065,0.02809521995977558,11578991.0,0.47446103032639025
2015-02-19,JKH.N0000,21.152978,21.152978,20.753866,20.763843,10023220,tradingview_cselk_fallback,-0.00904763909207762,-0.00908881754534915,0.019221489971774607,11952714.0,0.8385727291726381
2015-02-20,JKH.N0000,20.853644,20.853644,20.664065,20.753866,7092560,tradingview_cselk_fallback,-0.0004804987207812639,-0.0004806141972839562,0.009134635445752536,12109855.5,0.5856849406667156
2015-02-23,JKH.N0000,20.853644,20.853644,20.674043,20.703977,4979260,tradingview_cselk_fallback,-0.002403841289136177,-0.0024067351541328277,0.008674710177662878,12236576.5,0.4069161010843188
2015-02-24,JKH.N0000,20.753866,20.753866,20.654087,20.654087,5710810,tradingview_cselk_fallback,-0.0024096819659332747,-0.0024125899219604873,0.004830956701208727,12092330.5,0.4722671117862682
2015-02-25,JKH.N0000,20.654087,20.654087,20.554309,20.554309,7781680,tradingview_cselk_fallback,-0.004830908284641278,-0.004842614839480974,0.004854359248953618,12314437.0,0.6319152065173584
2015-02-26,JKH.N0000,20.554309,20.604198,20.434575,20.444553,16921840,tradingview_cselk_fallback,-0.005339804904168743,-0.005354112618708275,0.008296733120063883,13078143.0,1.2939023529563791
2015-02-27,JKH.N0000,20.454531,20.454531,20.404642,20.424598,3889060,tradingview_cselk_fallback,-0.0009760545999709658,-0.0009765312514458453,0.0024425939741874133,12684861.5,0.3065906553256415
2015-03-02,JKH.N0000,20.454531,20.454531,20.205086,20.454531,4094400,tradingview_cselk_fallback,0.0014655368002836067,0.00146446394930093,0.012195097506757692,12542993.0,0.3264292661249193
2015-03-03,JKH.N0000,20.454531,20.953422,20.364731,20.444553,21998740,tradingview_cselk_fallback,-0.00048781367805506015,-0.0004879326978552071,0.028794515585642826,13349616.0,1.6478930929548834
2015-03-04,JKH.N0000,20.853644,20.853644,20.424598,20.444553,2910940,tradingview_cselk_fallback,0.0,0.0,0.020985834221956313,13146751.0,0.22141896503554376
2015-03-06,JKH.N0000,20.654087,20.843666,20.404642,20.444553,13016640,tradingview_cselk_fallback,0.0,0.0,0.021473885978333686,12563199.5,1.036092756467013
2015-03-09,JKH.N0000,20.454531,20.454531,20.434575,20.434575,2301860,tradingview_cselk_fallback,-0.000488051756377339,-0.0004881708924003976,0.0009765801344045828,9410334.0,0.2446098087485524
2015-03-10,JKH.N0000,20.454531,20.454531,20.394664,20.404642,2584350,tradingview_cselk_fallback,-0.0014648212649394088,-0.0014658951644505266,0.0029339892363708492,7993585.0,0.32330299859199596
2015-03-11,JKH.N0000,20.454531,20.454531,20.404642,20.404642,4044930,tradingview_cselk_fallback,0.0,0.0,0.00244498286223303,7545278.5,0.5360875678743998
2015-03-12,JKH.N0000,20.454531,20.953422,20.444553,20.654087,3000950,tradingview_cselk_fallback,0.012224914311165236,0.012150793515040318,0.024637690351551278,6656012.0,0.4508630693574471
2015-03-13,JKH.N0000,20.853644,20.903533,20.554309,20.654087,310470,tradingview_cselk_fallback,0.0,0.0,0.016908227412811786,6216333.5,0.049944231595682564
2015-03-16,JKH.N0000,20.853644,20.893555,20.404642,20.454531,6665850,tradingview_cselk_fallback,-0.009661816569282444,-0.009708794760334087,0.023902430224384034,6407045.0,1.0403938164941873
2015-03-17,JKH.N0000,20.454531,20.454531,20.404642,20.444553,10489380,tradingview_cselk_fallback,-0.00048781367805506015,-0.0004879326978552071,0.0024402098691030465,6762117.5,1.551197535387399
2015-03-18,JKH.N0000,20.444553,20.803755,20.434575,20.753866,9826040,tradingview_cselk_fallback,0.015129359883779392,0.015016052534282728,0.017788492996919227,7156838.0,1.3729582812968522
2015-03-19,JKH.N0000,20.753866,20.853644,20.624154,20.624154,150830,tradingview_cselk_fallback,-0.006250016262030256,-0.006269629377902705,0.011127244298117556,6889690.5,0.02189212998755169
2015-03-20,JKH.N0000,20.853644,20.853644,20.604198,20.654087,686900,tradingview_cselk_fallback,0.001451356501701806,0.0014503043018093556,0.012077319128170562,6422874.5,0.10694588536643523
2015-03-23,JKH.N0000,20.853644,20.873599,20.654087,20.703977,1122060,tradingview_cselk_fallback,0.0024155025588881163,0.0024125899219605107,0.010602407450510507,6124349.5,0.18321292734844738
2015-03-24,JKH.N0000,20.753866,20.753866,20.50442,20.50442,415120,tradingview_cselk_fallback,-0.009638582964036302,-0.009685334761410744,0.012165474565971578,5896142.5,0.07040535400899825
2015-03-25,JKH.N0000,20.554309,20.654087,20.364731,20.444553,1112840,tradingview_cselk_fallback,-0.0029197119450342646,-0.0029239826187389987,0.014153207458240908,5666244.0,0.19639817840530693
2015-03-26,JKH.N0000,20.634132,20.634132,20.105307,20.155196,3638960,tradingview_cselk_fallback,-0.014153256371024492,-0.014254368885346987,0.026237651075186826,5459108.0,0.6665850904580015
2015-03-27,JKH.N0000,20.254975,20.454531,19.915729,20.005529,7486950,tradingview_cselk_fallback,-0.00742572783712947,-0.007453435807200211,0.026932654467672436,4987363.5,1.501183942177064
2015-03-30,JKH.N0000,20.155196,20.155196,19.506638,19.656305,1568610,tradingview_cselk_fallback,-0.017456374185356394,-0.017610533359721563,0.0329949092670266,4871341.0,0.3220078413726323
2015-03-31,JKH.N0000,19.656305,20.145219,19.456749,19.86584,3047880,tradingview_cselk_fallback,0.010659938376007094,0.01060352181017939,0.03465597226193317,4819015.0,0.6324694984348461
2015-04-01,JKH.N0000,20.145219,20.284908,20.015507,20.085352,500600,tradingview_cselk_fallback,0.011049721532037093,0.010989119375041715,0.01341280949420264,3744108.0,0.13370340812818435
2015-04-02,JKH.N0000,20.244997,20.604198,20.115285,20.205086,1767580,tradingview_cselk_fallback,0.005961259727985002,0.005943561719333832,0.024197521356751468,3686940.0,0.47941653512126586
2015-04-06,JKH.N0000,20.205086,20.454531,20.105307,20.155196,124640,tradingview_cselk_fallback,-0.0024691802846076305,-0.0024722337376328627,0.017326747901632886,3042340.0,0.04096846506307645
2015-04-07,JKH.N0000,20.165174,20.254975,20.085352,20.155196,5681570,tradingview_cselk_fallback,0.0,0.0,0.008415844728079122,3211325.5,1.7692289367739271
2015-04-08,JKH.N0000,20.254975,20.454531,20.254975,20.394664,2171120,tradingview_cselk_fallback,0.011881204231405151,0.01181117685174879,0.009784716237541234,3190664.0,0.6804602427582472
2015-04-09,JKH.N0000,20.444553,20.444553,20.254975,20.394664,7208610,tradingview_cselk_fallback,0.0,0.0,0.009295470619177515,3348848.0,2.152564105626771
2015-04-10,JKH.N0000,20.404642,20.444553,20.155196,20.205086,589150,tradingview_cselk_fallback,-0.00929547061917746,-0.009338943114115815,0.01432099818827789,3228258.0,0.18249780531791449
2015-04-15,JKH.N0000,20.444553,20.753866,20.444553,20.64411,6573110,tradingview_cselk_fallback,0.02172839056463305,0.021495693803444793,0.014983111405626083,3541390.0,1.8560819339298975
2015-04-16,JKH.N0000,20.843666,21.352535,20.604198,20.853644,5520570,tradingview_cselk_fallback,0.010149819972863794,0.010098656459177327,0.035885191096577625,3484126.0,1.5844920648679182
2015-04-17,JKH.N0000,20.853644,20.953422,20.614176,20.853644,2891140,tradingview_cselk_fallback,0.0,0.0,0.016267948182101855,3104214.0,0.9313597580579174
2015-04-20,JKH.N0000,20.913511,20.943444,20.634132,20.753866,4482050,tradingview_cselk_fallback,-0.004784679358677102,-0.004796162580625357,0.014903825629403143,2837014.5,1.5798474064901677
2015-04-21,JKH.N0000,20.753866,20.843666,20.554309,20.654087,229850,tradingview_cselk_fallback,-0.004807730762066087,-0.004819325076093348,0.014009672758713516,2840965.5,0.0809055935385347
2015-04-22,JKH.N0000,20.803755,20.803755,20.554309,20.703977,180870,tradingview_cselk_fallback,0.0024155025588881163,0.0024125899219605107,0.012048216630070588,2815664.0,0.06423706805925707
2015-04-23,JKH.N0000,20.753866,20.753866,20.554309,20.574265,734450,tradingview_cselk_fallback,-0.006265076511628553,-0.0062847844611376305,0.009699350134743509,2796283.5,0.26265219531567524
2015-04-24,JKH.N0000,20.753866,20.753866,20.654087,20.654087,218310,tradingview_cselk_fallback,0.0038797011703699535,0.0038721945391771953,0.004830956701208727,2786443.0,0.0783471974843914
2015-04-27,JKH.N0000,20.753866,20.843666,20.654087,20.753866,1907310,tradingview_cselk_fallback,0.004830956701208811,0.004819325076093461,0.009134635445752536,2826166.5,0.6748753125479338
2015-04-28,JKH.N0000,20.753866,20.753866,20.654087,20.703977,3959590,tradingview_cselk_fallback,-0.002403841289136177,-0.0024067351541328277,0.00481931563196762,2842198.0,1.3931436163138529
2015-04-29,JKH.N0000,20.703977,20.953422,20.614176,20.654087,4095010,tradingview_cselk_fallback,-0.0024096819659332747,-0.0024125899219604873,0.016425126901034127,2672601.0,1.532218988169203
2015-04-30,JKH.N0000,20.853644,20.853644,20.554309,20.564287,1032430,tradingview_cselk_fallback,-0.004347807772863588,-0.004357286974888757,0.01455606022226782,2645792.0,0.39021585975012396
2015-05-05,JKH.N0000,20.654087,20.753866,20.50442,20.554309,4479150,tradingview_cselk_fallback,-0.0004852101120743635,-0.0004853278645921419,0.012135946773982961,2717355.5,1.6483489186453522
2015-05-06,JKH.N0000,20.514398,20.614176,20.454531,20.614176,1013980,tradingview_cselk_fallback,0.0029126252796920493,0.0029083918050401537,0.007744427912131978,2743024.5,0.3696576534405726
2015-05-07,JKH.N0000,20.554309,20.604198,20.374708,20.454531,2259050,tradingview_cselk_fallback,-0.007744427912131924,-0.007774571725893208,0.01121951903957133,2767598.0,0.8162493252271464
2015-05-08,JKH.N0000,20.454531,20.454531,20.394664,20.404642,207330,tradingview_cselk_fallback,-0.0024390195013516136,-0.0024419987547061833,0.0029339892363708492,2771732.5,0.07480159070184443
2015-05-11,JKH.N0000,20.454531,20.454531,20.244997,20.254975,3933940,tradingview_cselk_fallback,-0.0073349485866989195,-0.007361981593679702,0.010344816520385627,2684351.0,1.4655087952357944
2015-05-12,JKH.N0000,20.254975,20.604198,20.155196,20.205086,2799770,tradingview_cselk_fallback,-0.00246304920149254,-0.002466087497183566,0.022222226621554597,2715783.5,1.0309253296516456
2015-05-13,JKH.N0000,20.254975,20.254975,20.055418,20.055418,2911560,tradingview_cselk_fallback,-0.0074074418688444554,-0.007435013206130634,0.009950278772549254,2500931.0,1.1641904554743814
2015-05-14,JKH.N0000,20.055418,20.055418,19.945662,19.95564,6169590,tradingview_cselk_fallback,-0.0049751144553557,-0.004987531538671602,0.0054999989977771125,2779953.0,2.219314499201965
2015-05-15,JKH.N0000,19.95564,19.95564,19.905751,19.95564,2109990,tradingview_cselk_fallback,0.0,0.0,0.0024999949888853627,2556797.0,0.8252473700493235
2015-05-18,JKH.N0000,19.95564,20.454531,19.95564,20.055418,6158130,tradingview_cselk_fallback,0.004999989977770625,0.004987531538671487,0.02487562213861613,2588675.0,2.378873361855003
2015-05-19,JKH.N0000,20.444553,20.444553,20.055418,20.155196,1993250,tradingview_cselk_fallback,0.004975114455355589,0.0049627794684976405,0.019306932068534562,2543780.5,0.7835778283542939
2015-05-20,JKH.N0000,20.354753,20.444553,20.085352,20.444553,1250950,tradingview_cselk_fallback,0.014356446843781567,0.014254368885347037,0.017569520840098524,2382225.5,0.5251182140397708
2015-05-21,JKH.N0000,20.394664,20.394664,20.055418,20.354753,341820,tradingview_cselk_fallback,-0.0043923679818287376,-0.0044020427706217185,0.01666667239833366,2387824.0,0.14315125402877263
2015-05-22,JKH.N0000,20.344775,20.454531,20.135241,20.145219,462030,tradingview_cselk_fallback,-0.010294106737625208,-0.010347457502519947,0.015849418167159103,2401882.0,0.19236165640110547
2015-05-25,JKH.N0000,20.135241,20.135241,19.95564,20.005529,1314240,tradingview_cselk_fallback,-0.006934151472863248,-0.006958304419405625,0.008977568151284662,2430871.5,0.5406456079640574
2015-05-26,JKH.N0000,20.254975,20.454531,19.95564,19.975596,1409360,tradingview_cselk_fallback,-0.0014962363654567046,-0.001497356844894886,0.024975024524925334,2490424.0,0.5659116680533114
2015-05-27,JKH.N0000,20.055418,20.394664,19.995551,20.005529,1072310,tradingview_cselk_fallback,0.001498478443396678,0.0014973568448949964,0.01995013478523861,2448674.0,0.43791456110531657
2015-05-28,JKH.N0000,20.015507,20.145219,19.905751,19.95564,5125270,tradingview_cselk_fallback,-0.0024937605998821555,-0.0024968751999690725,0.012000016035567,2506958.0,2.0444179758895045
2015-05-29,JKH.N0000,19.95564,19.95564,19.446771,19.456749,6746990,tradingview_cselk_fallback,-0.025000000000000022,-0.025317807984289897,0.02615385540513478,2639557.0,2.556106952795488
2015-06-01,JKH.N0000,19.456749,19.456749,19.346993,19.356971,7146250,tradingview_cselk_fallback,-0.005128194848995404,-0.005141389168223383,0.005670102000979249,2945248.0,2.426366132834994
2015-06-03,JKH.N0000,19.556527,19.556527,19.257193,19.327037,1920120,tradingview_cselk_fallback,-0.001546419633526419,-0.0015476165745090733,0.015487837064729488,2817296.5,0.6815470079205366
2015-06-04,JKH.N0000,19.356971,19.356971,19.047658,19.157414,3723390,tradingview_cselk_fallback,-0.008776461699742222,-0.00881520167287734,0.016145863945937748,2952767.0,1.260983342065256
2015-06-05,JKH.N0000,19.207304,19.656305,19.157414,19.456749,947290,tradingview_cselk_fallback,0.015625021205889267,0.015504207415609853,0.025641025641025664,2887179.0,0.3281022756122845
2015-06-08,JKH.N0000,19.466727,19.945662,18.94788,18.957858,6578120,tradingview_cselk_fallback,-0.02564102564102544,-0.025975486403260452,0.05263157894736827,3205718.5,2.0519955198811126
2015-06-09,JKH.N0000,19.356971,19.356971,19.057636,19.067614,409180,tradingview_cselk_fallback,0.005789472629238901,0.005772778036842157,0.015698608121603615,3029480.5,0.13506606165644572
2015-06-10,JKH.N0000,19.137459,19.207304,18.977814,19.007747,1821240,tradingview_cselk_fallback,-0.003139721624320746,-0.0031446608915855897,0.01207349824258509,2980554.0,0.6110407662468118
2015-06-11,JKH.N0000,19.057636,19.247215,18.967836,19.057636,2562230,tradingview_cselk_fallback,0.0026246666688061193,0.002621228246405962,0.014659688116616472,2963087.5,0.8647162798938607
2015-06-12,JKH.N0000,19.157414,19.456749,18.967836,19.40686,1583850,tradingview_cselk_fallback,0.018324623263871853,0.01815875065916931,0.0251927926516706,2733800.5,0.5793582962619255
2015-06-15,JKH.N0000,19.456749,19.656305,19.257193,19.356971,5486690,tradingview_cselk_fallback,-0.0025706889213401585,-0.0025739988157948285,0.020618515159215704,2902635.5,1.890244228047235
2015-06-16,JKH.N0000,19.556527,19.646328,19.26717,19.277148,2842410,tradingview_cselk_fallback,-0.004123734028428361,-0.004132260067080034,0.01966878087982726,2736849.5,1.0385700784789225
2015-06-17,JKH.N0000,19.40686,19.656305,19.307082,19.656305,2306600,tradingview_cselk_fallback,0.01966872900493377,0.019477799059840928,0.01776646221148881,2752517.0,0.8379966408926811
2015-06-18,JKH.N0000,19.656305,19.805973,19.556527,19.805973,554740,tradingview_cselk_fallback,0.007614248964899595,0.0075854068859069505,0.012594483492429405,2717706.5,0.2041206436383031
2015-06-19,JKH.N0000,19.855862,19.855862,19.656305,19.766061,666280,tradingview_cselk_fallback,-0.00201514967227312,-0.0020171828182287297,0.010095941725566802,2733929.5,0.24370782055645546
2015-06-22,JKH.N0000,19.905751,20.04544,19.756084,19.965618,706530,tradingview_cselk_fallback,0.010095941725566826,0.010045318149223941,0.01449271442536855,2746154.5,0.25727977067568486
2015-06-23,JKH.N0000,20.055418,20.953422,20.055418,20.604198,4973270,tradingview_cselk_fallback,0.031983983666320714,0.03148314723576155,0.043583545450300964,2929106.0,1.697879830910865
2015-06-24,JKH.N0000,20.853644,20.943444,20.454531,20.624154,503690,tradingview_cselk_fallback,0.0009685404886907722,0.0009680717559849762,0.023705845097937113,2883822.5,0.174660541694227
2015-06-25,JKH.N0000,20.753866,20.753866,20.055418,20.364731,3773470,tradingview_cselk_fallback,-0.01257860079981954,-0.012658381121422362,0.034296942100536416,3018880.5,1.2499567306489938
2015-06-26,JKH.N0000,20.454531,20.464509,20.175152,20.354753,762280,tradingview_cselk_fallback,-0.0004899647336368274,-0.0004900848055792112,0.014215696943116873,2800731.0,0.2721718008619892
2015-07-03,JKH.N0000,17.960076,18.439011,17.960076,18.159632,3065940,tradingview_cselk_fallback,-0.10784316567241081,-0.11411333862001388,0.026373607130364754,2616678.5,1.1716915165542883
2015-07-06,JKH.N0000,18.259411,18.3093,18.159632,18.159632,1762680,tradingview_cselk_fallback,0.0,0.0,0.008241796970335188,2347500.0,0.7508753993610223
2015-07-07,JKH.N0000,18.229477,18.239455,17.960076,17.960076,3489600,tradingview_cselk_fallback,-0.010988989204186339,-0.01104981415970696,0.015555557782717552,2425974.0,1.4384325635806485
2015-07-08,JKH.N0000,17.960076,17.970054,17.461185,17.471163,2640040,tradingview_cselk_fallback,-0.02722221219999288,-0.02759960129571276,0.029126223594846012,2371806.5,1.113092488784393
2015-07-09,JKH.N0000,17.950098,17.950098,17.511074,17.860298,352730,tradingview_cselk_fallback,0.022272987779920594,0.022028567444278974,0.024581000832124965,2342078.5,0.15060554118916167
2015-07-10,JKH.N0000,17.810409,18.3093,17.810409,18.299322,3857930,tradingview_cselk_fallback,0.024581000832125,0.024283749341208024,0.02726281334357636,2206069.0,1.7487802965365091
2015-07-13,JKH.N0000,18.159632,18.3093,18.159632,18.259411,744920,tradingview_cselk_fallback,-0.00218100976637281,-0.0021833916320517033,0.008196759468309351,2222856.0,0.33511842422541094
2015-07-14,JKH.N0000,18.259411,18.299322,18.259411,18.289344,4427710,tradingview_cselk_fallback,0.0016393190338943597,0.0016379768171276956,0.0021821996458702966,2353179.5,1.8815861688409234
2015-07-15,JKH.N0000,18.349211,18.359189,18.269388,18.359189,2221520,tradingview_cselk_fallback,0.003818890387758067,0.003811616937652567,0.004891338065096522,2336144.0,0.9509345314329939
2015-07-16,JKH.N0000,18.359189,18.448989,18.239455,18.259411,2953170,tradingview_cselk_fallback,-0.005434771655763226,-0.005449593754780224,0.01147539753609804,2404610.0,1.2281284698974053
2015-07-17,JKH.N0000,18.269388,18.359189,18.209521,18.259411,3169350,tradingview_cselk_fallback,0.0,0.0,0.008196759468309351,2288743.0,1.3847557371011074
2015-07-20,JKH.N0000,18.349211,18.448989,18.349211,18.419056,742470,tradingview_cselk_fallback,0.008743162635421298,0.008705162522466775,0.005417107152505567,2183746.0,0.33999833313947686
2015-07-21,JKH.N0000,18.419056,18.548767,18.319278,18.548767,747820,tradingview_cselk_fallback,0.007042217581617605,0.007017536970461996,0.012372197030670606,2105807.0,0.3551227629122707
2015-07-22,JKH.N0000,18.558745,18.937902,18.548767,18.927925,5815910,tradingview_cselk_fallback,0.02044114306897038,0.020235027002823765,0.020558777573347294,2368865.5,2.4551457227098794
2015-07-23,JKH.N0000,18.957858,19.137459,18.927925,19.047658,4130540,tradingview_cselk_fallback,0.006325733010882129,0.006305809538057415,0.011000512503952006,2542078.5,1.6248672100409174
2015-07-24,JKH.N0000,19.047658,19.456749,19.007747,19.257193,6076940,tradingview_cselk_fallback,0.01100056500384472,0.010940498894602258,0.02331606688472199,2810599.0,2.162151199797623
2015-07-27,JKH.N0000,19.257193,19.416838,19.217281,19.40686,6991660,tradingview_cselk_fallback,0.007772004985358016,0.007741958534973135,0.01028280721353164,2911518.5,2.4013792115694956
2015-07-28,JKH.N0000,19.346993,19.49666,19.307082,19.456749,13157660,tradingview_cselk_fallback,0.0025706889213399364,0.00256739035242846,0.009743559933881934,3544217.0,3.7124307004904047
2015-07-29,JKH.N0000,19.466727,19.835906,19.466727,19.706195,5515620,tradingview_cselk_fallback,0.012820538518536706,0.012739051150161879,0.018734159486395143,3631324.5,1.5189003351256545
2015-07-30,JKH.N0000,19.795995,19.855862,19.476705,19.686239,4619670,tradingview_cselk_fallback,-0.0010126764705210567,-0.0010131895737723387,0.01926000187237386,3824194.0,1.2080114136469018
2015-08-03,JKH.N0000,19.686239,19.756084,19.356971,19.356971,2009280,tradingview_cselk_fallback,-0.01672579510997496,-0.01686725074461298,0.02061856682019102,3771361.0,0.5327731818831452
2015-08-04,JKH.N0000,19.346993,19.49666,18.957858,19.157414,1203870,tradingview_cselk_fallback,-0.010309309240583264,-0.010362818247386411,0.028124985971488475,3743420.5,0.3215962513428561
2015-08-05,JKH.N0000,19.067614,19.257193,18.957858,19.157414,2314500,tradingview_cselk_fallback,0.0,0.0,0.015625021205889232,3684665.5,0.6281438572917949
2015-08-06,JKH.N0000,19.157414,19.356971,19.157414,19.17737,479400,tradingview_cselk_fallback,0.0010416854800967545,0.0010411433022635504,0.01040585857184808,3576633.5,0.1340366576558655
2015-08-07,JKH.N0000,19.207304,19.257193,19.157414,19.157414,464890,tradingview_cselk_fallback,-0.0010406015006229064,-0.0010411433022634677,0.005208375201371209,3582241.5,0.12977628671880442
2015-08-10,JKH.N0000,19.207304,19.207304,19.047658,19.047658,411600,tradingview_cselk_fallback,-0.005729165742307418,-0.005745640366394046,0.008381397860041492,3409925.0,0.12070646715103704
2015-08-11,JKH.N0000,19.057636,19.456749,18.967836,19.456749,1701480,tradingview_cselk_fallback,0.021477233579057398,0.02124984778200394,0.02512819587691655,3457753.0,0.4920767909101662
2015-08-12,JKH.N0000,19.257193,19.446771,19.17737,19.257193,551260,tradingview_cselk_fallback,-0.01025638969799103,-0.010309348887401627,0.013989629745103475,3263930.5,0.16889452762551163
2015-08-13,JKH.N0000,19.356971,19.356971,19.157414,19.157414,1733930,tradingview_cselk_fallback,-0.005181388585553504,-0.005194858528208133,0.010416698203630313,3239551.0,0.5352377536269687
2015-08-14,JKH.N0000,19.057636,19.31706,19.057636,19.137459,946700,tradingview_cselk_fallback,-0.0010416332809846107,-0.0010421761579491888,0.013555822640822,3139227.5,0.3015710075169767
2015-08-18,JKH.N0000,19.257193,19.257193,18.957858,18.957858,1642080,tradingview_cselk_fallback,-0.009384788231290186,-0.009429102829701557,0.0157894947836406,3062864.0,0.5361256653903014
2015-08-19,JKH.N0000,18.967836,19.257193,18.967836,19.057636,2395320,tradingview_cselk_fallback,0.005263147345021535,0.005249345391662478,0.015183257776568015,3145506.5,0.7615053410317225
2015-08-20,JKH.N0000,19.247215,19.356971,18.997769,19.047658,523730,tradingview_cselk_fallback,-0.0005235696599515949,-0.0005237067704060104,0.01885806643525413,3134302.0,0.16709621472340572
2015-08-21,JKH.N0000,19.057636,19.157414,18.907969,18.957858,776990,tradingview_cselk_fallback,-0.004714490358867063,-0.0047256386212566285,0.01315786836255435,2882356.0,0.2695676731118571
2015-08-24,JKH.N0000,18.957858,18.957858,18.259411,18.3093,5608500,tradingview_cselk_fallback,-0.03421051049121693,-0.034809388280745326,0.03814711649271144,2956254.0,1.897164452039642
2015-08-25,JKH.N0000,18.3093,18.349211,17.910187,17.950098,11453440,tradingview_cselk_fallback,-0.019618554505087538,-0.01981355295105375,0.024458028028593485,3225079.0,3.5513672688327946
2015-08-26,JKH.N0000,17.960076,18.259411,17.461185,17.76052,67535120,tradingview_cselk_fallback,-0.010561390806891446,-0.010617558114738595,0.04494384173436362,6252252.0,10.801727121683514
2015-08-27,JKH.N0000,17.76052,17.960076,17.740564,17.890231,3609090,tradingview_cselk_fallback,0.007303333460957351,0.0072767932640677765,0.012269936592769636,5774823.5,0.624969750157732
2015-08-28,JKH.N0000,17.960076,18.359189,17.910187,18.329255,3208540,tradingview_cselk_fallback,0.024539873185539074,0.024243607593483,0.024496467532368345,5659469.5,0.5669329961050237
2015-08-31,JKH.N0000,18.439011,18.439011,17.960076,17.960076,1787400,tradingview_cselk_fallback,-0.020141516935631043,-0.02034712278128878,0.02666664662220805,5517856.0,0.3239301641797104
2015-09-01,JKH.N0000,18.149655,18.259411,17.830364,17.960076,472550,tradingview_cselk_fallback,0.0,0.0,0.023888930091387175,5441019.5,0.08684953251867596
2015-09-02,JKH.N0000,18.059854,18.059854,17.461185,17.610852,5385400,tradingview_cselk_fallback,-0.019444461148159897,-0.019635991551809666,0.033994323500078305,5650096.0,0.9531519464448037
2015-09-03,JKH.N0000,17.700653,17.960076,17.610852,17.660741,3254580,tradingview_cselk_fallback,0.002832855559742331,0.002828850586322422,0.0197740287341284,5697100.0,0.5712695933018553
2015-09-04,JKH.N0000,17.76052,17.94012,17.62083,17.660741,1089310,tradingview_cselk_fallback,0.0,0.0,0.018079082865209265,5727595.5,0.19018626577243453
2015-09-07,JKH.N0000,17.860298,17.860298,17.640786,17.730586,2924170,tradingview_cselk_fallback,0.003954817071378569,0.003947017339922187,0.012380414273955849,5850559.5,0.4998103172867484
2015-09-08,JKH.N0000,17.660741,17.710631,17.421274,17.421274,5555110,tradingview_cselk_fallback,-0.017445108695222977,-0.017599067786840207,0.01660940525933976,6107735.0,0.9095204687171268
2015-09-09,JKH.N0000,17.421274,17.660741,17.421274,17.471163,849670,tradingview_cselk_fallback,0.0028636826445642694,0.002859590116692221,0.013706414392676732,6065144.5,0.1400906441717918
2015-09-10,JKH.N0000,17.560963,17.660741,17.441229,17.461185,1783430,tradingview_cselk_fallback,-0.0005711125241061321,-0.0005712756709835014,0.012571426280633399,6126753.0,0.291088934056914
2015-09-11,JKH.N0000,17.560963,17.76052,17.461185,17.461185,711330,tradingview_cselk_fallback,0.0,0.0,0.017142880050809797,6075623.0,0.1170793513685757
2015-09-14,JKH.N0000,17.76052,17.76052,17.261629,17.361407,4693570,tradingview_cselk_fallback,-0.005714274260309349,-0.005730663189181277,0.02873563185287923,6262966.5,0.7494164306962204
2015-09-15,JKH.N0000,17.39134,17.550985,17.351429,17.431252,1998410,tradingview_cselk_fallback,0.004023003435147832,0.004014932795062296,0.011448173659585736,6280783.0,0.3181784818867329
2015-09-16,JKH.N0000,17.351429,17.550985,17.351429,17.461185,658800,tradingview_cselk_fallback,0.0017172031016474687,0.0017157303941188983,0.0114285485206188,6193957.0,0.10636173289546569
2015-09-17,JKH.N0000,17.461185,17.461185,17.261629,17.261629,589640,tradingview_cselk_fallback,-0.011428548520618809,-0.011494356252950933,0.011560670200941127,6197252.5,0.09514538902521723
2015-09-18,JKH.N0000,17.361407,17.451207,17.082028,17.21174,10446740,tradingview_cselk_fallback,-0.002890167550235301,-0.002894352149209195,0.021449254985260006,6680740.0,1.5637100081727473
2015-09-21,JKH.N0000,17.451207,17.451207,17.16185,17.261629,2921780,tradingview_cselk_fallback,0.0028985448304470474,0.0028943521492090815,0.016763018136932442,6546404.0,0.44631831460447596
2015-09-22,JKH.N0000,17.261629,17.660741,17.261629,17.560963,6575780,tradingview_cselk_fallback,0.017341005301411583,0.017192365978691577,0.02272722743052316,6302521.0,1.0433570947244761
2015-09-23,JKH.N0000,17.76052,17.76052,17.16185,17.361407,3101240,tradingview_cselk_fallback,-0.011363613715261622,-0.011428672914922128,0.034482804302669624,3080827.0,1.0066258183273518
2015-09-25,JKH.N0000,17.511074,17.550985,17.261629,17.461185,5429240,tradingview_cselk_fallback,0.0057471148507721725,0.005730663189181292,0.0165713839009209,3171834.5,1.7117034321935776
2015-09-28,JKH.N0000,17.461185,17.461185,17.231695,17.261629,6768690,tradingview_cselk_fallback,-0.011428548520618809,-0.011494356252950933,0.013294805490258306,3349842.0,2.020599777541747
2015-09-29,JKH.N0000,17.261629,17.550985,17.191784,17.21174,4385180,tradingview_cselk_fallback,-0.002890167550235301,-0.002894352149209195,0.020869534399195106,3479731.0,1.2602066079245782
2015-09-30,JKH.N0000,17.261629,17.261629,16.712849,16.932361,8163710,tradingview_cselk_fallback,-0.016231885910430788,-0.01636506611425863,0.03241012874695978,3864289.0,2.1126033793021173
2015-10-01,JKH.N0000,16.962294,17.16185,16.962294,16.962294,5124500,tradingview_cselk_fallback,0.0017677983596027236,0.0017662376431665414,0.011764682300637,3851244.0,1.3306090188001591
2015-10-02,JKH.N0000,17.16185,17.16185,16.942338,16.962294,1216060,tradingview_cselk_fallback,0.0,0.0,0.012941174112416735,3749318.0,0.3243416536020684
2015-10-05,JKH.N0000,17.16185,17.16185,16.563181,16.762738,1648710,tradingview_cselk_fallback,-0.011764682300636986,-0.011834433784552456,0.035714272930830335,3777288.0,0.43647982361948573
2015-10-06,JKH.N0000,16.662959,16.962294,16.563181,16.952316,783140,tradingview_cselk_fallback,0.011309488939098111,0.011246014794158796,0.023543272789393485,3670236.5,0.21337589553152775
2015-10-07,JKH.N0000,16.862516,17.21174,16.862516,17.07205,4290130,tradingview_cselk_fallback,0.007062987735717119,0.0070381616667742,0.02045589135458246,3606987.5,1.1893941966807482
2015-10-08,JKH.N0000,17.082028,17.401318,16.962294,17.241673,1666030,tradingview_cselk_fallback,0.009935713637202248,0.00988667896327333,0.025462958263968924,3647805.5,0.4567211711260373
2015-10-09,JKH.N0000,17.111961,17.361407,16.862516,16.962294,1839990,tradingview_cselk_fallback,-0.016203705986072126,-0.016336421639653858,0.029411764705882377,3650633.5,0.5040193708845327
2015-10-12,JKH.N0000,16.962294,17.16185,16.862516,16.962294,1025760,tradingview_cselk_fallback,0.0,0.0,0.0176470234509555,3666355.0,0.2797765082759307
2015-10-13,JKH.N0000,16.962294,17.151873,16.852538,16.972272,3479100,tradingview_cselk_fallback,0.0005882459058899059,0.0005880729570879672,0.017636707684156795,3605631.5,0.9649072568841269
2015-10-14,JKH.N0000,16.972272,17.16185,16.962294,16.962294,430170,tradingview_cselk_fallback,-0.0005879000760770081,-0.000588072957087894,0.011764682300637,3527219.5,0.12195725273122356
2015-10-15,JKH.N0000,17.052094,17.141895,16.962294,17.012183,1659600,tradingview_cselk_fallback,0.002941170575159191,0.002936853795169303,0.010557198920326784,3577259.5,0.46393055913332537
2015-10-16,JKH.N0000,17.062072,17.131917,16.952316,16.962294,2582320,tradingview_cselk_fallback,-0.002932545458745661,-0.002936853795169353,0.010588249443147353,3676893.5,0.7023102518471095
2015-10-19,JKH.N0000,17.062072,17.062072,16.962294,17.012183,885300,tradingview_cselk_fallback,0.002941170575159191,0.002936853795169303,0.005865090917491341,3198821.5,0.2767581748465802
2015-10-20,JKH.N0000,17.062072,17.141895,16.962294,17.111961,8075140,tradingview_cselk_fallback,0.005865090917491322,0.005847958228966908,0.010495641031440036,3456489.5,2.3362258152382642
2015-10-21,JKH.N0000,17.141895,17.16185,17.111961,17.16185,2686410,tradingview_cselk_fallback,0.002915446102290664,0.0029112044315447506,0.002906970985062816,3262021.0,0.823541601970067
2015-10-22,JKH.N0000,17.111961,17.750542,17.111961,17.461185,1410630,tradingview_cselk_fallback,0.017441884179153044,0.01729152041757116,0.03657145835176699,3177490.5,0.44394467898487816
2015-10-23,JKH.N0000,17.560963,17.660741,17.461185,17.660741,3734670,tradingview_cselk_fallback,0.011428548520618698,0.011363736001209023,0.011299412635064471,3092762.0,1.207551696509463
2015-10-26,JKH.N0000,17.650764,17.76052,17.471163,17.670719,262970,tradingview_cselk_fallback,0.0005649819563062763,0.0005648224140902876,0.016374942072249522,2767476.0,0.09502160090999885
2015-10-28,JKH.N0000,17.670719,18.009965,17.670719,17.970054,2316370,tradingview_cselk_fallback,0.01693960500418812,0.016797729859761464,0.018878407377073147,2664035.5,0.8694966714970578
2015-10-29,JKH.N0000,17.960076,18.069832,17.770497,17.960076,3525930,tradingview_cselk_fallback,-0.0005552570960555281,-0.0005554113083645162,0.0166666889382875,2432146.5,1.4497194145171766
2015-10-30,JKH.N0000,17.76052,17.76052,17.261629,17.541008,626840,tradingview_cselk_fallback,-0.023333308834550537,-0.02360984055505612,0.0284414099805439,2207263.5,0.2839896550638381
2015-11-02,JKH.N0000,17.461185,17.750542,17.461185,17.560963,662840,tradingview_cselk_fallback,0.001137619913291088,0.0011369733141004784,0.016477285442717406,2179602.5,0.30411049721222105
2015-11-03,JKH.N0000,17.560963,17.770497,17.560963,17.710631,2772860,tradingview_cselk_fallback,0.008522767230931372,0.008486653497847055,0.01183097315956715,2235810.0,1.240203774023732
2015-11-04,JKH.N0000,17.76052,17.94012,17.660741,17.860298,2369940,tradingview_cselk_fallback,0.00845068704779628,0.00841517989167453,0.015642460164998293,2315150.0,1.023665853184459
2015-11-05,JKH.N0000,17.860298,18.139677,17.860298,18.119721,3227620,tradingview_cselk_fallback,0.014525121585317269,0.014420642505797847,0.01541850451229347,2262024.5,1.4268722553623978
2015-11-06,JKH.N0000,18.159632,18.658523,18.159632,18.598656,20466290,tradingview_cselk_fallback,0.02643169836886572,0.02608841689860036,0.026824035027047142,3202037.5,6.391645944183977
2015-11-09,JKH.N0000,18.558745,18.558745,18.259411,18.359189,7398580,tradingview_cselk_fallback,-0.012875500251200767,-0.012959107940461423,0.01630431496728958,3479967.0,2.1260488964406847
2015-11-11,JKH.N0000,18.359189,18.369167,18.219499,18.359189,9275780,tradingview_cselk_fallback,0.0,0.0,0.008152211952281874,3892468.0,2.383007387600874
2015-11-12,JKH.N0000,18.359189,18.409078,18.3093,18.369167,5408180,tradingview_cselk_fallback,0.0005434880593038205,0.000543340423158417,0.005431819526710198,3988922.0,1.3557998877892323
2015-11-13,JKH.N0000,18.359189,18.369167,18.3093,18.359189,7269830,tradingview_cselk_fallback,-0.0005431928404809883,-0.0005433404231582856,0.003260873887185352,4330905.0,1.6785937350276674
2015-11-16,JKH.N0000,18.349211,18.369167,18.219499,18.259411,1568760,tradingview_cselk_fallback,-0.005434771655763226,-0.005449593754780224,0.008196759468309351,4326363.0,0.3626048022322676
2015-11-17,JKH.N0000,18.3093,18.409078,18.269388,18.379144,1857970,tradingview_cselk_fallback,0.006557330901856506,0.0065359251330946895,0.007600462785426875,4290145.5,0.4330785517647362
2015-11-18,JKH.N0000,18.3093,18.359189,18.229477,18.259411,3633880,tradingview_cselk_fallback,-0.006514612432439781,-0.0065359251330948205,0.007103843601526981,4427574.5,0.8207383071702125
2015-11-19,JKH.N0000,18.558745,18.608634,18.389122,18.508856,3530020,tradingview_cselk_fallback,0.013661174503383666,0.013568701896738117,0.01185983617788145,4200318.5,0.8404172207417128
2015-11-20,JKH.N0000,18.458967,18.608634,18.458967,18.558745,3557060,tradingview_cselk_fallback,0.0026954124015010628,0.002691786291939613,0.008064500051053955,4243851.0,0.8381679752658612
2015-11-23,JKH.N0000,18.658523,19.057636,18.658523,18.85808,2324300,tradingview_cselk_fallback,0.01612905398506226,0.016000362728565667,0.021164031545098962,4289534.5,0.5418536673384956
2015-11-24,JKH.N0000,18.957858,18.957858,18.558745,18.808191,7020560,tradingview_cselk_fallback,-0.0026454973146788907,-0.002649002826613069,0.021220169446386595,4453829.0,1.5762976081928606
2015-11-26,JKH.N0000,18.558745,18.758302,18.3093,18.558745,14234520,tradingview_cselk_fallback,-0.01326262584211324,-0.013351359901952445,0.024193554036116137,5152406.5,2.7626935103043597
2015-11-27,JKH.N0000,18.658523,18.658523,18.359189,18.359189,1404400,tradingview_cselk_fallback,-0.010752666734738625,-0.010810894433897298,0.01630431496728958,5106808.0,0.2750054437135682
2015-11-30,JKH.N0000,18.159632,18.159632,17.710631,17.960076,21071060,tradingview_cselk_fallback,-0.02173914109168984,-0.021978917612502695,0.024999949888853425,5984064.5,3.5211953347093767
2015-12-01,JKH.N0000,17.960076,18.259411,17.960076,18.139677,2472000,tradingview_cselk_fallback,0.010000013362972293,0.009950344083833633,0.016501671997797937,6076322.5,0.4068250162824636
2015-12-02,JKH.N0000,17.960076,18.139677,17.860298,17.960076,1154790,tradingview_cselk_fallback,-0.009901003198678704,-0.009950344083833662,0.015555557782717552,6100920.0,0.1892812887236679
2015-12-03,JKH.N0000,18.059854,18.239455,17.960076,18.099765,3683940,tradingview_cselk_fallback,0.007777751051833093,0.007747660271144997,0.015435504273121705,6146474.0,0.5993582662189737
2015-12-04,JKH.N0000,18.099765,18.139677,17.910187,17.910187,2300960,tradingview_cselk_fallback,-0.010474058641092854,-0.010529297649607045,0.012813378218775628,6143025.0,0.3745646485241392
2015-12-07,JKH.N0000,17.960076,17.960076,17.860298,17.94012,2039890,tradingview_cselk_fallback,0.0016712834991616798,0.0016698884590164928,0.005561724224810123,6083638.5,0.33530756306443915
2015-12-08,JKH.N0000,17.94012,17.960076,17.810409,17.950098,3547900,tradingview_cselk_fallback,0.0005561835706784368,0.0005560289579223507,0.008337948907019943,5237719.0,0.6773750176364941
2015-12-09,JKH.N0000,17.960076,17.960076,17.860298,17.860298,1231100,tradingview_cselk_fallback,-0.005002758202211521,-0.005015313889910596,0.005586580918190759,4929345.0,0.2497492060304158
2015-12-10,JKH.N0000,17.950098,17.950098,17.710631,17.750542,3575920,tradingview_cselk_fallback,-0.00614525020803125,-0.006164209972999228,0.013490686650582343,4644352.0,0.7699502535552861
2015-12-11,JKH.N0000,17.85032,17.85032,17.461185,17.550985,1467470,tradingview_cselk_fallback,-0.0112423046011777,-0.011305976973470917,0.022171690078932865,4447316.5,0.32996752086342407
2015-12-14,JKH.N0000,17.560963,17.660741,17.331473,17.331473,1398340,tradingview_cselk_fallback,-0.012507104302123317,-0.01258597646273701,0.01899826979507181,4153742.0,0.3366458484903492
2015-12-15,JKH.N0000,17.331473,17.650764,17.331473,17.550985,287570,tradingview_cselk_fallback,0.012665513196714606,0.012585976462737071,0.018192198329609405,4089682.5,0.07031597196114857
2015-12-16,JKH.N0000,17.560963,17.570941,17.53103,17.550985,524600,tradingview_cselk_fallback,0.0,0.0,0.002274003424879004,4023014.0,0.13039974506675842
2015-12-17,JKH.N0000,17.560963,17.76052,17.550985,17.560963,6849510,tradingview_cselk_fallback,0.0005685151004346523,0.0005683535569486488,0.011931862734406929,4183795.5,1.6371521982850261
2015-12-18,JKH.N0000,17.560963,17.960076,17.560963,17.950098,1823440,tradingview_cselk_fallback,0.022159092300348293,0.021917147279432354,0.02223458612872196,4098466.5,0.4449078698093543
2015-12-21,JKH.N0000,17.950098,17.960076,17.76052,17.950098,5171340,tradingview_cselk_fallback,0.0,0.0,0.011117265209359925,4179180.5,1.2374052759865242
2015-12-22,JKH.N0000,17.960076,17.960076,17.451207,17.461185,1480740,tradingview_cselk_fallback,-0.0272373443309335,-0.027615157005173054,0.029142867451435895,4137002.5,0.3579258170619911
2015-12-23,JKH.N0000,17.610852,17.740564,17.461185,17.740564,1358820,tradingview_cselk_fallback,0.016000002290795123,0.015873351411009755,0.01574803371527527,3853915.5,0.3525816795931307
2015-12-28,JKH.N0000,17.740564,17.85032,17.461185,17.85032,1167400,tradingview_cselk_fallback,0.006186725517858482,0.006167666300577702,0.02179988930170437,3200559.5,0.36474872596494456
2015-12-29,JKH.N0000,17.76052,17.85032,17.710631,17.85032,593540,tradingview_cselk_fallback,0.0,0.0,0.007825573995312163,3160016.5,0.1878281331758869
2015-12-30,JKH.N0000,17.930143,17.930143,17.710631,17.860298,1053810,tradingview_cselk_fallback,0.0005589815756803507,0.000558825403674848,0.012290500416062581,2159154.0,0.48806615924570457
2015-12-31,JKH.N0000,17.860298,17.860298,17.660741,17.810409,1712760,tradingview_cselk_fallback,-0.0027932904590953767,-0.002797198975000026,0.011204515292152956,2121192.0,0.8074516592557393
2016-01-04,JKH.N0000,17.860298,17.860298,17.660741,17.660741,1606780,tradingview_cselk_fallback,-0.0084034005058502,-0.00843890813905332,0.011299469257830045,2143791.5,0.7495038580011163
2016-01-05,JKH.N0000,17.700653,17.710631,17.610852,17.660741,106040,tradingview_cselk_fallback,0.0,0.0,0.005649762940297808,1964896.5,0.05396721913851442
2016-01-06,JKH.N0000,17.660741,17.710631,17.560963,17.560963,1337450,tradingview_cselk_fallback,-0.005649706317532255,-0.0056657262754683845,0.008522767230931375,1916721.0,0.6977802194476922
2016-01-07,JKH.N0000,17.560963,17.560963,17.062072,17.261629,1090660,tradingview_cselk_fallback,-0.017045420572892378,-0.017192365978691688,0.028901733434312626,1869259.5,0.583471690260234
2016-01-08,JKH.N0000,17.261629,17.271606,17.16185,17.171828,202940,tradingview_cselk_fallback,-0.0052023479359912805,-0.005215927264751238,0.0063916316888334365,1702011.5,0.11923538706994635
2016-01-11,JKH.N0000,17.21174,17.21174,16.862516,16.912405,3182160,tradingview_cselk_fallback,-0.01510747720044725,-0.015222757672487318,0.02064898516798761,1799564.5,1.768294495696042
2016-01-12,JKH.N0000,16.872494,16.882471,16.573159,16.623048,4811430,tradingview_cselk_fallback,-0.017109157449812673,-0.017257210219474895,0.01860741784539144,1861340.0,2.584928062578572
2016-01-13,JKH.N0000,16.573159,16.862516,16.573159,16.75276,2116600,tradingview_cselk_fallback,0.007803141758358612,0.007772854701810056,0.017272198730239018,1893796.5,1.117649124391137
2016-01-14,JKH.N0000,16.762738,16.862516,16.463403,16.553203,5874900,tradingview_cselk_fallback,-0.011911887951597144,-0.011983402975542795,0.024110922822610212,2117624.5,2.7742878872056873
2016-01-18,JKH.N0000,16.563181,16.762738,16.014401,16.014401,12272960,tradingview_cselk_fallback,-0.03254971258432582,-0.03309123791442592,0.04672900347630857,2716894.0,4.517275977642116
2016-01-19,JKH.N0000,16.263847,16.263847,15.764956,15.964512,1761810,tradingview_cselk_fallback,-0.0031152585725809923,-0.003120121091863961,0.031249999999999917,2778754.5,0.6340286628415717
2016-01-20,JKH.N0000,16.164068,16.164068,15.565399,15.705089,2068790,tradingview_cselk_fallback,-0.016249979955541338,-0.01638345887496274,0.03811942740343598,2539718.5,0.8145745286337837
2016-01-21,JKH.N0000,15.585355,16.164068,15.585355,15.645222,4822080,tradingview_cselk_fallback,-0.003811949107706325,-0.003819233102409777,0.03698975955726294,2689650.5,1.7928277298481716
2016-01-22,JKH.N0000,15.645222,16.06429,15.645222,15.814845,1317890,tradingview_cselk_fallback,0.010841840403415182,0.010783489030400068,0.026498394388310434,2496978.0,0.5277939973840379
2016-01-25,JKH.N0000,16.164068,16.164068,15.565399,15.685133,9653120,tradingview_cselk_fallback,-0.008201914087681561,-0.00823573484193374,0.0381679262777052,2905597.0,3.322250126221909
2016-01-26,JKH.N0000,15.715066,15.964512,14.976708,15.345887,9985870,tradingview_cselk_fallback,-0.021628506433448824,-0.02186583079962343,0.06436929973484093,3336949.5,2.9925145705681193
2016-01-27,JKH.N0000,15.545444,15.545444,15.186242,15.365843,3295640,tradingview_cselk_fallback,0.0013004135896479418,0.0012995687842142023,0.023376654310472898,3443361.5,0.9570996248869019
2016-01-28,JKH.N0000,15.42571,15.465621,15.276042,15.335909,7185740,tradingview_cselk_fallback,-0.0019480870655779192,-0.001949987055149864,0.01236177131723983,3772971.5,1.9045306862243725
2016-01-29,JKH.N0000,15.545444,15.665177,15.365843,15.385798,1141420,tradingview_cselk_fallback,0.0032530839873918804,0.0032478041570662844,0.019455214477663102,3777352.0,0.3021746450952943
2016-02-01,JKH.N0000,15.715066,15.914623,15.665177,15.665177,2934740,tradingview_cselk_fallback,0.018158239176154556,0.017995347282537745,0.01592359920350729,3838451.0,0.764563622148622
2016-02-02,JKH.N0000,15.745,16.213958,15.745,16.144113,4718560,tradingview_cselk_fallback,0.030573290043259593,0.030115239676525928,0.029048235725307573,3994040.0,1.1814002864267759
2016-02-03,JKH.N0000,16.164068,16.263847,15.864734,15.914623,4696690,tradingview_cselk_fallback,-0.014215088806675213,-0.014317090982062934,0.02507838231543393,4223572.5,1.1120183209830068
2016-02-05,JKH.N0000,15.944556,16.263847,15.944556,16.263847,2357180,tradingview_cselk_fallback,0.02194359238041632,0.021706296892761084,0.019631948087066857,4274559.0,0.551444020307124
2016-02-08,JKH.N0000,16.263847,16.363625,16.164068,16.353647,452040,tradingview_cselk_fallback,0.005521448892134906,0.005506261571563124,0.012202599212273487,4242628.0,0.10654716840599741
2016-02-09,JKH.N0000,16.353647,16.363625,16.164068,16.223935,4037820,tradingview_cselk_fallback,-0.00793168643055564,-0.0079633095829871,0.012300160226233564,4434372.0,0.9105731318887996
2016-02-10,JKH.N0000,16.263847,16.463403,16.124157,16.343669,3217250,tradingview_cselk_fallback,0.007380083808274485,0.007352984239479975,0.02075702830251881,4436126.5,0.7252385611636638
2016-02-11,JKH.N0000,16.313736,16.313736,15.874712,15.874712,1212740,tradingview_cselk_fallback,-0.028693495934113522,-0.02911320234806184,0.027655556837818417,4256192.0,0.28493545403966736
2016-02-12,JKH.N0000,15.964512,15.964512,15.465621,15.475599,4658950,tradingview_cselk_fallback,-0.02514143248709011,-0.025462877467476597,0.03223726590486085,4383309.5,1.0628841061759384
2016-02-15,JKH.N0000,15.964512,15.964512,15.465621,15.565399,7361660,tradingview_cselk_fallback,0.005802683308090195,0.005785912586817899,0.032051282463109274,4457647.5,1.6514675061229045
2016-02-16,JKH.N0000,15.864734,15.864734,15.565399,15.745,4439370,tradingview_cselk_fallback,0.011538477105533795,0.011472416551737794,0.0190114322006987,4065968.0,1.0918359416503032
2016-02-17,JKH.N0000,15.854756,15.854756,15.615288,15.665177,7973080,tradingview_cselk_fallback,-0.005069736424261673,-0.005082631138297364,0.015286645021629852,4376531.5,1.8217805584170936
2016-02-18,JKH.N0000,15.665177,15.954534,15.615288,15.685133,3697410,tradingview_cselk_fallback,0.0012739083637549609,0.001273097630955157,0.021628506433448862,4457962.5,0.8293945945036549
2016-02-19,JKH.N0000,15.914623,15.954534,15.675155,15.764956,3197160,tradingview_cselk_fallback,0.005089086589192382,0.0050761809547782335,0.017721521074971634,4376716.5,0.7304928249293734
2016-02-23,JKH.N0000,15.824823,15.964512,15.764956,15.954534,3603830,tradingview_cselk_fallback,0.0120252793601201,0.011953550158150427,0.012507792455736995,4491013.5,0.8024536109722227
2016-02-24,JKH.N0000,15.934579,15.954534,15.854756,15.914623,6596670,tradingview_cselk_fallback,-0.0025015459555258746,-0.0025046800494206455,0.006269579870035287,4338191.0,1.5206038646062379
2016-02-25,JKH.N0000,15.914623,15.964512,15.874712,15.874712,9772490,tradingview_cselk_fallback,-0.002507819380955456,-0.0025109692272449417,0.005656795537455958,4327522.0,2.258218444643378
2016-02-26,JKH.N0000,15.864734,15.964512,15.864734,15.874712,40610260,tradingview_cselk_fallback,0.0,0.0,0.006285342373455267,6193253.0,6.557177625393311
2016-02-29,JKH.N0000,15.964512,16.06429,15.874712,15.874712,695980,tradingview_cselk_fallback,0.0,0.0,0.011942137910911336,5868765.0,0.11859053821374685
2016-03-01,JKH.N0000,15.864734,15.914623,15.715066,15.764956,1287130,tradingview_cselk_fallback,-0.006913889209454682,-0.0069379008814847605,0.012658265586025133,5876050.5,0.21904679001652555
2016-03-02,JKH.N0000,15.715066,15.814845,15.685133,15.685133,2759970,tradingview_cselk_fallback,-0.005063318920775939,-0.005076180954778315,0.008269741799447897,5867312.0,0.4703976880724938
2016-03-03,JKH.N0000,15.465621,15.565399,15.325932,15.365843,1135900,tradingview_cselk_fallback,-0.020356218847490837,-0.02056626201540934,0.015584371127571682,5688179.0,0.1996948408269149
2016-03-04,JKH.N0000,15.465621,15.465621,15.365843,15.365843,1800650,tradingview_cselk_fallback,0.0,0.0,0.006493493393105773,5543377.0,0.3248290707992619
2016-03-08,JKH.N0000,15.365843,15.415732,15.325932,15.325932,3184840,tradingview_cselk_fallback,-0.0025973843413602538,-0.0026007633964734134,0.005859350021910598,5584760.0,0.5702733868599545
2016-03-09,JKH.N0000,15.046553,15.156309,14.96673,15.066508,13206000,tradingview_cselk_fallback,-0.016927127172429057,-0.017072028492589538,0.012582809500383244,6222458.0,2.122312436660882
2016-03-10,JKH.N0000,15.166286,15.455643,15.016619,15.266065,1115430,tradingview_cselk_fallback,0.013245073111831873,0.013158124053893445,0.02875816394074045,6076338.5,0.18356943083404587
2016-03-11,JKH.N0000,15.365843,15.365843,15.266065,15.345887,308630,tradingview_cselk_fallback,0.005228721350262866,0.00521509905095544,0.006501937620158456,5930907.5,0.05203756760664367
2016-03-14,JKH.N0000,15.465621,15.465621,14.976708,15.016619,12209790,tradingview_cselk_fallback,-0.02145643324494695,-0.02168996911565532,0.03255812776497827,6480760.0,1.8840058881982977
2016-03-15,JKH.N0000,15.016619,15.066508,14.996663,14.996663,1697390,tradingview_cselk_fallback,-0.0013289276367736136,-0.0013298114442030248,0.00465736944278876,6332682.0,0.2680365128076856
2016-03-16,JKH.N0000,15.066508,15.266065,14.96673,15.166286,1733810,tradingview_cselk_fallback,0.011310716257343367,0.0112472283865496,0.01973686900009661,6051289.5,0.28651909646695967
2016-03-17,JKH.N0000,15.166286,15.186242,14.96673,15.066508,2301540,tradingview_cselk_fallback,-0.006578934354791843,-0.006600670931539961,0.014569533962348802,5944398.0,0.38717797832513906
2016-03-18,JKH.N0000,15.066508,15.116397,14.96673,15.016619,382120,tradingview_cselk_fallback,-0.0033112516848629037,-0.003316746010806546,0.009966757497143605,5564850.0,0.06866672057647556
2016-03-21,JKH.N0000,15.116397,15.116397,14.916841,14.976708,11687130,tradingview_cselk_fallback,-0.002657788680661022,-0.0026613268715628496,0.013324423498141207,5964336.0,1.959502281561602
2016-03-23,JKH.N0000,14.96673,15.166286,13.968948,15.116397,3977260,tradingview_cselk_fallback,0.009327083094629263,0.009283854445346015,0.07920789590270752,6003341.0,0.6625077602621607
2016-03-24,JKH.N0000,15.016619,15.216175,14.96673,15.166286,767240,tradingview_cselk_fallback,0.0033003234831685546,0.0032948893685632976,0.016447335886979823,5861511.5,0.1308945653352382
2016-03-28,JKH.N0000,15.266065,15.266065,14.986686,15.016619,1050750,tradingview_cselk_fallback,-0.00986840153218782,-0.009917416942346487,0.0186046539503998,5584215.5,0.18816429989136343
2016-03-29,JKH.N0000,15.066508,15.066508,14.697329,14.767174,1186690,tradingview_cselk_fallback,-0.016611262495239365,-0.01675077667842082,0.024999976298782745,5154925.5,0.23020507279882124
2016-03-30,JKH.N0000,14.886907,14.96673,14.667395,14.767174,17307900,tradingview_cselk_fallback,0.0,0.0,0.020270296808312764,3989807.5,4.338028839737255
2016-03-31,JKH.N0000,14.807085,14.866952,14.667395,14.866952,5116290,tradingview_cselk_fallback,0.006756743030182921,0.006734018546894806,0.013422858969343457,4210823.0,1.2150332607188665
2016-04-01,JKH.N0000,14.817063,15.066508,14.767174,14.866952,4944880,tradingview_cselk_fallback,0.0,0.0,0.020134187559090796,4393710.5,1.125445110687197
2016-04-04,JKH.N0000,15.156309,15.156309,14.747218,14.767174,10868650,tradingview_cselk_fallback,-0.006711395853030155,-0.0067340185468948,0.0277027276850669,4799144.5,2.264705719946545
2016-04-05,JKH.N0000,14.96673,14.96673,14.767174,14.87693,594880,tradingview_cselk_fallback,0.007432430876753937,0.007404946462376346,0.013413789000822037,4772093.5,0.12465807721495817
2016-04-06,JKH.N0000,14.96673,14.96673,14.866952,14.96673,7625890,tradingview_cselk_fallback,0.006036191606736185,0.006018046782658458,0.0066666533036942996,5063355.5,1.5060941306609816
2016-04-07,JKH.N0000,15.066508,15.216175,14.96673,15.166286,704180,tradingview_cselk_fallback,0.013333306607388407,0.013245200375732534,0.016447335886979823,4939322.5,0.14256611104053238
2016-04-08,JKH.N0000,15.216175,15.216175,15.116397,15.116397,298660,tradingview_cselk_fallback,-0.003289467177395977,-0.003294889368563392,0.006600646966337322,4293955.5,0.06955358526654504
2016-04-11,JKH.N0000,15.066508,15.166286,14.986686,15.066508,11858140,tradingview_cselk_fallback,-0.0033003234831685546,-0.0033057815629765853,0.011920479516554125,4831091.0,2.4545470163985734
2016-04-12,JKH.N0000,15.166286,15.465621,15.066508,15.345887,1017180,tradingview_cselk_fallback,0.018543049258660238,0.01837322310484876,0.026007815644674033,4866518.5,0.2090159525747205
2016-04-15,JKH.N0000,15.345887,15.345887,15.066508,15.136353,3579750,tradingview_cselk_fallback,-0.013654082035140735,-0.013748156326843857,0.01845748444159559,4435016.5,0.8071559598481765
2016-04-18,JKH.N0000,15.076486,15.355865,15.066508,15.176264,10213970,tradingview_cselk_fallback,0.002636764615624454,0.002633294450472663,0.019066418454502305,4860845.5,2.1012743564879814
2016-04-19,JKH.N0000,15.256087,15.266065,15.116397,15.166286,13745350,tradingview_cselk_fallback,-0.0006574740660810763,-0.0006576902969375091,0.009868467467908764,5461422.5,2.5168076632049616
2016-04-20,JKH.N0000,15.186242,15.565399,15.166286,15.465621,5301520,tradingview_cselk_fallback,0.019736869000096746,0.019544622447258308,0.025806464544811995,5611421.5,0.9447730846809493
2016-04-22,JKH.N0000,15.465621,15.615288,15.465621,15.485577,4367000,tradingview_cselk_fallback,0.0012903458580808547,0.001289514077310483,0.00966492885605742,5810665.5,0.751549026527168
2016-04-25,JKH.N0000,15.465621,15.51551,15.166286,15.166286,10305130,tradingview_cselk_fallback,-0.020618605299628112,-0.020834136524568763,0.023026336177492716,5741565.5,1.7948293022173134
2016-04-26,JKH.N0000,15.445665,15.465621,15.236131,15.465621,285120,tradingview_cselk_fallback,0.019736869000096746,0.019544622447258308,0.014838718729755514,5556958.5,0.051308643028376046
2016-04-27,JKH.N0000,15.465621,15.465621,15.315954,15.415732,2012220,tradingview_cselk_fallback,-0.0032257999856585284,-0.0032310140945666956,0.009708718340459012,5619207.5,0.35809676008583063
2016-04-28,JKH.N0000,15.365843,15.445665,15.365843,15.365843,836470,tradingview_cselk_fallback,-0.003236239446819722,-0.0032414873951687236,0.005194768682720503,5608493.5,0.14914343753808398
2016-04-29,JKH.N0000,15.415732,15.51551,15.415732,15.51551,5432000,tradingview_cselk_fallback,0.00974024008965868,0.009693109744614055,0.006430855318323444,5820759.0,0.9332116309917659
2016-05-03,JKH.N0000,15.565399,15.814845,15.565399,15.764956,545190,tradingview_cselk_fallback,0.016077202747444286,0.01594933322557359,0.01582281612457407,4982623.5,0.10941826128343833
2016-05-04,JKH.N0000,15.764956,15.854756,15.675155,15.675155,444630,tradingview_cselk_fallback,-0.005696241714851613,-0.005712527173072278,0.011457685745372209,4749040.5,0.09362522808554696
2016-05-05,JKH.N0000,15.705089,15.764956,15.565399,15.665177,3077820,tradingview_cselk_fallback,-0.0006365487295022509,-0.0006367514126611354,0.012738892129977237,4655687.5,0.6610881851498839
2016-05-06,JKH.N0000,15.764956,15.764956,15.565399,15.665177,159830,tradingview_cselk_fallback,0.0,0.0,0.012738892129977237,4120246.5,0.03879136842904909
2016-05-09,JKH.N0000,15.665177,15.764956,15.665177,15.764956,2564380,tradingview_cselk_fallback,0.006369477982917093,0.006349278585733296,0.006329164508927259,4218721.5,0.6078571434497394
2016-05-10,JKH.N0000,15.764956,16.154091,15.725044,16.114179,34004020,tradingview_cselk_fallback,0.02215185376984241,0.021910065645867925,0.02662543341488267,5537628.0,6.140538873322657
2016-05-11,JKH.N0000,16.164068,16.333691,16.114179,16.154091,586250,tradingview_cselk_fallback,0.0024768249130160402,0.00247376263762886,0.013588632130399765,5531731.5,0.1059794749618632
2016-05-12,JKH.N0000,16.213958,16.453425,15.964512,16.343669,2293970,tradingview_cselk_fallback,0.011735603074168433,0.011667274946049714,0.029914519193946,5631497.0,0.4073463947508096
2016-05-13,JKH.N0000,16.453425,16.463403,16.213958,16.413514,802240,tradingview_cselk_fallback,0.004273520223641469,0.004264414668721679,0.015197537833762955,5078702.0,0.15796162090234867
2016-05-16,JKH.N0000,16.413514,16.463403,16.363625,16.413514,2102450,tradingview_cselk_fallback,0.0,0.0,0.006079015133505269,5132965.5,0.40959753187509246
2016-05-17,JKH.N0000,16.453425,16.463403,16.124157,16.194002,3721650,tradingview_cselk_fallback,-0.013373857663873667,-0.01346409313224531,0.020948867364595808,5140060.5,0.7240478978798012
2016-05-18,JKH.N0000,16.283802,16.283802,15.954534,15.964512,8636050,tradingview_cselk_fallback,-0.014171296261418442,-0.014272667931894977,0.02062499624166406,5061164.5,1.706336555549617
2016-05-19,JKH.N0000,15.964512,16.263847,15.764956,15.764956,596490,tradingview_cselk_fallback,-0.012499974944426673,-0.012578756834127956,0.03164556881731853,4403721.5,0.13545134495903066
2016-05-20,JKH.N0000,15.964512,15.964512,15.735022,15.764956,4505490,tradingview_cselk_fallback,0.0,0.0,0.014556970536422582,4363920.0,1.0324410163339384
2016-05-24,JKH.N0000,15.954534,15.954534,15.665177,15.705089,930530,tradingview_cselk_fallback,-0.00379747333262459,-0.003804702040834772,0.01842441007497638,4192096.5,0.22197246652122632
2016-05-25,JKH.N0000,15.954534,15.964512,15.715066,15.764956,5084720,tradingview_cselk_fallback,0.003811949107706436,0.0038047020408347805,0.015822816124573955,3931076.0,1.293467742674016
2016-05-26,JKH.N0000,15.864734,15.864734,15.42571,15.42571,871130,tradingview_cselk_fallback,-0.021518994407596193,-0.021753904094862567,0.028460537634896536,3960376.5,0.21996141023460775
2016-05-27,JKH.N0000,15.435688,15.844778,15.415732,15.565399,2941560,tradingview_cselk_fallback,0.009055596144359024,0.00901484009568873,0.027564086214558303,4006843.5,0.7341339885124039
2016-05-30,JKH.N0000,15.764956,15.764956,15.555421,15.565399,14461640,tradingview_cselk_fallback,0.0,0.0,0.01346158874565303,4688102.0,3.084753702031227
2016-05-31,JKH.N0000,15.864734,15.864734,15.565399,15.565399,21653820,tradingview_cselk_fallback,0.0,0.0,0.01923079517588987,5499193.0,3.9376359404007095
2016-06-01,JKH.N0000,15.565399,15.745,15.51551,15.555421,14188880,tradingview_cselk_fallback,-0.0006410372133729414,-0.000641242765576508,0.014753056185364473,6181377.5,2.2954236333244493
2016-06-02,JKH.N0000,15.565399,15.6552,15.565399,15.565399,1785590,tradingview_cselk_fallback,0.0006414484056713743,0.0006412427655764467,0.005769270675297264,6248425.5,0.28576639026903655
2016-06-03,JKH.N0000,15.565399,15.715066,15.565399,15.615288,800950,tradingview_cselk_fallback,0.0032051218218049904,0.0031999963677416298,0.009584645508939758,6134582.0,0.1305630929703116
2016-06-06,JKH.N0000,15.665177,15.964512,15.565399,15.565399,1584260,tradingview_cselk_fallback,-0.0031948818363132236,-0.003199996367741519,0.025641038819499574,6205803.5,0.2552868456115312
2016-06-07,JKH.N0000,15.575377,15.665177,15.565399,15.6552,14014410,tradingview_cselk_fallback,0.0057692706752972,0.005752692166608815,0.006373473350707789,6778305.0,2.0675390086459666
2016-06-08,JKH.N0000,15.6552,15.764956,15.615288,15.665177,266940,tradingview_cselk_fallback,0.0006372962338392352,0.0006370932468317274,0.009554185056447185,5091451.0,0.05242906197074272
2016-06-09,JKH.N0000,15.665177,15.854756,15.665177,15.804867,1027380,tradingview_cselk_fallback,0.008917230874569748,0.008877707158957849,0.011994975977969329,5113507.5,0.20091492972289568
2016-06-10,JKH.N0000,15.854756,15.954534,15.764956,15.864734,1160120,tradingview_cselk_fallback,0.0037878838208509347,0.0037807278538858316,0.011949648824871624,5056815.0,0.22941713311639836
2016-06-13,JKH.N0000,15.854756,16.154091,15.774933,15.994445,3790980,tradingview_cselk_fallback,0.008176058924152185,0.008142816028713425,0.023705605289836583,5206252.0,0.7281591440445064
2016-06-14,JKH.N0000,15.994445,16.154091,15.994445,16.074268,14933110,tradingview_cselk_fallback,0.004990670198309344,0.004978258083181368,0.009931774187166743,5847785.0,2.5536352653184067
2016-06-15,JKH.N0000,16.094224,16.164068,15.874712,15.874712,2195860,tradingview_cselk_fallback,-0.01241462441711183,-0.012492329657520423,0.018227480284366715,5771495.5,0.38046637998764793
2016-06-16,JKH.N0000,15.964512,15.964512,15.465621,15.665177,971820,tradingview_cselk_fallback,-0.013199294576178855,-0.013287179467218146,0.03184713457115733,5388284.0,0.1803579766768047
2016-06-17,JKH.N0000,15.665177,15.864734,15.60531,15.764956,2433000,tradingview_cselk_fallback,0.006369477982917093,0.006349278585733296,0.016455738918649758,5480109.5,0.4439692309067912
2016-06-20,JKH.N0000,15.685133,15.964512,15.685133,15.954534,415780,tradingview_cselk_fallback,0.0120252793601201,0.011953550158150427,0.017510947044896374,5275624.0,0.07881153016211921
2016-06-21,JKH.N0000,15.964512,15.964512,15.774933,15.864734,180180,tradingview_cselk_fallback,-0.005628494069460199,-0.005644393731040111,0.01194971185775938,5238106.5,0.034397926044459
2016-06-22,JKH.N0000,15.954534,15.954534,15.745,15.754978,506720,tradingview_cselk_fallback,-0.006918237645837655,-0.006942279601372214,0.013299542531890647,5009206.5,0.10115773825654822
2016-06-23,JKH.N0000,15.735022,15.814845,15.565399,15.565399,346950,tradingview_cselk_fallback,-0.01203295872580723,-0.012105940824912039,0.016025673354084963,4982997.5,0.06962676581716126
2016-06-24,JKH.N0000,15.465621,15.665177,15.266065,15.565399,1344440,tradingview_cselk_fallback,0.0,0.0,0.025640974574439153,4903141.5,0.27419971461154036
2016-06-30,JKH.N0000,13.939015,13.939015,13.470057,13.470057,8612440,tradingview_cselk_fallback,-0.13461537349604713,-0.14458121596209547,0.0348148489646331,4610681.5,1.8679321050478113
2016-07-01,JKH.N0000,13.569835,13.619724,13.470057,13.470057,1304960,tradingview_cselk_fallback,0.0,0.0,0.011111088839490368,3593238.5,0.3631709946333927
2016-07-04,JKH.N0000,13.539902,13.569835,13.470057,13.519946,837450,tradingview_cselk_fallback,0.0037036962798300266,0.0036968544848468054,0.00738005906236599,2925667.0,0.2862424192500377
2016-07-05,JKH.N0000,13.519946,13.86917,13.480035,13.86917,945600,tradingview_cselk_fallback,0.025830280683073914,0.025502314627889277,0.028057554994278644,2883667.5,0.3279157531164741
2016-07-07,JKH.N0000,13.929037,13.968948,13.769392,13.968948,5734030,tradingview_cselk_fallback,0.0071942300800984516,0.007168475058138757,0.014285685650773374,3130321.5,1.8317703149660507
2016-07-08,JKH.N0000,13.968948,14.32815,13.879148,14.038793,1253300,tradingview_cselk_fallback,0.00500001861271171,0.004987560031150056,0.031982948961495485,3113773.5,0.4025019803142393
2016-07-11,JKH.N0000,14.018837,14.268283,13.998881,14.128593,3047940,tradingview_cselk_fallback,0.006396561299821135,0.006376190125750463,0.01906785764159244,2565450.0,1.188072268023154
2016-07-12,JKH.N0000,14.168504,14.168504,14.038793,14.038793,1489370,tradingview_cselk_fallback,-0.006355905361560055,-0.006376190125750464,0.009239469518497806,2626571.5,0.5670395799238666
2016-07-13,JKH.N0000,14.068726,14.148549,14.038793,14.038793,544450,tradingview_cselk_fallback,0.0,0.0,0.007818051024756835,2602425.0,0.2092087187911275
2016-07-14,JKH.N0000,14.078704,14.078704,13.968948,13.968948,523380,tradingview_cselk_fallback,-0.004975142806080357,-0.004987560031150004,0.007857141425395875,2570588.0,0.20360322229777778
2016-07-15,JKH.N0000,14.008859,14.248327,13.948992,13.968948,1102190,tradingview_cselk_fallback,0.0,0.0,0.021428600063512247,2436148.5,0.4524313686132024
2016-07-18,JKH.N0000,14.068726,14.368061,13.968948,14.168504,5246230,tradingview_cselk_fallback,0.014285685650773594,0.014184606760324367,0.02816902899558073,1951804.5,2.6878870296692114
2016-07-20,JKH.N0000,14.168504,14.467839,14.138571,14.397994,1511170,tradingview_cselk_fallback,0.01619719343693582,0.01606741835212564,0.022869019114746054,1917570.0,0.7880651032296083
2016-07-21,JKH.N0000,14.368061,14.467839,14.268283,14.358083,702340,tradingview_cselk_fallback,-0.0027719833749062506,-0.002775832435488456,0.013898512774999238,1904096.0,0.36885745256541685
2016-07-22,JKH.N0000,14.368061,14.368061,14.258305,14.268283,189860,tradingview_cselk_fallback,-0.0062543168193135434,-0.006273956992151004,0.007692306074949653,1791939.0,0.1059522673483863
2016-07-25,JKH.N0000,14.268283,14.268283,14.18846,14.228371,80870,tradingview_cselk_fallback,-0.0027972531803581724,-0.0028011728041955936,0.005610129227021216,1775193.5,0.0455555971785611
2016-07-26,JKH.N0000,14.258305,14.258305,14.018837,14.018837,463480,tradingview_cselk_fallback,-0.014726492583023054,-0.014836003849378054,0.017081873482087027,1789358.5,0.2590202019327038
2016-07-27,JKH.N0000,14.138571,14.138571,13.968948,13.978926,827080,tradingview_cselk_fallback,-0.0028469551361500756,-0.0028510154210540806,0.012134194000311713,1805376.5,0.4581205083814927
2016-07-28,JKH.N0000,14.018837,14.258305,13.968948,13.968948,2419890,tradingview_cselk_fallback,-0.0007137887417102418,-0.0007140436101828523,0.020714301463503247,1909023.5,1.2676061871422746
2016-07-29,JKH.N0000,14.168504,14.168504,13.968948,14.018837,824990,tradingview_cselk_fallback,0.0035714214126933985,0.003565059031236885,0.01423484701334363,1883051.0,0.4381134658593952
2016-08-01,JKH.N0000,14.018837,14.158527,13.988904,14.048771,5871230,tradingview_cselk_fallback,0.002135269851557542,0.002132993402866929,0.012073867529052871,1745990.5,3.3626929814337476
2016-08-02,JKH.N0000,14.068726,14.447883,14.018837,14.368061,7935580,tradingview_cselk_fallback,0.0227272549321218,0.02247283845235531,0.029861092599759952,2077521.5,3.8197342362040536
2016-08-03,JKH.N0000,14.457861,14.557639,14.41795,14.41795,17295070,tradingview_cselk_fallback,0.003472215214008312,0.003466200992522171,0.009688547955846748,2900402.5,5.962989619544184
2016-08-04,JKH.N0000,14.487795,14.487795,14.368061,14.467839,3845080,tradingview_cselk_fallback,0.0034602006526587292,0.003454227932288812,0.008275873127977118,3045376.5,1.2625959384660648
2016-08-05,JKH.N0000,14.467839,14.767174,14.467839,14.657418,288260,tradingview_cselk_fallback,0.013103477305767663,0.013018369413690513,0.02042208252503961,2773088.0,0.10394909934340346
2016-08-08,JKH.N0000,14.467839,14.757196,14.467839,14.607528,1505500,tradingview_cselk_fallback,-0.0034037372748733086,-0.00340954316682239,0.01980875888103728,2785698.0,0.5404390569257687
2016-08-09,JKH.N0000,14.64744,14.96673,14.64744,14.96673,3406230,tradingview_cselk_fallback,0.024590197602222696,0.02429272542881338,0.02133331729776648,2803612.5,1.2149432205770234
2016-08-10,JKH.N0000,14.96673,15.365843,14.96673,15.216175,7608860,tradingview_cselk_fallback,0.016666633259235564,0.016529269091441725,0.026229522202524606,3109587.0,2.446903720654865
2016-08-11,JKH.N0000,15.166286,15.355865,14.96673,15.256087,834560,tradingview_cselk_fallback,0.00262299822392964,0.0026195641677929406,0.02550686817661695,3124092.5,0.26713677651990136
2016-08-12,JKH.N0000,15.256087,15.545444,15.226153,15.465621,5161140,tradingview_cselk_fallback,0.013734452353345805,0.01364098956375618,0.02064521043157593,3355980.5,1.5378933220857511
2016-08-15,JKH.N0000,15.465621,15.545444,15.365843,15.505532,1038300,tradingview_cselk_fallback,0.00258062705661799,0.0025773029562294234,0.011583027270525119,3352786.0,0.3096827533877796
2016-08-16,JKH.N0000,15.505532,15.864734,15.505532,15.625266,7190690,tradingview_cselk_fallback,0.007722018180350121,0.007692356001357451,0.022988536643152174,3450009.0,2.0842525338339697
2016-08-18,JKH.N0000,15.665177,15.814845,15.665177,15.754978,9166140,tradingview_cselk_fallback,0.008301426676512236,0.008267159348603491,0.0094997276416381,3832757.5,2.3915262053495425
2016-08-19,JKH.N0000,15.764956,15.824823,15.715066,15.764956,8773350,tradingview_cselk_fallback,0.0006333236390427821,0.0006331231742618211,0.006962087303002945,4236308.0,2.070989644756708
2016-08-22,JKH.N0000,15.725044,15.844778,15.725044,15.804867,1793390,tradingview_cselk_fallback,0.0025316277444733526,0.0025284285732246154,0.00757576764170172,4316484.5,0.4154746762093088
2016-08-23,JKH.N0000,15.814845,15.854756,15.565399,15.565399,1271440,tradingview_cselk_fallback,-0.015151535283403517,-0.015267492572398367,0.018589757962516783,4376013.0,0.29054758292537064
2016-08-24,JKH.N0000,15.635244,15.665177,15.365843,15.51551,1271440,tradingview_cselk_fallback,-0.0032051218218047683,-0.0032102692263996494,0.01929256595497022,4416411.0,0.2878898725684724
2016-08-25,JKH.N0000,15.415732,15.545444,15.176264,15.365843,365520,tradingview_cselk_fallback,-0.009646282977485154,-0.009693109744614022,0.024026016665665534,4393333.0,0.08319879235195693
2016-08-26,JKH.N0000,15.295998,15.455643,15.066508,15.066508,2280180,tradingview_cselk_fallback,-0.019480545258727333,-0.019672791889062853,0.025827816239834708,4386347.5,0.5198356947323485
2016-08-29,JKH.N0000,15.036575,15.315954,15.036575,15.166286,349520,tradingview_cselk_fallback,0.006622503369725585,0.006600670931539891,0.01842105575484997,4362574.0,0.08011783868881078
2016-08-30,JKH.N0000,15.166286,15.266065,15.116397,15.116397,111150,tradingview_cselk_fallback,-0.003289467177395977,-0.003294889368563392,0.00990103660283599,4074570.0,0.027278952134826496
2016-08-31,JKH.N0000,15.166286,15.355865,15.166286,15.216175,5881750,tradingview_cselk_fallback,0.006600646966337331,0.006578958084272598,0.012459044405049243,3971878.5,1.4808484197087097
2016-09-01,JKH.N0000,15.266065,15.375821,15.166286,15.325932,3436430,tradingview_cselk_fallback,0.007213179396267533,0.00718728884534039,0.013671925465935821,3278946.5,1.0480286884827184
2016-09-02,JKH.N0000,15.365843,15.365843,15.226153,15.315954,543350,tradingview_cselk_fallback,-0.0006510533910759619,-0.0006512654183673637,0.009120554945516281,3113860.0,0.1744940363407475
2016-09-05,JKH.N0000,15.315954,15.315954,15.166286,15.216175,835330,tradingview_cselk_fallback,-0.006514710085966602,-0.006536023426972961,0.009836111900658355,3141213.5,0.2659258913792393
2016-09-06,JKH.N0000,15.19622,15.19622,15.016619,15.046553,1668300,tradingview_cselk_fallback,-0.011147479573545893,-0.011210078371263399,0.011936355123994173,3149353.5,0.5297277679371337
2016-09-07,JKH.N0000,15.066508,15.066508,14.866952,14.96673,1882380,tradingview_cselk_fallback,-0.005305068875243291,-0.005319190720178297,0.013333306607388599,3073161.0,0.6125224158447931
2016-09-08,JKH.N0000,14.96673,14.96673,14.866952,14.906863,1729020,tradingview_cselk_fallback,-0.004000005345188962,-0.0040080267641944166,0.006693427047662583,2779169.0,0.6221356096012873
2016-09-09,JKH.N0000,14.916841,14.96673,14.827041,14.866952,2983000,tradingview_cselk_fallback,-0.0026773574024260283,-0.0026809479339455424,0.009395940741585809,2886591.0,1.0333989124195289
2016-09-13,JKH.N0000,14.817063,14.96673,14.817063,14.916841,4919210,tradingview_cselk_fallback,0.0033556979265152442,0.003350080136457682,0.010033424637294243,2874494.5,1.7113304617559713
2016-09-14,JKH.N0000,14.916841,15.116397,14.906863,14.906863,2000040,tradingview_cselk_fallback,-0.0006689083834842124,-0.000669132202512142,0.014056210216730352,2922581.5,0.6843401971852624
2016-09-15,JKH.N0000,14.946774,14.946774,14.777151,14.856974,841780,tradingview_cselk_fallback,-0.003346713523831313,-0.003352326295928926,0.011417062451613608,2605136.0,0.3231232457729654
2016-09-19,JKH.N0000,14.866952,14.916841,14.797107,14.866952,708990,tradingview_cselk_fallback,0.0006716037868814695,0.0006713783619833561,0.008053701928949481,2182278.5,0.3248852059899779
2016-09-20,JKH.N0000,14.866952,14.916841,14.827041,14.866952,1055910,tradingview_cselk_fallback,0.0,0.0,0.006040242815070656,1796406.5,0.5877901243398974
2016-09-21,JKH.N0000,14.856974,15.266065,14.856974,15.166286,10720490,tradingview_cselk_fallback,0.0201341875590908,0.019934175073872566,0.02697370997751197,2242761.5,4.780040142476139
2016-09-22,JKH.N0000,15.216175,15.365843,15.066508,15.166286,1413160,tradingview_cselk_fallback,0.0,0.0,0.01973686900009661,2249847.5,0.6281136832607543
2016-09-23,JKH.N0000,15.066508,15.186242,14.956752,14.96673,3937800,tradingview_cselk_fallback,-0.013157868709583798,-0.013245200375732567,0.01533334268741403,2383165.5,1.6523401333226753
2016-09-26,JKH.N0000,14.96673,15.066508,14.916841,15.016619,1790150,tradingview_cselk_fallback,0.003333326651847157,0.003327783433386099,0.009966757497143723,2454397.0,0.7293644834148673
2016-09-27,JKH.N0000,14.96673,15.266065,14.946774,15.166286,3472810,tradingview_cselk_fallback,0.009966757497143597,0.009917416942346506,0.021052682245343374,2514028.5,1.3813725659832417
2016-09-28,JKH.N0000,15.206198,15.266065,15.166286,15.256087,2393980,tradingview_cselk_fallback,0.00592109366788951,0.005903632883502023,0.006540274711333243,2616251.5,0.9150419980647885
2016-09-29,JKH.N0000,15.226153,15.315954,15.166286,15.266065,2185140,tradingview_cselk_fallback,0.0006540340258940347,0.0006538202388514425,0.009803967165081515,2719951.0,0.8033747666777821
2016-09-30,JKH.N0000,15.266065,15.465621,15.266065,15.365843,1783840,tradingview_cselk_fallback,0.006535934440211166,0.0065146678351696375,0.012986986786211546,2515055.5,0.7092646663264489
2016-10-03,JKH.N0000,15.385798,15.715066,15.365843,15.565399,7092080,tradingview_cselk_fallback,0.012986986786211352,0.01290337897101363,0.022435852752634242,2697838.0,2.6288012845841746
2016-10-04,JKH.N0000,15.615288,15.665177,15.465621,15.465621,708400,tradingview_cselk_fallback,-0.006410243643609648,-0.006430877481278283,0.012903199942634013,2706090.5,0.2617798628685922
2016-10-05,JKH.N0000,15.615288,15.665177,15.51551,15.585355,3244570,tradingview_cselk_fallback,0.0077419458293979115,0.0077121307523867816,0.009603053635929313,2826552.5,1.1478895226605557
2016-10-06,JKH.N0000,15.565399,15.715066,15.565399,15.675155,3693630,tradingview_cselk_fallback,0.0057618193489978875,0.005745283554993216,0.009548039556865682,2927819.0,1.2615636417415148
2016-10-07,JKH.N0000,15.675155,15.764956,15.675155,15.715066,1182740,tradingview_cselk_fallback,0.0025461311227863437,0.002542895222459643,0.005714325348681296,2892837.0,0.40885124187778293
2016-10-10,JKH.N0000,15.715066,15.764956,15.715066,15.715066,3044620,tradingview_cselk_fallback,0.0,0.0,0.003174660545491794,2958617.0,1.0290686493047259
2016-10-11,JKH.N0000,15.695111,15.715066,15.465621,15.545444,820470,tradingview_cselk_fallback,-0.010793591321856422,-0.01085226470832528,0.01604618047577153,2850490.5,0.28783467266423096
2016-10-12,JKH.N0000,15.485577,15.51551,15.375821,15.415732,990220,tradingview_cselk_fallback,-0.00834405244391856,-0.008379058916081058,0.00906145747733553,2654041.0,0.3730989837760607
2016-10-13,JKH.N0000,15.266065,15.365843,15.226153,15.236131,1934120,tradingview_cselk_fallback,-0.011650500929829333,-0.011718899788777585,0.009168338077429228,2650745.0,0.7296514753399516
2016-10-14,JKH.N0000,15.256087,15.266065,15.166286,15.166286,303790,tradingview_cselk_fallback,-0.004584169038714725,-0.004594708563914052,0.006579000290512776,2623845.5,0.11578044515197256
2016-10-17,JKH.N0000,15.066508,15.066508,15.026597,15.066508,2414900,tradingview_cselk_fallback,-0.006578934354791843,-0.006600670931539961,0.002648988073414226,2709141.0,0.8913895585353439
2016-10-18,JKH.N0000,15.266065,15.555421,14.956752,14.96673,1008780,tradingview_cselk_fallback,-0.006622503369725807,-0.006644529444192646,0.03999998663702766,2706784.5,0.3726857457621765
2016-10-19,JKH.N0000,15.266065,15.266065,14.96673,15.066508,9323680,tradingview_cselk_fallback,0.006666653303694314,0.006644529444192644,0.019867576481557587,2636944.0,3.5357899143857434
2016-10-20,JKH.N0000,15.066508,15.066508,14.956752,14.96673,3738560,tradingview_cselk_fallback,-0.006622503369725807,-0.006644529444192646,0.00733333199703615,2753214.0,1.3578893613064587
2016-10-21,JKH.N0000,14.96673,15.016619,14.916841,15.016619,5435540,tradingview_cselk_fallback,0.003333326651847157,0.003327783433386099,0.006644504998095815,2828101.0,1.9219752052702503
2016-10-24,JKH.N0000,14.96673,15.05653,14.936797,15.016619,2274780,tradingview_cselk_fallback,0.0,0.0,0.007973366041983225,2852332.5,0.7975157173997071
2016-10-25,JKH.N0000,15.036575,15.05653,14.96673,14.96673,83960,tradingview_cselk_fallback,-0.0033222524990479396,-0.0033277834333861243,0.00599997461035245,2682890.0,0.031294611407847506
2016-10-26,JKH.N0000,14.96673,14.96673,14.936797,14.96673,267240,tradingview_cselk_fallback,0.0,0.0,0.00199996926516345,2576553.0,0.10371997005301269
2016-10-27,JKH.N0000,14.956752,14.96673,14.926819,14.936797,141110,tradingview_cselk_fallback,-0.001999969265163437,-0.0020019718742441297,0.0026719918601022714,2474351.5,0.057029084186300934
2016-10-28,JKH.N0000,14.956752,14.96673,14.846996,14.846996,614210,tradingview_cselk_fallback,-0.006012065371176933,-0.006030210599610775,0.00806452699253097,2415870.0,0.2542396734923651
2016-10-31,JKH.N0000,14.906863,14.96673,14.827041,14.866952,105060,tradingview_cselk_fallback,0.0013441102833191554,0.0013432077757149425,0.009395940741585809,2066519.0,0.05083911640783366
2016-11-01,JKH.N0000,14.946774,14.946774,14.866952,14.916841,513350,tradingview_cselk_fallback,0.0033556979265152442,0.003350080136457682,0.005351132991227838,2056766.5,0.2495908018727454
2016-11-02,JKH.N0000,14.87693,15.016619,14.866952,14.96673,6386790,tradingview_cselk_fallback,0.0033444748790980583,0.0033388945616823415,0.009999979955541449,2213877.5,2.884888617369299
2016-11-03,JKH.N0000,14.96673,15.355865,14.96673,15.166286,1716390,tradingview_cselk_fallback,0.013333306607388407,0.013245200375732534,0.02565789673226521,2115015.5,0.8115259675401906
2016-11-04,JKH.N0000,15.066508,15.146331,15.066508,15.096442,3869300,tradingview_cselk_fallback,-0.00460521448692186,-0.004615851155814823,0.005287537288587557,2249343.5,1.720190802338549
2016-11-07,JKH.N0000,15.156309,15.186242,15.116397,15.146331,9297100,tradingview_cselk_fallback,0.0033046859650771587,0.003299237490777754,0.0046113477910921675,2561967.5,3.628890686552425
2016-11-08,JKH.N0000,15.166286,15.166286,15.05653,15.116397,417710,tradingview_cselk_fallback,-0.001976320205863802,-0.0019782757035263234,0.007260724893636962,2541829.5,0.16433438985581056
2016-11-09,JKH.N0000,15.066508,15.066508,14.936797,14.96673,3189110,tradingview_cselk_fallback,-0.009900970449505886,-0.009950311007169225,0.00866662256885775,2651774.0,1.2026326527072067
2016-11-10,JKH.N0000,14.96673,14.96673,14.916841,14.926819,667760,tradingview_cselk_fallback,-0.0026666479585053526,-0.0026702097976959217,0.0033422392272593575,2588456.0,0.2579761834854446
2016-11-11,JKH.N0000,15.066508,15.066508,14.906863,14.916841,166510,tradingview_cselk_fallback,-0.0006684612441538729,-0.0006686847639864551,0.010702333020778405,2581592.0,0.06449896033145439
2016-11-15,JKH.N0000,14.906863,14.906863,14.717285,14.717285,12440740,tradingview_cselk_fallback,-0.013377899516392233,-0.013468189781040796,0.01288131608513385,3082884.0,4.035422675650462
2016-11-16,JKH.N0000,14.717285,14.767174,14.577595,14.667395,15630880,tradingview_cselk_fallback,-0.0033898915458930867,-0.003395650246168867,0.012925199055456006,3813989.0,4.0983023286118545
2016-11-17,JKH.N0000,14.657418,14.667395,14.447883,14.517728,3447950,tradingview_cselk_fallback,-0.010204061457402713,-0.010256479783946686,0.015120272262987825,3520202.5,0.9794749023671223
2016-11-18,JKH.N0000,14.567617,14.667395,14.467839,14.567617,1787160,tradingview_cselk_fallback,0.0034364192523788084,0.003430528255837955,0.013698602866893134,3422632.5,0.5221594781210077
2016-11-21,JKH.N0000,14.617506,14.617506,14.348105,14.368061,6507350,tradingview_cselk_fallback,-0.013698602866893062,-0.013793294483491666,0.018749989995170552,3476223.0,1.87195988289589
2016-11-22,JKH.N0000,14.358083,14.567617,14.358083,14.467839,9903880,tradingview_cselk_fallback,0.006944430428016624,0.006920428924810883,0.014482743414548619,3857678.0,2.5673164012133722
2016-11-23,JKH.N0000,14.567617,14.567617,14.477817,14.567617,1721410,tradingview_cselk_fallback,0.006896537900373367,0.006872865558680698,0.006164357561020469,3939550.5,0.4369559420548106
2016-11-24,JKH.N0000,14.567617,14.767174,14.567617,14.567617,336110,tradingview_cselk_fallback,0.0,0.0,0.013698671512300222,3942994.0,0.08524233108140666
2016-11-25,JKH.N0000,14.487795,14.557639,14.467839,14.517728,493940,tradingview_cselk_fallback,-0.0034246507167232654,-0.0034305282558380326,0.006185540878021707,3960635.5,0.12471230942610094
2016-11-28,JKH.N0000,14.517728,14.547662,14.41795,14.547662,1274970,tradingview_cselk_fallback,0.0020618928802083047,0.00205977009655109,0.008916346832913865,3993673.5,0.3192474297160246
2016-11-29,JKH.N0000,14.547662,14.547662,14.397994,14.467839,5751580,tradingview_cselk_fallback,-0.005486998529385723,-0.005502107399393749,0.010344875969382859,4275999.5,1.3450843481155692
2016-11-30,JKH.N0000,14.467839,15.066508,14.467839,14.96673,7957070,tradingview_cselk_fallback,0.034482758620689724,0.033901551675681416,0.03999998663702766,4648185.5,1.7118658452852193
2016-12-01,JKH.N0000,14.956752,14.96673,14.866952,14.96673,26286570,tradingview_cselk_fallback,0.0,0.0,0.0066666533036942996,5643174.5,4.658117518783089
2016-12-02,JKH.N0000,14.936797,15.156309,14.916841,15.116397,8704180,tradingview_cselk_fallback,0.00999997995554125,0.009950311007169123,0.015841605641873556,5992564.0,1.4524967943604774
2016-12-05,JKH.N0000,14.96673,15.166286,14.96673,15.156309,29861990,tradingview_cselk_fallback,0.0026403117091990946,0.0026368322095350117,0.01316653018884739,7292198.5,4.095059946599095
2016-12-06,JKH.N0000,15.116397,15.166286,15.066508,15.116397,667840,tradingview_cselk_fallback,-0.002633358821069187,-0.002636832209534896,0.006600646966337205,6860735.5,0.09734233304869427
2016-12-07,JKH.N0000,15.156309,15.156309,15.066508,15.076486,4802070,tradingview_cselk_fallback,-0.0026402455558689475,-0.002643737151300242,0.005956361449213005,7079953.5,0.6782629292692388
2016-12-08,JKH.N0000,15.076486,15.565399,15.076486,15.465621,12742360,tradingview_cselk_fallback,0.02581072273738072,0.025483248967121938,0.031612891587088555,7557616.0,1.6860290334941601
2016-12-09,JKH.N0000,15.465621,15.51551,15.345887,15.355865,5976510,tradingview_cselk_fallback,-0.007096772900357595,-0.007122074771979209,0.011046137746066498,7823053.5,0.7639612844268545
2016-12-14,JKH.N0000,15.345887,15.455643,14.96673,15.166286,4637580,tradingview_cselk_fallback,-0.012345706347379304,-0.012422547675279082,0.03223683108705719,8046607.0,0.5763398162728713
2016-12-15,JKH.N0000,15.156309,15.156309,14.817063,14.916841,488100,tradingview_cselk_fallback,-0.016447335886979775,-0.01658409493741492,0.022742482808525012,7448975.0,0.06552579381727017
2016-12-16,JKH.N0000,14.896885,14.916841,14.667395,14.667395,3383230,tradingview_cselk_fallback,-0.01672244143381285,-0.016863840027209618,0.017006837274103473,6836592.5,0.4948708000367142
2016-12-19,JKH.N0000,14.667395,14.906863,14.657418,14.657418,2019030,tradingview_cselk_fallback,-0.0006802162210809426,-0.0006804476730988831,0.017018345250166142,6765146.5,0.29844586514127963
2016-12-20,JKH.N0000,14.657418,14.657418,14.557639,14.567617,674760,tradingview_cselk_fallback,-0.006126658869931911,-0.006145503855009764,0.006849370078853654,6709526.5,0.10056745435016912
2016-12-21,JKH.N0000,14.567617,14.567617,14.41795,14.467839,3711380,tradingview_cselk_fallback,-0.006849301433446531,-0.0068728655586807064,0.01034480685056012,6569728.0,0.5649214092272922
2016-12-22,JKH.N0000,14.467839,14.467839,14.437906,14.457861,214320,tradingview_cselk_fallback,-0.0006896676138019586,-0.0006899055439121394,0.002070361583916166,6085250.0,0.03521958834887638
2016-12-23,JKH.N0000,14.467839,14.467839,14.41795,14.41795,2309880,tradingview_cselk_fallback,-0.0027605051673964542,-0.002764322388376649,0.0034602006526586854,6114673.5,0.37776015350615205
2016-12-27,JKH.N0000,14.667395,14.96673,14.268283,14.27826,1345670,tradingview_cselk_fallback,-0.009688617313834524,-0.009735857341228959,0.04891681479395948,6165151.5,0.21827038638061044
2016-12-28,JKH.N0000,14.467839,14.467839,14.368061,14.437906,2182940,tradingview_cselk_fallback,0.011181054274120195,0.01111900835095782,0.0069108359619462,6249601.5,0.34929267090069666
2016-12-29,JKH.N0000,14.427928,14.467839,14.397994,14.41795,131460,tradingview_cselk_fallback,-0.0013821948972378983,-0.0013831510097289648,0.00484430865691718,6192426.0,0.02122915962177021
2016-12-30,JKH.N0000,14.467839,14.567617,14.368061,14.467839,1408270,tradingview_cselk_fallback,0.0034602006526587292,0.003454227932288812,0.013793075800746705,5975260.5,0.23568344844546946
2017-01-02,JKH.N0000,14.467839,14.467839,13.948992,13.968948,12310720,tradingview_cselk_fallback,-0.034482758620689724,-0.03509131981127017,0.03714288291430387,6192943.0,1.987862636552605
2017-01-03,JKH.N0000,13.968948,13.968948,13.779369,13.86917,5727970,tradingview_cselk_fallback,-0.007142842825386575,-0.007168475058138692,0.013669094834081519,5165013.0,1.10899430456419
2017-01-04,JKH.N0000,13.86917,14.268283,13.86917,14.018837,7085390,tradingview_cselk_fallback,0.010791345120147788,0.010733534089375673,0.028469765359280506,5084073.5,1.3936442893675711
2017-01-05,JKH.N0000,14.068726,14.068726,13.968948,13.968948,14800390,tradingview_cselk_fallback,-0.003558711753335886,-0.0035650590312368393,0.00714284282538675,4330993.5,3.4173198366610342
2017-01-06,JKH.N0000,14.018837,14.268283,13.968948,14.068726,2916570,tradingview_cselk_fallback,0.007142842825386797,0.007117453552935876,0.02127662447900407,4443430.0,0.6563780682940882
2017-01-09,JKH.N0000,14.118615,14.268283,13.998881,14.078704,12110500,tradingview_cselk_fallback,0.0007092326625737222,0.0007089812759429421,0.019135426101720688,4808851.5,2.518376789135618
2017-01-10,JKH.N0000,14.258305,14.258305,14.018837,14.068726,870550,tradingview_cselk_fallback,-0.000708730008103009,-0.0007089812759429217,0.017021299583203232,4215261.0,0.2065233920272078
2017-01-11,JKH.N0000,14.068726,14.168504,13.968948,14.148549,62924300,tradingview_cselk_fallback,0.005673790220948272,0.005657754898657418,0.014104343844729321,7062650.5,8.909445540310964
2017-01-13,JKH.N0000,14.158527,14.158527,14.128593,14.158527,62440,tradingview_cselk_fallback,0.0007052313279616307,0.0007049827692027453,0.0021142029817084094,6833893.5,0.009136811979876478
2017-01-16,JKH.N0000,14.158527,14.158527,14.068726,14.128593,1334780,tradingview_cselk_fallback,-0.0021142029817083907,-0.0021164410638954117,0.006355976140016177,6876227.5,0.1941151598023771
2017-01-17,JKH.N0000,14.118615,14.118615,14.058748,14.068726,21260760,tradingview_cselk_fallback,-0.004237293833858846,-0.004246296603964689,0.004255324895800839,7770104.0,2.7362259243891716
2017-01-18,JKH.N0000,14.068726,14.068726,14.028815,14.068726,124870,tradingview_cselk_fallback,0.0,0.0,0.002836859570653379,7675396.0,0.016268867430423134
2017-01-19,JKH.N0000,14.028815,14.068726,13.95897,13.968948,22761520,tradingview_cselk_fallback,-0.00709218446645421,-0.0071174535529358205,0.007857141425395748,8779734.0,2.5925067889300517
2017-01-23,JKH.N0000,14.058748,14.058748,13.919059,13.919059,220040,tradingview_cselk_fallback,-0.0035714214126932875,-0.003577814163490172,0.010035807736715452,8605167.0,0.02557068328830806
2017-01-24,JKH.N0000,13.919059,13.919059,13.769392,13.819281,789270,tradingview_cselk_fallback,-0.007168444361073556,-0.007194261109621177,0.010830302965834537,8633914.5,0.09141508176853037
2017-01-25,JKH.N0000,13.859192,13.859192,13.669613,13.719502,2877550,tradingview_cselk_fallback,-0.007220274339887811,-0.007246466674037711,0.013818212935134246,8662298.0,0.3321924505483418
2017-01-26,JKH.N0000,13.72948,13.968948,13.72948,13.769392,3389120,tradingview_cselk_fallback,0.0036364293689377103,0.0036298335449891366,0.017391327082560994,8764470.5,0.3866885055976856
2017-01-27,JKH.N0000,13.968948,14.068726,13.909081,14.058748,13071630,tradingview_cselk_fallback,0.021014435495771977,0.020796677668056606,0.01135556309850631,9308905.0,1.4042070469083099
2017-01-30,JKH.N0000,14.068726,14.118615,13.95897,13.968948,606050,tradingview_cselk_fallback,-0.006387482014756918,-0.006407969265896669,0.011428562838089124,9332634.5,0.06493879086339446
2017-01-31,JKH.N0000,13.968948,14.058748,13.968948,13.968948,10649200,tradingview_cselk_fallback,0.0,0.0,0.006428544225377625,9794681.0,1.0872431680010815
2017-02-01,JKH.N0000,13.968948,14.068726,13.968948,14.018837,199540,tradingview_cselk_fallback,0.0035714214126933985,0.003565059031236885,0.007117423506671815,9189122.0,0.02171480583237441
2017-02-02,JKH.N0000,14.068726,14.09866,13.968948,14.078704,321960,tradingview_cselk_fallback,0.004270468370521696,0.004261375797641825,0.009213348046808952,8918821.5,0.03609893975341921
2017-02-03,JKH.N0000,14.118615,14.168504,13.968948,14.088682,177930,tradingview_cselk_fallback,0.000708730008103009,0.0007084789775923842,0.014164277396565639,8573448.5,0.02075360923903608
2017-02-06,JKH.N0000,14.118615,14.168504,13.968948,14.168504,5971900,tradingview_cselk_fallback,0.00566568256704203,0.005649692953852995,0.014084479208249592,8132024.0,0.7343682212447971
2017-02-07,JKH.N0000,14.168504,14.368061,14.118615,14.368061,2958540,tradingview_cselk_fallback,0.014084549787331202,0.013986284126135048,0.017361145668855438,8134122.5,0.3637196267944084
2017-02-08,JKH.N0000,14.467839,14.567617,14.41795,14.527706,9378050,tradingview_cselk_fallback,0.011111102604589362,0.011049827773541451,0.010302177095268922,7997500.0,1.17262269459206
2017-02-09,JKH.N0000,14.557639,14.597551,14.497772,14.537684,22987980,tradingview_cselk_fallback,0.0006868255731495854,0.0006865898164086154,0.00686347288880401,9103371.5,2.525216069672648
2017-02-13,JKH.N0000,14.567617,14.956752,14.537684,14.956752,6451210,tradingview_cselk_fallback,0.028826324743336018,0.028418661988139974,0.028018650038457504,6279717.0,1.0273090331936934
2017-02-14,JKH.N0000,14.627484,14.96673,14.627484,14.916841,3439060,tradingview_cselk_fallback,-0.002668426941892177,-0.002671993539280224,0.022742482808524894,6448548.0,0.5333076531336977
2017-02-15,JKH.N0000,14.956752,14.956752,14.667395,14.767174,984380,tradingview_cselk_fallback,-0.010033424637294175,-0.010084098683352473,0.019594608961741696,6431028.0,0.15306728566568206
2017-02-16,JKH.N0000,14.797107,14.797107,14.64744,14.717285,535780,tradingview_cselk_fallback,-0.0033783715150915716,-0.0033840910976883853,0.010169470795734463,5394779.0,0.09931454096636767
2017-02-20,JKH.N0000,14.567617,14.567617,14.368061,14.477817,49320,tradingview_cselk_fallback,-0.016271207631027074,-0.016405037430576783,0.013783569719108855,5391001.5,0.00914857842276616
2017-02-21,JKH.N0000,14.437906,14.467839,14.397994,14.397994,92070,tradingview_cselk_fallback,-0.005513469330355458,-0.005528724601201549,0.00485102299667572,4257529.0,0.021625219699031997
2017-02-22,JKH.N0000,14.388016,14.447883,14.168504,14.168504,933840,tradingview_cselk_fallback,-0.015939025950420627,-0.016067418352125752,0.019718313238998184,4293219.0,0.21751510929211856
2017-02-23,JKH.N0000,14.268283,14.268283,14.068726,14.118615,3390300,tradingview_cselk_fallback,-0.003521119802062378,-0.0035273335348790947,0.014134318415793648,4423270.5,0.766469064010442
2017-02-27,JKH.N0000,14.208416,14.208416,13.95897,13.968948,21019430,tradingview_cselk_fallback,-0.010600685690487444,-0.010657273225445194,0.01785717865081887,5330364.5,3.9433382088598257
2017-02-28,JKH.N0000,13.968948,14.368061,13.968948,14.218394,664310,tradingview_cselk_fallback,0.01785717865081904,0.01769961226511725,0.028070188517775044,5194124.0,0.12789644606097197
2017-03-01,JKH.N0000,14.168504,14.248327,14.118615,14.168504,7035130,tradingview_cselk_fallback,-0.0035088351047242172,-0.003515005504792981,0.009154953832811114,4892299.0,1.438000825378825
2017-03-02,JKH.N0000,14.168504,14.218394,14.138571,14.138571,12390560,tradingview_cselk_fallback,-0.0021126436496047285,-0.002114878429283326,0.005645761512956246,5481524.5,2.2604222602671937
2017-03-03,JKH.N0000,14.138571,14.168504,14.128593,14.138571,379520,tradingview_cselk_fallback,0.0,0.0,0.002822845392225284,4968040.5,0.0763922918905351
2017-03-06,JKH.N0000,14.168504,14.168504,14.078704,14.118615,889410,tradingview_cselk_fallback,-0.001411458060365578,-0.0014124551055957825,0.006360397248596999,5002534.0,0.17779189506757975
2017-03-07,JKH.N0000,14.128593,14.168504,14.09866,14.09866,68380,tradingview_cselk_fallback,-0.001413382261645335,-0.0014143820285002994,0.004953945977844688,4989855.0,0.013703805020386364
2017-03-08,JKH.N0000,14.168504,14.168504,14.09866,14.148549,728980,tradingview_cselk_fallback,0.0035385632393432065,0.00353231725464827,0.004936477938479755,5017407.5,0.1452901722652585
2017-03-09,JKH.N0000,14.118615,14.118615,13.968948,13.968948,2919370,tradingview_cselk_fallback,-0.012693951867431719,-0.012775208451593096,0.010714264238080126,4864781.0,0.6001030673323219
2017-03-10,JKH.N0000,14.018837,14.018837,13.948992,13.95897,643960,tradingview_cselk_fallback,-0.0007142986000090445,-0.0007145538328028877,0.005003592671952088,4749052.0,0.13559758873981587
2017-03-13,JKH.N0000,13.929037,13.968948,13.779369,13.819281,1030830,tradingview_cselk_fallback,-0.010007113705380877,-0.010057521440308493,0.013718441646855461,4331691.0,0.2379740383143673
2017-03-14,JKH.N0000,13.86917,13.86917,13.769392,13.769392,6988350,tradingview_cselk_fallback,-0.0036101009886114754,-0.0036166331290485936,0.007246362076117855,3531709.5,1.9787442879999049
2017-03-15,JKH.N0000,13.769392,13.86917,13.759414,13.769392,1366150,tradingview_cselk_fallback,0.0,0.0,0.00797101280869924,3277456.5,0.4168323820621265
2017-03-16,JKH.N0000,13.769392,13.86917,13.749436,13.749436,2568490,tradingview_cselk_fallback,-0.0014493014651627556,-0.0014503527183758673,0.0087082844707231,3233928.0,0.7942322772801373
2017-03-17,JKH.N0000,13.749436,13.86917,13.749436,13.86917,5165570,tradingview_cselk_fallback,0.008708284470723138,0.008670586062397153,0.008633104937065528,3442987.5,1.5003162224666804
2017-03-20,JKH.N0000,13.968948,13.968948,13.749436,13.769392,7612930,tradingview_cselk_fallback,-0.007194230080098563,-0.007220233344021232,0.015942025617398353,3796845.0,2.005067365141321
2017-03-21,JKH.N0000,13.769392,13.769392,13.749436,13.769392,580850,tradingview_cselk_fallback,0.0,0.0,0.0014493014651627703,3823421.5,0.15191890300350092
2017-03-22,JKH.N0000,13.769392,13.769392,13.450101,13.460079,22552000,tradingview_cselk_fallback,-0.022463809585782646,-0.022719964366312333,0.0237213317990184,4946418.0,4.559258841448499
2017-03-23,JKH.N0000,13.470057,13.470057,13.450101,13.470057,11731550,tradingview_cselk_fallback,0.0007413032271208486,0.0007410285975976989,0.001481508207426333,5486303.5,2.1383341260650273
2017-03-24,JKH.N0000,13.470057,13.470057,13.460079,13.470057,3521150,tradingview_cselk_fallback,0.0,0.0,0.0007407541037131665,5492846.0,0.6410429129089
2017-03-27,JKH.N0000,13.470057,13.470057,13.450101,13.450101,1190390,tradingview_cselk_fallback,-0.0014815082074263186,-0.001482606725820722,0.0014837063305324272,4501394.0,0.2644491906285031
2017-03-28,JKH.N0000,13.470057,13.629702,13.360301,13.569835,9638880,tradingview_cselk_fallback,0.008902089285426129,0.008862699284870587,0.019852931152073715,4950122.5,1.9472002965583175
2017-03-29,JKH.N0000,13.470057,13.769392,13.470057,13.669613,598490,tradingview_cselk_fallback,0.0073529265462697335,0.007326025568661734,0.02189784012173565,4628290.5,0.12931124353581522
2017-03-30,JKH.N0000,13.649658,13.769392,13.589791,13.669613,10956350,tradingview_cselk_fallback,0.0,0.0,0.013138704073041416,4556580.0,2.4045117171211743
2017-03-31,JKH.N0000,13.669613,13.948992,13.669613,13.86917,11534960,tradingview_cselk_fallback,0.014598584466144038,0.0144930509850244,0.02014388748569673,5114352.0,2.255409874017275
2017-04-03,JKH.N0000,13.86917,14.168504,13.769392,13.968948,1912400,tradingview_cselk_fallback,0.0071942300800984516,0.007168475058138757,0.028571371301546872,5165501.5,0.3702254272891025
2017-04-04,JKH.N0000,14.118615,14.368061,13.998881,14.358083,11358840,tradingview_cselk_fallback,0.027857144288889968,0.027476192676961515,0.025712346139801535,5730024.5,1.9823370737769097
2017-04-05,JKH.N0000,14.318172,14.617506,14.268283,14.567617,14748810,tradingview_cselk_fallback,0.014593452343185431,0.014487992692989421,0.023972555017062865,6431016.0,2.2933872346142508
2017-04-06,JKH.N0000,14.607528,14.807085,14.567617,14.767174,14526630,tradingview_cselk_fallback,0.013698671512300198,0.013605692871965825,0.016216237446650284,7011379.0,2.071864892769311
2017-04-07,JKH.N0000,14.767174,14.906863,14.697329,14.866952,99155700,tradingview_cselk_fallback,0.006756743030182921,0.006734018546894806,0.014093944744020138,11936966.0,8.306608228590079
2017-04-11,JKH.N0000,14.866952,15.016619,14.866952,14.96673,4748290,tradingview_cselk_fallback,0.006711395853030266,0.006688974698139917,0.009999979955541449,12122839.0,0.39168135450780134
2017-04-12,JKH.N0000,14.96673,15.206198,14.96673,15.166286,53607010,tradingview_cselk_fallback,0.013333306607388407,0.013245200375732534,0.01578949520007736,14453772.0,3.708859528156387
2017-04-17,JKH.N0000,15.176264,15.176264,14.856974,14.976708,3248670,tradingview_cselk_fallback,-0.01249996208696047,-0.012578743813909433,0.021319104305165093,14547898.0,0.2233085494550484
2017-04-18,JKH.N0000,14.916841,15.156309,14.916841,15.116397,7309970,tradingview_cselk_fallback,0.009327083094629263,0.009283854445346015,0.015841605641873556,14784972.0,0.49441892754345423
2017-04-19,JKH.N0000,15.136353,15.455643,15.136353,15.415732,6635300,tradingview_cselk_fallback,0.01980200705234192,0.019608497721254944,0.02071195840716487,14858458.5,0.4465671859567397
2017-04-20,JKH.N0000,15.405754,15.51551,15.365843,15.465621,11797600,tradingview_cselk_fallback,0.003236239446819722,0.00323101409456675,0.009677399956975596,15067692.0,0.7829732649167503
2017-04-21,JKH.N0000,15.495554,15.844778,15.495554,15.814845,87959370,tradingview_cselk_fallback,0.02258066455915353,0.02232949536760773,0.02208203747807832,19436618.0,4.52544624790177
2017-04-24,JKH.N0000,15.864734,15.914623,15.465621,15.625266,4627170,tradingview_cselk_fallback,-0.011987408033401592,-0.01205983641002088,0.028735638804485,18540376.5,0.24957260172143753
2017-04-25,JKH.N0000,15.565399,15.565399,15.365843,15.465621,10177120,tradingview_cselk_fallback,-0.010217106063986292,-0.010269658957586802,0.012903199942634013,18462655.0,0.5512273288971711
2017-04-26,JKH.N0000,15.465621,15.665177,15.375821,15.665177,11309300,tradingview_cselk_fallback,0.012903199942634114,0.012820662894718993,0.018471288259302766,18852062.5,0.5998972260992663
2017-04-27,JKH.N0000,15.6552,15.924601,15.6552,15.914623,14780800,tradingview_cselk_fallback,0.015923599203507388,0.015798148694463176,0.016927890783212298,19531583.0,0.7567640574755257
2017-04-28,JKH.N0000,15.924601,16.114179,15.924601,16.06429,28077660,tradingview_cselk_fallback,0.00940436980505277,0.009360424026059936,0.011801206278024171,20453522.0,1.3727542865233675
2017-05-02,JKH.N0000,16.06429,16.114179,15.964512,16.014401,997700,tradingview_cselk_fallback,-0.0031055838757890752,-0.0031104162087977004,0.009345775717743105,20473482.5,0.0487313284391163
2017-05-03,JKH.N0000,15.964512,16.014401,15.715066,15.964512,1344510,tradingview_cselk_fallback,-0.0031152585725809923,-0.003120121091863961,0.018750025055573216,19992890.5,0.06724940548241386
2017-05-04,JKH.N0000,15.964512,16.313736,15.954534,16.213958,3853010,tradingview_cselk_fallback,0.015625031319466798,0.015504217373593625,0.02215387507479654,19608793.0,0.1964939912415823
2017-05-05,JKH.N0000,16.213958,16.363625,16.164068,16.263847,2078320,tradingview_cselk_fallback,0.003076916814512387,0.0030721927937692978,0.012269975240175259,19617089.0,0.10594436310096773
2017-05-08,JKH.N0000,16.263847,16.363625,16.263847,16.313736,1764230,tradingview_cselk_fallback,0.0030674784385269493,0.0030627833255297827,0.006116195578989423,19137358.5,0.09218774889961956
2017-05-09,JKH.N0000,16.213958,16.353647,16.213958,16.303758,283200,tradingview_cselk_fallback,-0.0006116318175064528,-0.0006118189405507079,0.008567901952420852,18414078.0,0.015379537330079737
2017-05-12,JKH.N0000,16.263847,16.453425,16.263847,16.413514,3648950,tradingview_cselk_fallback,0.006731944868170858,0.006709386511798348,0.01155011656857885,17870194.0,0.20419196344482887
2017-05-15,JKH.N0000,16.413514,16.413514,16.263847,16.393558,4549070,tradingview_cselk_fallback,-0.0012158273968633226,-0.0012165671146330127,0.00912962274571517,13139862.5,0.3462037749633986
2017-05-16,JKH.N0000,16.273824,16.553203,16.263847,16.473381,6225440,tradingview_cselk_fallback,0.004869168730790463,0.004857352669466917,0.017565064512257776,13213720.0,0.4711345480303805
2017-05-17,JKH.N0000,16.38358,16.692893,16.38358,16.672937,6359370,tradingview_cselk_fallback,0.012113845967625103,0.012041060553511401,0.01855180044163803,10851338.0,0.5860447808371649
2017-05-18,JKH.N0000,16.513292,16.61307,16.513292,16.563181,2369630,tradingview_cselk_fallback,-0.006582883387611926,-0.006604646124744273,0.006024084383307807,10807386.0,0.2192602355463199
2017-05-19,JKH.N0000,16.483359,16.862516,16.483359,16.812627,1941210,tradingview_cselk_fallback,0.015060271333145359,0.014947991354579734,0.022551918864315453,10538948.0,0.1841939062608526
2017-05-22,JKH.N0000,16.812627,16.812627,16.672937,16.782693,1217780,tradingview_cselk_fallback,-0.0017804475172142897,-0.0017820343977464684,0.008323455597978114,10268072.0,0.11859870090509689
2017-05-23,JKH.N0000,16.762738,16.812627,16.662959,16.762738,2399630,tradingview_cselk_fallback,-0.0011890225245733133,-0.0011897299726920504,0.008928612974801513,9798173.5,0.2449058490340062
2017-05-24,JKH.N0000,16.762738,16.962294,16.712849,16.932361,10512410,tradingview_cselk_fallback,0.010119050956949982,0.010068196141386033,0.01473184985838664,5925825.5,1.773999251243561
2017-05-25,JKH.N0000,16.942338,16.962294,16.912405,16.952316,2049490,tradingview_cselk_fallback,0.0011785125535652696,0.0011778186527728357,0.002942901725050447,5796941.5,0.3535467797975881
2017-05-26,JKH.N0000,16.942338,16.942338,16.762738,16.782693,145700,tradingview_cselk_fallback,-0.010005889460767525,-0.010056284821466744,0.010701500647125028,5295370.5,0.02751459978107292
2017-05-29,JKH.N0000,16.862516,16.912405,16.662959,16.672937,100980,tradingview_cselk_fallback,-0.006539832433328674,-0.0065613108320890165,0.014961131323173532,4734954.5,0.021326498491168182
2017-05-30,JKH.N0000,16.682915,16.682915,16.463403,16.662959,877240,tradingview_cselk_fallback,-0.0005984548493166431,-0.0005986339948972383,0.013173650610314872,4039776.5,0.21715062702107407
2017-05-31,JKH.N0000,16.662959,16.852538,16.662959,16.802649,6278390,tradingview_cselk_fallback,0.008383264941118629,0.008348320538542085,0.011282685248022404,2949813.0,2.1284027156975713
2017-06-01,JKH.N0000,16.812627,16.952316,16.812627,16.862516,3736420,tradingview_cselk_fallback,0.0035629501038794142,0.0035566178337423354,0.008283995104882369,3086749.0,1.2104709518007457
2017-06-02,JKH.N0000,16.932361,16.932361,16.812627,16.912405,3745960,tradingview_cselk_fallback,0.0029585739162529823,0.0029542059496246997,0.0070796554363498935,3206821.5,1.168122391595541
2017-06-05,JKH.N0000,16.912405,17.062072,16.902427,17.052094,6312150,tradingview_cselk_fallback,0.008259558590277383,0.008225635103567747,0.009362193288402066,3329778.5,1.8956666336814896
2017-06-06,JKH.N0000,16.862516,16.962294,16.852538,16.862516,1149220,tradingview_cselk_fallback,-0.011117578873304446,-0.011179841053192611,0.006508874476383053,3283323.5,0.3500172919299606
2017-06-07,JKH.N0000,16.862516,16.962294,16.862516,16.862516,1289510,tradingview_cselk_fallback,0.0,0.0,0.005917147832506169,3259587.5,0.3956052721394962
2017-06-09,JKH.N0000,16.912405,16.912405,16.762738,16.762738,216940,tradingview_cselk_fallback,-0.005917147832506187,-0.005934723517990486,0.008928553318676275,3256274.5,0.06662214748787303
2017-06-12,JKH.N0000,16.712849,16.762738,16.463403,16.762738,2637270,tradingview_cselk_fallback,0.0,0.0,0.017857166293477788,3205690.5,0.8226839116252801
2017-06-13,JKH.N0000,16.75276,16.942338,16.672937,16.902427,11546030,tradingview_cselk_fallback,0.008333304499539507,0.008298774219196675,0.01593859864030168,3555538.5,3.247336514567343
2017-06-14,JKH.N0000,16.802649,17.491118,16.802649,17.471163,16859470,tradingview_cselk_fallback,0.033648185553471155,0.03309447210959169,0.03940602008006,4087240.0,4.124903357767099
2017-06-15,JKH.N0000,17.461185,17.810409,17.461185,17.780475,14790190,tradingview_cselk_fallback,0.017704144824245427,0.017549251944259242,0.01964087011173771,4508781.0,3.2803079147113157
2017-06-16,JKH.N0000,17.76052,17.960076,17.660741,17.690675,9416440,tradingview_cselk_fallback,-0.005050483746919077,-0.005063280544820955,0.016920496250143042,4861121.5,1.9370920887289076
2017-06-19,JKH.N0000,17.700653,17.700653,17.062072,17.21174,4595700,tradingview_cselk_fallback,-0.027072737473273323,-0.027445955472581954,0.037101478409504125,4993846.0,0.9202726716042104
2017-06-20,JKH.N0000,17.411296,17.411296,17.21174,17.261629,24853940,tradingview_cselk_fallback,0.0028985448304470474,0.0028943521492090815,0.011560670200941127,6175654.0,4.024503315762185
2017-06-21,JKH.N0000,17.21174,17.461185,17.21174,17.461185,1276810,tradingview_cselk_fallback,0.011560670200941203,0.011494356252951,0.014285685650773499,6119513.0,0.20864568798203387
2017-06-22,JKH.N0000,17.461185,17.570941,17.361407,17.570941,2622950,tradingview_cselk_fallback,0.006285713140316673,0.006266040440403458,0.01192503008233887,5725040.0,0.458154004164163
2017-06-23,JKH.N0000,17.610852,17.910187,17.610852,17.810409,4893630,tradingview_cselk_fallback,0.013628638329614695,0.013536603699858908,0.016806744864758538,5867247.0,0.8340589717801211
2017-06-27,JKH.N0000,17.461185,17.860298,17.461185,17.860298,5088770,tradingview_cselk_fallback,0.0028011147863027386,0.0027971989749999773,0.022346379662870116,6114400.5,0.8322598429723405
2017-06-28,JKH.N0000,17.860298,17.870276,17.820387,17.85032,6754830,tradingview_cselk_fallback,-0.0005586692898404966,-0.0005588254036749131,0.002794851856997538,6447093.0,1.047732675796673
2017-06-29,JKH.N0000,17.76052,17.85032,17.76052,17.76052,133110,tradingview_cselk_fallback,-0.0050307221383146805,-0.005043418821153144,0.005056158265636385,6409886.5,0.020766358343474567
2017-06-30,JKH.N0000,17.810409,17.870276,17.810409,17.840342,6250750,tradingview_cselk_fallback,0.0044943503906416105,0.004484280957027266,0.0033557092123010063,6408504.5,0.9753835703790175
2017-07-03,JKH.N0000,17.85032,17.860298,17.670719,17.670719,7904660,tradingview_cselk_fallback,-0.009507833426063317,-0.009553321432162457,0.010728425934451336,6616916.5,1.1946138356136125
2017-07-04,JKH.N0000,17.710631,17.76052,17.600874,17.600874,9797800,tradingview_cselk_fallback,-0.003952583932775866,-0.00396041603749503,0.00907034502945698,6919508.5,1.4159676225558506
2017-07-05,JKH.N0000,17.660741,17.700653,17.511074,17.511074,16138420,tradingview_cselk_fallback,-0.005102019365629262,-0.005115079106069815,0.010826234872858076,7410822.0,2.177682853535006
2017-07-06,JKH.N0000,17.461185,17.76052,17.461185,17.76052,3548370,tradingview_cselk_fallback,0.014245042879722725,0.014144535618699857,0.016853954726550758,7530779.5,0.47118229925600663
2017-07-07,JKH.N0000,17.740564,17.840342,17.710631,17.76052,3419800,tradingview_cselk_fallback,0.0,0.0,0.007303333460957244,7637294.0,0.44777639828976074
2017-07-10,JKH.N0000,17.840342,17.840342,17.76052,17.770497,2477520,tradingview_cselk_fallback,0.000561751570336888,0.0005615938469882949,0.004491827099714772,7750323.0,0.31966667711784397
2017-07-11,JKH.N0000,17.471163,17.810409,17.471163,17.76052,4341760,tradingview_cselk_fallback,-0.0005614361826795644,-0.0005615938469882355,0.019101129921871615,7835547.5,0.5541106093734994
2017-07-12,JKH.N0000,17.76052,17.76052,17.560963,17.560963,1376750,tradingview_cselk_fallback,-0.011235988585919676,-0.011299589164693613,0.011363670659746772,7327083.5,0.18789877309300487
2017-07-13,JKH.N0000,17.660741,17.660741,17.461185,17.461185,1940070,tradingview_cselk_fallback,-0.005681806857630756,-0.005698009725740724,0.0114285485206188,6581113.5,0.29479357862465067
2017-07-14,JKH.N0000,17.640786,17.700653,17.640786,17.660741,1581020,tradingview_cselk_fallback,0.011428548520618698,0.011363736001209023,0.003389835115072496,5920655.0,0.26703464397097953
2017-07-17,JKH.N0000,17.700653,17.710631,17.471163,17.660741,2716420,tradingview_cselk_fallback,0.0,0.0,0.013559340460289783,5585654.0,0.48632084980559126
2017-07-18,JKH.N0000,17.62083,17.650764,17.560963,17.560963,3329090,tradingview_cselk_fallback,-0.005649706317532255,-0.0056657262754683845,0.005113671727455823,5522323.5,0.6028422637681403
2017-07-19,JKH.N0000,17.560963,17.560963,17.451207,17.461185,1505470,tradingview_cselk_fallback,-0.005681806857630756,-0.005698009725740724,0.006285713140316699,4354900.0,0.3456956531722887
2017-07-20,JKH.N0000,17.461185,17.461185,17.361407,17.361407,3778740,tradingview_cselk_fallback,-0.005714274260309349,-0.005730663189181277,0.005747114850772209,4479996.5,0.8434694089604757
2017-07-21,JKH.N0000,17.361407,17.361407,17.171828,17.21174,15970,tradingview_cselk_fallback,-0.008620672276158259,-0.008658045212978718,0.011014516835601654,4349647.5,0.00367156189093484
2017-07-24,JKH.N0000,17.181806,17.261629,17.062072,17.181806,16292160,tradingview_cselk_fallback,-0.0017391617581951069,-0.0017406758557674171,0.011614436806002736,4919574.0,3.311701379021842
2017-07-25,JKH.N0000,17.16185,17.361407,17.111961,17.221717,576860,tradingview_cselk_fallback,0.002322864080760878,0.002320170402551145,0.014484386196800175,4693978.5,0.12289361785530122
2017-07-26,JKH.N0000,17.231695,17.381362,17.231695,17.311518,276600,tradingview_cselk_fallback,0.005214404579984455,0.005200856648279137,0.008645515661884816,4370067.0,0.06329422409313175
2017-07-27,JKH.N0000,17.261629,17.371385,17.261629,17.361407,191410,tradingview_cselk_fallback,0.0028818385539615132,0.0028776940179158325,0.006321837855653108,4372982.0,0.04377104685086744
2017-07-28,JKH.N0000,17.361407,17.411296,17.311518,17.361407,1265060,tradingview_cselk_fallback,0.0,0.0,0.005747114850772209,4123697.5,0.3067780796239297
2017-07-31,JKH.N0000,17.361407,17.361407,17.191784,17.341451,2470380,tradingview_cselk_fallback,-0.0011494460097617454,-0.0011501071294892694,0.009781361432789067,3851983.5,0.641326734655016
2017-08-01,JKH.N0000,17.361407,17.361407,17.16185,17.16185,5061260,tradingview_cselk_fallback,-0.010356745810947365,-0.010410750098900651,0.011627942209027502,3615156.5,1.4000113134797898
2017-08-02,JKH.N0000,17.21174,17.21174,17.062072,17.16185,6391070,tradingview_cselk_fallback,0.0,0.0,0.008720971223964686,3127789.0,2.0433187788562464
2017-08-03,JKH.N0000,17.16185,17.16185,16.98225,17.062072,123330,tradingview_cselk_fallback,-0.005813941970125636,-0.005830908725188643,0.010526271369620328,2956537.0,0.041714343503903385
2017-08-04,JKH.N0000,17.062072,17.062072,16.912405,16.912405,1239610,tradingview_cselk_fallback,-0.008771912344526567,-0.008810612047429637,0.008849539731339267,2847527.5,0.4353285437980845
2017-08-08,JKH.N0000,16.872494,16.872494,16.363625,16.463403,4797820,tradingview_cselk_fallback,-0.026548678322213748,-0.026907458832743935,0.03090910184243201,2963542.5,1.618947593969042
2017-08-09,JKH.N0000,16.463403,16.463403,16.363625,16.453425,5096960,tradingview_cselk_fallback,-0.0006060715394017313,-0.0006062552749988625,0.006064269293475407,3001302.5,1.6982493434100694
2017-08-10,JKH.N0000,16.453425,16.463403,16.313736,16.323714,1790340,tradingview_cselk_fallback,-0.007883525770470357,-0.007914765051861885,0.009168685508702302,3021982.0,0.5924390019530229
2017-08-11,JKH.N0000,16.343669,16.343669,16.164068,16.263847,8512670,tradingview_cselk_fallback,-0.0036674864555946707,-0.0036742281725302976,0.01104295927033734,3350612.0,2.54063138316224
2017-08-14,JKH.N0000,16.463403,16.812627,16.263847,16.413514,4939580,tradingview_cselk_fallback,0.009202435315580626,0.009160350896777403,0.03343464415968456,3518540.0,1.4038720605705777
2017-08-15,JKH.N0000,16.463403,16.463403,16.014401,16.014401,7136670,tradingview_cselk_fallback,-0.02431612145942663,-0.024616639972276234,0.028037389597025834,3739552.5,1.9084288828676694
2017-08-16,JKH.N0000,16.06429,16.06429,15.954534,15.964512,4730600,tradingview_cselk_fallback,-0.0031152585725809923,-0.003120121091863961,0.00687499874722128,3809628.0,1.2417485381774809
2017-08-17,JKH.N0000,16.054312,16.263847,16.044335,16.074268,617610,tradingview_cselk_fallback,0.006874998747221417,0.006851473704877233,0.01365611174331535,3765235.0,0.16402960240197492
2017-08-18,JKH.N0000,16.164068,16.413514,16.114179,16.164068,3152710,tradingview_cselk_fallback,0.00558656854545414,0.0055710215474344986,0.01851854372302809,3733933.5,0.8443401576380511
2017-08-21,JKH.N0000,16.194002,16.194002,16.06429,16.06429,2175980,tradingview_cselk_fallback,-0.006172827285804594,-0.006191957951650001,0.008074555426975072,3841934.0,0.566376205317426
2017-08-22,JKH.N0000,16.044335,16.06429,15.934579,15.954534,8198280,tradingview_cselk_fallback,-0.006832296976710395,-0.006855743976639337,0.008130040024986024,3437240.0,2.3851345847249537
2017-08-23,JKH.N0000,15.964512,16.164068,15.784911,15.814845,3226320,tradingview_cselk_fallback,-0.008755442183394413,-0.00879399627099494,0.023974752835073696,3569713.0,0.903803751169912
2017-08-24,JKH.N0000,15.814845,15.964512,15.764956,15.764956,8108270,tradingview_cselk_fallback,-0.0031545677494784208,-0.0031595538871554184,0.012658202154195636,3961296.5,2.0468727852105997
2017-08-25,JKH.N0000,15.754978,16.154091,15.754978,16.154091,983170,tradingview_cselk_fallback,0.02468354494614511,0.024383828283496806,0.024706620756315016,4000884.5,0.2457381611491159
2017-08-28,JKH.N0000,16.164068,16.233913,16.094224,16.233913,278120,tradingview_cselk_fallback,0.004941287008968898,0.0049291189178745,0.008604764606044188,3951537.5,0.07038273077251576
2017-08-29,JKH.N0000,16.213958,16.213958,16.124157,16.134135,4987240,tradingview_cselk_fallback,-0.006146269232809143,-0.006165235299185497,0.005565901115864058,4077380.5,1.2231480481156958
2017-08-30,JKH.N0000,16.134135,16.463403,16.124157,16.463403,9899030,tradingview_cselk_fallback,0.020408159470588272,0.02020270359869595,0.020606067894954602,4319269.0,2.2918299369638704
2017-08-31,JKH.N0000,16.463403,16.463403,16.164068,16.164068,11076010,tradingview_cselk_fallback,-0.018181842478131593,-0.018349163414441982,0.01851854372302809,4553516.0,2.432408275275633
2017-09-04,JKH.N0000,16.164068,16.423492,16.154091,16.164068,3350260,tradingview_cselk_fallback,0.0,0.0,0.01666665841791797,4714862.5,0.7105742744353627
2017-09-06,JKH.N0000,16.164068,16.263847,16.144113,16.184024,2353280,tradingview_cselk_fallback,0.0012345902034067713,0.0012338287236008311,0.007398283640706264,4770546.0,0.49329363976366647
2017-09-07,JKH.N0000,16.144113,16.164068,15.864734,16.06429,2489230,tradingview_cselk_fallback,-0.007398283640706493,-0.007425786675250801,0.01863350325473457,4655116.5,0.534729904181775
2017-09-08,JKH.N0000,16.054312,16.054312,15.964512,16.004423,13587740,tradingview_cselk_fallback,-0.0037267131009214305,-0.0037336745972381042,0.005610948923307034,5079655.5,2.6749333690050436
2017-09-11,JKH.N0000,15.964512,16.014401,15.954534,15.954534,7778120,tradingview_cselk_fallback,-0.00311720078880684,-0.0031220693794012594,0.0037523502723425693,5379044.5,1.446004025436116
2017-09-12,JKH.N0000,15.964512,16.06429,15.954534,16.06429,16462460,tradingview_cselk_fallback,0.0068792983862768775,0.006855743976639372,0.006832296976710398,5776534.0,2.8498854157181452
2017-09-13,JKH.N0000,15.964512,16.164068,15.964512,16.074268,9065650,tradingview_cselk_fallback,0.0006211292251323552,0.0006209364042155381,0.012414624417111945,5982837.5,1.5152759873554982
2017-09-14,JKH.N0000,16.06429,16.164068,16.014401,16.164068,1274650,tradingview_cselk_fallback,0.00558656854545414,0.0055710215474344986,0.009259240928706863,5689736.5,0.2240261917225868
2017-09-15,JKH.N0000,16.164068,16.273824,16.114179,16.263847,4740640,tradingview_cselk_fallback,0.006172889151419003,0.006153914915051143,0.00981594330049964,5690238.5,0.8331179791497316
2017-09-18,JKH.N0000,16.273824,16.463403,16.263847,16.463403,3917210,tradingview_cselk_fallback,0.012269913754107575,0.012195248499390911,0.012121187824898728,5855218.5,0.6690117542154917
2017-09-19,JKH.N0000,16.463403,16.513292,16.453425,16.483359,34431060,tradingview_cselk_fallback,0.0012121430788034626,0.0012114090265061116,0.003631966033136848,7419136.0,4.6408449717056
2017-09-20,JKH.N0000,16.513292,16.563181,16.483359,16.513292,44910800,tradingview_cselk_fallback,0.001815952682945321,0.0018143058343033608,0.004833802975203252,9555877.0,4.699809342460142
2017-09-21,JKH.N0000,16.503314,16.533248,16.463403,16.513292,7771970,tradingview_cselk_fallback,0.0,0.0,0.004229623021260741,9534561.5,0.8151365954270682
2017-09-22,JKH.N0000,16.513292,16.513292,16.213958,16.213958,99770,tradingview_cselk_fallback,-0.01812685199292774,-0.018293156153969425,0.018461500887075086,9378234.0,0.01063846348896818
2017-09-25,JKH.N0000,16.223935,16.263847,16.164068,16.213958,12140700,tradingview_cselk_fallback,0.0,0.0,0.006153895304280303,9579855.5,1.2673155665030646
2017-09-26,JKH.N0000,16.213958,16.303758,16.164068,16.273824,1338870,tradingview_cselk_fallback,0.0036922508372108087,0.0036854512112317723,0.008583723161808686,9597640.5,0.13949991146261417
2017-09-27,JKH.N0000,16.303758,16.363625,16.263847,16.263847,1463430,tradingview_cselk_fallback,-0.0006130704129528874,-0.000613258417462435,0.006134956877053787,9656906.0,0.1515423262896004
2017-09-28,JKH.N0000,16.223935,16.283802,16.213958,16.263847,1167610,tradingview_cselk_fallback,0.0,0.0,0.004294432922296908,9465924.5,0.12334875478882174
2017-09-29,JKH.N0000,16.263847,16.263847,16.213958,16.233913,1696360,tradingview_cselk_fallback,-0.0018405239547566454,-0.0018422198001194696,0.003073134616404359,9055791.0,0.18732322775558755
2017-10-02,JKH.N0000,16.313736,16.403536,16.313736,16.363625,835680,tradingview_cselk_fallback,0.00799018696231757,0.007958434445358948,0.005487781588737235,8543774.5,0.09781157028430468
2017-10-03,JKH.N0000,16.403536,16.573159,16.38358,16.463403,2879090,tradingview_cselk_fallback,0.00609754867885326,0.006079033854151413,0.011515177026280772,8520216.0,0.3379127946991015
2017-10-04,JKH.N0000,16.363625,16.503314,16.263847,16.363625,292850,tradingview_cselk_fallback,-0.006060593912449397,-0.006079033854151472,0.014634104607017162,8417194.5,0.03479187750740464
2017-10-06,JKH.N0000,16.463403,16.52327,16.463403,16.463403,3299580,tradingview_cselk_fallback,0.00609754867885326,0.006079033854151413,0.0036363684956263634,8457712.0,0.3901267860622353
2017-10-09,JKH.N0000,16.273824,16.463403,16.273824,16.413514,117150,tradingview_cselk_fallback,-0.0030302969562246984,-0.00303489760261347,0.011550177493984431,7784182.5,0.015049749925570219
2017-10-10,JKH.N0000,16.363625,16.463403,16.263847,16.453425,37990260,tradingview_cselk_fallback,0.002431593868321036,0.0024286423276147287,0.012128538586950814,9294789.5,4.087264160205026
2017-10-11,JKH.N0000,16.263847,16.363625,16.263847,16.263847,7548970,tradingview_cselk_fallback,-0.011522099502079386,-0.011588993224392071,0.006134956877053787,8849115.0,0.8530762680787852
2017-10-12,JKH.N0000,16.263847,16.413514,16.263847,16.263847,4049300,tradingview_cselk_fallback,0.0,0.0,0.00920243531558068,8598297.5,0.47094206731041816
2017-10-13,JKH.N0000,16.263847,16.363625,16.213958,16.313736,7570780,tradingview_cselk_fallback,0.0030674784385269493,0.0030627833255297827,0.009174293368483917,8913104.0,0.8493988177407108
2017-10-16,JKH.N0000,16.453425,16.453425,16.213958,16.233913,2765290,tradingview_cselk_fallback,-0.0048929932420138655,-0.004905003125649258,0.014751033838853124,8814336.5,0.31372639335927327
2017-10-17,JKH.N0000,16.263847,16.363625,16.213958,16.213958,798740,tradingview_cselk_fallback,-0.001229216886895923,-0.001229972993649743,0.009230750443537434,8658413.0,0.09225016177906968
2017-10-19,JKH.N0000,16.20398,16.363625,16.06429,16.253869,15059420,tradingview_cselk_fallback,0.0024615211165590622,0.0024584965358182167,0.018416230621767605,7689831.0,1.9583551316017218
2017-10-20,JKH.N0000,16.263847,16.263847,16.154091,16.213958,504490,tradingview_cselk_fallback,-0.002455476908297949,-0.002458496535818102,0.006769229326978477,5469515.5,0.09223668897181113
2017-10-23,JKH.N0000,16.263847,16.263847,16.154091,16.164068,3633060,tradingview_cselk_fallback,-0.0030769784897679564,-0.0030817221212818243,0.00679012238750773,5262570.0,0.6903585130459072
2017-10-24,JKH.N0000,16.164068,16.164068,16.06429,16.094224,235470,tradingview_cselk_fallback,-0.004320941980694437,-0.0043303042293837525,0.006199615464529423,5269355.0,0.044686683664319445
2017-10-25,JKH.N0000,16.024379,16.024379,15.914623,15.954534,1935520,tradingview_cselk_fallback,-0.008679511357615022,-0.008717397698905581,0.006879298386276846,4759096.0,0.40669908738970595
2017-10-26,JKH.N0000,15.964512,16.164068,15.964512,16.06429,3474840,tradingview_cselk_fallback,0.0068792983862768775,0.006855743976639372,0.012422335503156454,4865894.5,0.7141215248296073
2017-10-27,JKH.N0000,16.084246,16.084246,15.994445,16.06429,484650,tradingview_cselk_fallback,0.0,0.0,0.00559010077631813,4816955.5,0.10061334384342974
2017-10-30,JKH.N0000,16.06429,16.06429,15.994445,16.06429,1046030,tradingview_cselk_fallback,0.0,0.0,0.004347842326053566,4810876.5,0.21743023334729128
2017-10-31,JKH.N0000,16.134135,16.134135,15.764956,15.864734,2165370,tradingview_cselk_fallback,-0.012422335503156301,-0.01250013770767936,0.023270418527029876,4834327.0,0.44791550095804444
2017-11-01,JKH.N0000,15.764956,16.06429,15.764956,16.06429,156990,tradingview_cselk_fallback,0.01257859098047276,0.01250013770767941,0.01863350325473457,4800392.5,0.032703575801353746
2017-11-02,JKH.N0000,16.06429,16.114179,15.964512,16.06429,706360,tradingview_cselk_fallback,0.0,0.0,0.00931675162736734,4691756.0,0.150553438840383
2017-11-06,JKH.N0000,16.06429,16.06429,15.954534,15.964512,10767860,tradingview_cselk_fallback,-0.0062111677515782615,-0.006230537300661777,0.00687499874722128,5215506.5,2.0645856735103294
2017-11-07,JKH.N0000,15.964512,16.06429,15.964512,16.044335,146540,tradingview_cselk_fallback,0.005000027561130604,0.004987568935049249,0.006218892836630536,5057854.5,0.028972759101710023
2017-11-08,JKH.N0000,15.964512,15.964512,15.864734,15.864734,1995030,tradingview_cselk_fallback,-0.011194044502311873,-0.011257169342066964,0.00628929549023632,5151748.5,0.3872529879903881
2017-11-09,JKH.N0000,15.884689,15.914623,15.854756,15.854756,4039390,tradingview_cselk_fallback,-0.0006289421556012753,-0.0006291400226878059,0.0037759647641376856,3454205.0,1.1694123539280383
2017-11-10,JKH.N0000,15.964512,15.964512,15.844778,15.904645,64100,tradingview_cselk_fallback,0.003146626791355134,0.00314168652201606,0.00752824096356752,3079961.5,0.020811948461044075
2017-11-13,JKH.N0000,15.904645,15.964512,15.745,15.764956,410470,tradingview_cselk_fallback,-0.008782905874353042,-0.008821702926438671,0.013924047742347009,2898020.0,0.14163808393316815
2017-11-14,JKH.N0000,15.764956,15.764956,15.365843,15.365843,2094180,tradingview_cselk_fallback,-0.025316467740220783,-0.025642442970187616,0.025974038651833148,2624190.0,0.7980291061241754
2017-11-15,JKH.N0000,15.325932,15.325932,14.866952,15.066508,26417290,tradingview_cselk_fallback,-0.019480545258727333,-0.019672791889062853,0.030463595147594943,3806790.0,6.939518597033196
2017-11-16,JKH.N0000,14.96673,15.216175,14.96673,15.016619,19590800,tradingview_cselk_fallback,-0.0033112516848629037,-0.003316746010806546,0.01661126249523942,4746393.0,4.127513250588394
2017-11-17,JKH.N0000,15.325932,15.415732,15.166286,15.365843,3262970,tradingview_cselk_fallback,0.02325583408622145,0.02298953789986951,0.016233798562174606,4156570.5,0.7850149540348227
2017-11-20,JKH.N0000,15.385798,15.445665,15.266065,15.355865,13507370,tradingview_cselk_fallback,-0.0006493623551926397,-0.0006495732822438112,0.011695856925025106,4806714.5,2.8101044902916534
2017-11-21,JKH.N0000,15.266065,15.266065,15.166286,15.166286,6374530,tradingview_cselk_fallback,-0.012345706347379304,-0.012422547675279082,0.006579000290512776,4943788.0,1.2894019727383133
2017-11-22,JKH.N0000,15.345887,15.345887,15.266065,15.266065,4144970,tradingview_cselk_fallback,0.0065790002905128375,0.0065574531223534524,0.005228721350262825,5139263.0,0.806530041369745
2017-11-23,JKH.N0000,15.276042,15.445665,15.276042,15.355865,338190,tradingview_cselk_fallback,0.005882327895236905,0.005865094552925686,0.011046137746066382,5059396.5,0.06684394077435915
2017-11-24,JKH.N0000,15.365843,15.365843,15.315954,15.345887,1774210,tradingview_cselk_fallback,-0.0006497843006564308,-0.000649995501970275,0.003250968810079228,4974365.0,0.35667065042472756
2017-11-27,JKH.N0000,15.365843,15.365843,15.315954,15.355865,1089140,tradingview_cselk_fallback,0.0006502067948239709,0.0006499955019703584,0.003248856381584515,5004589.5,0.21762823903938575
2017-11-28,JKH.N0000,15.325932,15.415732,15.315954,15.405754,3111580,tradingview_cselk_fallback,0.003248856381584453,0.003243590250543317,0.0064766709892940385,5107867.0,0.6091740446648278
2017-11-29,JKH.N0000,15.415732,15.565399,15.415732,15.465621,3424550,tradingview_cselk_fallback,0.003886015575738755,0.0038784845214357385,0.009677399956975481,5170826.0,0.6622829698775399
2017-11-30,JKH.N0000,15.465621,15.505532,15.395776,15.465621,1317110,tradingview_cselk_fallback,0.0,0.0,0.007096772900357564,5228832.0,0.2518937307605217
2017-12-04,JKH.N0000,15.475599,15.475599,15.455643,15.465621,16109780,tradingview_cselk_fallback,0.0,0.0,0.0012903458580809997,5999003.0,2.6854095588883684
2017-12-05,JKH.N0000,15.465621,15.495554,15.375821,15.495554,1685750,tradingview_cselk_fallback,0.0019354541275775627,0.0019335835494607907,0.007726926058919874,5544897.5,0.30401824379981773
2017-12-06,JKH.N0000,15.465621,15.465621,15.415732,15.415732,9409730,tradingview_cselk_fallback,-0.005151284039279891,-0.005164597644027435,0.0032362394468196704,6008057.0,1.5661852076303537
2017-12-07,JKH.N0000,15.465621,15.465621,15.375821,15.415732,30072870,tradingview_cselk_fallback,0.0,0.0,0.00582521803051586,7411949.0,4.0573498279602305
2017-12-08,JKH.N0000,15.415732,15.415732,15.166286,15.315954,5980,tradingview_cselk_fallback,-0.006472478893639333,-0.0064935162100094816,0.016286677277824204,7210278.5,0.0008293715700440698
2017-12-11,JKH.N0000,15.266065,15.266065,14.866952,14.96673,3569270,tradingview_cselk_fallback,-0.022801322072395824,-0.02306529251841468,0.02666668002963906,7385537.0,0.4832783316907085
2017-12-12,JKH.N0000,14.936797,14.936797,14.817063,14.866952,3452940,tradingview_cselk_fallback,-0.006666653303694314,-0.006688974698139969,0.008053701928949601,7537660.5,0.4580917381460733
2017-12-13,JKH.N0000,14.866952,14.866952,14.817063,14.817063,4745330,tradingview_cselk_fallback,-0.003355697926515133,-0.003361340908433844,0.003366996549856088,7670218.0,0.6186695084807238
2017-12-14,JKH.N0000,14.817063,14.817063,14.467839,14.767174,48276330,tradingview_cselk_fallback,-0.0033669965498559495,-0.0033726776384609483,0.023648668323404298,8763170.0,5.509003020596428
2017-12-15,JKH.N0000,14.817063,14.96673,14.817063,14.866952,947010,tradingview_cselk_fallback,0.006756743030182921,0.006734018546894806,0.010067093779545457,7830980.5,0.1209312167231166
2017-12-18,JKH.N0000,14.866952,14.96673,14.817063,14.866952,9079200,tradingview_cselk_fallback,0.0,0.0,0.010067093779545457,8121792.0,1.1178813739627904
2017-12-19,JKH.N0000,14.846996,14.856974,14.727262,14.747218,479550,tradingview_cselk_fallback,-0.008053701928949497,-0.008086308171638416,0.008795692855425315,7470401.0,0.06419334116066862
2017-12-20,JKH.N0000,14.767174,14.767174,14.687351,14.767174,11147730,tradingview_cselk_fallback,0.0013532043806498972,0.0013522896247434666,0.005405435054804736,7709061.0,1.446055492361521
2017-12-21,JKH.N0000,14.96673,14.96673,14.667395,14.727262,1922590,tradingview_cselk_fallback,-0.0027027513862842856,-0.0027064104132595414,0.02032523085418045,7597942.0,0.2530408892302679
2017-12-22,JKH.N0000,14.717285,14.767174,14.567617,14.747218,1123080,tradingview_cselk_fallback,0.0013550380240401338,0.0013541207885160143,0.013531840378300533,7637186.5,0.1470541540395799
2017-12-26,JKH.N0000,14.717285,14.767174,14.717285,14.767174,16500,tradingview_cselk_fallback,0.0013532043806498972,0.0013522896247434666,0.003378371515091533,7549301.0,0.0021856328155414654
2017-12-27,JKH.N0000,14.767174,14.767174,14.717285,14.717285,39980,tradingview_cselk_fallback,-0.0033783715150915716,-0.0033840910976883853,0.003389823598578154,7496843.0,0.005332911466866787
2017-12-28,JKH.N0000,14.697329,14.817063,14.687351,14.767174,179690,tradingview_cselk_fallback,0.00338982359857809,0.0033840910976882825,0.00878380656989615,7350248.5,0.024446792513205504
2017-12-29,JKH.N0000,14.767174,14.837018,14.727262,14.837018,784320,tradingview_cselk_fallback,0.004729679490469874,0.004718529699232762,0.0073974433407036945,7218237.0,0.10865811139201996
2018-01-02,JKH.N0000,14.837018,14.986686,14.817063,14.986686,375460,tradingview_cselk_fallback,0.010087471754768984,0.010036932800902227,0.011318246075216455,7171154.5,0.05235698101330825
2018-01-03,JKH.N0000,14.96673,15.615288,14.96673,15.565399,3999530,tradingview_cselk_fallback,0.038615141466231906,0.03788823104916887,0.041666647928524,6565642.0,0.6091605360146045
2018-01-04,JKH.N0000,15.565399,15.565399,15.465621,15.555421,6300310,tradingview_cselk_fallback,-0.0006410372133729414,-0.000641242765576508,0.006414355484174862,6796370.0,0.9270110367740426
2018-01-05,JKH.N0000,15.615288,15.964512,15.615288,15.964512,10089870,tradingview_cselk_fallback,0.026298934628641524,0.02595906359887837,0.02187501879167992,6830377.0,1.477205430974015
2018-01-08,JKH.N0000,15.964512,16.662959,15.964512,16.423492,3347910,tradingview_cselk_fallback,0.028750017538901274,0.02834449005789209,0.042527313923251014,5494129.0,0.6093613746601144
2018-01-09,JKH.N0000,15.994445,16.463403,15.994445,16.363625,7662950,tradingview_cselk_fallback,-0.0036452052949519365,-0.00365186524528986,0.028658564346225174,5876977.5,1.3038930300481837
2018-01-10,JKH.N0000,16.363625,16.393558,16.014401,16.014401,2020960,tradingview_cselk_fallback,-0.02134148148713988,-0.021572503720738257,0.02367600261789369,5799562.0,0.34846769462935306
2018-01-11,JKH.N0000,16.014401,16.313736,16.014401,16.213958,307450,tradingview_cselk_fallback,0.012461096734120991,0.012384096281729666,0.018461562562330506,5642287.5,0.05449031088897898
2018-01-12,JKH.N0000,16.213958,16.213958,15.485577,15.864734,4990600,tradingview_cselk_fallback,-0.021538479376843167,-0.021773817780611222,0.045911957931346496,5654551.0,0.8825811280152924
2018-01-16,JKH.N0000,15.864734,15.964512,15.665177,15.764956,502050,tradingview_cselk_fallback,-0.00628929549023638,-0.006309156427110274,0.018987366663122895,3265837.0,0.15372781923898834
2018-01-17,JKH.N0000,15.864734,15.964512,15.774933,15.964512,9936290,tradingview_cselk_fallback,0.012658202154195664,0.012578756834128013,0.011875026308351824,3715301.0,2.6744239564977375
2018-01-18,JKH.N0000,15.964512,16.154091,15.954534,15.964512,19438820,tradingview_cselk_fallback,0.0,0.0,0.01250003758335992,4233282.0,4.591902925437049
2018-01-19,JKH.N0000,15.964512,16.43347,15.964512,16.363625,5952960,tradingview_cselk_fallback,0.02500001252778672,0.02469262481260237,0.028658564346225282,4506952.5,1.3208393032764378
2018-01-22,JKH.N0000,16.363625,16.463403,16.104201,16.463403,7774850,tradingview_cselk_fallback,0.00609754867885326,0.006079033854151413,0.021818210973757964,4338308.5,1.7921385719803007
2018-01-23,JKH.N0000,16.363625,16.563181,16.363625,16.473381,15883300,tradingview_cselk_fallback,0.0006060715394016203,0.0006058879522204157,0.012113845967625055,5036344.0,3.153736122870082
2018-01-24,JKH.N0000,16.363625,16.563181,16.363625,16.473381,1926570,tradingview_cselk_fallback,0.0,0.0,0.012113845967625055,5076518.5,0.37950615170613483
2018-01-25,JKH.N0000,16.463403,16.563181,16.263847,16.563181,2859620,tradingview_cselk_fallback,0.005451218544632708,0.005436414428767029,0.01807225314992342,5218674.5,0.5479590650844386
2018-01-26,JKH.N0000,16.06429,16.563181,16.06429,16.553203,3179990,tradingview_cselk_fallback,-0.0006024205133060567,-0.0006026020414513294,0.030138638425445542,5375675.0,0.5915517586163598
2018-01-29,JKH.N0000,16.463403,16.533248,16.263847,16.263847,424810,tradingview_cselk_fallback,-0.017480363165968682,-0.0176349488389272,0.016564408162472385,5387931.0,0.07884473650460631
2018-01-30,JKH.N0000,16.06429,16.463403,15.964512,16.463403,1965530,tradingview_cselk_fallback,0.012269913754107575,0.012195248499390911,0.030303030303030328,5446991.5,0.3608469005321561
2018-02-01,JKH.N0000,16.363625,16.403536,16.283802,16.363625,3672530,tradingview_cselk_fallback,-0.006060593912449397,-0.006079033854151472,0.00731708285908517,5611845.0,0.6544247034620522
2018-02-02,JKH.N0000,16.453425,16.453425,15.964512,15.964512,2951300,tradingview_cselk_fallback,-0.02439025582656651,-0.02469262481260225,0.030624988724992044,5559433.5,0.5308634413920051
2018-02-06,JKH.N0000,15.964512,15.964512,15.764956,15.814845,8163340,tradingview_cselk_fallback,-0.009374981208320032,-0.009419202946972587,0.012618270997913631,5652585.0,1.4441781945782328
2018-02-07,JKH.N0000,15.814845,15.814845,15.675155,15.675155,4710150,tradingview_cselk_fallback,-0.00883284028392306,-0.008872081060227627,0.00891155462258586,5383599.0,0.8749072878570636
2018-02-08,JKH.N0000,15.764956,15.804867,15.715066,15.804867,604110,tradingview_cselk_fallback,0.008275005893083609,0.008240955746296711,0.0056818573671008794,5246409.0,0.11514733220379883
2018-02-09,JKH.N0000,15.794889,15.814845,15.794889,15.814845,667550,tradingview_cselk_fallback,0.000631324515416587,0.0006311253139308155,0.001261852392483172,4896639.0,0.13632820389659112
2018-02-12,JKH.N0000,15.814845,15.964512,15.465621,15.475599,836820,tradingview_cselk_fallback,-0.021451111281836743,-0.02168453047314731,0.03223726590486085,4837432.0,0.17298847818429283
2018-02-14,JKH.N0000,15.485577,15.754978,15.465621,15.665177,2024210,tradingview_cselk_fallback,0.01225012356549171,0.012175698000258587,0.018471352095159793,4923270.0,0.41115153140087785
2018-02-15,JKH.N0000,15.675155,15.764956,15.565399,15.665177,732620,tradingview_cselk_fallback,0.0,0.0,0.012738892129977237,4710371.0,0.15553339641399797
2018-02-16,JKH.N0000,15.764956,15.944556,15.665177,15.764956,472180,tradingview_cselk_fallback,0.006369477982917093,0.006349278585733296,0.017721521074971634,4708877.5,0.10027442845986119
2018-02-19,JKH.N0000,15.764956,15.764956,15.764956,15.764956,171280,tradingview_cselk_fallback,0.0,0.0,0.0,4220627.0,0.04058164817691779
2018-02-20,JKH.N0000,15.864734,15.964512,15.764956,15.954534,10404150,tradingview_cselk_fallback,0.0120252793601201,0.011953550158150427,0.012507792455736995,3768893.5,2.7605317051277782
2018-02-21,JKH.N0000,15.954534,15.97449,15.894667,15.894667,250910,tradingview_cselk_fallback,-0.003752350272342664,-0.003759407999534043,0.005021998888054673,3483791.0,0.0720221161372769
2018-02-22,JKH.N0000,15.904645,15.944556,15.814845,15.864734,2064480,tradingview_cselk_fallback,-0.0018832102616557211,-0.0018849857315060515,0.00817605892415217,3198272.5,0.6454984683137538
2018-02-23,JKH.N0000,15.864734,15.994445,15.814845,15.964512,3685860,tradingview_cselk_fallback,0.0062892954902362685,0.006269600407017608,0.011249952394410845,2588400.5,1.423991380004756
2018-02-26,JKH.N0000,15.964512,15.97449,15.864734,15.964512,449830,tradingview_cselk_fallback,0.0,0.0,0.00687499874722128,2514563.5,0.17888989480679252
2018-02-27,JKH.N0000,15.924601,15.994445,15.924601,15.964512,845350,tradingview_cselk_fallback,0.0,0.0,0.004374953647189565,2413850.0,0.35020817366447793
2018-02-28,JKH.N0000,15.964512,16.024379,15.964512,16.024379,571240,tradingview_cselk_fallback,0.0037500050111147765,0.003742991271227666,0.0037359950111015574,2283412.5,0.2501694284322259
2018-03-02,JKH.N0000,16.06429,16.273824,16.06429,16.263847,3333530,tradingview_cselk_fallback,0.014943980044406002,0.014833418896135224,0.012883421739026533,2428848.5,1.3724734169298745
2018-03-05,JKH.N0000,16.263847,16.453425,16.213958,16.313736,4064280,tradingview_cselk_fallback,0.0030674784385269493,0.0030627833255297827,0.014678857129966898,2533786.0,1.6040344370045458
2018-03-06,JKH.N0000,16.363625,16.363625,16.213958,16.253869,2236250,tradingview_cselk_fallback,-0.00366972960700096,-0.003676479583480883,0.009208084548977065,2461972.0,0.9083165852414243
2018-03-07,JKH.N0000,16.253869,16.253869,16.014401,16.213958,174840,tradingview_cselk_fallback,-0.002455476908297949,-0.002458496535818102,0.01476925004986458,2323149.0,0.07525991660457422
2018-03-08,JKH.N0000,16.06429,16.263847,16.06429,16.223935,4106920,tradingview_cselk_fallback,0.0006153340226981996,0.0006151447823451603,0.012300160226233564,2120328.0,1.936926739636509
2018-03-09,JKH.N0000,16.263847,16.423492,16.263847,16.313736,4225430,tradingview_cselk_fallback,0.005535093674869707,0.005519831336953802,0.009785925185990576,2096092.0,2.0158609450348552
2018-03-12,JKH.N0000,16.283802,16.283802,16.114179,16.263847,325550,tradingview_cselk_fallback,-0.003058097789494729,-0.0030627833255297446,0.0104294512854186,2082164.0,0.15635175711423308
2018-03-13,JKH.N0000,16.164068,16.263847,16.06429,16.06429,4567980,tradingview_cselk_fallback,-0.012269975240175257,-0.01234587286670106,0.012422397753028528,2277185.5,2.005976236894184
2018-03-14,JKH.N0000,16.213958,16.213958,16.164068,16.213958,366130,tradingview_cselk_fallback,0.009316813877239705,0.009273680072931889,0.003076978489767971,2253651.0,0.1624608246795977
2018-03-15,JKH.N0000,16.164068,16.353647,16.164068,16.213958,4594090,tradingview_cselk_fallback,0.0,0.0,0.01169233323535181,2382145.0,1.9285517884091858
2018-03-16,JKH.N0000,16.343669,16.443447,16.343669,16.443447,7970030,tradingview_cselk_fallback,0.014153792676655286,0.01405456297473118,0.0060679491349958795,2744015.5,2.904513476691367
2018-03-19,JKH.N0000,16.413514,16.413514,16.164068,16.213958,290,tradingview_cselk_fallback,-0.013956258684690415,-0.014054562974731188,0.015384645747817956,2720421.0,0.00010660114739593615
2018-03-20,JKH.N0000,16.164068,16.164068,15.914623,15.964512,68510,tradingview_cselk_fallback,-0.01538464574781817,-0.01550421737359356,0.015624968680533405,2715282.5,0.0252312604673731
2018-03-21,JKH.N0000,15.964512,15.964512,15.715066,15.764956,552830,tradingview_cselk_fallback,-0.012499974944426673,-0.012578756834127956,0.015822816124573955,2222716.5,0.24871817885906727
2018-03-22,JKH.N0000,15.954534,15.954534,15.814845,15.934579,797780,tradingview_cselk_fallback,0.010759497203798096,0.010702025689304256,0.008766406693267555,2250060.0,0.35455943397064965
2018-03-23,JKH.N0000,15.914623,15.914623,15.784911,15.854756,1914010,tradingview_cselk_fallback,-0.005009420079438498,-0.0050220092848816565,0.008181267501057814,2242536.5,0.8535022729841856
2018-03-26,JKH.N0000,15.814845,15.964512,15.814845,15.964512,3494540,tradingview_cselk_fallback,0.006922591555492907,0.006898740429705518,0.009374981208319998,2232970.5,1.564973652809117
2018-03-27,JKH.N0000,15.814845,16.054312,15.814845,15.864734,3010970,tradingview_cselk_fallback,-0.006249987472213281,-0.0062696004070176455,0.015094296569989729,2361027.5,1.2752795128392194
2018-03-28,JKH.N0000,15.854756,15.914623,15.854756,15.864734,3042520,tradingview_cselk_fallback,0.0,0.0,0.0037735899007194547,2470886.0,1.231347783750444
2018-03-29,JKH.N0000,15.944556,15.964512,15.864734,15.964512,103420,tradingview_cselk_fallback,0.0062892954902362685,0.006269600407017608,0.006249987472213295,2447495.0,0.04225544893860866
2018-04-02,JKH.N0000,15.964512,15.964512,15.894667,15.894667,87040,tradingview_cselk_fallback,-0.004375016286122579,-0.004384614675511676,0.004394241162774851,2285170.5,0.03808906162581742
2018-04-03,JKH.N0000,15.914623,15.964512,15.914623,15.914623,804580,tradingview_cselk_fallback,0.0012555154505595745,0.0012547279501133447,0.0031347899350175315,2122185.5,0.37912802627291536
2018-04-04,JKH.N0000,15.914623,15.964512,15.914623,15.964512,119420,tradingview_cselk_fallback,0.00313478993501759,0.0031298867253983,0.003124993736106592,2016344.0,0.059226005086433664
2018-04-05,JKH.N0000,15.964512,15.964512,15.914623,15.914623,2001830,tradingview_cselk_fallback,-0.0031249937361066404,-0.0031298867253982906,0.0031347899350175315,2107693.5,0.9497728203839885
2018-04-06,JKH.N0000,15.894667,15.914623,15.864734,15.864734,242890,tradingview_cselk_fallback,-0.00313478993501759,-0.003139713681619364,0.003144647745118216,1914492.0,0.12686916424827055
2018-04-09,JKH.N0000,15.914623,15.914623,15.725044,15.764956,169020,tradingview_cselk_fallback,-0.00628929549023638,-0.006309156427110274,0.012025342791949447,1711671.5,0.09874558289952248
2018-04-10,JKH.N0000,15.764956,15.814845,15.754978,15.764956,239950,tradingview_cselk_fallback,0.0,0.0,0.003797473332624624,1707391.5,0.14053601649065256
2018-04-11,JKH.N0000,15.764956,15.864734,15.764956,15.774933,3870,tradingview_cselk_fallback,0.0006328593622462186,0.0006326591912089849,0.006325098179497852,1479186.0,0.0026163038319724496
2018-04-12,JKH.N0000,15.864734,15.864734,15.774933,15.864734,1680,tradingview_cselk_fallback,0.005692639074917016,0.005676497235901154,0.0056604163675230594,1460963.5,0.001149926059069922
2018-04-16,JKH.N0000,15.864734,15.864734,15.814845,15.864734,459740,tradingview_cselk_fallback,0.0,0.0,0.003144647745118216,1254246.0,0.36654691344441204
2018-04-17,JKH.N0000,15.964512,15.964512,15.864734,15.914623,863190,tradingview_cselk_fallback,0.0031446477451182453,0.003139713681619447,0.006269579870035175,898904.0,0.9602693947295818
2018-04-18,JKH.N0000,15.914623,16.014401,15.914623,15.97449,753150,tradingview_cselk_fallback,0.003761760489079613,0.0037547027622056948,0.0062460835995389406,936547.0,0.8041774732074312
2018-04-19,JKH.N0000,15.924601,15.984468,15.914623,15.984468,704910,tradingview_cselk_fallback,0.0006246208799154385,0.0006244258854877942,0.004369554244783064,968367.0,0.7279368256043421
2018-04-23,JKH.N0000,15.964512,16.034357,15.964512,16.014401,443340,tradingview_cselk_fallback,0.0018726303559180035,0.0018708791695687041,0.004361386979132146,962892.5,0.4604252291922515
2018-04-24,JKH.N0000,16.024379,16.114179,15.97449,16.114179,549360,tradingview_cselk_fallback,0.0062305171451619845,0.006211187719875884,0.008668701024110544,950471.5,0.5779868202255407
2018-04-25,JKH.N0000,15.984468,16.423492,15.964512,16.413514,5892650,tradingview_cselk_fallback,0.018575876561877536,0.018405452252400287,0.027963542724610976,1149403.5,5.126702676649236
2018-04-26,JKH.N0000,16.413514,16.443447,16.313736,16.413514,742300,tradingview_cselk_fallback,0.0,0.0,0.00790269530339453,1011791.5,0.7336491757442121
2018-04-27,JKH.N0000,16.413514,16.423492,16.363625,16.413514,9085960,tradingview_cselk_fallback,0.0,0.0,0.0036474212651843208,1315541.0,6.9066338487359955
2018-05-01,JKH.N0000,16.413514,16.413514,16.313736,16.413514,14790,tradingview_cselk_fallback,0.0,0.0,0.006079015133505269,1164154.5,0.012704499273936578
2018-05-02,JKH.N0000,16.363625,16.393558,16.363625,16.38358,2550900,tradingview_cselk_fallback,-0.0018237410952950395,-0.0018254061357961967,0.0018270121670599325,1286528.5,1.9827776842876004
2018-05-03,JKH.N0000,16.363625,16.393558,16.363625,16.373603,2189280,tradingview_cselk_fallback,-0.0006089633645393056,-0.0006091488580386342,0.0018281254284716545,1391640.5,1.5731649086096589
2018-05-04,JKH.N0000,16.373603,16.373603,16.313736,16.363625,4701480,tradingview_cselk_fallback,-0.0006093955007947516,-0.0006095812577030624,0.003658541429542694,1586485.5,2.963456016459022
2018-05-08,JKH.N0000,16.263847,16.353647,16.263847,16.353647,3145060,tradingview_cselk_fallback,-0.0006097670901160646,-0.0006099530736764381,0.00549112989903722,1737767.5,1.8098278394549328
2018-05-09,JKH.N0000,16.263847,16.263847,16.164068,16.174046,3756460,tradingview_cselk_fallback,-0.01098232094651419,-0.011043071833160946,0.006169081007930734,1825499.0,2.0577716010800335
2018-05-10,JKH.N0000,16.174046,16.263847,13.749436,16.263847,5525680,tradingview_cselk_fallback,0.0055521667243927375,0.005536810261597829,0.1546012453265208,2089638.5,2.644323408091878
2018-05-11,JKH.N0000,16.213958,16.213958,16.164068,16.164068,5442430,tradingview_cselk_fallback,-0.006135018363121469,-0.006153914915051078,0.0030864755085168736,2353309.0,2.3126712216712724
2018-05-14,JKH.N0000,16.014401,16.213958,15.964512,15.964512,7292430,tradingview_cselk_fallback,-0.012345654571609188,-0.012422495252311762,0.015625031319466735,2705933.0,2.694978035302426
2018-05-16,JKH.N0000,15.964512,15.964512,15.814845,15.854756,2379060,tradingview_cselk_fallback,-0.006874998747221306,-0.006898740429705456,0.009439880374065618,2824692.5,0.8422368098474435
2018-05-17,JKH.N0000,15.864734,15.864734,15.715066,15.745,14191390,tradingview_cselk_fallback,-0.006922591555492907,-0.006946663851858552,0.009505747856462379,3534178.0,4.015471207166136
2018-05-18,JKH.N0000,15.764956,16.164068,15.764956,16.164068,10737580,tradingview_cselk_fallback,0.026615941568752133,0.026267899533875802,0.02469130914321819,4048070.0,2.652518360601472
2018-05-21,JKH.N0000,16.06429,16.164068,15.864734,16.014401,4347710,tradingview_cselk_fallback,-0.009259240928706891,-0.00930237416044775,0.0186915514354861,4222296.0,1.0297027967721828
2018-05-22,JKH.N0000,16.114179,16.114179,15.864734,15.964512,8451740,tradingview_cselk_fallback,-0.0031152585725809923,-0.003120121091863961,0.015624968680533405,4607225.5,1.8344532951556203
2018-05-23,JKH.N0000,16.114179,16.114179,15.864734,15.914623,36760,tradingview_cselk_fallback,-0.0031249937361066404,-0.0031298867253982906,0.015673949675088106,4573818.0,0.008037049134880313
2018-05-24,JKH.N0000,15.814845,15.874712,15.745,15.814845,3302700,tradingview_cselk_fallback,-0.006269579870035291,-0.006289316221574315,0.00820191408768163,4716786.0,0.7002013659301058
2018-05-25,JKH.N0000,15.954534,15.954534,15.665177,15.665177,6508020,tradingview_cselk_fallback,-0.00946376648016467,-0.009508832472888749,0.018471352095159904,5014719.0,1.297783584683409
2018-05-28,JKH.N0000,15.954534,15.954534,15.665177,15.665177,692060,tradingview_cselk_fallback,0.0,0.0,0.018471352095159904,4754689.5,0.14555314284981175
2018-05-30,JKH.N0000,15.764956,15.764956,15.266065,15.266065,8396610,tradingview_cselk_fallback,-0.025477656588240305,-0.025807832219623787,0.0326797377058201,5137405.0,1.6344068649444612
2018-05-31,JKH.N0000,15.226153,15.236131,14.87693,15.206198,89317670,tradingview_cselk_fallback,-0.003921573765079511,-0.003929283297744992,0.023622012550408758,9148990.5,9.762571072732014
2018-06-01,JKH.N0000,15.166286,15.764956,15.166286,15.465621,7403240,tradingview_cselk_fallback,0.017060346050998376,0.01691645262264987,0.038709729146989974,9518413.0,0.7777809178904088
2018-06-04,JKH.N0000,15.465621,15.645222,15.465621,15.565399,1889450,tradingview_cselk_fallback,0.006451599971317057,0.006430877481278445,0.011538477105533877,9485340.5,0.19919685540018306
2018-06-05,JKH.N0000,15.6552,15.954534,15.6552,15.854756,6424980,tradingview_cselk_fallback,0.018589757962516718,0.018419080403596383,0.018879760748131347,9697125.5,0.662565416937215
2018-06-06,JKH.N0000,15.764956,15.764956,15.585355,15.754978,1896510,tradingview_cselk_fallback,-0.00629325358271049,-0.006313139578684463,0.011399635086764316,9556877.0,0.19844453371116946
2018-06-07,JKH.N0000,15.615288,15.754978,15.565399,15.665177,2629780,tradingview_cselk_fallback,-0.005699849279383273,-0.005716155411471415,0.012101937948099798,9531113.0,0.27591531020563914
2018-06-08,JKH.N0000,15.51551,15.665177,15.51551,15.615288,1422680,tradingview_cselk_fallback,-0.0031847070735300242,-0.0031897890456989804,0.009584645508939643,9414424.0,0.15111705187699215
2018-06-11,JKH.N0000,15.575377,15.665177,15.565399,15.665177,83920,tradingview_cselk_fallback,0.0031948818363132236,0.0031897890456989804,0.006369414147060106,9142336.0,0.009179273218573458
2018-06-12,JKH.N0000,15.615288,15.615288,15.565399,15.615288,1263180,tradingview_cselk_fallback,-0.0031847070735300242,-0.0031897890456989804,0.0031948818363132523,8933373.5,0.14140011049577184
2018-06-13,JKH.N0000,15.645222,15.6552,15.575377,15.575377,1124770,tradingview_cselk_fallback,-0.002555892661089576,-0.0025591645309582588,0.005124948179424555,8624990.5,0.130408259580112
2018-06-14,JKH.N0000,15.595333,15.595333,15.565399,15.565399,1491180,tradingview_cselk_fallback,-0.0006406265479159678,-0.000640831836783263,0.0019231116401192668,8580596.5,0.17378512088291298
2018-06-18,JKH.N0000,15.565399,15.615288,15.465621,15.555421,5117710,tradingview_cselk_fallback,-0.0006410372133729414,-0.000641242765576508,0.009621533226262349,8126912.5,0.6297237727119617
2018-06-19,JKH.N0000,15.555421,15.565399,14.96673,14.96673,827300,tradingview_cselk_fallback,-0.037844748785648474,-0.0385794575386927,0.03999998663702754,7631398.5,0.10840739086027286
2018-06-20,JKH.N0000,14.986686,15.315954,14.96673,15.116397,5423510,tradingview_cselk_fallback,0.00999997995554125,0.009950311007169123,0.023102330535510515,7685188.5,0.7057094305494264
2018-06-21,JKH.N0000,15.315954,15.315954,14.87693,14.956752,4181440,tradingview_cselk_fallback,-0.010561048376805604,-0.010617212029571303,0.029352896939121534,7471673.5,0.5596390152754935
2018-06-22,JKH.N0000,14.96673,15.166286,14.96673,15.116397,1939510,tradingview_cselk_fallback,0.010673774627004473,0.010617212029571258,0.013201293932674526,7566811.0,0.2563180182510175
2018-06-25,JKH.N0000,15.156309,15.166286,14.946774,14.96673,829290,tradingview_cselk_fallback,-0.009900970449505886,-0.009950311007169225,0.01466666399407218,7443140.5,0.11141667955885019
2018-06-26,JKH.N0000,14.96673,14.96673,14.757196,14.767174,1490840,tradingview_cselk_fallback,-0.013333306607388518,-0.013422993245034822,0.014189173906937079,7192281.5,0.20728332171092023
2018-06-28,JKH.N0000,14.767174,14.906863,14.667395,14.667395,4274800,tradingview_cselk_fallback,-0.006756810747946762,-0.006779741343857251,0.016326552874590113,7371418.5,0.5799155210086091
2018-06-29,JKH.N0000,14.757196,14.767174,14.697329,14.707307,3820690,tradingview_cselk_fallback,0.002721137598053369,0.0027174420057649758,0.004748999935882268,7142622.5,0.5349141719305479
2018-07-02,JKH.N0000,14.717285,14.747218,14.41795,14.457861,1221390,tradingview_cselk_fallback,-0.016960684916688007,-0.017106164636466317,0.022774323255701574,2737808.5,0.44611958798433127
2018-07-03,JKH.N0000,14.437906,14.567617,13.86917,13.86917,13232900,tradingview_cselk_fallback,-0.04071771059356555,-0.041569889325496726,0.05035968266305769,3029291.5,4.368315165443801
2018-07-04,JKH.N0000,13.968948,13.968948,13.749436,13.749436,7341850,tradingview_cselk_fallback,-0.008633104937065483,-0.00867058606239707,0.015965163952906865,3301911.5,2.2235150760400453
2018-07-05,JKH.N0000,13.769392,14.158527,13.759414,14.158527,7424120,tradingview_cselk_fallback,0.029753293153260918,0.02931925234133169,0.028188878687733537,3351868.5,2.2149198275529005
2018-07-06,JKH.N0000,14.168504,14.268283,14.148549,14.168504,18751810,tradingview_cselk_fallback,0.0007046636984200383,0.0007044155395283013,0.008450715756582424,4194633.5,4.47042870372346
2018-07-09,JKH.N0000,14.268283,14.358083,14.068726,14.158527,1591380,tradingview_cselk_fallback,-0.0007041674971473011,-0.000704415539528411,0.020436942345768084,4142713.5,0.3841395259411494
2018-07-10,JKH.N0000,14.158527,14.218394,14.148549,14.168504,2241250,tradingview_cselk_fallback,0.0007046636984200383,0.0007044155395283013,0.004929595954520027,4183642.0,0.5357174442746296
2018-07-11,JKH.N0000,14.168504,14.178482,14.128593,14.158527,1546210,tradingview_cselk_fallback,-0.0007041674971473011,-0.000704415539528411,0.0035236010073646995,4256756.5,0.36323665683014755
2018-07-12,JKH.N0000,14.168504,14.168504,14.118615,14.118615,6591950,tradingview_cselk_fallback,-0.002818937308944558,-0.00282291799535071,0.0035335618968291363,4523195.0,1.4573658663842703
2018-07-13,JKH.N0000,14.168504,14.168504,14.118615,14.168504,4098410,tradingview_cselk_fallback,0.003533561896829074,0.0035273335348790526,0.003521119802062398,4671877.0,0.8772512632502953
2018-07-16,JKH.N0000,14.128593,14.457861,14.128593,14.457861,4354040,tradingview_cselk_fallback,0.020422551315226967,0.020216807507033738,0.02277432325570145,4815020.0,0.904262079908287
2018-07-17,JKH.N0000,14.467839,14.866952,14.467839,14.866952,3250350,tradingview_cselk_fallback,0.02829540275701925,0.027902482521453584,0.026845650675404068,4721652.0,0.6883925371882553
2018-07-18,JKH.N0000,14.866952,14.866952,14.577595,14.767174,1042940,tradingview_cselk_fallback,-0.006711395853030155,-0.0067340185468948,0.019594608961741696,4732434.0,0.2203813090684413
2018-07-19,JKH.N0000,14.697329,14.916841,14.697329,14.916841,13032010,tradingview_cselk_fallback,0.010135114545274382,0.010084098683352324,0.014715716283360528,5112859.0,2.5488694290220013
2018-07-20,JKH.N0000,14.916841,14.946774,14.767174,14.767174,1317090,tradingview_cselk_fallback,-0.010033424637294175,-0.010084098683352473,0.012162110367223875,4969641.5,0.2650271654404045
2018-07-23,JKH.N0000,14.767174,14.767174,14.667395,14.667395,155570,tradingview_cselk_fallback,-0.006756810747946762,-0.006779741343857251,0.00680277581670091,4880444.5,0.031876194883478336
2018-07-24,JKH.N0000,14.717285,14.717285,14.567617,14.567617,3152110,tradingview_cselk_fallback,-0.0068027076382685125,-0.006825951528108663,0.010274020795576938,4996585.5,0.6308528093835281
2018-07-25,JKH.N0000,14.567617,14.567617,14.41795,14.457861,163890,tradingview_cselk_fallback,-0.0075342453058726555,-0.007562771102592828,0.010351946252630377,4930238.0,0.03324180293121752
2018-07-26,JKH.N0000,14.467839,14.467839,14.158527,14.168504,2696810,tradingview_cselk_fallback,-0.020013818088304935,-0.02021680750703373,0.021830956888603075,4851338.5,0.5558898848225082
2018-07-30,JKH.N0000,14.168504,14.168504,13.86917,13.968948,4570390,tradingview_cselk_fallback,-0.014084479208249623,-0.014184606760324306,0.021428528476160124,4888823.5,0.934865003819426
2018-07-31,JKH.N0000,13.968948,13.968948,13.929037,13.929037,695690,tradingview_cselk_fallback,-0.002857122812684243,-0.0028612121791398095,0.0028653093534032562,4862538.5,0.14307136077174504
2018-08-01,JKH.N0000,13.95897,13.95897,13.569835,13.619724,4527470,tradingview_cselk_fallback,-0.022206344918173415,-0.022456617832027858,0.028571430669226582,4427267.0,1.0226331504289214
2018-08-02,JKH.N0000,13.669613,13.86917,13.669613,13.819281,924650,tradingview_cselk_fallback,0.014652059028509079,0.014545754738056435,0.014440476317110885,4106407.0,0.2251725169960016
2018-08-03,JKH.N0000,13.829259,13.829259,13.719502,13.769392,2635180,tradingview_cselk_fallback,-0.0036101009886114754,-0.0036166331290485936,0.00797108543354711,3866960.0,0.6814603719717814
2018-08-06,JKH.N0000,13.769392,13.86917,13.749436,13.769392,3231090,tradingview_cselk_fallback,0.0,0.0,0.008695663541280626,3090924.0,1.0453476047939063
2018-08-07,JKH.N0000,13.769392,13.769392,13.569835,13.619724,19927610,tradingview_cselk_fallback,-0.010869615739024674,-0.010929121609007726,0.01465205902850898,4007735.5,4.972286719021253
2018-08-08,JKH.N0000,13.619724,14.068726,13.619724,14.068726,2690400,tradingview_cselk_fallback,0.03296704103548653,0.03243528356410355,0.03191490117868527,4030193.0,0.6675610820623231
2018-08-09,JKH.N0000,14.068726,14.41795,14.068726,14.41795,3681800,tradingview_cselk_fallback,0.02482271671223102,0.024519638326045503,0.02422147392659841,4136972.5,0.8899744922162282
2018-08-10,JKH.N0000,14.41795,14.557639,14.318172,14.447883,4226460,tradingview_cselk_fallback,0.0020760926484000297,0.002073940546185292,0.016574538982631535,4018698.0,1.0516988338013953
2018-08-13,JKH.N0000,14.27826,14.447883,13.968948,14.158527,1155730,tradingview_cselk_fallback,-0.020027570821275376,-0.020230841204370853,0.033826612047990576,3871564.0,0.29851760167208913
2018-08-14,JKH.N0000,14.078704,14.078704,13.769392,14.018837,7636630,tradingview_cselk_fallback,-0.009866139323673973,-0.009915132189559023,0.0220640271372012,4035693.5,1.8922720469232859
2018-08-15,JKH.N0000,13.968948,14.008859,13.86917,13.95897,11087780,tradingview_cselk_fallback,-0.004270468370521696,-0.004279612864039737,0.010007113705380757,4427565.0,2.5042613716568813
2018-08-16,JKH.N0000,13.95897,13.95897,13.769392,13.769392,5733580,tradingview_cselk_fallback,-0.013581088002911468,-0.013674154569357146,0.013768073419654326,4662097.0,1.2298285514007967
2018-08-17,JKH.N0000,13.939015,13.939015,13.769392,13.769392,12370310,tradingview_cselk_fallback,0.0,0.0,0.012318844579339424,4629012.0,2.6723434719979124
2018-08-20,JKH.N0000,13.919059,13.919059,13.739458,13.739458,2542250,tradingview_cselk_fallback,-0.002173952197744078,-0.002176318662165528,0.013071913025972342,4690270.0,0.5420263652199128
2018-08-21,JKH.N0000,13.779369,13.919059,13.769392,13.879148,10181880,tradingview_cselk_fallback,0.010167067725669998,0.010115730763620994,0.010783587004043827,5191585.5,1.96122745161377
2018-08-23,JKH.N0000,13.86917,14.168504,13.86917,13.968948,8762620,tradingview_cselk_fallback,0.006470137792319752,0.006449296300704395,0.021428528476160124,5472111.0,1.601323511164156
2018-08-24,JKH.N0000,13.968948,13.968948,13.819281,13.86917,2529860,tradingview_cselk_fallback,-0.007142842825386575,-0.007168475058138692,0.010791345120147715,5590409.5,0.4525357221148111
2018-08-27,JKH.N0000,13.819281,13.86917,13.819281,13.86917,415480,tradingview_cselk_fallback,0.0,0.0,0.0035971150400492813,5476343.0,0.07586814777671888
2018-08-28,JKH.N0000,13.86917,13.86917,13.769392,13.819281,202790,tradingview_cselk_fallback,-0.003597115040049337,-0.003603600214972657,0.0072202019772230255,5257963.0,0.038568167938800635
2018-08-29,JKH.N0000,13.968948,14.068726,13.789347,13.968948,19625120,tradingview_cselk_fallback,0.010830302965834315,0.010772075273111248,0.020000002863494123,6204434.5,3.163079568331328
2018-08-30,JKH.N0000,14.068726,14.068726,13.968948,13.968948,4191200,tradingview_cselk_fallback,0.0,0.0,0.00714284282538675,6187621.0,0.6773524105629611
2018-08-31,JKH.N0000,13.968948,14.068726,13.948992,13.95897,3869880,tradingview_cselk_fallback,-0.0007142986000090445,-0.0007145538328028877,0.008577566969482657,6334882.5,0.6108842587056666
2018-09-03,JKH.N0000,13.968948,13.968948,13.919059,13.95897,434800,tradingview_cselk_fallback,0.0,0.0,0.0035739742975304423,6224863.5,0.06984892118517941
2018-09-04,JKH.N0000,13.948992,13.948992,13.719502,13.719502,2791540,tradingview_cselk_fallback,-0.017155133938965395,-0.017303988114346212,0.016727283541341384,6202886.0,0.4500389012469357
2018-09-05,JKH.N0000,14.068726,14.068726,13.669613,13.719502,8525290,tradingview_cselk_fallback,0.0,0.0,0.029090924728900496,5632770.0,1.5135164404014365
2018-09-07,JKH.N0000,13.769392,13.948992,13.769392,13.779369,7148050,tradingview_cselk_fallback,0.004363642353782282,0.004354149272741098,0.013033978551557813,5855652.5,1.2207093914811373
2018-09-10,JKH.N0000,13.779369,13.86917,13.689569,13.689569,13850920,tradingview_cselk_fallback,-0.006516989275778928,-0.006538317565044107,0.013119551097627682,6364108.5,2.176411668657126
2018-09-11,JKH.N0000,13.719502,13.859192,13.669613,13.689569,230560,tradingview_cselk_fallback,0.0,0.0,0.0138484272222157,6164313.5,0.03740238065439079
2018-09-12,JKH.N0000,13.669613,13.86917,13.539902,13.569835,3006090,tradingview_cselk_fallback,-0.008746367398418498,-0.008784841372372749,0.024264701818408316,6256831.5,0.480449249752051
2018-09-13,JKH.N0000,13.569835,13.769392,13.470057,13.470057,3596450,tradingview_cselk_fallback,-0.0073529265462696225,-0.007380092559049843,0.0222222519177164,6054822.5,0.5939810787186577
2018-09-14,JKH.N0000,13.470057,13.569835,13.32039,13.470057,7828130,tradingview_cselk_fallback,0.0,0.0,0.018518481399150702,5891840.0,1.3286392705844015
2018-09-17,JKH.N0000,13.480035,13.490013,13.370279,13.470057,419170,tradingview_cselk_fallback,0.0,0.0,0.008888900767086533,5626119.5,0.07450428310312285
2018-09-18,JKH.N0000,13.450101,13.450101,13.070944,13.160745,25448560,tradingview_cselk_fallback,-0.02296293178269404,-0.023230686802073065,0.028809691244682523,6280032.0,4.052297822686254
2018-09-19,JKH.N0000,13.170722,13.41019,13.170722,13.270501,9418070,tradingview_cselk_fallback,0.008339649465132881,0.00830506672743994,0.018045136351672063,6623823.0,1.4218480777641553
2018-09-20,JKH.N0000,13.370279,13.370279,12.86141,12.871388,21867170,tradingview_cselk_fallback,-0.030075202134418277,-0.03053673846378432,0.03953489709112962,7208087.5,3.0336992995714884
2018-09-21,JKH.N0000,12.961188,12.971166,12.671831,12.971166,12532990,tradingview_cselk_fallback,0.007751922325704097,0.0077220305555704034,0.023076953914551786,7396606.0,1.6944244427782147
2018-09-25,JKH.N0000,13.170722,13.170722,12.681809,12.781587,3374220,tradingview_cselk_fallback,-0.014615416994894659,-0.014723274412662593,0.03825135329439139,7438824.0,0.45359589096341035
2018-09-26,JKH.N0000,12.77161,13.270501,12.77161,13.250545,366370,tradingview_cselk_fallback,0.03669012306531272,0.03603306401815752,0.037650602295980926,7436368.5,0.04926732719068454
2018-09-27,JKH.N0000,13.32039,13.370279,13.170722,13.170722,7431270,tradingview_cselk_fallback,-0.006024129573538373,-0.006042347845098755,0.015151561167261782,7797792.5,0.9529966333420644
2018-09-28,JKH.N0000,13.260523,13.32039,13.070944,13.130811,25370350,tradingview_cselk_fallback,-0.0030302818630596473,-0.003034882463572744,0.018996998738310907,8085054.0,3.137932041022855
2018-10-01,JKH.N0000,13.270501,13.270501,13.120833,13.120833,41190,tradingview_cselk_fallback,-0.0007598921346138043,-0.0007601809989883762,0.01140689771754584,7877553.5,0.005228780737572903
2018-10-02,JKH.N0000,13.120833,13.170722,13.070944,13.120833,4653180,tradingview_cselk_fallback,0.0,0.0,0.007604547668581623,7916718.5,0.5877662569409282
2018-10-03,JKH.N0000,13.120833,13.32039,13.120833,13.32039,1639230,tradingview_cselk_fallback,0.015209171551836764,0.015094671608750125,0.01498131811455974,7976940.0,0.2054960924865926
2018-10-04,JKH.N0000,13.370279,13.41019,13.170722,13.270501,3116660,tradingview_cselk_fallback,-0.003745310760420728,-0.0037523419983712903,0.018045136351672063,7993196.0,0.3899141219607276
2018-10-05,JKH.N0000,13.270501,13.370279,13.270501,13.32039,9447190,tradingview_cselk_fallback,0.003759390847414057,0.003752341998371172,0.007490621520841401,8039291.0,1.1751272593565776
2018-10-08,JKH.N0000,13.32039,13.470057,13.270501,13.32039,1509400,tradingview_cselk_fallback,0.0,0.0,0.014981243041682801,7757358.5,0.19457654303330185
2018-10-09,JKH.N0000,13.420168,13.420168,13.170722,13.340345,14499380,tradingview_cselk_fallback,0.0014980792604419868,0.0014969582591329233,0.01869861686485625,7789781.5,1.8613333377836079
2018-10-10,JKH.N0000,13.270501,13.270501,13.140789,13.140789,1336290,tradingview_cselk_fallback,-0.014958833523420867,-0.01507184530612933,0.009870944583312282,7845068.0,0.1703350436223115
2018-10-11,JKH.N0000,13.170722,13.170722,12.971166,12.971166,275520,tradingview_cselk_fallback,-0.012908129032434768,-0.012992162859588785,0.01538458454698671,7708539.5,0.03574217917674288
2018-10-12,JKH.N0000,13.070944,13.070944,12.671831,12.691787,1886740,tradingview_cselk_fallback,-0.021538464622224418,-0.021773802701205106,0.031446556737833815,7623054.0,0.24750447786412114
2018-10-15,JKH.N0000,12.781587,12.871388,12.572053,12.671831,6886250,tradingview_cselk_fallback,-0.0015723554137806461,-0.0015735928618631696,0.02362207955582735,7575960.0,0.9089607125697602
2018-10-16,JKH.N0000,12.761632,13.060966,12.572053,12.881366,16955820,tradingview_cselk_fallback,0.01653549514667607,0.01640027246005992,0.03795505849302008,8402792.5,2.017879175286073
2018-10-17,JKH.N0000,13.060966,13.460079,12.881366,12.971166,5396360,tradingview_cselk_fallback,0.006971310340844417,0.006947123103008356,0.04461534144270457,7400182.5,0.729219853699554
2018-10-18,JKH.N0000,13.170722,13.270501,13.060966,13.110855,5674870,tradingview_cselk_fallback,0.010769193764076368,0.010711618984043696,0.01598179523761028,7213022.5,0.7867534033063116
2018-10-19,JKH.N0000,13.220611,13.220611,12.921277,13.021055,721590,tradingview_cselk_fallback,-0.00684928633563564,-0.006872850356747307,0.022988459844459606,6155743.5,0.1172222331875914
2018-10-22,JKH.N0000,12.871388,13.170722,12.871388,13.170722,4480580,tradingview_cselk_fallback,0.011494229922229815,0.0114286731330997,0.022727227861919795,5753123.0,0.7788083098518839
2018-10-23,JKH.N0000,13.170722,13.360301,12.971166,13.360301,6917200,tradingview_cselk_fallback,0.014393971720001453,0.014291361978120597,0.029126215045604104,5930272.0,1.1664220460714112
2018-10-25,JKH.N0000,13.370279,13.589791,13.350323,13.569835,5049500,tradingview_cselk_fallback,0.015683329290260728,0.015561616803380285,0.017647082665338265,6164428.5,0.8191351396159433
2018-10-26,JKH.N0000,13.569835,14.068726,13.569835,13.968948,4299000,tradingview_cselk_fallback,0.029411779877942523,0.028987551611824917,0.03571428571428575,6007815.0,0.715567972715538
2018-10-29,JKH.N0000,14.168504,14.368061,14.008859,14.158527,14735680,tradingview_cselk_fallback,0.013571458638116596,0.013480191220795995,0.02537001200760514,5476081.5,2.6909168535932126
2018-10-30,JKH.N0000,14.368061,14.866952,14.368061,14.767174,9326110,tradingview_cselk_fallback,0.04298801704442856,0.042089687021120877,0.03378378286867877,5940327.5,1.5699656289994113
2018-10-31,JKH.N0000,14.717285,15.116397,14.567617,15.066508,17713240,tradingview_cselk_fallback,0.020270229090548986,0.020067522689227325,0.03642383490587194,6593330.5,2.6865390715663353
2018-11-01,JKH.N0000,15.066508,15.445665,14.96673,15.415732,13617220,tradingview_cselk_fallback,0.023178828166420473,0.02291427928423156,0.031067937610747248,7192230.0,1.8933237674546004
2018-11-02,JKH.N0000,15.465621,15.475599,14.96673,15.066508,12562160,tradingview_cselk_fallback,-0.022653740996535165,-0.022914279284231537,0.033774846832457836,7664505.0,1.639004736770346
2018-11-05,JKH.N0000,15.066508,15.066508,14.896885,14.96673,227704000,tradingview_cselk_fallback,-0.006622503369725807,-0.006644529444192646,0.01133333734222515,18577345.5,12.257079462725178
2018-11-07,JKH.N0000,14.96673,14.96673,14.368061,14.467839,9534230,tradingview_cselk_fallback,-0.033333333333333326,-0.03390155167568134,0.04137929652106297,18978587.0,0.5023677473986867
2018-11-08,JKH.N0000,14.378039,14.378039,14.068726,14.368061,49423570,tradingview_cselk_fallback,-0.006896537900373256,-0.0069204289248108375,0.021527817845428097,20724796.5,2.384755382278422
2018-11-09,JKH.N0000,14.368061,14.50775,14.218394,14.467839,36354420,tradingview_cselk_fallback,0.006944430428016624,0.006920428924810883,0.019999946087318206,22475703.0,1.617498682911053
2018-11-12,JKH.N0000,15.066508,15.166286,14.956752,15.066508,7489850,tradingview_cselk_fallback,0.04137929652106309,0.040546081119874,0.013907270350900133,22836419.5,0.32797829799894856
2018-11-13,JKH.N0000,15.036575,15.266065,15.036575,15.206198,2257780,tradingview_cselk_fallback,0.009271557815520248,0.009228840756148262,0.015091872406238573,22854971.5,0.0987872594809405
2018-11-14,JKH.N0000,15.016619,15.216175,14.767174,15.176264,1933240,tradingview_cselk_fallback,-0.001968539407418035,-0.0019704795276708825,0.029585739942320395,22607321.0,0.08551389171675848
2018-11-15,JKH.N0000,15.116397,15.216175,15.116397,15.186242,1588510,tradingview_cselk_fallback,0.0006574740660811873,0.0006572580246966212,0.006570289081393579,21838955.5,0.07273745303432666
2018-11-16,JKH.N0000,15.226153,15.266065,15.166286,15.266065,3707060,tradingview_cselk_fallback,0.005256270774560257,0.005242504800719331,0.006535999944975987,21754490.5,0.170404358585185
2018-11-19,JKH.N0000,15.216175,15.465621,15.216175,15.276042,622340,tradingview_cselk_fallback,0.0006535410402090935,0.0006533275752638129,0.016329229783474064,21501864.0,0.02894353717426545
2018-11-21,JKH.N0000,15.28602,15.375821,15.266065,15.365843,9817980,tradingview_cselk_fallback,0.005878551525323017,0.005861340259905553,0.007142855748298408,21956683.5,0.44715223043589436
2018-11-23,JKH.N0000,15.365843,15.465621,15.365843,15.465621,7023160,tradingview_cselk_fallback,0.006493493393105787,0.006472501489735385,0.006451599971317064,22083812.5,0.31802298629369363
2018-11-26,JKH.N0000,15.365843,15.665177,15.365843,15.565399,9786180,tradingview_cselk_fallback,0.006451599971317057,0.006430877481278445,0.019230730930829335,22227261.5,0.4402782591998569
2018-11-27,JKH.N0000,15.565399,15.884689,15.475599,15.774933,7976830,tradingview_cselk_fallback,0.013461524500592681,0.01337172319038292,0.02593291521428326,22373628.0,0.3565282304684783
2018-11-28,JKH.N0000,15.774933,15.864734,15.764956,15.764956,4260840,tradingview_cselk_fallback,-0.0006324591045807626,-0.0006326591912091006,0.006329101077097874,22371720.0,0.19045652278859201
2018-11-29,JKH.N0000,15.665177,15.884689,15.665177,15.864734,9617550,tradingview_cselk_fallback,0.006329101077097832,0.006309156427110284,0.01383647529167523,22115813.5,0.4348720882458156
2018-11-30,JKH.N0000,15.884689,16.06429,15.874712,16.06429,24571050,tradingview_cselk_fallback,0.01257859098047276,0.01250013770767941,0.01180120627802406,22878060.5,1.074000569235316
2018-12-03,JKH.N0000,15.964512,16.114179,15.964512,16.06429,8705630,tradingview_cselk_fallback,0.0,0.0,0.00931675162736734,22427680.0,0.38816453596627026
2018-12-04,JKH.N0000,16.06429,16.06429,15.964512,15.984468,5540610,tradingview_cselk_fallback,-0.004968909301313662,-0.004981295378366431,0.006242184600701167,22023849.5,0.2515731866039132
2018-12-05,JKH.N0000,15.964512,16.014401,15.964512,15.964512,22738170,tradingview_cselk_fallback,-0.0012484619444326217,-0.001249241922295341,0.0031249937361067033,22532650.0,1.0091209866571398
2018-12-06,JKH.N0000,15.914623,16.084246,15.914623,16.06429,5812420,tradingview_cselk_fallback,0.006249987472213503,0.006230537300661838,0.010559010077631794,11438071.0,0.5081643574340463
2018-12-07,JKH.N0000,16.134135,16.154091,16.06429,16.06429,14681300,tradingview_cselk_fallback,0.0,0.0,0.005590100776318241,11695424.5,1.255302875068793
2018-12-10,JKH.N0000,15.964512,16.114179,15.964512,15.964512,20371040,tradingview_cselk_fallback,-0.0062111677515782615,-0.006230537300661777,0.00937498120832011,10242798.0,1.9888159465802215
2018-12-11,JKH.N0000,15.904645,15.964512,15.864734,15.964512,7850520,tradingview_cselk_fallback,0.0,0.0,0.006249987472213295,8817603.0,0.8903235947456468
2018-12-12,JKH.N0000,15.964512,15.964512,15.764956,15.964512,18846030,tradingview_cselk_fallback,0.0,0.0,0.012499974944426702,9385412.0,2.0080130739066115
2018-12-13,JKH.N0000,15.964512,16.06429,15.964512,15.97449,852360,tradingview_cselk_fallback,0.000625011275007914,0.0006248160368074525,0.0062460835995390524,9315141.0,0.09150264070076879
2018-12-14,JKH.N0000,15.964512,16.024379,15.964512,16.014401,3294620,tradingview_cselk_fallback,0.002498420919854194,0.00249530505505658,0.0037383227758565904,9383210.0,0.3511186470301741
2018-12-17,JKH.N0000,16.014401,16.06429,15.97449,16.06429,4090380,tradingview_cselk_fallback,0.0031152585725811033,0.003110416208797807,0.005590038526445944,9508303.5,0.43019030681971815
2018-12-18,JKH.N0000,16.014401,16.06429,15.964512,15.97449,3821760,tradingview_cselk_fallback,-0.005590038526445906,-0.005605721263854181,0.0062460835995390524,9514038.5,0.4016969239718759
2018-12-19,JKH.N0000,15.964512,16.054312,15.964512,16.044335,7279310,tradingview_cselk_fallback,0.004372283559600287,0.0043627528982416765,0.005596991087508477,9846887.0,0.739249876636139
2018-12-20,JKH.N0000,16.054312,16.054312,15.954534,15.954534,16139810,tradingview_cselk_fallback,-0.005597053414803432,-0.0056127756110269395,0.006253896227868442,10162978.5,1.5880984103233122
2018-12-21,JKH.N0000,15.954534,15.964512,15.665177,15.764956,9321920,tradingview_cselk_fallback,-0.011882390297328738,-0.011953550158150424,0.018987366663122895,10277916.5,0.9069853797703066
2018-12-24,JKH.N0000,15.764956,15.764956,15.645222,15.665177,61770,tradingview_cselk_fallback,-0.0063291645089272874,-0.006349278585733363,0.00764332251081487,9791696.0,0.0063084066335392765
2018-12-26,JKH.N0000,15.6552,15.6552,14.986686,15.565399,130980,tradingview_cselk_fallback,-0.0063694141470601595,-0.006389785413440611,0.042948722355270176,9399403.5,0.013934926828069462
2018-12-27,JKH.N0000,15.565399,15.565399,15.465621,15.465621,958190,tradingview_cselk_fallback,-0.006410243643609648,-0.006430877481278283,0.006451599971316949,9234271.0,0.10376455271888815
2018-12-28,JKH.N0000,15.465621,15.625266,15.465621,15.565399,4723340,tradingview_cselk_fallback,0.006451599971317057,0.006430877481278445,0.0102564026787877,8989560.5,0.5254250193877665
2018-12-31,JKH.N0000,15.475599,15.964512,15.465621,15.864734,2057660,tradingview_cselk_fallback,0.01923079517588988,0.019048220426284228,0.0314465404840698,7863891.0,0.2616592727442433
2019-01-02,JKH.N0000,15.864734,15.864734,15.764956,15.764956,22270,tradingview_cselk_fallback,-0.00628929549023638,-0.006309156427110274,0.006329101077097874,7429723.0,0.0029974199576484886
2019-01-03,JKH.N0000,15.764956,15.764956,15.665177,15.665177,10188070,tradingview_cselk_fallback,-0.0063291645089272874,-0.006349278585733363,0.0063694779829171315,7662096.0,1.3296714110603678
2019-01-07,JKH.N0000,15.665177,15.665177,15.465621,15.465621,12852400,tradingview_cselk_fallback,-0.012738828294120097,-0.012820662894718893,0.012903199942634013,7167807.5,1.793072707379488
2019-01-08,JKH.N0000,15.465621,15.465621,15.216175,15.365843,12081430,tradingview_cselk_fallback,-0.006451599971317057,-0.006472501489735364,0.016233798562174606,7481258.0,1.6148928428881881
2019-01-09,JKH.N0000,15.415732,15.465621,15.266065,15.266065,561860,tradingview_cselk_fallback,-0.006493493393105787,-0.006514667835169542,0.013071868880422112,6775286.0,0.08292786459494109
2019-01-10,JKH.N0000,15.266065,15.365843,15.166286,15.266065,14023520,tradingview_cselk_fallback,0.0,0.0,0.013071934385187042,6457910.0,2.1715260819676954
2019-01-11,JKH.N0000,15.206198,15.465621,15.206198,15.266065,11517560,tradingview_cselk_fallback,0.0,0.0,0.01699344264550164,6641262.0,1.7342426785752467
2019-01-14,JKH.N0000,15.266065,15.465621,15.19622,15.236131,21089070,tradingview_cselk_fallback,-0.0019608196349222284,-0.0019627445584393913,0.017681719853944563,6753414.0,3.122727260612188
2019-01-16,JKH.N0000,15.216175,15.365843,15.176264,15.266065,73320,tradingview_cselk_fallback,0.0019646720023607234,0.001962744558439475,0.012418327840212929,6714462.0,0.010919713299442309
2019-01-17,JKH.N0000,15.365843,15.465621,15.166286,15.415732,2806780,tradingview_cselk_fallback,0.009803901660316638,0.009756155230338254,0.01941750154971564,6690070.0,0.4195441901205817
2019-01-18,JKH.N0000,15.465621,15.465621,15.365843,15.415732,11013280,tradingview_cselk_fallback,0.0,0.0,0.006472478893639341,7036215.0,1.5652278959639523
2019-01-21,JKH.N0000,15.465621,15.465621,15.365843,15.415732,25082160,tradingview_cselk_fallback,0.0,0.0,0.006472478893639341,8099235.0,3.096855443754873
2019-01-22,JKH.N0000,15.405754,15.415732,15.166286,15.216175,673860,tradingview_cselk_fallback,-0.012945022656076333,-0.013029539636982439,0.016393476021404903,7768962.5,0.08673745046394547
2019-01-23,JKH.N0000,15.365843,15.365843,15.166286,15.266065,78110,tradingview_cselk_fallback,0.0032787477799118836,0.0032733844066442823,0.013071934385187042,6965877.5,0.011213231929502063
2019-01-24,JKH.N0000,15.266065,15.365843,15.166286,15.365843,3341810,tradingview_cselk_fallback,0.006535934440211166,0.0065146678351696375,0.01298705186562172,6666872.0,0.5012560613133116
2019-01-25,JKH.N0000,15.365843,15.665177,15.355865,15.415732,17610270,tradingview_cselk_fallback,0.0032467466965528935,0.003241487395168679,0.020064697544041388,7544297.0,2.3342493011608636
2019-01-28,JKH.N0000,15.665177,15.715066,15.465621,15.665177,1240230,tradingview_cselk_fallback,0.016181197234098166,0.016051676989285522,0.015923535367650152,7599759.5,0.16319332210446924
2019-01-29,JKH.N0000,15.665177,15.924601,15.665177,15.814845,912750,tradingview_cselk_fallback,0.009554185056447118,0.009508832472888702,0.016403828175363035,7597487.5,0.12013840101744162
2019-01-30,JKH.N0000,15.715066,15.794889,15.715066,15.794889,7700470,tradingview_cselk_fallback,-0.0012618523924832203,-0.0012626491985850848,0.005053723391155159,7746344.0,0.994077980528621
2019-01-31,JKH.N0000,15.764956,15.764956,15.465621,15.745,2193900,tradingview_cselk_fallback,-0.0031585533776147257,-0.003163552136006375,0.019011432200698588,7753156.0,0.2829686388355916
2019-02-01,JKH.N0000,15.764956,15.764956,15.565399,15.565399,12668570,tradingview_cselk_fallback,-0.011406859320419183,-0.011472416551737882,0.012820551532280055,8385471.0,1.5107761984985697
2019-02-05,JKH.N0000,15.565399,15.575377,15.51551,15.565399,16319230,tradingview_cselk_fallback,0.0,0.0,0.003846159035177883,8692029.0,1.8774937359274801
2019-02-06,JKH.N0000,15.565399,15.764956,15.565399,15.764956,77310,tradingview_cselk_fallback,0.012820551532280122,0.012739063999173957,0.012658265586025133,8053274.5,0.00959982178677754
2019-02-07,JKH.N0000,15.764956,15.764956,15.565399,15.565399,7825490,tradingview_cselk_fallback,-0.01265826558602512,-0.012739063999173877,0.012820551532280055,7840477.5,0.9980884455060295
2019-02-08,JKH.N0000,15.565399,15.764956,15.565399,15.715066,5046070,tradingview_cselk_fallback,0.009615365465414749,0.009569432048561326,0.012698451282355444,8064688.0,0.6256993450955574
2019-02-11,JKH.N0000,15.565399,15.754978,15.565399,15.754978,537570,tradingview_cselk_fallback,0.0025397284363934958,0.0025365087763507695,0.012032958725807182,7390390.5,0.0727390521515744
2019-02-12,JKH.N0000,15.735022,15.735022,15.365843,15.415732,165920,tradingview_cselk_fallback,-0.021532622895442888,-0.02176783240075701,0.02394819785398454,6822808.5,0.02431843133219993
2019-02-13,JKH.N0000,15.415732,15.415732,15.365843,15.415732,205220,tradingview_cselk_fallback,0.0,0.0,0.0032362394468196704,5778616.0,0.03551369393640277
2019-02-14,JKH.N0000,15.415732,15.415732,15.315954,15.315954,112610,tradingview_cselk_fallback,-0.006472478893639333,-0.0064935162100094816,0.006514644794571764,5780580.5,0.019480742461764868
2019-02-15,JKH.N0000,15.365843,15.365843,15.236131,15.266065,9466190,tradingview_cselk_fallback,-0.0032573223972859333,-0.003262639020328761,0.008496754075133285,6113551.0,1.5483947054665939
2019-02-18,JKH.N0000,15.365843,15.365843,15.266065,15.266065,374420,tradingview_cselk_fallback,0.0,0.0,0.006535934440211056,5581608.0,0.06708102754618382
2019-02-20,JKH.N0000,15.266065,15.445665,15.266065,15.276042,2629580,tradingview_cselk_fallback,0.0006535410402090935,0.0006533275752638129,0.0117569721266805,4458979.0,0.589726930761504
2019-02-21,JKH.N0000,15.415732,15.415732,15.266065,15.266065,95350,tradingview_cselk_fallback,-0.0006531142032734083,-0.0006533275752639103,0.009803901660316585,4430053.5,0.021523442098385494
2019-02-22,JKH.N0000,15.315954,15.565399,15.266065,15.565399,1886560,tradingview_cselk_fallback,0.019607803320633055,0.01941804680618324,0.019230730930829335,4520476.0,0.4173365813688647
2019-02-25,JKH.N0000,15.465621,15.565399,15.266065,15.565399,6398180,tradingview_cselk_fallback,0.0,0.0,0.019230730930829335,4673294.5,1.369094115511017
2019-02-26,JKH.N0000,15.365843,15.555421,15.266065,15.465621,1154620,tradingview_cselk_fallback,-0.006410243643609648,-0.006430877481278283,0.01870962698491069,3850512.0,0.29986142102660635
2019-02-27,JKH.N0000,15.465621,15.764956,15.465621,15.764956,1463880,tradingview_cselk_fallback,0.01935486457349489,0.01916994148045219,0.018987366663122895,3861694.5,0.37907711239198233
2019-02-28,JKH.N0000,15.764956,15.914623,15.764956,15.914623,50684710,tradingview_cselk_fallback,0.009493651615646748,0.009448870108729681,0.00940436980505293,6350292.5,7.981476443801604
2019-03-01,JKH.N0000,15.645222,15.864734,15.465621,15.465621,149640,tradingview_cselk_fallback,-0.028213172250451723,-0.028618811589182017,0.025806464544811995,5972751.0,0.025053781749816793
2019-03-05,JKH.N0000,15.565399,15.764956,15.565399,15.764956,45382190,tradingview_cselk_fallback,0.01935486457349489,0.01916994148045219,0.012658265586025133,8132165.5,5.58057875236307
2019-03-06,JKH.N0000,15.565399,15.6552,15.465621,15.615288,20092220,tradingview_cselk_fallback,-0.009493715047476203,-0.009539067631432351,0.012140602209834372,8503348.0,2.362859899418441
2019-03-07,JKH.N0000,15.565399,15.615288,15.565399,15.615288,27538420,tradingview_cselk_fallback,0.0,0.0,0.0031948818363132523,9064307.5,3.0381162598466567
2019-03-08,JKH.N0000,15.575377,15.575377,15.475599,15.475599,176190,tradingview_cselk_fallback,-0.008945656333715912,-0.008985908954559476,0.006447440257401268,9069251.5,0.019427182055762816
2019-03-11,JKH.N0000,15.665177,15.665177,15.465621,15.465621,3118370,tradingview_cselk_fallback,-0.0006447569493109873,-0.0006449648944603539,0.012903199942634013,8833895.5,0.3530005533798764
2019-03-12,JKH.N0000,15.465621,15.465621,15.166286,15.365843,2332980,tradingview_cselk_fallback,-0.006451599971317057,-0.006472501489735364,0.019480545258727493,8698241.0,0.2682128490116565
2019-03-13,JKH.N0000,15.315954,15.365843,14.96673,14.976708,786370,tradingview_cselk_fallback,-0.02532467629664048,-0.025650864771432302,0.026648913766630145,8710681.0,0.09027652372988977
2019-03-14,JKH.N0000,15.166286,15.266065,14.96673,15.166286,8405660,tradingview_cselk_fallback,0.012658188969164597,0.01257874381390942,0.01973686900009661,9122668.0,0.9214036946209158
2019-03-15,JKH.N0000,15.016619,15.166286,15.016619,15.066508,17148040,tradingview_cselk_fallback,-0.006578934354791843,-0.006600670931539961,0.009933755054588569,9969809.0,1.7199968424670924
2019-03-18,JKH.N0000,15.016619,15.156309,15.016619,15.026597,1446450,tradingview_cselk_fallback,-0.0026489880734141824,-0.0026525028507617208,0.009296183294194944,10036501.0,0.1441189514154385
2019-03-19,JKH.N0000,15.166286,15.166286,14.976708,15.116397,3267560,tradingview_cselk_fallback,0.005976070297220248,0.005958284413738362,0.01254121600537477,9726569.5,0.3359416698765171
2019-03-21,JKH.N0000,15.156309,15.156309,15.016619,15.016619,145230,tradingview_cselk_fallback,-0.00660064696633722,-0.006622527573783127,0.009302360271643028,9715110.0,0.014948878602506818
2019-03-22,JKH.N0000,15.156309,15.156309,14.986686,15.016619,2281040,tradingview_cselk_fallback,0.0,0.0,0.011295685133917271,9697683.0,0.23521494773545393
2019-03-25,JKH.N0000,15.016619,15.016619,14.96673,14.96673,4940800,tradingview_cselk_fallback,-0.0033222524990479396,-0.0033277834333861243,0.0033333266518471498,9939955.5,0.49706459953467597
2019-03-26,JKH.N0000,14.96673,15.006641,14.797107,14.96673,4714300,tradingview_cselk_fallback,0.0,0.0,0.01399998530073033,10081342.5,0.46762621148919403
2019-03-27,JKH.N0000,15.016619,15.266065,14.96673,15.266065,1232760,tradingview_cselk_fallback,0.02000002672594481,0.019802653498086045,0.019607868825397983,9823071.5,0.12549638878226632
2019-03-28,JKH.N0000,15.365843,15.665177,15.365843,15.565399,11293000,tradingview_cselk_fallback,0.019607803320633055,0.01941804680618324,0.019230730930829335,10329990.5,1.0932246259084168
2019-03-29,JKH.N0000,15.565399,15.6552,15.565399,15.595333,5787840,tradingview_cselk_fallback,0.0019231116401192683,0.0019212648283002262,0.005758197019582804,10546188.5,0.5488086999393194
2019-04-01,JKH.N0000,15.565399,15.565399,15.435688,15.435688,18557190,tradingview_cselk_fallback,-0.010236716330455975,-0.010289471848735464,0.008403318336053345,8939812.5,2.075791858050714
2019-04-02,JKH.N0000,15.365843,15.465621,15.365843,15.415732,2413300,tradingview_cselk_fallback,-0.0012928481062846053,-0.0012936845554097373,0.006472478893639341,9052995.5,0.26657474865639774
2019-04-03,JKH.N0000,15.465621,15.465621,15.216175,15.415732,8070950,tradingview_cselk_fallback,0.0,0.0,0.01618126210289597,7187433.5,1.1229251721076794
2019-04-04,JKH.N0000,15.415732,15.465621,15.365843,15.465621,14105880,tradingview_cselk_fallback,0.003236239446819722,0.00323101409456675,0.006451599971317064,6888116.5,2.0478573496833277
2019-04-05,JKH.N0000,15.266065,15.455643,15.266065,15.365843,1198010,tradingview_cselk_fallback,-0.006451599971317057,-0.006472501489735364,0.01233762443101891,5571096.0,0.21504027214752716
2019-04-08,JKH.N0000,15.365843,15.365843,15.066508,15.206198,6369050,tradingview_cselk_fallback,-0.01038960244485121,-0.010443951132914566,0.019685065260888965,5880739.0,1.0830356524919742
2019-04-09,JKH.N0000,15.066508,15.266065,15.066508,15.266065,8130,tradingview_cselk_fallback,0.00393701305217764,0.0039292832977449255,0.013071934385186926,5725227.0,0.0014200310310840077
2019-04-10,JKH.N0000,15.365843,15.365843,15.116397,15.166286,4526940,tradingview_cselk_fallback,-0.006535999944976001,-0.006557453122353406,0.01644740182270074,5834925.0,0.7758351649764136
2019-04-11,JKH.N0000,15.266065,15.266065,15.116397,15.266065,6343430,tradingview_cselk_fallback,0.0065790002905128375,0.0065574531223534524,0.009803967165081515,6112778.0,1.0377327624199668
2019-04-16,JKH.N0000,15.066508,15.365843,15.066508,15.266065,2123150,tradingview_cselk_fallback,0.0,0.0,0.019607868825397983,5798652.5,0.36614541050701005
2019-04-17,JKH.N0000,15.266065,15.266065,15.216175,15.216175,7930,tradingview_cselk_fallback,-0.0032680327248704177,-0.003273384406644165,0.0032787477799118073,4941647.0,0.001604728140233408
2019-04-18,JKH.N0000,15.216175,15.216175,15.116397,15.166286,1070580,tradingview_cselk_fallback,-0.0032786820603732947,-0.003284068715709206,0.006578934354791977,4922853.5,0.21747143196522098
2019-04-23,JKH.N0000,14.96673,14.96673,13.968948,14.467839,7806040,tradingview_cselk_fallback,-0.04605260641926445,-0.04714675205141403,0.06896551724137936,5149777.5,1.5158014108376527
2019-04-24,JKH.N0000,13.968948,14.368061,13.95897,14.268283,118439140,tradingview_cselk_fallback,-0.013793075800746735,-0.013889084126459658,0.02867135450004742,11064473.0,10.704453795494825
2019-04-25,JKH.N0000,13.968948,14.368061,13.95897,13.968948,21804420,tradingview_cselk_fallback,-0.0209790484250979,-0.021202235684810517,0.02928574148890812,12040642.0,1.810901777496582
2019-04-26,JKH.N0000,14.358083,14.358083,14.268283,14.308194,66090,tradingview_cselk_fallback,0.02428572287619657,0.023995513943018437,0.006276124016769714,11796906.5,0.0056023161665306066
2019-04-29,JKH.N0000,14.368061,14.617506,14.368061,14.617506,2868800,tradingview_cselk_fallback,0.021617822626671224,0.02138747138146271,0.017064812561048356,11704631.5,0.2450995573846131
2019-04-30,JKH.N0000,14.637462,14.96673,14.637462,14.936797,2078790,tradingview_cselk_fallback,0.021843055853713933,0.021607914288226168,0.022044083480548125,11746933.0,0.1769644893692677
2019-05-02,JKH.N0000,14.946774,14.946774,14.567617,14.567617,1812900,tradingview_cselk_fallback,-0.024716142289407883,-0.025026714242756543,0.026027386634341038,11272928.0,0.1608189105793987
2019-05-03,JKH.N0000,14.757196,14.757196,14.467839,14.467839,247190,tradingview_cselk_fallback,-0.006849301433446531,-0.0068728655586807064,0.020000015206141065,10995895.5,0.02248020636427474
2019-05-06,JKH.N0000,14.467839,14.467839,13.919059,13.919059,12964260,tradingview_cselk_fallback,-0.0379310275708763,-0.038669133974760295,0.03942651582984158,10716249.0,1.2097759206602983
2019-05-07,JKH.N0000,13.968948,13.968948,13.789347,13.819281,1793560,tradingview_cselk_fallback,-0.007168444361073556,-0.007194261109621177,0.012996406976600294,10685262.0,0.16785362867096754
2019-05-08,JKH.N0000,13.968948,13.968948,13.72948,13.769392,6193270,tradingview_cselk_fallback,-0.0036101009886114754,-0.0036166331290485936,0.017391327082560994,10591378.0,0.584746385220129
2019-05-09,JKH.N0000,13.749436,13.769392,13.619724,13.759414,855820,tradingview_cselk_fallback,-0.0007246507325814333,-0.0007249134188350725,0.010877498126010318,9928875.0,0.08619506238118618
2019-05-10,JKH.N0000,13.759414,13.759414,13.659636,13.719502,2489890,tradingview_cselk_fallback,-0.002900704928276654,-0.002904920126154068,0.007272712959989277,9993469.0,0.2491517209889779
2019-05-13,JKH.N0000,13.709525,13.968948,13.569835,13.569835,3643680,tradingview_cselk_fallback,-0.010909069439984154,-0.010969009664675837,0.0294117798779425,9857200.5,0.3696465340235293
2019-05-14,JKH.N0000,13.569835,13.968948,13.450101,13.470057,15560450,tradingview_cselk_fallback,-0.0073529265462696225,-0.007380092559049843,0.03851854524446327,10634816.5,1.4631611180127087
2019-05-15,JKH.N0000,13.470057,13.519946,13.460079,13.519946,9855140,tradingview_cselk_fallback,0.0037036962798300266,0.0036968544848468054,0.004428050230378049,10901226.5,0.9040395592184054
2019-05-16,JKH.N0000,13.490013,13.719502,13.490013,13.619724,31619060,tradingview_cselk_fallback,0.007380059062366051,0.00735295967486019,0.016849754077248626,12165008.0,2.5991811924825696
2019-05-17,JKH.N0000,13.719502,13.719502,13.569835,13.569835,50994640,tradingview_cselk_fallback,-0.0036629964013955574,-0.003669721600657247,0.011029389819404649,14608582.5,3.4907315613955014
2019-05-21,JKH.N0000,13.719502,13.968948,13.719502,13.769392,696920,tradingview_cselk_fallback,0.014705926785403056,0.014598843209664881,0.01811597781514238,14643032.0,0.04759396824373532
2019-05-22,JKH.N0000,13.968948,13.968948,13.86917,13.86917,972990,tradingview_cselk_fallback,0.0072463620761178404,0.007220233344021217,0.007194230080098435,14638152.5,0.0664694537100908
2019-05-23,JKH.N0000,13.95897,13.95897,13.809303,13.809303,150230,tradingview_cselk_fallback,-0.004316552468532797,-0.004325895677802198,0.010838128470350813,14255362.0,0.01053849070967121
2019-05-24,JKH.N0000,13.939015,13.939015,13.769392,13.769392,3037350,tradingview_cselk_fallback,-0.002890153109103344,-0.002894337666219075,0.012318844579339424,8485272.5,0.35795550467000326
2019-05-27,JKH.N0000,13.759414,13.779369,13.669613,13.719502,7014760,tradingview_cselk_fallback,-0.0036232536629068335,-0.0036298335449891656,0.007999998833776972,7745789.5,0.9056223384330286
2019-05-28,JKH.N0000,13.689569,13.86917,13.659636,13.86917,5505600,tradingview_cselk_fallback,0.010909142328927146,0.010850066889010397,0.01510789758868048,8017765.0,0.6866751519906108
2019-05-29,JKH.N0000,13.86917,13.919059,13.769392,13.86917,3081090,tradingview_cselk_fallback,0.0,0.0,0.010791345120147844,8028379.5,0.3837748327666872
2019-05-30,JKH.N0000,13.86917,13.929037,13.759414,13.769392,2992700,tradingview_cselk_fallback,-0.007194230080098563,-0.007220233344021232,0.012318844579339424,8074075.0,0.37065546208079564
2019-05-31,JKH.N0000,13.769392,13.859192,13.689569,13.689569,1081790,tradingview_cselk_fallback,-0.005797133235802998,-0.005814001837292173,0.012390674973039665,8037519.5,0.1345925194955981
2019-06-03,JKH.N0000,13.719502,13.719502,13.529924,13.569835,7427530,tradingview_cselk_fallback,-0.008746367398418498,-0.008784841372372749,0.013970545699339816,8396536.5,0.8845944991723671
2019-06-04,JKH.N0000,13.569835,13.619724,13.54988,13.579813,491890,tradingview_cselk_fallback,0.0007353073931997134,0.0007350371871666823,0.0051432225171289024,7772918.0,0.06328254073952665
2019-06-06,JKH.N0000,13.669613,13.669613,13.589791,13.589791,733990,tradingview_cselk_fallback,0.0007347671135089495,0.0007344973043099306,0.005873673848258598,7719939.5,0.09507716997004964
2019-06-07,JKH.N0000,13.769392,13.968948,13.769392,13.86917,423130,tradingview_cselk_fallback,0.020558005638203092,0.020349542062209697,0.014388460160196999,7431432.5,0.056937878396930874
2019-06-10,JKH.N0000,13.779369,14.068726,13.779369,14.068726,140950,tradingview_cselk_fallback,0.014388460160196903,0.014285928611074477,0.020567391816430212,7395689.0,0.019058400103087084
2019-06-11,JKH.N0000,13.988904,14.068726,13.968948,14.018837,596750,tradingview_cselk_fallback,-0.003546092233227105,-0.0035523945216989635,0.007117423506671815,7301032.0,0.08173502047381795
2019-06-12,JKH.N0000,14.068726,14.068726,13.948992,13.968948,406250,tradingview_cselk_fallback,-0.003558711753335886,-0.0035650590312368393,0.008571440025404872,7139160.5,0.056904449759884235
2019-06-13,JKH.N0000,13.968948,13.968948,13.86917,13.95897,242640,tradingview_cselk_fallback,-0.0007142986000090445,-0.0007145538328028877,0.007147948595061011,6373270.0,0.038071508032768105
2019-06-14,JKH.N0000,13.95897,13.95897,13.769392,13.948992,56610,tradingview_cselk_fallback,-0.0007148091872107853,-0.0007150647851075873,0.01359080283363851,5883343.5,0.00962207968989062
2019-06-17,JKH.N0000,13.948992,13.95897,13.839236,13.86917,322920,tradingview_cselk_fallback,-0.005722420659500016,-0.005738856440228303,0.008633104937065528,4318536.5,0.07477533187458298
2019-06-18,JKH.N0000,13.799325,14.068726,13.799325,13.968948,1758420,tradingview_cselk_fallback,0.0071942300800984516,0.007168475058138757,0.019285704263485,1856725.5,0.9470543707187734
2019-06-19,JKH.N0000,14.068726,14.118615,14.018837,14.048771,11614540,tradingview_cselk_fallback,0.005714317212720754,0.005698052434103896,0.007102258268712657,2402606.5,4.834141587480097
2019-06-20,JKH.N0000,14.018837,14.068726,13.719502,13.719502,1494130,tradingview_cselk_fallback,-0.02343756617571746,-0.02371659438125302,0.025454568248905792,2428663.5,0.6152066764292378
2019-06-21,JKH.N0000,13.759414,14.008859,13.759414,13.968948,48650,tradingview_cselk_fallback,0.01818185528891636,0.018018541947149077,0.01785710706346675,2423584.5,0.020073572842209546
2019-06-24,JKH.N0000,13.968948,13.968948,13.929037,13.939015,369840,tradingview_cselk_fallback,-0.0021428242126750874,-0.002145123345490444,0.0028632582718362836,2290209.0,0.16148744503230927
2019-06-25,JKH.N0000,13.968948,13.968948,13.779369,13.819281,271520,tradingview_cselk_fallback,-0.008589846556589453,-0.008626951927620816,0.013718441646855461,1953047.0,0.13902379205415946
2019-06-26,JKH.N0000,13.968948,13.968948,13.799325,13.86917,3000,tradingview_cselk_fallback,0.0036101009886115865,0.003603600214972675,0.012230219977114681,1677917.0,0.0017879311074385682
2019-06-27,JKH.N0000,13.968948,13.968948,13.769392,13.769392,2101620,tradingview_cselk_fallback,-0.007194230080098563,-0.007220233344021232,0.014492724152235582,1628943.5,1.290173661640198
2019-06-28,JKH.N0000,13.769392,13.948992,13.769392,13.829259,1286530,tradingview_cselk_fallback,0.0043478317706402425,0.004338407257677179,0.012986957580301349,1543635.0,0.8334418434409688
2019-07-01,JKH.N0000,13.968948,14.068726,13.95897,14.068726,254710,tradingview_cselk_fallback,0.017315967543886535,0.017167754697418647,0.007801417129027822,1502281.0,0.16954883939822177
2019-07-02,JKH.N0000,14.068726,14.158527,13.968948,14.118615,127070,tradingview_cselk_fallback,0.003546092233227105,0.003539819672509325,0.013427591870732374,1137258.0,0.1117336611393369
2019-07-03,JKH.N0000,14.09866,14.368061,14.09866,14.318172,631460,tradingview_cselk_fallback,0.0141343184157936,0.014035360317321928,0.01881532083844224,1144236.5,0.5518614377359925
2019-07-04,JKH.N0000,14.358083,14.567617,14.358083,14.517728,3211960,tradingview_cselk_fallback,0.013937254001418653,0.01384102357134577,0.0144329746362516,1268135.0,2.5328218210206326
2019-07-05,JKH.N0000,14.557639,14.817063,14.467839,14.557639,890270,tradingview_cselk_fallback,0.002749121625642781,0.002745349702189315,0.023989054818573226,1291492.0,0.6893345061370879
2019-07-08,JKH.N0000,14.657418,14.657418,14.248327,14.268283,2016600,tradingview_cselk_fallback,-0.01987657476600424,-0.02007677113149162,0.02867135450004742,1385274.5,1.4557403604845105
2019-07-09,JKH.N0000,14.268283,14.268283,13.95897,13.968948,1734580,tradingview_cselk_fallback,-0.0209790484250979,-0.021202235684810517,0.02214289866352137,1442166.0,1.202760292504469
2019-07-10,JKH.N0000,13.968948,14.368061,13.86917,13.978926,6848950,tradingview_cselk_fallback,0.0007142986000090445,0.0007140436101827493,0.035688793259224666,1764301.0,3.8819623182212104
2019-07-11,JKH.N0000,14.268283,14.487795,14.068726,14.467839,3118070,tradingview_cselk_fallback,0.03497500451751434,0.0343772762010872,0.028965555947920097,1908072.5,1.634146501246677
2019-07-12,JKH.N0000,14.368061,14.557639,14.318172,14.467839,2450870,tradingview_cselk_fallback,0.0,0.0,0.016551677137131498,2027785.5,1.2086436163982828
2019-07-15,JKH.N0000,14.467839,14.667395,14.467839,14.467839,631250,tradingview_cselk_fallback,0.0,0.0,0.013793075800746828,2043202.0,0.3089513420601585
2019-07-17,JKH.N0000,14.467839,14.797107,14.467839,14.747218,3884310,tradingview_cselk_fallback,0.019310347592339072,0.019126268805902943,0.022327465424326186,2149496.5,1.8070790066417879
2019-07-18,JKH.N0000,14.767174,15.206198,14.767174,15.026597,1394680,tradingview_cselk_fallback,0.018944522282100973,0.018767309463209224,0.02921646198404069,1638503.5,0.8511913462497944
2019-07-19,JKH.N0000,15.05653,15.266065,14.96673,15.066508,1271780,tradingview_cselk_fallback,0.0026560238489126142,0.002652502850761679,0.019867576481557587,1627386.0,0.7814863836852474
2019-07-22,JKH.N0000,15.066508,15.066508,14.667395,14.667395,676420,tradingview_cselk_fallback,-0.026490079851283377,-0.026847264033084656,0.027210898731506162,1658774.5,0.40778297472019254
2019-07-23,JKH.N0000,14.707307,15.066508,14.707307,15.066508,1129630,tradingview_cselk_fallback,0.02721089873150606,0.02684726403308456,0.023841025405488818,1696764.0,0.6657555205084502
2019-07-24,JKH.N0000,15.066508,15.166286,14.866952,15.166286,2375220,tradingview_cselk_fallback,0.006622503369725585,0.006600670931539891,0.019736803064375814,1801949.0,1.3181394146005243
2019-07-25,JKH.N0000,15.256087,15.455643,14.976708,15.066508,921570,tradingview_cselk_fallback,-0.006578934354791843,-0.006600670931539961,0.03178805599811183,1847877.5,0.49871812390161147
2019-07-26,JKH.N0000,14.96673,14.96673,14.817063,14.866952,2450140,tradingview_cselk_fallback,-0.013245006739451615,-0.013333504142332617,0.010067093779545457,1865303.5,1.3135342318287613
2019-07-29,JKH.N0000,14.956752,15.156309,14.767174,15.066508,637190,tradingview_cselk_fallback,0.013422791706060533,0.013333504142332508,0.025827816239834708,1832836.5,0.34765239561739414
2019-07-30,JKH.N0000,15.076486,15.365843,14.96673,15.066508,49995440,tradingview_cselk_fallback,0.0,0.0,0.026490079851283377,4319873.0,11.573358753833736
2019-07-31,JKH.N0000,15.066508,15.176264,15.016619,15.066508,6879710,tradingview_cselk_fallback,0.0,0.0,0.010596018666037238,4657505.0,1.4771234813489196
2019-08-01,JKH.N0000,15.026597,15.066508,14.866952,14.916841,224380,tradingview_cselk_fallback,-0.009933755054588711,-0.009983424005875019,0.013377899516392323,4637151.0,0.04838746894375447
2019-08-02,JKH.N0000,14.87693,14.96673,14.617506,14.667395,11671780,tradingview_cselk_fallback,-0.01672244143381285,-0.016863840027209618,0.023809544912371933,5060142.0,2.3066111583429874
2019-08-05,JKH.N0000,14.866952,14.866952,14.667395,14.667395,5787830,tradingview_cselk_fallback,0.0,0.0,0.013605483454969246,5305020.0,1.0910100244673913
2019-08-06,JKH.N0000,14.617506,14.667395,14.517728,14.517728,3840250,tradingview_cselk_fallback,-0.010204061457402713,-0.010256479783946686,0.010309257757136715,5396202.5,0.7116578742180265
2019-08-07,JKH.N0000,14.517728,14.667395,14.517728,14.667395,1259090,tradingview_cselk_fallback,0.010309257757136647,0.010256479783946592,0.010204061457402686,5372428.0,0.2343614470031055
2019-08-08,JKH.N0000,14.717285,14.96673,14.717285,14.767174,1469350,tradingview_cselk_fallback,0.006802775816700857,0.006779741343857189,0.016891857575457542,5103448.0,0.28791319123855086
2019-08-09,JKH.N0000,14.866952,15.016619,14.866952,14.96673,3954250,tradingview_cselk_fallback,0.013513486060366064,0.013422993245034837,0.009999979955541449,5145257.0,0.7685233215755792
2019-08-13,JKH.N0000,15.066508,15.266065,14.96673,15.156309,101132930,tradingview_cselk_fallback,0.01266669472890869,0.012587143216704108,0.019749861262395696,10079360.0,10.03366582798908
2019-08-15,JKH.N0000,14.96673,14.96673,14.767174,14.866952,40143950,tradingview_cselk_fallback,-0.019091521557128455,-0.019276117914844054,0.01342279170606049,12054995.0,3.3300677437029216
2019-08-16,JKH.N0000,14.777151,14.996663,14.777151,14.976708,604060,tradingview_cselk_fallback,0.007382548890989993,0.007355431259963184,0.014656892556094432,11890982.5,0.050799839289982975
2019-08-19,JKH.N0000,14.976708,14.976708,14.866952,14.976708,2875650,tradingview_cselk_fallback,0.0,0.0,0.007328446278047275,11965031.0,0.24033786456549924
2019-08-20,JKH.N0000,14.96673,15.246109,14.96673,15.166286,1525090,tradingview_cselk_fallback,0.012658188969164597,0.01257874381390942,0.01842105575484997,11977696.5,0.12732748738457347
2019-08-21,JKH.N0000,15.166286,15.385798,15.166286,15.266065,1785750,tradingview_cselk_fallback,0.0065790002905128375,0.0065574531223534524,0.014379081970370225,12033163.0,0.14840237766246497
2019-08-22,JKH.N0000,15.266065,15.266065,15.066508,15.166286,742510,tradingview_cselk_fallback,-0.006535999944976001,-0.006557453122353406,0.013157934645304636,12013807.0,0.061804721850450904
2019-08-23,JKH.N0000,15.266065,15.295998,15.166286,15.28602,425800,tradingview_cselk_fallback,0.007894747600038832,0.00786374713388225,0.008485662062459775,11916336.0,0.035732460044765435
2019-08-26,JKH.N0000,15.156309,15.365843,15.126375,15.365843,1019160,tradingview_cselk_fallback,0.0052219609813410894,0.005208373823640775,0.01558443620698197,11921215.5,0.0854912823277123
2019-08-27,JKH.N0000,15.276042,15.575377,15.276042,15.565399,10092780,tradingview_cselk_fallback,0.012986986786211352,0.01290337897101363,0.019230795175889756,12303347.5,0.8203279635887712
2019-08-28,JKH.N0000,15.575377,15.844778,15.575377,15.764956,4530630,tradingview_cselk_fallback,0.012820551532280122,0.012739063999173957,0.017088598280895945,12498019.5,0.36250783574149487
2019-08-29,JKH.N0000,15.814845,15.814845,15.535466,15.535466,9207530,tradingview_cselk_fallback,-0.014556970536422686,-0.014663962823846466,0.01798330349408254,10458624.0,0.8803768067386303
2019-08-30,JKH.N0000,15.565399,15.565399,15.266065,15.365843,2662910,tradingview_cselk_fallback,-0.010918436563151723,-0.010978480146341178,0.019480480179317205,10247784.0,0.2598522763555516
2019-09-02,JKH.N0000,15.465621,15.465621,15.076486,15.166286,873550,tradingview_cselk_fallback,-0.012987051865621768,-0.013072120957522968,0.025657896732265324,10280242.5,0.08497367644780753
2019-09-03,JKH.N0000,15.116397,15.355865,15.076486,15.166286,639070,tradingview_cselk_fallback,0.0,0.0,0.01842105575484997,9728607.0,0.06568977449700661
2019-09-04,JKH.N0000,15.166286,15.166286,15.116397,15.166286,4013180,tradingview_cselk_fallback,0.0,0.0,0.0032894671773959884,9639874.5,0.4163103990617305
2019-09-05,JKH.N0000,15.136353,15.166286,15.116397,15.126375,71900,tradingview_cselk_fallback,-0.0026315605547726495,-0.0026350291968802275,0.0032981464494963465,9451457.0,0.007607292716879524
2019-09-06,JKH.N0000,15.166286,15.166286,15.016619,15.116397,622500,tradingview_cselk_fallback,-0.0006596425118378102,-0.0006598601716832436,0.009900970449505865,9419627.5,0.06608541579802386
2019-09-09,JKH.N0000,15.016619,15.365843,15.016619,15.315954,303180,tradingview_cselk_fallback,0.013201360086004588,0.013114981511245443,0.022801322072395852,9361319.0,0.032386461779584694
2019-09-10,JKH.N0000,15.166286,15.465621,15.166286,15.365843,574930,tradingview_cselk_fallback,0.0032573223972858223,0.0032520288148407584,0.019480545258727493,9192353.0,0.06254437791934231
2019-09-11,JKH.N0000,15.315954,15.465621,15.276042,15.375821,2645500,tradingview_cselk_fallback,0.0006493623551926397,0.0006491516106865664,0.012329683078386524,4267981.5,0.6198480476075166
2019-09-12,JKH.N0000,15.465621,15.51551,15.465621,15.465621,6575530,tradingview_cselk_fallback,0.005840338541922341,0.005823349879048718,0.003225799985658532,2589560.5,2.5392455592367895
2019-09-16,JKH.N0000,15.465621,15.465621,15.166286,15.166286,11720430,tradingview_cselk_fallback,-0.019354864573495,-0.019544622447258245,0.01973686900009673,3145379.0,3.7262377602190386
2019-09-17,JKH.N0000,15.266065,15.266065,15.066508,15.066508,792190,tradingview_cselk_fallback,-0.006578934354791843,-0.006600670931539961,0.013245073111831795,3041206.0,0.2604854784582169
2019-09-18,JKH.N0000,15.066508,15.066508,14.976708,15.066508,1701610,tradingview_cselk_fallback,0.0,0.0,0.005960239758277122,3050032.0,0.5578990646655511
2019-09-19,JKH.N0000,15.166286,15.315954,15.066508,15.066508,1411250,tradingview_cselk_fallback,0.0,0.0,0.01655632479669469,3031307.0,0.46555825589423966
2019-09-20,JKH.N0000,15.066508,15.315954,14.96673,14.976708,1715180,tradingview_cselk_fallback,-0.005960239758277086,-0.005978072882369404,0.023317807892094814,3079940.5,0.5568873814283101
2019-09-23,JKH.N0000,14.986686,15.216175,14.986686,15.096442,103200,tradingview_cselk_fallback,0.007994680807023702,0.007962892658094555,0.015201528943044936,3063810.5,0.03368354537592975
2019-09-24,JKH.N0000,15.066508,15.315954,15.026597,15.266065,44060,tradingview_cselk_fallback,0.011235958777571442,0.011173304278168093,0.018954262280423868,3015055.5,0.014613329671709195
2019-09-25,JKH.N0000,15.026597,15.365843,15.026597,15.365843,20170,tradingview_cselk_fallback,0.006535934440211166,0.0065146678351696375,0.02207792960008763,2511425.0,0.008031296972834149
2019-09-26,JKH.N0000,15.266065,15.465621,15.266065,15.455643,1727040,tradingview_cselk_fallback,0.005844131037913147,0.005827120347080022,0.012911530112335099,2371245.5,0.728326105415909
2019-09-27,JKH.N0000,15.465621,15.525488,15.465621,15.51551,3941830,tradingview_cselk_fallback,0.0038734719739579315,0.0038659893975339257,0.0038585260813211284,2107960.5,1.869973369994362
2019-09-30,JKH.N0000,15.465621,15.665177,15.266065,15.365843,9434190,tradingview_cselk_fallback,-0.009646282977485154,-0.009693109744614022,0.025973973572422974,2446524.5,3.8561600343671194
2019-10-01,JKH.N0000,15.365843,15.385798,15.365843,15.365843,24000,tradingview_cselk_fallback,0.0,0.0,0.0012986596309749814,2404047.0,0.00998316588652385
2019-10-02,JKH.N0000,15.565399,15.565399,15.176264,15.266065,1664640,tradingview_cselk_fallback,-0.006493493393105787,-0.006514667835169542,0.025490196720634923,2455325.5,0.6779712099271563
2019-10-03,JKH.N0000,15.365843,15.365843,15.066508,15.116397,3466890,tradingview_cselk_fallback,-0.009803967165081473,-0.009852342490916752,0.019802007052341856,2428011.0,1.427872443740988
2019-10-07,JKH.N0000,15.216175,15.266065,15.126375,15.166286,1449800,tradingview_cselk_fallback,0.0033003234831685546,0.0032948893685632976,0.009210560845285383,2496906.0,0.5806385983292923
2019-10-08,JKH.N0000,15.166286,15.365843,15.166286,15.355865,1161700,tradingview_cselk_fallback,0.012500028022681464,0.012422547675279205,0.012995490648035811,2523866.0,0.4602859264319104
2019-10-09,JKH.N0000,15.365843,15.6552,15.365843,15.645222,3557820,tradingview_cselk_fallback,0.01884341911054843,0.018668081109186867,0.01849491173727038,2686598.0,1.3242844668238418
2019-10-10,JKH.N0000,15.665177,15.754978,15.465621,15.565399,5641380,tradingview_cselk_fallback,-0.005102068861662756,-0.005115128855929287,0.01858975796251667,2939920.5,1.9188886230086835
2019-10-11,JKH.N0000,15.665177,15.665177,15.565399,15.565399,284330,tradingview_cselk_fallback,0.0,0.0,0.006410243643609817,2821862.0,0.10075971114108344
2019-10-14,JKH.N0000,15.665177,15.705089,15.565399,15.665177,1553250,tradingview_cselk_fallback,0.006410243643609759,0.0063897854134405,0.008917230874569746,2570748.0,0.6042015786844919
2019-10-15,JKH.N0000,15.675155,15.745,15.565399,15.665177,356000,tradingview_cselk_fallback,0.0,0.0,0.011464983766222361,2002526.5,0.1777754251941235
2019-10-16,JKH.N0000,15.665177,15.814845,15.665177,15.764956,864330,tradingview_cselk_fallback,0.006369477982917093,0.006349278585733296,0.009493715047476196,2006133.5,0.4308437100521974
2019-10-17,JKH.N0000,15.764956,15.774933,15.715066,15.764956,1967680,tradingview_cselk_fallback,0.0,0.0,0.003797473332624624,2019437.0,0.9743705795229066
2019-10-18,JKH.N0000,15.8348,15.874712,15.715066,15.874712,6775290,tradingview_cselk_fallback,0.006962023871173617,0.006937900881484822,0.010056623389451121,2287639.0,2.9616954423315915
2019-10-21,JKH.N0000,15.904645,15.954534,15.864734,15.924601,22381170,tradingview_cselk_fallback,0.003142671186727508,0.0031377433173828927,0.005639073782759162,3320938.5,6.739411163440696
2019-10-22,JKH.N0000,15.914623,15.964512,15.864734,15.904645,10035250,tradingview_cselk_fallback,-0.0012531554165783332,-0.001253941272429001,0.0062735131780683445,3817541.0,2.6287209489040197
2019-10-23,JKH.N0000,15.894667,15.894667,15.764956,15.764956,35450,tradingview_cselk_fallback,-0.008782905874353042,-0.008821702926438671,0.008227806027495437,3817110.5,0.009287129623310617
2019-10-24,JKH.N0000,15.814845,15.864734,15.764956,15.814845,2741040,tradingview_cselk_fallback,0.003164550538548916,0.0031595538871554128,0.006309135498956872,3953154.0,0.6933805260306075
2019-10-25,JKH.N0000,15.814845,15.814845,15.665177,15.665177,519070,tradingview_cselk_fallback,-0.00946376648016467,-0.009508832472888749,0.009554185056447185,3892755.5,0.1333425641553907
2019-10-28,JKH.N0000,15.675155,15.675155,15.575377,15.665177,1614580,tradingview_cselk_fallback,0.0,0.0,0.006369414147060106,3776393.0,0.42754554412107004
2019-10-29,JKH.N0000,15.665177,15.764956,15.575377,15.715066,545570,tradingview_cselk_fallback,0.0031847070735300242,0.003179646635120716,0.012063519173257061,3331962.0,0.16373836196211122
2019-10-30,JKH.N0000,15.625266,15.764956,15.625266,15.764956,684820,tradingview_cselk_fallback,0.0031746605454918697,0.003169631950612665,0.008860792253400508,3365003.0,0.20351244857731182
2019-10-31,JKH.N0000,15.764956,15.764956,15.615288,15.665177,7847450,tradingview_cselk_fallback,-0.0063291645089272874,-0.006349278585733363,0.009554185056447185,3674143.5,2.1358583299754077
2019-11-01,JKH.N0000,15.625266,15.665177,15.625266,15.665177,11981850,tradingview_cselk_fallback,0.0,0.0,0.0025477528916526145,4099891.5,2.9224797778185105
2019-11-04,JKH.N0000,15.764956,15.764956,15.465621,15.465621,13858890,tradingview_cselk_fallback,-0.012738828294120097,-0.012820662894718893,0.01935486457349493,4720346.0,2.935990285457888
2019-11-05,JKH.N0000,15.764956,15.764956,15.365843,15.365843,32664060,tradingview_cselk_fallback,-0.006451599971317057,-0.006472501489735364,0.025974038651833148,6295464.0,5.188507153722108
2019-11-06,JKH.N0000,15.365843,15.465621,15.266065,15.365843,18283230,tradingview_cselk_fallback,0.0,0.0,0.012986986786211546,7031734.5,2.6001024356081706
2019-11-07,JKH.N0000,15.415732,15.415732,15.315954,15.315954,1988050,tradingview_cselk_fallback,-0.0032467466965528935,-0.003252028814840825,0.006514644794571764,6849068.0,0.2902657704668723
2019-11-08,JKH.N0000,15.365843,15.465621,15.295998,15.365843,3793060,tradingview_cselk_fallback,0.0032573223972858223,0.0032520288148407584,0.011038964800043814,7024504.5,0.5399754530728822
2019-11-13,JKH.N0000,15.385798,15.665177,15.365843,15.475599,3595150,tradingview_cselk_fallback,0.007142855748298427,0.00711746638419575,0.019342320772204033,7126599.5,0.5044692072284965
2019-11-14,JKH.N0000,15.6552,15.6552,15.375821,15.465621,1547450,tradingview_cselk_fallback,-0.0006447569493109873,-0.0006449648944603539,0.018064518715414046,7186172.0,0.2153371781248765
2019-11-15,JKH.N0000,15.465621,15.844778,15.435688,15.814845,1779360,tradingview_cselk_fallback,0.02258066455915353,0.02232949536760773,0.025867468192068848,7231923.5,0.24604242564236195
2019-11-18,JKH.N0000,16.164068,16.563181,16.164068,16.393558,7475870,tradingview_cselk_fallback,0.03659302383298724,0.03593939689647977,0.024345721654810984,7507333.0,0.9958090309834398
2019-11-19,JKH.N0000,16.363625,16.413514,16.313736,16.373603,2568670,tradingview_cselk_fallback,-0.0012172464330195698,-0.0012179878792018056,0.006093832860122515,7297002.0,0.35201717088744117
2019-11-20,JKH.N0000,16.373603,16.373603,15.964512,15.97449,16189340,tradingview_cselk_fallback,-0.024375392514402572,-0.024677390033497844,0.02560901787787905,6987410.5,2.316929855487952
2019-11-21,JKH.N0000,15.964512,16.06429,15.944556,15.97449,13526730,tradingview_cselk_fallback,0.0,0.0,0.0074953253593698045,7161984.5,1.88868462365424
2019-11-22,JKH.N0000,16.263847,16.263847,15.97449,16.06429,1127130,tradingview_cselk_fallback,0.0056214627196236044,0.005605721263854203,0.018012436279474475,7216568.5,0.1561864201801729
2019-11-25,JKH.N0000,16.134135,16.134135,15.964512,16.06429,2418540,tradingview_cselk_fallback,0.0,0.0,0.010559010077631903,7200443.5,0.33588764358750955
2019-11-26,JKH.N0000,16.014401,16.363625,15.964512,16.114179,3057730,tradingview_cselk_fallback,0.0031055838757891863,0.0031007715110783025,0.024767814730120588,7327376.5,0.4173021544614229
2019-11-27,JKH.N0000,16.263847,16.363625,16.164068,16.313736,538290,tradingview_cselk_fallback,0.012383938393634386,0.012307884681152457,0.012232452456016124,7273562.0,0.07400638091763018
2019-11-28,JKH.N0000,16.463403,16.812627,16.463403,16.662959,8793320,tradingview_cselk_fallback,0.021406684526462882,0.021180779684695714,0.020958102339446404,7685949.5,1.1440772542156308
2019-11-29,JKH.N0000,16.61307,17.16185,16.61307,16.862516,7398170,tradingview_cselk_fallback,0.011976084199690984,0.011904938372284552,0.03254437238191506,8021617.0,0.9222791364883165
2019-12-02,JKH.N0000,16.862516,16.962294,16.812627,16.862516,777700,tradingview_cselk_fallback,0.0,0.0,0.008875721748759254,7668129.5,0.10141977909997477
2019-12-03,JKH.N0000,16.882471,17.002205,16.862516,16.962294,7898680,tradingview_cselk_fallback,0.005917147832506187,0.005899710266562019,0.008235265819587882,7463971.0,1.0582409819116392
2019-12-04,JKH.N0000,16.962294,16.962294,16.862516,16.862516,1741070,tradingview_cselk_fallback,-0.005882341150318493,-0.0058997102665619945,0.005917147832506169,6858080.0,0.25387134591605814
2019-12-05,JKH.N0000,16.762738,16.912405,16.762738,16.812627,14998540,tradingview_cselk_fallback,-0.0029585739162530933,-0.002962959147551869,0.00890205914875771,5974804.0,2.510298245766723
2019-12-06,JKH.N0000,16.912405,16.912405,16.762738,16.762738,3387230,tradingview_cselk_fallback,-0.0029673530495859524,-0.002971764370438657,0.008928553318676275,5230004.0,0.6476534243568456
2019-12-09,JKH.N0000,16.762738,16.762738,16.363625,16.463403,1335270,tradingview_cselk_fallback,-0.017857166293477778,-0.0180185293651287,0.024242436390580966,5197365.0,0.2569128779679703
2019-12-10,JKH.N0000,16.363625,16.363625,15.964512,15.964512,6730050,tradingview_cselk_fallback,-0.030303030303030276,-0.03077165866675366,0.025000012527786622,5344214.5,1.2593150967274984
2019-12-12,JKH.N0000,16.06429,16.213958,15.97449,16.213958,934630,tradingview_cselk_fallback,0.015625031319466798,0.015504217373593625,0.01476925004986458,5211188.5,0.17935064141318244
2019-12-13,JKH.N0000,16.313736,16.413514,16.164068,16.194002,26660,tradingview_cselk_fallback,-0.0012307913959072048,-0.001231549441698654,0.015403604371544411,5135149.0,0.005191670193016795
2019-12-16,JKH.N0000,16.194002,16.263847,16.174046,16.194002,1720720,tradingview_cselk_fallback,0.0,0.0,0.005545324744309516,5132217.0,0.3352781069077944
2019-12-17,JKH.N0000,16.194002,16.263847,16.174046,16.223935,3264480,tradingview_cselk_fallback,0.0018484004139309729,0.0018466942240437253,0.0055350936748697396,4921647.5,0.6632900873132421
2019-12-18,JKH.N0000,16.263847,16.463403,16.014401,16.463403,260070,tradingview_cselk_fallback,0.014760167616549191,0.014652296510815038,0.027272733346805647,4806217.5,0.054111159139177537
2019-12-19,JKH.N0000,16.463403,16.463403,16.363625,16.413514,1143960,tradingview_cselk_fallback,-0.0030302969562246984,-0.00303489760261347,0.006079015133505269,4053948.5,0.28218414713457757
2019-12-20,JKH.N0000,16.43347,16.463403,16.373603,16.413514,10338030,tradingview_cselk_fallback,0.0,0.0,0.005471101435073582,3894513.5,2.654511275927019
2019-12-23,JKH.N0000,16.363625,16.533248,16.363625,16.423492,1276690,tradingview_cselk_fallback,0.0006079136984316058,0.0006077289937517811,0.010328071520965298,3901991.5,0.32718933395933847
2019-12-24,JKH.N0000,16.413514,16.463403,16.363625,16.43347,152500,tradingview_cselk_fallback,0.0006075443638904332,0.0006073598835296063,0.0060716330756681695,3788689.5,0.04025138507655483
2019-12-26,JKH.N0000,16.413514,16.563181,16.413514,16.463403,195590,tradingview_cselk_fallback,0.0018214655821320314,0.001819808725331916,0.009090890868674045,3645582.5,0.053651234062046325
2019-12-27,JKH.N0000,16.513292,16.603092,16.463403,16.463403,270000,tradingview_cselk_fallback,0.0,0.0,0.008484819329272364,3632168.0,0.07433576860982201
2019-12-30,JKH.N0000,16.463403,16.662959,16.363625,16.662959,6855330,tradingview_cselk_fallback,0.012121187824898794,0.012048314510834693,0.017964036279510844,3535268.5,1.939125698656269
2019-12-31,JKH.N0000,16.61307,16.84256,16.61307,16.662959,1560260,tradingview_cselk_fallback,0.0,0.0,0.013772463822301814,3243373.0,0.4810609202210168
2020-01-02,JKH.N0000,16.662959,16.662959,16.313736,16.363625,855360,tradingview_cselk_fallback,-0.01796403627951082,-0.018127348364986043,0.0213414203759865,3247256.0,0.2634100914741554
2020-01-03,JKH.N0000,16.283802,16.463403,16.283802,16.463403,198910,tradingview_cselk_fallback,0.00609754867885326,0.006079033854151413,0.010909105486878875,2862267.5,0.06949385408596506
2020-01-06,JKH.N0000,16.662959,16.662959,16.114179,16.164068,1008050,tradingview_cselk_fallback,-0.018181842478131593,-0.018349163414441982,0.03395061193753953,2825616.5,0.35675400394922663
2020-01-07,JKH.N0000,16.463403,16.463403,16.174046,16.253869,4346350,tradingview_cselk_fallback,0.00555559404971584,0.005540218657100003,0.0178023460137398,2293007.0,1.8954804760735575
2020-01-08,JKH.N0000,16.213958,16.363625,16.06429,16.06429,1617280,tradingview_cselk_fallback,-0.011663622981088473,-0.011732176608749907,0.018633565504606753,2204509.5,0.7336235112618023
2020-01-09,JKH.N0000,16.164068,16.563181,16.06429,16.463403,4414680,tradingview_cselk_fallback,0.02484473325618497,0.02454112136609196,0.030303030303030328,2358480.0,1.871832705810522
2020-01-13,JKH.N0000,16.363625,16.553203,16.213958,16.353647,17592880,tradingview_cselk_fallback,-0.006666665451851017,-0.0066889869278278355,0.020744302478829236,2901621.5,6.063120224329741
2020-01-14,JKH.N0000,16.453425,16.762738,16.413514,16.563181,2768740,tradingview_cselk_fallback,0.012812677196713418,0.012731289308815343,0.02108435571645323,2993327.0,0.9249707766642268
2020-01-16,JKH.N0000,16.762738,16.762738,16.343669,16.463403,276740,tradingview_cselk_fallback,-0.006024084383307815,-0.006042302380987528,0.025454579469384328,3005831.0,0.09206771771267247
2020-01-17,JKH.N0000,16.513292,16.513292,16.263847,16.263847,3648700,tradingview_cselk_fallback,-0.012121187824898683,-0.012195248499390864,0.015337392192634467,3102230.0,1.1761539279808395
2020-01-20,JKH.N0000,16.263847,16.353647,16.263847,16.273824,346070,tradingview_cselk_fallback,0.0006134464988512001,0.0006132584174623725,0.005518063855182428,2956309.5,0.11706149170105498
2020-01-21,JKH.N0000,16.263847,16.563181,16.263847,16.473381,937560,tradingview_cselk_fallback,0.012262452881387942,0.012187878034149039,0.018170768951437582,2990184.0,0.31354592225762695
2020-01-22,JKH.N0000,16.463403,16.84256,16.463403,16.732804,4677070,tradingview_cselk_fallback,0.015748011898711223,0.015625298609563798,0.022659501659136105,3166839.5,1.476888866644489
2020-01-23,JKH.N0000,16.662959,16.742782,16.662959,16.662959,747180,tradingview_cselk_fallback,-0.004174136026454445,-0.004182872050949561,0.004790445682546391,2687297.0,0.27804146694615445
2020-01-24,JKH.N0000,16.563181,16.702871,16.563181,16.61307,1605580,tradingview_cselk_fallback,-0.0029940060465851737,-0.002998497048987682,0.008408439860904582,2703741.5,0.593836356027379
2020-01-27,JKH.N0000,16.662959,16.662959,16.313736,16.353647,223230,tradingview_cselk_fallback,-0.015615596635661033,-0.015738804389674812,0.021354441611709126,2707278.0,0.08245551435796397
2020-01-28,JKH.N0000,16.313736,16.313736,16.014401,16.014401,3299770,tradingview_cselk_fallback,-0.02074436362726917,-0.020962550647061866,0.018691613879282733,2862487.0,1.1527633138595914
2020-01-29,JKH.N0000,16.313736,16.313736,16.06429,16.164068,6718040,tradingview_cselk_fallback,0.009345775717743088,0.009302374160447704,0.015432130080125804,3184889.0,2.109348237882074
2020-01-30,JKH.N0000,16.164068,16.263847,16.114179,16.263847,1193810,tradingview_cselk_fallback,0.006172889151419003,0.006153914915051143,0.009202496801648367,2901813.0,0.4114014238684574
2020-01-31,JKH.N0000,16.353647,16.353647,16.164068,16.174046,1954130,tradingview_cselk_fallback,-0.005521510378202477,-0.0055368102615978125,0.011721185904874908,2921506.5,0.6688775123382406
2020-02-03,JKH.N0000,16.174046,16.174046,16.114179,16.114179,2828130,tradingview_cselk_fallback,-0.0037014238737790306,-0.0037082910940249643,0.003715175312375552,3020145.0,0.9364219267617946
2020-02-05,JKH.N0000,16.134135,16.164068,15.97449,16.06429,1097840,tradingview_cselk_fallback,-0.003095969084121575,-0.003100771511078281,0.011801206278024171,3065091.5,0.35817527796478504
2020-02-06,JKH.N0000,16.06429,16.06429,15.97449,16.014401,1857300,tradingview_cselk_fallback,-0.0031055838757890752,-0.0031104162087977004,0.005607452941886514,3107554.0,0.5976726389951711
2020-02-07,JKH.N0000,15.97449,16.114179,15.97449,16.114179,678980,tradingview_cselk_fallback,0.0062305171451619845,0.006211187719875884,0.008668701024110544,2924185.5,0.23219457178759692
2020-02-10,JKH.N0000,15.964512,16.06429,15.954534,15.954534,842870,tradingview_cselk_fallback,-0.009907113480618457,-0.009956515487717537,0.006879298386276846,2885465.0,0.2921088975260487
2020-02-11,JKH.N0000,15.964512,15.964512,15.715066,15.725044,2498820,tradingview_cselk_fallback,-0.014383998930962205,-0.014488451483774867,0.015862976281656123,2789672.0,0.8957397142029601
2020-02-12,JKH.N0000,15.745,15.764956,15.6552,15.6552,3888020,tradingview_cselk_fallback,-0.0044415773971761,-0.004451470506940523,0.007010833461086353,2104429.0,1.8475415421475374
2020-02-13,JKH.N0000,15.6552,15.665177,15.555421,15.555421,7615610,tradingview_cselk_fallback,-0.006373537227247206,-0.0063939349321854595,0.007055803889846444,2346772.5,3.2451419982124388
2020-02-14,JKH.N0000,15.565399,15.565399,15.445665,15.465621,9488970,tradingview_cselk_fallback,-0.00577290707850342,-0.005789634715701823,0.007741945829397949,2807384.0,3.3800043029382514
2020-02-17,JKH.N0000,15.665177,15.665177,15.375821,15.465621,2062550,tradingview_cselk_fallback,0.0,0.0,0.018709626984910577,2728076.5,0.7560455141195638
2020-02-18,JKH.N0000,15.465621,15.715066,15.435688,15.665177,1463530,tradingview_cselk_fallback,0.012903199942634114,0.012820662894718993,0.017834334077425327,2783949.5,0.5257027830425803
2020-02-19,JKH.N0000,15.715066,15.715066,15.565399,15.585355,25460,tradingview_cselk_fallback,-0.005095505783305199,-0.005108532142332046,0.009603053635929427,2738344.5,0.009297588378671858
2020-02-20,JKH.N0000,15.595333,15.595333,15.505532,15.505532,1870590,tradingview_cselk_fallback,-0.005121667103508365,-0.0051348277961573725,0.005791545881818152,2598020.5,0.7200058660045215
2020-02-24,JKH.N0000,15.715066,15.715066,15.166286,15.246109,784580,tradingview_cselk_fallback,-0.016730996395351028,-0.016872540519435736,0.03599475774441864,2599890.5,0.3017742478000516
2020-02-25,JKH.N0000,15.19622,15.19622,14.827041,14.956752,6985860,tradingview_cselk_fallback,-0.018979071971740535,-0.019161486282186776,0.024683099646233407,2868904.5,2.435027028609701
2020-02-26,JKH.N0000,15.166286,15.166286,14.827041,14.827041,1662040,tradingview_cselk_fallback,-0.008672404276008572,-0.008710228416910938,0.022880155251476006,2940845.0,0.5651572932269466
2020-02-27,JKH.N0000,14.866952,14.946774,14.767174,14.866952,2133700,tradingview_cselk_fallback,0.0026917710688194596,0.002688154741173136,0.012080485630141193,2882541.5,0.7402148416596951
2020-02-28,JKH.N0000,14.956752,14.956752,14.467839,14.667395,3303360,tradingview_cselk_fallback,-0.013422858969343476,-0.01351375989075209,0.03333332197026126,2711807.5,1.2181395618973692
2020-03-02,JKH.N0000,14.477817,14.817063,14.477817,14.817063,79180,tradingview_cselk_fallback,0.010204129635835057,0.010152418982318247,0.022895630530827823,2656076.0,0.02981089396538352
2020-03-03,JKH.N0000,14.817063,14.96673,14.767174,14.96673,3257970,tradingview_cselk_fallback,0.010100989649568293,0.010050315606573846,0.013333306607388481,2721268.0,1.1972249701242215
2020-03-04,JKH.N0000,14.87693,14.96673,14.667395,14.767174,2508500,tradingview_cselk_fallback,-0.013333306607388518,-0.013422993245034822,0.020270296808312764,2705286.5,0.9272585362030972
2020-03-05,JKH.N0000,14.96673,14.96673,14.41795,14.467839,2362500,tradingview_cselk_fallback,-0.020270296808312938,-0.020478558430646648,0.037931027570876394,2768519.5,0.8533441790819967
2020-03-06,JKH.N0000,14.457861,14.457861,13.968948,14.018837,10336540,tradingview_cselk_fallback,-0.03103448967050293,-0.031526260780033226,0.03487543224876644,3192481.5,3.2377760059063774
2020-03-10,JKH.N0000,13.779369,13.779369,12.971166,13.270501,17710550,tradingview_cselk_fallback,-0.053380747632631786,-0.05485832327674487,0.06090222215423523,4044060.0,4.379398426333932
2020-03-11,JKH.N0000,13.370279,13.769392,13.270501,13.669613,1980890,tradingview_cselk_fallback,0.03007512677931312,0.0296317382023449,0.03649635143291916,4100961.0,0.48303068475901134
2020-03-12,JKH.N0000,13.569835,13.569835,12.941233,13.070944,5060960,tradingview_cselk_fallback,-0.043795607088510824,-0.04478358866610311,0.048091553295614986,4229068.0,1.1967081163036395
2020-03-13,JKH.N0000,12.971166,12.971166,12.342563,12.621942,13031630,tradingview_cselk_fallback,-0.03435115321433557,-0.0349550235005961,0.04980239966242912,4686248.5,2.7808235094660474
2020-03-19,JKH.N0000,12.272719,12.272719,11.364737,11.374715,6191850,tradingview_cselk_fallback,-0.09881419198408614,-0.1040438184220882,0.07982459340739531,4615060.5,1.3416617181941601
2020-05-12,JKH.N0000,9.97782,9.97782,9.079816,9.129705,5837290,tradingview_cselk_fallback,-0.19736846153947596,-0.2198595265556469,0.09836068087632627,4432476.5,1.3169364800918855
2020-05-13,JKH.N0000,9.379151,9.678485,8.950105,8.97006,17212760,tradingview_cselk_fallback,-0.017486326228503435,-0.01764101801088738,0.08120124057141197,5189987.0,3.31653239208499
2020-05-14,JKH.N0000,8.980038,8.980038,8.481147,8.580925,9643660,tradingview_cselk_fallback,-0.043381538139098286,-0.04435064846482193,0.0581395362388088,5598993.5,1.7223917120103818
2020-05-15,JKH.N0000,8.481147,8.481147,7.972278,8.171835,101324620,tradingview_cselk_fallback,-0.04767434746254051,-0.04884823069092737,0.062271081097452385,10663951.5,9.501601728027364
2020-05-18,JKH.N0000,8.261635,8.870282,8.261635,8.870282,20867450,tradingview_cselk_fallback,0.08547003212864679,0.08201310251950855,0.068616420537701,11613794.5,1.7967814050782456
2020-05-19,JKH.N0000,9.029927,9.878042,9.029927,9.379151,13026400,tradingview_cselk_fallback,0.057367849184501774,0.055782658819317245,0.09042556197250688,12225885.5,1.065477015959294
2020-05-20,JKH.N0000,9.478929,9.668508,9.379151,9.628596,10518650,tradingview_cselk_fallback,0.02659569080399704,0.026248173593854365,0.030051837256438944,12402525.0,0.8481055268987565
2020-05-21,JKH.N0000,9.628596,10.466733,9.628596,10.466733,12162360,tradingview_cselk_fallback,0.08704664729935696,0.08346452101715812,0.08007627594971609,12927541.0,0.9408100117415988
2020-05-22,JKH.N0000,10.476711,10.925713,10.287132,10.466733,18690960,tradingview_cselk_fallback,0.0,0.0,0.06101053690774383,13755404.0,1.3588085090048974
2020-05-26,JKH.N0000,10.676267,10.825935,10.416844,10.66629,39644050,tradingview_cselk_fallback,0.019065834582768115,0.01888635920248242,0.038353635612757585,15572438.5,2.545783051254304
2020-05-27,JKH.N0000,10.676267,11.07538,10.476711,11.065402,9040200,tradingview_cselk_fallback,0.03741807132564379,0.03673500260765742,0.05410277909469527,16020489.5,0.5642898739142771
2020-05-28,JKH.N0000,11.07538,11.614182,11.07538,11.584249,29139850,tradingview_cselk_fallback,0.04688912341368168,0.04582302696231547,0.046511603816527115,17314583.5,1.6829656918978155
2020-05-29,JKH.N0000,11.674049,11.723939,10.975602,11.015513,59076800,tradingview_cselk_fallback,-0.0490956297641737,-0.05034177855306644,0.06793482972604176,20142998.5,2.932870198049213
2020-06-01,JKH.N0000,10.975602,10.975602,10.586467,10.786023,16834670,tradingview_cselk_fallback,-0.020833346572238676,-0.021053422718416613,0.036077709087028606,20866607.0,0.8067756295980463
2020-06-02,JKH.N0000,11.175158,11.175158,10.945669,10.975602,17365430,tradingview_cselk_fallback,0.017576357847558732,0.017423680086535595,0.020909012553479905,21218051.5,0.818427177443697
2020-06-03,JKH.N0000,10.975602,11.07538,10.975602,10.975602,8809240,tradingview_cselk_fallback,0.0,0.0,0.009090890868673884,20772986.0,0.4240719172486806
2020-06-04,JKH.N0000,10.975602,10.975602,10.945669,10.975602,15565900,tradingview_cselk_fallback,0.0,0.0,0.0027272308161319773,21452236.5,0.7256073277021722
2020-06-08,JKH.N0000,10.975602,11.504426,10.975602,11.464515,1453740,tradingview_cselk_fallback,0.04454543814544287,0.04358180336167324,0.04612702761521095,21271875.5,0.06834094154039215
2020-06-09,JKH.N0000,11.474493,11.813739,11.474493,11.783805,4403840,tradingview_cselk_fallback,0.027850284115812807,0.027469518407089843,0.028789172936924814,20840486.0,0.21131177075237112
2020-06-10,JKH.N0000,11.773828,11.773828,11.494449,11.644116,5152840,tradingview_cselk_fallback,-0.011854320399904639,-0.011925143115852035,0.023993148127346077,20788535.5,0.24786931239095703
2020-06-11,JKH.N0000,11.62416,11.723939,11.564293,11.574271,2075600,tradingview_cselk_fallback,-0.005998308501907856,-0.006016370618668723,0.013793179717323053,20600451.0,0.10075507570198342
2020-06-12,JKH.N0000,11.574271,11.614182,11.145225,11.474493,2861240,tradingview_cselk_fallback,-0.00862067252442933,-0.008658045463408662,0.04086951815648845,19882875.0,0.14390474214619364
2020-06-15,JKH.N0000,11.474493,11.614182,11.314848,11.39467,4217510,tradingview_cselk_fallback,-0.0069565600850513,-0.006980869755884747,0.02626965063490211,19611567.5,0.21505216245463296
2020-06-16,JKH.N0000,11.474493,11.773828,11.474493,11.723939,7682660,tradingview_cselk_fallback,0.028896756114920485,0.028487117624631738,0.02553194792296337,14929469.5,0.5145969855124457
2020-06-17,JKH.N0000,11.923495,12.023273,11.833695,11.873606,5949860,tradingview_cselk_fallback,0.012765931313699408,0.012685133723615237,0.015966337437843155,14183590.0,0.41948900102160314
2020-06-18,JKH.N0000,11.953428,12.023273,11.843672,11.85365,2022770,tradingview_cselk_fallback,-0.0016807025599469005,-0.0016821165250196458,0.01515153560295773,13633408.5,0.14836861963022674
2020-06-19,JKH.N0000,11.873606,11.873606,11.564293,11.723939,5740410,tradingview_cselk_fallback,-0.0109427054114134,-0.011003017198595557,0.02638302706965648,13394496.5,0.42856482138018404
2020-06-22,JKH.N0000,11.873606,11.973384,11.773828,11.913517,2211150,tradingview_cselk_fallback,0.016170162604906224,0.016040818011443303,0.016750385297641276,12896936.0,0.1714476988953035
2020-06-23,JKH.N0000,11.923495,12.033251,11.903539,12.013295,6621790,tradingview_cselk_fallback,0.008375192648820473,0.008340315323770013,0.010797370746327266,12293477.5,0.5386425443899011
2020-06-24,JKH.N0000,12.272719,12.911299,12.272719,12.911299,12085990,tradingview_cselk_fallback,0.07475084895526174,0.07208886630346666,0.04945900486078119,10915574.5,1.1072243609349193
2020-06-25,JKH.N0000,13.170722,13.170722,12.921277,12.971166,4802100,tradingview_cselk_fallback,0.004636791387140793,0.0046260745849054305,0.01923073068373342,10703669.5,0.44864053397762327
2020-06-26,JKH.N0000,12.961188,12.961188,12.482253,12.871388,3992530,tradingview_cselk_fallback,-0.00769229227349344,-0.0077220305555704815,0.03720927377839903,9446303.5,0.42265527462673624
2020-06-29,JKH.N0000,12.921277,12.921277,12.462297,12.472275,5063710,tradingview_cselk_fallback,-0.03100776699451524,-0.03149868259771084,0.036800022449793676,6745649.0,0.7506631311531329
2020-06-30,JKH.N0000,12.472275,12.472275,12.212852,12.272719,36872870,tradingview_cselk_fallback,-0.015999967928866154,-0.016129349337268464,0.021138184619072593,7747559.0,4.759288699834361
2020-07-01,JKH.N0000,12.272719,12.272719,12.063184,12.113073,10987780,tradingview_cselk_fallback,-0.013008201361083938,-0.01309354896624235,0.017298252887603394,7428676.5,1.4791033099906827
2020-07-02,JKH.N0000,12.073162,12.073162,11.713961,11.913517,44357410,tradingview_cselk_fallback,-0.016474432210554668,-0.016611644755350125,0.03015071032340832,9206085.0,4.818270741580162
2020-07-03,JKH.N0000,11.873606,11.873606,11.504426,11.524382,21180770,tradingview_cselk_fallback,-0.032663318481016224,-0.03320867295884688,0.032034689582486946,9486828.5,2.2326502476565273
2020-07-06,JKH.N0000,11.524382,11.524382,11.145225,11.274937,30460070,tradingview_cselk_fallback,-0.021644978446566543,-0.0218826670953355,0.033628303200275024,10937145.0,2.7850110792167424
2020-07-07,JKH.N0000,11.274937,11.574271,11.274937,11.474493,29623340,tradingview_cselk_fallback,0.01769907893942113,0.01754427417399224,0.026086904231847105,12198120.0,2.428516853416756
2020-07-08,JKH.N0000,11.424604,11.424604,11.245003,11.254981,21378630,tradingview_cselk_fallback,-0.019130431296615846,-0.01931578574530948,0.01595746807569021,13009409.5,1.6433205519435758
2020-07-09,JKH.N0000,11.374715,11.494449,11.324826,11.39467,5393330,tradingview_cselk_fallback,0.012411304825836522,0.012334915989424683,0.014886170463909849,13175296.0,0.4093517139956476
2020-07-10,JKH.N0000,11.314848,11.314848,11.005535,11.025491,45356530,tradingview_cselk_fallback,-0.03239927088717787,-0.032935746719448586,0.02805435150235028,15300060.5,2.964467362727095
2020-07-13,JKH.N0000,10.776046,11.07538,10.376933,10.776046,13123540,tradingview_cselk_fallback,-0.0226243892448873,-0.022884247644330055,0.06481477528956353,15745362.0,0.8334860767253239
2020-07-14,JKH.N0000,10.726156,11.175158,10.706201,10.716179,34065320,tradingview_cselk_fallback,-0.00555556277321001,-0.005571052307431952,0.04376158703582682,17064495.0,1.996268861164658
2020-07-15,JKH.N0000,10.776046,10.875824,10.5266,10.726156,6236110,tradingview_cselk_fallback,0.0009310221488461057,0.0009305890165416165,0.03255816902159539,17078807.5,0.3651373200382989
2020-07-16,JKH.N0000,10.776046,11.065402,10.776046,10.975602,996960,tradingview_cselk_fallback,0.023255861652580867,0.022989564839719864,0.026363565296919612,17027517.0,0.058549934203560035
2020-07-17,JKH.N0000,11.07538,11.165181,11.07538,11.125269,3265080,tradingview_cselk_fallback,0.013636336303010976,0.013544198142117462,0.008071804825573329,16903750.5,0.19315713397449874
2020-07-20,JKH.N0000,11.175158,11.454537,11.175158,11.314848,12021830,tradingview_cselk_fallback,0.017040396955795067,0.016896837964651704,0.024691361298004224,17394284.5,0.6911367926631302
2020-07-21,JKH.N0000,11.474493,11.474493,11.225047,11.274937,5521440,tradingview_cselk_fallback,-0.003527312077015954,-0.0035335477099274473,0.022123937366568057,17339267.0,0.3184356063033114
2020-07-22,JKH.N0000,11.324826,11.324826,11.07538,11.165181,9289890,tradingview_cselk_fallback,-0.009734511155139902,-0.009782201254432505,0.022341420170438858,17199462.0,0.5401267783841146
2020-07-23,JKH.N0000,11.175158,11.225047,11.045447,11.175158,2679090,tradingview_cselk_fallback,0.0008935815729274044,0.0008931825665924473,0.016071361138697157,17093311.5,0.15673323451690446
2020-07-24,JKH.N0000,11.185136,11.185136,11.145225,11.175158,4015370,tradingview_cselk_fallback,0.0,0.0,0.003571403643688978,17094453.5,0.2348931482366488
2020-07-27,JKH.N0000,11.175158,11.245003,11.125269,11.175158,2658930,tradingview_cselk_fallback,0.0,0.0,0.010714300415260449,16974214.5,0.15664524564597673
2020-07-28,JKH.N0000,11.175158,11.175158,11.155203,11.165181,3183620,tradingview_cselk_fallback,-0.0008927837977771302,-0.0008931825665924749,0.0017872527100097615,15289752.0,0.20821920460187973
2020-07-29,JKH.N0000,11.125269,11.165181,11.045447,11.105314,3642300,tradingview_cselk_fallback,-0.005361937258339222,-0.005376364037352205,0.010781685236455368,14922478.0,0.24408144545430055
2020-07-30,JKH.N0000,10.975602,11.055425,10.825935,10.975602,15595290,tradingview_cselk_fallback,-0.011680174013990019,-0.011748923105056925,0.020909103664655496,13484372.0,1.1565455180263493
2020-07-31,JKH.N0000,11.07538,11.225047,10.975602,11.065402,5361170,tradingview_cselk_fallback,0.008181783559571443,0.008148494222631843,0.02254278696788419,12693392.0,0.4223591298527612
2020-08-04,JKH.N0000,11.125269,11.434582,11.125269,11.294892,10028940,tradingview_cselk_fallback,0.020739418233517437,0.020527284505491544,0.02738521094314149,11671835.5,0.8592427472097255
2020-08-06,JKH.N0000,11.225047,11.404648,11.225047,11.374715,2676330,tradingview_cselk_fallback,0.007067176915016127,0.007042321456814126,0.015789494506016185,10324485.0,0.2592216464065762
2020-08-07,JKH.N0000,11.474493,11.674049,11.39467,11.464515,23657140,tradingview_cselk_fallback,0.007894703295862726,0.007863703176735747,0.02436902040775388,10438410.5,2.266354633207805
2020-08-10,JKH.N0000,11.474493,11.524382,11.324826,11.44456,1601150,tradingview_cselk_fallback,-0.0017405882411948292,-0.0017421048249949742,0.017436755978386186,10248801.5,0.15622802334497354
2020-08-11,JKH.N0000,11.464515,11.674049,11.464515,11.564293,31245430,tradingview_cselk_fallback,0.010462001160376655,0.010407653156842563,0.018119049733520215,9543246.5,3.274088120850698
2020-08-12,JKH.N0000,11.674049,12.023273,11.574271,11.923495,10862310,tradingview_cselk_fallback,0.031061302234386634,0.03058866227243096,0.03765691183667206,9430185.0,1.1518660556500218
2020-08-13,JKH.N0000,11.973384,12.162963,11.893561,11.923495,21111070,tradingview_cselk_fallback,0.0,0.0,0.022594214196424746,8782472.5,2.4037729694001317
2020-08-14,JKH.N0000,11.973384,12.472275,11.923495,12.432364,21649440,tradingview_cselk_fallback,0.042677839006096674,0.041792249116847924,0.04414124296875469,9553139.0,2.2662121842883267
2020-08-17,JKH.N0000,12.472275,12.781587,12.472275,12.731698,26651560,tradingview_cselk_fallback,0.02407699774556149,0.02379171690135568,0.02429463846849024,10835869.0,2.4595683096574903
2020-08-18,JKH.N0000,12.821499,13.070944,12.821499,12.911299,23244130,tradingview_cselk_fallback,0.014106602277245361,0.014008030094105157,0.019319899570136318,11834821.5,1.9640456765655485
2020-08-19,JKH.N0000,12.971166,13.420168,12.971166,13.380257,20286160,tradingview_cselk_fallback,0.0363215196240132,0.035677442817008846,0.03355705350054189,12248038.0,1.6562783361710667
2020-08-20,JKH.N0000,13.41019,13.460079,13.021055,13.300434,7742440,tradingview_cselk_fallback,-0.005965729955710208,-0.005983596014153734,0.033008246197078976,12359088.0,0.6264572272646655
2020-08-21,JKH.N0000,13.310412,13.470057,13.220611,13.370279,38251650,tradingview_cselk_fallback,0.00525133240013087,0.00523759223593062,0.018656753535210503,13807176.0,2.7704180782514833
2020-08-24,JKH.N0000,13.420168,13.579813,13.41019,13.420168,26933070,tradingview_cselk_fallback,0.0037313357484911602,0.0037243915839029608,0.0126394095811617,15019875.0,1.7931620602701421
2020-08-25,JKH.N0000,13.420168,13.450101,13.070944,13.270501,3507530,tradingview_cselk_fallback,-0.011152393919360848,-0.011215048129569116,0.02857141565341047,14994483.0,0.23392136961307702
2020-08-26,JKH.N0000,13.270501,13.420168,13.220611,13.390234,7770380,tradingview_cselk_fallback,0.009022492820730754,0.008982033314016357,0.01490317495571776,15250055.5,0.5095312603944294
2020-08-27,JKH.N0000,13.32039,13.32039,13.230589,13.290456,18043890,tradingview_cselk_fallback,-0.007451550137211882,-0.0074794516295948275,0.006756803528787844,15993069.0,1.1282318609392605
2020-08-28,JKH.N0000,13.270501,13.440124,13.270501,13.370279,1985240,tradingview_cselk_fallback,0.006006039220926684,0.005988074861244707,0.012686571461971842,15910216.0,0.12477769000747696
2020-08-31,JKH.N0000,13.380257,13.619724,13.070944,13.599769,12552800,tradingview_cselk_fallback,0.017164189318711998,0.017018548793449374,0.04035215598147284,15758091.5,0.7965939276339397
2020-09-02,JKH.N0000,13.569835,13.599769,13.420168,13.420168,11166510,tradingview_cselk_fallback,-0.01320618019320774,-0.013294157209546558,0.013382917412062196,16048358.5,0.6958038730253938
2020-09-03,JKH.N0000,13.420168,13.420168,13.310412,13.370279,1028660,tradingview_cselk_fallback,-0.0037174646397869493,-0.0037243915839029387,0.008208953605231488,15598344.5,0.06594674197636807
2020-09-04,JKH.N0000,13.380257,13.380257,13.170722,13.220611,3031270,tradingview_cselk_fallback,-0.011194082038228248,-0.011257207302919525,0.015849116201966815,15616091.5,0.1941119517646269
2020-09-07,JKH.N0000,13.170722,13.32039,13.170722,13.220611,1381820,tradingview_cselk_fallback,0.0,0.0,0.011320808092757598,14502325.5,0.09528264966884104
2020-09-08,JKH.N0000,13.220611,13.350323,13.200656,13.32039,2340480,tradingview_cselk_fallback,0.0075472306083281815,0.0075188927556246316,0.011235932281261967,14539292.0,0.16097620159220957
2020-09-09,JKH.N0000,13.32039,13.490013,13.32039,13.470057,40514910,tradingview_cselk_fallback,0.011235932281262073,0.011173278076261913,0.0125925970469167,15002766.0,2.7004960285323385
2020-09-10,JKH.N0000,13.519946,13.609746,13.480035,13.569835,5678800,tradingview_cselk_fallback,0.007407392559660275,0.00738009255904993,0.009558775033005087,14743590.5,0.38517076284776086
2020-09-11,JKH.N0000,13.569835,13.63968,13.49999,13.539902,7805620,tradingview_cselk_fallback,-0.00220584848673544,-0.0022082849541533705,0.010316913667469667,14078318.0,0.5544426543000378
2020-09-14,JKH.N0000,13.569835,13.719502,13.470057,13.559857,4625170,tradingview_cselk_fallback,0.001473792055511236,0.0014727070898781255,0.018395842965010598,13227104.5,0.34967365684606183
2020-09-15,JKH.N0000,13.569835,13.689569,13.470057,13.689569,3064290,tradingview_cselk_fallback,0.009565882590059971,0.009520419236648243,0.016034982547660916,12047741.0,0.2543456071972331
2020-09-16,JKH.N0000,13.709525,13.709525,13.569835,13.609746,11162650,tradingview_cselk_fallback,-0.005830935948385352,-0.005848002229333254,0.010263968188678897,11443667.0,0.9754434483282326
2020-09-17,JKH.N0000,13.579813,13.699547,13.569835,13.699547,3684780,tradingview_cselk_fallback,0.006598286257510022,0.006576612852722599,0.009468342274383333,10613598.0,0.3471753876489386
2020-09-18,JKH.N0000,13.709525,13.769392,13.669613,13.759414,3854550,tradingview_cselk_fallback,0.004369998511629447,0.004360477795067679,0.007251689643178107,10419203.5,0.3699467046593341
2020-09-21,JKH.N0000,13.759414,13.759414,13.569835,13.679591,2378130,tradingview_cselk_fallback,-0.005801337179039745,-0.00581823030239261,0.013858528372668464,8625527.5,0.27570835522812953
2020-09-22,JKH.N0000,13.719502,13.769392,13.569835,13.669613,4079340,tradingview_cselk_fallback,-0.0007294077724985248,-0.0007296739197756135,0.014598584466144026,7482841.0,0.5451592516799435
2020-09-23,JKH.N0000,13.669613,13.769392,13.569835,13.719502,3383970,tradingview_cselk_fallback,0.003649627827795987,0.003642984096014135,0.014545498808921812,7476663.0,0.45260432361335534
2020-09-24,JKH.N0000,13.769392,13.769392,13.559857,13.579813,2119830,tradingview_cselk_fallback,-0.01018178356619659,-0.010233972477509155,0.015429888467536386,7194135.5,0.294660838678949
2020-09-25,JKH.N0000,13.579813,13.649658,13.539902,13.569835,1642250,tradingview_cselk_fallback,-0.0007347671135088385,-0.0007350371871666505,0.008088233939469482,6374053.5,0.25764609600468524
2020-09-28,JKH.N0000,13.659636,13.759414,13.659636,13.759414,4125290,tradingview_cselk_fallback,0.013970619392203343,0.013873929790829858,0.007251616965664295,6481056.0,0.6365150987740269
2020-09-29,JKH.N0000,13.689569,13.689569,13.490013,13.569835,4116290,tradingview_cselk_fallback,-0.013778130376773334,-0.013873929790829907,0.014705853092539533,6059230.5,0.6793420385641378
2020-09-30,JKH.N0000,13.509968,13.569835,13.380257,13.400212,4194830,tradingview_cselk_fallback,-0.012500004605803916,-0.01257878687096536,0.014147388115949146,5710646.5,0.7345630656704105
2020-10-02,JKH.N0000,13.380257,13.420168,13.250545,13.420168,3010200,tradingview_cselk_fallback,0.0014892301703883781,0.0014881223668514283,0.0126394095811617,5809723.5,0.5181313706237483
2020-10-05,JKH.N0000,12.961188,13.170722,12.372497,12.871388,17468580,tradingview_cselk_fallback,-0.04089218555237173,-0.041751786593353477,0.06201545629733176,6531589.0,2.674476302780227
2020-10-06,JKH.N0000,12.472275,13.021055,12.472275,12.961188,14957830,tradingview_cselk_fallback,0.0069767145547938725,0.006952489888926029,0.042340254612463046,7210389.5,2.074482938820434
2020-10-07,JKH.N0000,12.871388,12.991122,12.77161,12.961188,17019770,tradingview_cselk_fallback,0.0,0.0,0.01693610184498519,7944354.0,2.142373061421986
2020-10-08,JKH.N0000,12.971166,13.170722,12.931255,13.170722,13211620,tradingview_cselk_fallback,0.01616626500595464,0.016036982427040408,0.018181767104339417,6579189.5,2.008092334169733
2020-10-09,JKH.N0000,13.170722,13.270501,13.080922,13.270501,3917790,tradingview_cselk_fallback,0.007575818546621704,0.007547266147817659,0.014285745504257916,6491139.0,0.6035597142504574
2020-10-12,JKH.N0000,13.080922,13.170722,13.060966,13.080922,742080,tradingview_cselk_fallback,-0.014285745504257874,-0.014388769123086358,0.008390540055203989,6137962.0,0.1209000642232715
2020-10-13,JKH.N0000,13.170722,13.170722,12.77161,12.961188,1777320,tradingview_cselk_fallback,-0.00915333032335175,-0.009195479451771776,0.030792856333848317,5995569.5,0.29643889542102714
2020-10-14,JKH.N0000,12.871388,13.280478,12.821499,13.270501,54188110,tradingview_cselk_fallback,0.02386455624283812,0.02358424857485813,0.0345864108672311,8551760.5,6.336485920062892
2020-10-15,JKH.N0000,13.260523,13.420168,13.170722,13.370279,1900580,tradingview_cselk_fallback,0.007518781694828336,0.00749065654566621,0.018656753535210503,8088657.0,0.23496854916706197
2020-10-16,JKH.N0000,13.32039,13.360301,13.170722,13.270501,606480,tradingview_cselk_fallback,-0.0074626714969823205,-0.007490656545666222,0.014285745504257916,7934742.0,0.07643348706233927
2020-10-19,JKH.N0000,13.270501,13.559857,13.270501,13.559857,9963760,tradingview_cselk_fallback,0.021804451843980832,0.0215701347694077,0.021339163089994218,8240202.5,1.209164459247209
2020-10-20,JKH.N0000,13.470057,13.629702,13.470057,13.619724,5739410,tradingview_cselk_fallback,0.004415017061020654,0.004405299464932545,0.011721603169050956,8408266.5,0.6825913522127302
2020-10-21,JKH.N0000,13.519946,13.619724,13.110855,13.130811,20012730,tradingview_cselk_fallback,-0.03589742347201752,-0.03655758284573075,0.03875381345447733,9204936.0,2.1741302709763546
2020-10-22,JKH.N0000,12.971166,13.1807,12.671831,13.1807,10965460,tradingview_cselk_fallback,0.0037993845163104556,0.0037921850848027946,0.038607130122072474,9584010.5,1.144141067040776
2020-10-23,JKH.N0000,13.140789,13.470057,13.120833,13.170722,467880,tradingview_cselk_fallback,-0.0007570159399729048,-0.0007573026212302432,0.026515175098221745,9501413.0,0.04924320203742327
2020-10-26,JKH.N0000,12.871388,12.971166,12.77161,12.871388,2578990,tradingview_cselk_fallback,-0.02272722786191983,-0.022989472315966597,0.015503844651408178,9548250.0,0.2701008038122169
2020-10-27,JKH.N0000,12.821499,13.100878,12.821499,12.991122,486990,tradingview_cselk_fallback,0.009302337867524546,0.009259337585689663,0.021505378827171392,9366335.0,0.05199365600312182
2020-10-28,JKH.N0000,12.971166,13.190678,12.971166,13.070944,2143800,tradingview_cselk_fallback,0.006144349964537277,0.006125550414336357,0.01679389032651352,9267710.5,0.2313192670401174
2020-10-29,JKH.N0000,13.021055,13.160745,12.881366,13.160745,4463070,tradingview_cselk_fallback,0.006870276546208087,0.006846783736318375,0.021228205546114636,9281122.5,0.48087610092421473
2020-11-02,JKH.N0000,12.961188,13.080922,12.871388,13.070944,1569010,tradingview_cselk_fallback,-0.006823397915543539,-0.006846783736318429,0.016030517765204998,9209063.0,0.17037672562344292
2020-11-03,JKH.N0000,13.070944,13.380257,13.070944,13.380257,8319400,tradingview_cselk_fallback,0.023664166872721548,0.02338851078764755,0.023117119499274155,8751604.0,0.9506143102452991
2020-11-04,JKH.N0000,13.370279,13.559857,13.370279,13.509968,3611990,tradingview_cselk_fallback,0.009694208414681382,0.009647521065051453,0.014032453666803587,8184312.0,0.44133092677796254
2020-11-05,JKH.N0000,13.509968,13.669613,13.509968,13.569835,1476050,tradingview_cselk_fallback,0.004431320636732794,0.004421531244742227,0.011764697212604234,7407126.0,0.1992743204314332
2020-11-06,JKH.N0000,13.519946,13.669613,13.519946,13.579813,5363950,tradingview_cselk_fallback,0.0007353073931997134,0.0007350371871666823,0.011021285786483282,7014742.5,0.7646681257366182
2020-11-09,JKH.N0000,13.589791,13.709525,13.589791,13.669613,5311790,tradingview_cselk_fallback,0.006612756744146742,0.006590988381495175,0.008759136048694235,7084442.5,0.7497823576096496
2020-11-10,JKH.N0000,13.709525,13.968948,13.709525,13.759414,17331730,tradingview_cselk_fallback,0.006569388614001026,0.006547904222168191,0.018854218646230134,7913925.0,2.1900295997245363
2020-11-11,JKH.N0000,13.819281,14.148549,13.789347,14.078704,10210510,tradingview_cselk_fallback,0.023205203361131632,0.022940056649873856,0.025513854116117493,8335584.5,1.2249302973294793
2020-11-12,JKH.N0000,14.178482,14.258305,13.948992,13.988904,4162310,tradingview_cselk_fallback,-0.006378428014396809,-0.006398857103010711,0.02211131050724199,5834294.5,0.7134213056951445
2020-11-13,JKH.N0000,13.998881,14.158527,13.889125,14.068726,2542590,tradingview_cselk_fallback,0.005706093915577748,0.0056898758270678374,0.019148997570924295,5866395.0,0.4334160928474813
2020-11-16,JKH.N0000,14.068726,14.068726,13.919059,14.068726,1369610,tradingview_cselk_fallback,0.0,0.0,0.0106382766996812,5904551.5,0.2319583460318705
2020-11-17,JKH.N0000,13.968948,14.118615,13.968948,14.088682,1299070,tradingview_cselk_fallback,0.0014184653251474444,0.0014174602535353467,0.010623208047424228,5471317.0,0.2374327789817333
2020-11-18,JKH.N0000,14.088682,14.138571,13.968948,14.068726,3234690,tradingview_cselk_fallback,-0.0014164561312407509,-0.0014174602535354107,0.012056742024828787,5346081.0,0.6050581725192716
2020-11-19,JKH.N0000,14.068726,14.158527,14.048771,14.068726,3345570,tradingview_cselk_fallback,0.0,0.0,0.007801417129027822,4512723.0,0.7413639170850947
2020-11-20,JKH.N0000,14.068726,14.178482,13.968948,14.128593,11436860,tradingview_cselk_fallback,0.004255324895800827,0.0042462966039646275,0.014830493029277681,4536293.0,2.5211907608260753
2020-11-23,JKH.N0000,14.168504,14.268283,14.108637,14.128593,1564290,tradingview_cselk_fallback,0.0,0.0,0.011299497409260808,4591113.5,0.34072126511357215
2020-11-24,JKH.N0000,14.208416,14.617506,14.208416,14.517728,20274530,tradingview_cselk_fallback,0.02754237453085384,0.02716990695721238,0.02817865164576722,5475890.5,3.7025082952261372
2020-11-25,JKH.N0000,14.50775,14.817063,14.50775,14.767174,5397800,tradingview_cselk_fallback,0.017182165143196038,0.017036221127803928,0.020945984654883832,5721431.0,0.9434353049088593
2020-11-26,JKH.N0000,14.767174,14.767174,14.667395,14.667395,1755830,tradingview_cselk_fallback,-0.006756810747946762,-0.006779741343857251,0.00680277581670091,5702032.5,0.30793054932605174
2020-11-27,JKH.N0000,14.707307,14.817063,14.687351,14.767174,6931380,tradingview_cselk_fallback,0.006802775816700857,0.006779741343857189,0.00878380656989615,5825448.0,1.189844969863262
2020-11-30,JKH.N0000,14.757196,14.846996,14.677373,14.797107,8852390,tradingview_cselk_fallback,0.002026995821949429,0.0020249442378188435,0.011463254269905692,6189617.0,1.4301999622916894
2020-12-01,JKH.N0000,14.807085,14.896885,14.767174,14.896885,6492560,tradingview_cselk_fallback,0.006743074845643626,0.006720442002791689,0.008707256584178409,6098275.0,1.0646551688797241
2020-12-02,JKH.N0000,14.916841,14.936797,14.866952,14.896885,11201250,tradingview_cselk_fallback,0.0,0.0,0.004688564085713277,6477738.0,1.7291915789122685
2020-12-03,JKH.N0000,14.896885,15.066508,14.866952,14.916841,9470800,tradingview_cselk_fallback,0.0013396089182402537,0.001338712442741742,0.013377899516392323,6877475.5,1.377075061917705
2020-12-04,JKH.N0000,14.936797,15.016619,14.896885,14.96673,15965600,tradingview_cselk_fallback,0.0033444748790980583,0.0033388945616823415,0.008000010690378,7407558.0,2.1553121825033297
2020-12-07,JKH.N0000,15.05653,15.116397,14.986686,15.116397,13109230,tradingview_cselk_fallback,0.00999997995554125,0.009950311007169123,0.00858081459490635,7797430.0,1.6812244547241848
2020-12-08,JKH.N0000,15.146331,15.166286,15.066508,15.166286,31937590,tradingview_cselk_fallback,0.0033003234831685546,0.0032948893685632976,0.00657893435479186,8527723.0,3.7451486170458397
2020-12-09,JKH.N0000,15.166286,15.256087,15.166286,15.166286,13771340,tradingview_cselk_fallback,0.0,0.0,0.005921093667889512,8705764.5,1.5818645220646619
2020-12-10,JKH.N0000,15.226153,15.266065,15.166286,15.216175,4802940,tradingview_cselk_fallback,0.003289467177395977,0.0032840687157091736,0.006557429840285081,8737796.0,0.5496740825718522
2020-12-11,JKH.N0000,15.266065,15.266065,15.146331,15.216175,8462740,tradingview_cselk_fallback,0.0,0.0,0.0078688632327112,9033803.5,0.936785928540509
2020-12-14,JKH.N0000,15.256087,15.355865,15.216175,15.226153,13829750,tradingview_cselk_fallback,0.0006557495559824655,0.0006555346461885823,0.009174346271182214,9656810.5,1.4321239916637072
2020-12-15,JKH.N0000,15.266065,15.305976,15.076486,15.106419,4473700,tradingview_cselk_fallback,-0.00786370661059288,-0.00789478860510917,0.015191555324925131,9815542.0,0.45577717460737266
2020-12-16,JKH.N0000,15.106419,15.106419,14.87693,14.96673,31589540,tradingview_cselk_fallback,-0.009246996260331541,-0.009290015132521126,0.01533327587255205,11233284.5,2.8121374474224345
2020-12-17,JKH.N0000,14.96673,15.016619,14.926819,14.96673,2100130,tradingview_cselk_fallback,0.0,0.0,0.00599997461035245,11171012.5,0.18799817832089974
2020-12-18,JKH.N0000,14.96673,15.066508,14.956752,14.96673,3033130,tradingview_cselk_fallback,0.0,0.0,0.00733333199703615,10750826.0,0.28212994982897127
2020-12-21,JKH.N0000,14.96673,15.096442,14.767174,14.846996,17028470,tradingview_cselk_fallback,-0.008000010690377923,-0.008032182473854966,0.02217741555261408,11524035.0,1.4776482369239594
2020-12-22,JKH.N0000,14.767174,14.866952,14.667395,14.767174,12436240,tradingview_cselk_fallback,-0.005376306425892485,-0.00539081077117986,0.013513553778129697,11132120.5,1.1171492439378463
2020-12-23,JKH.N0000,14.667395,14.866952,14.368061,14.767174,18645430,tradingview_cselk_fallback,0.0,0.0,0.03378378286867877,11794502.0,1.5808577589795652
2020-12-24,JKH.N0000,14.767174,14.866952,14.567617,14.717285,2351670,tradingview_cselk_fallback,-0.0033783715150915716,-0.0033840910976883853,0.020339009538783766,11824294.0,0.19888460148233797
2020-12-28,JKH.N0000,14.767174,14.916841,14.73724,14.866952,1098990,tradingview_cselk_fallback,0.01016947079573427,0.010118109644583104,0.012080552893424282,11532674.5,0.09529359386671322
2020-12-30,JKH.N0000,14.916841,15.365843,14.916841,14.96673,50701210,tradingview_cselk_fallback,0.006711395853030266,0.006688974698139917,0.03000000668148621,13625115.5,3.7211581802737745
2020-12-31,JKH.N0000,14.976708,15.166286,14.896885,14.936797,12348020,tradingview_cselk_fallback,-0.001999969265163437,-0.0020019718742441297,0.01803606221601594,13917888.5,0.8872049808417419
2021-01-04,JKH.N0000,15.066508,15.066508,14.916841,14.936797,8253730,tradingview_cselk_fallback,0.0,0.0,0.010020019686951686,13770512.5,0.5993771110552348
2021-01-05,JKH.N0000,14.956752,15.066508,14.946774,14.986686,11963860,tradingview_cselk_fallback,0.003340006562317255,0.003334441129344437,0.007989358020846044,13895165.5,0.861008816339755
2021-01-06,JKH.N0000,14.96673,14.976708,14.946774,14.946774,4538380,tradingview_cselk_fallback,-0.0026631638242103906,-0.0026667163537014743,0.0020027064034018843,13323804.5,0.3406219297198484
2021-01-07,JKH.N0000,14.946774,14.946774,14.777151,14.87693,1152430,tradingview_cselk_fallback,-0.004672847799799484,-0.00468379968405713,0.011401747537966479,12725964.5,0.0905573797569528
2021-01-08,JKH.N0000,14.842007,14.96673,14.792118,14.96673,3591110,tradingview_cselk_fallback,0.006036191606736185,0.006018046782658458,0.011666676688895955,11308640.5,0.3175545283272556
2021-01-11,JKH.N0000,14.866952,15.465621,14.866952,15.465621,3348230,tradingview_cselk_fallback,0.03333333333333344,0.03278982282299097,0.03870966448744612,10787485.0,0.31038096460852554
2021-01-12,JKH.N0000,15.465621,15.465621,14.96673,15.266065,4184190,tradingview_cselk_fallback,-0.012903199942634114,-0.012987169324904884,0.0326797377058201,10756547.5,0.38899005466205583
2021-01-13,JKH.N0000,14.991675,15.415732,14.991675,15.390787,3184550,tradingview_cselk_fallback,0.008169885297881319,0.008136692450278309,0.027552652115840435,10492638.0,0.30350327534410315
2021-01-15,JKH.N0000,15.340898,16.164068,15.340898,15.989457,14088020,tradingview_cselk_fallback,0.038897945894514674,0.03816048389970457,0.05148204845230211,10505551.5,1.3410071808224442
2021-01-18,JKH.N0000,16.164068,16.513292,16.06429,16.164068,9121480,tradingview_cselk_fallback,0.010920383350103702,0.010861186541813861,0.027777784651734954,10737940.5,0.8494627065590464
2021-01-19,JKH.N0000,16.263847,16.33868,15.715066,15.715066,38979260,tradingview_cselk_fallback,-0.02777778465173497,-0.028170884037052316,0.03968255685340424,11107426.5,3.509297135569612
2021-01-20,JKH.N0000,15.964512,15.964512,15.415732,15.665177,68129380,tradingview_cselk_fallback,-0.0031745969122878304,-0.0031796466351206917,0.03503184164468738,14408889.0,4.728288211533866
2021-01-21,JKH.N0000,15.665177,16.164068,15.665177,16.164068,37578640,tradingview_cselk_fallback,0.03184713457115751,0.03135053067217311,0.03086419829463724,16136164.5,2.328845866686597
2021-01-22,JKH.N0000,16.463403,17.660741,16.463403,16.762738,28796310,tradingview_cselk_fallback,0.03703708744605616,0.03636769277957068,0.07142854586166067,16724556.5,1.7217981236154154
2021-01-25,JKH.N0000,17.062072,18.658523,17.062072,18.059854,62721980,tradingview_cselk_fallback,0.07738091474077824,0.07453301692582999,0.08839777995990433,19238843.5,3.260174136766589
2021-01-26,JKH.N0000,18.084799,18.159632,16.962294,17.261629,26938220,tradingview_cselk_fallback,-0.04419886229423575,-0.04520540252097612,0.06936413706956618,19653483.0,1.370658829277233
2021-01-27,JKH.N0000,17.461185,17.461185,16.937349,17.16185,74312550,tradingview_cselk_fallback,-0.0057803930324303865,-0.005797164164620339,0.030523282746323925,23251527.0,3.196028802753471
2021-01-29,JKH.N0000,17.361407,17.461185,16.513292,16.812627,16494130,tradingview_cselk_fallback,-0.02034879689543967,-0.020558685869794882,0.056379826900341073,24021284.0,0.6866464756838144
2021-02-01,JKH.N0000,16.812627,17.136906,16.363625,16.762738,11002360,tradingview_cselk_fallback,-0.0029673530495859524,-0.002971764370438657,0.04613094829734861,22036341.5,0.4992825147495559
2021-02-02,JKH.N0000,16.812627,16.812627,15.365843,15.465621,24581370,tradingview_cselk_fallback,-0.07738097439690328,-0.0805388863464626,0.09354839356272852,22648009.0,1.0853656054269494
2021-02-03,JKH.N0000,15.565399,16.638015,15.565399,15.864734,15843520,tradingview_cselk_fallback,0.025806464544811947,0.02547909790756251,0.06761008410226103,23027498.5,0.6880261006205255
2021-02-05,JKH.N0000,15.864734,16.06429,15.465621,15.764956,21311360,tradingview_cselk_fallback,-0.00628929549023638,-0.006309156427110274,0.037974669894416405,23494873.5,0.9070642580816619
2021-02-08,JKH.N0000,15.964512,15.964512,15.365843,15.764956,7387490,tradingview_cselk_fallback,0.0,0.0,0.037974669894416405,23637329.0,0.3125348892000446
2021-02-09,JKH.N0000,15.465621,15.839789,15.166286,15.415732,20998500,tradingview_cselk_fallback,-0.022151917201671867,-0.022400955575018963,0.04368932983526181,24629632.5,0.8525705773320004
2021-02-10,JKH.N0000,15.365843,15.665177,15.291009,15.365843,22802770,tradingview_cselk_fallback,-0.003236239446819722,-0.0032414873951687236,0.024350632763851562,25590215.5,0.8910737777882332
2021-02-11,JKH.N0000,15.440676,15.465621,14.767174,15.166286,23489000,tradingview_cselk_fallback,-0.012987051865621768,-0.013072120957522968,0.046052606419264404,26597254.0,0.8831362816627611
2021-02-12,JKH.N0000,15.365843,15.465621,15.266065,15.465621,7175400,tradingview_cselk_fallback,0.019736869000096746,0.019544622447258308,0.012903199942634128,26746814.5,0.26827119917401754
2021-02-15,JKH.N0000,15.814845,16.263847,15.291009,16.014401,35150720,tradingview_cselk_fallback,0.03548386450178742,0.034868819406444165,0.06074769827482138,28345123.0,1.2400976351381505
2021-02-16,JKH.N0000,15.964512,15.964512,15.465621,15.465621,17857990,tradingview_cselk_fallback,-0.034267906742187826,-0.03486881940644425,0.03225806451612894,28533621.5,0.6258578147887747
2021-02-17,JKH.N0000,15.740011,15.864734,15.291009,15.864734,1058020,tradingview_cselk_fallback,0.025806464544811947,0.02547909790756251,0.036163543618191116,28130448.5,0.03761120267954491
2021-02-18,JKH.N0000,15.964512,16.014401,15.764956,15.964512,13859120,tradingview_cselk_fallback,0.0062892954902362685,0.006269600407017608,0.015624968680533405,26874441.5,0.5156989029892957
2021-02-19,JKH.N0000,15.964512,16.014401,15.764956,15.964512,10280730,tradingview_cselk_fallback,0.0,0.0,0.015624968680533405,23982009.0,0.42868510307038915
2021-02-22,JKH.N0000,15.864734,15.864734,15.465621,15.51551,936560,tradingview_cselk_fallback,-0.02812500626389325,-0.02852809005970159,0.02572348572492943,22149905.0,0.04228279985850955
2021-02-23,JKH.N0000,15.51551,15.51551,15.016619,15.166286,4479210,tradingview_cselk_fallback,-0.022508058065767833,-0.022765230702136964,0.032894737709680565,20934050.0,0.21396767467355815
2021-02-24,JKH.N0000,15.166286,15.365843,15.066508,15.166286,2891530,tradingview_cselk_fallback,0.0,0.0,0.01973686900009661,17942527.5,0.16115511039344932
2021-02-25,JKH.N0000,15.266065,15.51551,15.166286,15.166286,13476740,tradingview_cselk_fallback,0.0,0.0,0.023026336177492716,17269453.5,0.780380224539242
2021-03-01,JKH.N0000,15.465621,15.465621,15.191231,15.390787,42617340,tradingview_cselk_fallback,0.014802635266142339,0.014694145572631727,0.017828198129179514,15684693.0,2.7171293693794327
2021-03-02,JKH.N0000,15.565399,15.839789,15.315954,15.340898,1673160,tradingview_cselk_fallback,-0.0032414846622202953,-0.0032467496543007327,0.03414630616799617,14943644.5,0.11196465494076763
2021-03-03,JKH.N0000,15.51551,15.565399,15.041564,15.141342,2281590,tradingview_cselk_fallback,-0.013008104219192296,-0.013093450544059922,0.03459633895066897,14507606.0,0.1572685389994738
2021-03-04,JKH.N0000,15.166286,15.166286,14.742229,14.767174,16661790,tradingview_cselk_fallback,-0.024711680113955525,-0.025022138995038343,0.028716191737159693,14111627.0,1.1807136058797472
2021-03-05,JKH.N0000,14.866952,15.016619,14.592562,14.866952,9778320,tradingview_cselk_fallback,0.006756743030182921,0.006734018546894806,0.02852346600702022,13808367.0,0.7081445619166987
2021-03-08,JKH.N0000,14.96673,15.166286,14.891896,15.041564,12667990,tradingview_cselk_fallback,0.011744976374444382,0.011676539478036053,0.01824211897113893,13376198.5,0.9470545760815376
2021-03-09,JKH.N0000,15.166286,15.166286,14.916841,14.96673,8620120,tradingview_cselk_fallback,-0.004975147531200874,-0.004987564779896223,0.01666663325923563,13437830.0,0.6414815487321985
2021-03-10,JKH.N0000,14.767174,14.96673,14.767174,14.767174,547940,tradingview_cselk_fallback,-0.013333306607388518,-0.013422993245034822,0.01351348606036601,12415302.0,0.044134246593437676
2021-03-12,JKH.N0000,14.866952,15.116397,14.866952,14.866952,9605430,tradingview_cselk_fallback,0.006756743030182921,0.006734018546894806,0.016778489632575642,11755435.0,0.8171054495218595
2021-03-15,JKH.N0000,14.866952,14.96673,14.717285,14.767174,4222580,tradingview_cselk_fallback,-0.006711395853030155,-0.0067340185468948,0.016891857575457542,10792114.0,0.3912653257739864
2021-03-16,JKH.N0000,14.96673,14.96673,14.717285,14.96673,2843280,tradingview_cselk_fallback,0.013513486060366064,0.013422993245034837,0.01666663325923563,10575508.0,0.2688551698887656
2021-03-17,JKH.N0000,15.266065,15.266065,14.866952,14.866952,5115670,tradingview_cselk_fallback,-0.006666653303694314,-0.006688974698139969,0.026845650675404068,9073755.5,0.5637875078295861
2021-03-18,JKH.N0000,14.96673,14.96673,14.767174,14.767174,8827760,tradingview_cselk_fallback,-0.006711395853030155,-0.0067340185468948,0.01351348606036601,8622244.0,1.0238355583534866
2021-03-19,JKH.N0000,14.767174,14.866952,14.717285,14.742229,2586930,tradingview_cselk_fallback,-0.0016892196164276507,-0.001690647956630739,0.010152263948687753,8698689.5,0.29739307283010846
2021-03-22,JKH.N0000,14.817063,14.991675,14.767174,14.96673,9282440,tradingview_cselk_fallback,0.01522842983920536,0.015113641201665444,0.015000003340743105,8469855.5,1.0959384135892283
2021-03-23,JKH.N0000,15.266065,15.266065,14.916841,14.96673,16132190,tradingview_cselk_fallback,0.0,0.0,0.02333335337779191,8762428.5,1.8410638101069812
2021-03-24,JKH.N0000,14.991675,15.016619,14.767174,14.96673,12368410,tradingview_cselk_fallback,0.0,0.0,0.01666663325923563,9334021.0,1.325089155038327
2021-03-25,JKH.N0000,15.066508,15.066508,14.842007,14.866952,4947200,tradingview_cselk_fallback,-0.006666653303694314,-0.006688974698139969,0.01510067430095961,9357420.5,0.5286927097056288
2021-03-26,JKH.N0000,14.792118,14.96673,14.792118,14.866952,1644930,tradingview_cselk_fallback,0.0,0.0,0.011744976374444457,9295090.5,0.1769676153233796
2021-03-29,JKH.N0000,14.96673,14.96673,14.792118,14.96673,8102400,tradingview_cselk_fallback,0.006711395853030266,0.006688974698139917,0.011666676688895955,9026373.5,0.8976362433927646
2021-03-30,JKH.N0000,14.96673,14.96673,14.891896,14.96673,12138610,tradingview_cselk_fallback,0.0,0.0,0.005000023385201774,7502437.0,1.6179556056252122
2021-03-31,JKH.N0000,14.96673,14.96673,14.792118,14.817063,884790,tradingview_cselk_fallback,-0.009999979955541471,-0.01005031560657384,0.011784521669375353,7463018.5,0.1185565867215792
2021-04-01,JKH.N0000,14.891896,15.041564,14.891896,14.96673,8919550,tradingview_cselk_fallback,0.010100989649568293,0.010050315606573846,0.01000004677040343,7794916.5,1.1442778123409019
2021-04-05,JKH.N0000,14.96673,15.041564,14.916841,14.96673,7735510,tradingview_cselk_fallback,0.0,0.0,0.008333350037048807,7348602.5,1.0526504869463276
2021-04-06,JKH.N0000,14.96673,14.96673,14.866952,14.941785,2906060,tradingview_cselk_fallback,-0.0016666967333546223,-0.0016680872175802337,0.006677783143044863,7004989.5,0.4148557253369188
2021-04-07,JKH.N0000,14.96673,14.96673,14.842007,14.866952,4702530,tradingview_cselk_fallback,-0.00500830389407958,-0.0050208874805597135,0.008389278447929305,6606716.5,0.7117802012542842
2021-04-08,JKH.N0000,14.842007,14.941785,14.767174,14.866952,9265120,tradingview_cselk_fallback,0.0,0.0,0.01174490911116137,6638966.5,1.395566614171046
2021-04-09,JKH.N0000,14.866952,15.066508,14.866952,14.991675,13654480,tradingview_cselk_fallback,0.00838927844792936,0.008354284033860841,0.013311121005491458,7294293.5,1.8719400309296574
2021-04-12,JKH.N0000,14.991675,15.116397,14.96673,15.066508,19301970,tradingview_cselk_fallback,0.004991637025215656,0.004979220108471678,0.009933755054588569,7779120.5,2.4812535041718404
2021-04-15,JKH.N0000,15.091453,15.116397,14.866952,14.941785,8932840,tradingview_cselk_fallback,-0.008278162398347444,-0.008312616661772847,0.01669445785761204,8014633.5,1.1145662493487694
2021-04-16,JKH.N0000,14.96673,14.96673,14.866952,14.96673,2504130,tradingview_cselk_fallback,0.001669479248965322,0.0016680872175802797,0.0066666533036942996,7997676.0,0.31310720764382055
2021-04-19,JKH.N0000,15.066508,15.066508,14.866952,14.866952,9065840,tradingview_cselk_fallback,-0.006666653303694314,-0.006688974698139969,0.01342279170606061,8195184.5,1.1062398900232204
2021-04-20,JKH.N0000,14.866952,14.866952,14.567617,14.667395,3169910,tradingview_cselk_fallback,-0.013422858969343476,-0.01351375989075209,0.020408191093237705,7912292.0,0.40063106872193294
2021-04-21,JKH.N0000,14.617506,14.767174,14.492784,14.567617,2021580,tradingview_cselk_fallback,-0.0068027076382685125,-0.006825951528108663,0.018835613264681545,7884024.5,0.2564147282901011
2021-04-22,JKH.N0000,14.592562,14.767174,14.567617,14.567617,4904160,tradingview_cselk_fallback,0.0,0.0,0.013698671512300222,7665110.5,0.6398029095601426
2021-04-23,JKH.N0000,14.517728,14.567617,14.467839,14.517728,704620,tradingview_cselk_fallback,-0.0034246507167232654,-0.0034305282558380326,0.00687283850475781,6893732.0,0.10221169027168447
2021-04-27,JKH.N0000,14.467839,14.467839,14.268283,14.318172,1321180,tradingview_cselk_fallback,-0.013745677009515456,-0.01384102357134565,0.013937254001418575,6341370.5,0.2083429757021767
2021-04-28,JKH.N0000,14.318172,14.368061,14.268283,14.318172,1999700,tradingview_cselk_fallback,0.0,0.0,0.006968627000709349,6193995.5,0.3228449229580486
2021-04-29,JKH.N0000,14.318172,14.318172,14.118615,14.14356,3234780,tradingview_cselk_fallback,-0.012195132171900158,-0.01227010293867629,0.014109389715177821,6273488.0,0.5156270323622202
2021-05-03,JKH.N0000,14.068726,14.068726,13.86917,13.968948,2067890,tradingview_cselk_fallback,-0.01234568948694681,-0.012422530604090853,0.014285685650773374,5971762.5,0.34627800419055516
2021-05-04,JKH.N0000,13.968948,13.968948,13.669613,13.744447,2674060,tradingview_cselk_fallback,-0.016071432150796205,-0.01620197821411324,0.021778613573903646,5498535.0,0.486322265839901
2021-05-05,JKH.N0000,13.744447,13.744447,13.420168,13.470057,14009360,tradingview_cselk_fallback,-0.019963698794138396,-0.02016566595676157,0.02407406293826365,6154763.5,2.276181692440335
2021-05-06,JKH.N0000,13.470057,13.470057,13.32039,13.345334,6815790,tradingview_cselk_fallback,-0.009259277818943201,-0.009302411395452627,0.0112149310013523,6049575.5,1.126655911642065
2021-05-07,JKH.N0000,13.370279,13.569835,13.345334,13.495002,10870190,tradingview_cselk_fallback,0.011215005933909117,0.011152584029293169,0.01663586266974989,6206309.5,1.7514740442770378
2021-05-10,JKH.N0000,13.569835,13.919059,13.470057,13.519946,5453810,tradingview_cselk_fallback,0.0018483880180233392,0.0018466818510063422,0.033210339745439826,6333697.0,0.8610784507058042
2021-05-11,JKH.N0000,13.544891,13.544891,13.420168,13.470057,12446730,tradingview_cselk_fallback,-0.0036900295311829145,-0.0036968544848467984,0.009259277818943118,6720907.0,1.8519420072320596
2021-05-12,JKH.N0000,13.519946,13.769392,13.519946,13.619724,747800,tradingview_cselk_fallback,0.011111088839490302,0.011049814159707008,0.018315055429904508,6295041.0,0.1187919189088681
2021-05-13,JKH.N0000,13.569835,13.619724,13.470057,13.569835,1144010,tradingview_cselk_fallback,-0.0036629964013955574,-0.003669721600657247,0.011029389819404519,5669517.5,0.20178260319330524
2021-05-17,JKH.N0000,13.619724,13.968948,13.59478,13.968948,2012490,tradingview_cselk_fallback,0.029411779877942523,0.028987551611824917,0.026785696388876182,4805043.5,0.41882867449587086
2021-05-18,JKH.N0000,13.919059,14.018837,13.894114,14.018837,754050,tradingview_cselk_fallback,0.0035714214126933985,0.003565059031236885,0.008896815049636391,4396104.0,0.1715268792549039
2021-05-19,JKH.N0000,13.968948,13.968948,13.86917,13.968948,2100190,tradingview_cselk_fallback,-0.003558711753335886,-0.0035650590312368393,0.007142842825386623,4375907.0,0.47994392933853486
2021-05-20,JKH.N0000,13.919059,13.968948,13.894114,13.968948,4660380,tradingview_cselk_fallback,0.0,0.0,0.00535716791271606,4155634.0,1.121460648363162
2021-05-21,JKH.N0000,13.944003,13.968948,13.470057,13.819281,2244530,tradingview_cselk_fallback,-0.010714264238079974,-0.010772075273111317,0.036101082248779705,4109365.0,0.5461987436015053
2021-05-24,JKH.N0000,13.769392,13.769392,13.619724,13.719502,1572540,tradingview_cselk_fallback,-0.007220274339887811,-0.007246466674037711,0.01090914232892711,4086913.0,0.3847745229712499
2021-05-25,JKH.N0000,13.819281,13.819281,13.470057,13.669613,11467750,tradingview_cselk_fallback,-0.003636356479994718,-0.003642984096014041,0.02554746794953153,4415092.5,2.597397449770305
2021-05-28,JKH.N0000,13.669613,13.919059,13.669613,13.769392,1847270,tradingview_cselk_fallback,0.007299328810552286,0.0072728176410031715,0.018115977815142507,4472225.0,0.4130539049354628
2021-05-31,JKH.N0000,13.968948,14.018837,13.769392,13.919059,5654070,tradingview_cselk_fallback,0.01086954311417676,0.010810894238669818,0.017921110902683845,4688869.5,1.2058492990687841
2021-06-01,JKH.N0000,14.068726,14.068726,13.919059,13.968948,5299530,tradingview_cselk_fallback,0.003584222180536667,0.0035778141634901324,0.010714264238079998,4853861.0,1.0918174212240523
2021-06-02,JKH.N0000,13.968948,13.968948,13.919059,13.944003,4931080,tradingview_cselk_fallback,-0.0017857465000227224,-0.001787342846033174,0.003577810475227129,4938676.0,0.9984619359520649
2021-06-03,JKH.N0000,13.968948,13.968948,13.769392,13.769392,1086570,tradingview_cselk_fallback,-0.012522300805586473,-0.012601365556126813,0.014492724152235582,4889610.0,0.2222201770693368
2021-06-04,JKH.N0000,13.769392,13.919059,13.694558,13.919059,8265550,tradingview_cselk_fallback,0.01086954311417676,0.010810894238669818,0.01612903573438406,5169184.5,1.5990046399001623
2021-06-07,JKH.N0000,13.919059,13.968948,13.86917,13.894114,2440290,tradingview_cselk_fallback,-0.0017921470122369554,-0.0017937548289434567,0.007181314332097665,4590731.0,0.531568937496011
2021-06-08,JKH.N0000,13.919059,13.919059,13.819281,13.86917,561350,tradingview_cselk_fallback,-0.0017952925965628586,-0.0017969060657051501,0.007194230080098563,4278009.0,0.13121758275870854
2021-06-09,JKH.N0000,13.86917,13.919059,13.769392,13.86917,838730,tradingview_cselk_fallback,0.0,0.0,0.010791345120147844,3776436.0,0.22209564785422023
2021-06-10,JKH.N0000,13.769392,13.86917,13.669613,13.769392,5370850,tradingview_cselk_fallback,-0.007194230080098563,-0.007220233344021232,0.01449279677708358,3772288.0,1.4237645694072139
2021-06-11,JKH.N0000,13.769392,13.769392,13.669613,13.769392,5559840,tradingview_cselk_fallback,0.0,0.0,0.007246434700965724,3427943.5,1.6219170473492344
2021-06-14,JKH.N0000,13.719502,13.719502,13.644669,13.719502,1426640,tradingview_cselk_fallback,-0.0036232536629068335,-0.0036298335449891656,0.005454498275520491,3461885.5,0.4120991292173008
2021-06-15,JKH.N0000,13.769392,13.769392,13.569835,13.59478,2734970,tradingview_cselk_fallback,-0.009090854755515188,-0.009132428729390275,0.014678942947219479,3541433.5,0.7722776666567366
2021-06-16,JKH.N0000,13.769392,13.769392,13.569835,13.619724,849970,tradingview_cselk_fallback,0.0018348218948742723,0.001833140665371649,0.01465205902850898,3483307.5,0.24401233597665437
2021-06-17,JKH.N0000,13.669613,13.669613,13.569835,13.569835,1982860,tradingview_cselk_fallback,-0.0036629964013955574,-0.003669721600657247,0.0073529265462697665,3544748.0,0.559379679458173
2021-06-18,JKH.N0000,13.644669,13.644669,13.495002,13.569835,4051000,tradingview_cselk_fallback,0.0,0.0,0.011029389819404649,3642288.5,1.1122128299282168
2021-06-21,JKH.N0000,13.619724,13.619724,13.470057,13.495002,2933220,tradingview_cselk_fallback,-0.00551465806327045,-0.005529919925209258,0.011090550412663823,3555930.5,0.8248811387061699
2021-06-22,JKH.N0000,13.495002,13.495002,13.270501,13.395223,4942010,tradingview_cselk_fallback,-0.007393774376617368,-0.007421243812013381,0.016759780706898278,3690804.5,1.3390061706058936
2021-06-23,JKH.N0000,13.395223,13.669613,13.32039,13.59478,998390,tradingview_cselk_fallback,0.014897624324731407,0.014787744672508242,0.025688021431755446,3662097.0,0.272627950597704
2021-06-25,JKH.N0000,13.519946,13.819281,13.519946,13.769392,6996250,tradingview_cselk_fallback,0.01284404749470025,0.012762262274379505,0.021739158853201435,3438522.0,2.0346678020382014
2021-06-28,JKH.N0000,13.769392,13.968948,13.744447,13.769392,5689920,tradingview_cselk_fallback,0.0,0.0,0.016304350983689046,3630654.5,1.5671885055435597
2021-06-29,JKH.N0000,13.794336,13.794336,13.519946,13.569835,1271130,tradingview_cselk_fallback,-0.014492796777083594,-0.014598843209664937,0.020220584848673576,3411507.5,0.37260067580094725
2021-06-30,JKH.N0000,13.569835,13.569835,13.470057,13.519946,6003410,tradingview_cselk_fallback,-0.0036764632731348668,-0.003683238074203027,0.00738005906236599,3446701.5,1.7417841376748175
2021-07-01,JKH.N0000,13.519946,13.519946,13.420168,13.445112,911650,tradingview_cselk_fallback,-0.005535081279170684,-0.005550456603581697,0.007421135651380131,3245730.0,0.28087672110742423
2021-07-02,JKH.N0000,13.470057,13.569835,13.420168,13.470057,1056770,tradingview_cselk_fallback,0.0018553211010812198,0.001853602118734904,0.011111088839490368,3244240.0,0.32573730673439694
2021-07-05,JKH.N0000,13.445112,13.470057,13.345334,13.370279,1456150,tradingview_cselk_fallback,-0.007407392559660386,-0.007434963528967088,0.009328376767605317,2903770.0,0.5014687802408593
2021-07-06,JKH.N0000,13.470057,13.470057,13.046,13.070944,7862750,tradingview_cselk_fallback,-0.022388089283701507,-0.02264250700942442,0.03244272181106439,3174893.0,2.4765401542666163
2021-07-07,JKH.N0000,13.070944,13.170722,13.070944,13.120833,20679590,tradingview_cselk_fallback,0.003816786300973929,0.0038095208533793397,0.007604547668581623,4180805.0,4.946317754595108
2021-07-08,JKH.N0000,13.170722,13.470057,13.170722,13.470057,2765670,tradingview_cselk_fallback,0.026615993054709408,0.026267949685012074,0.022222251917716533,4277152.0,0.6466148502554971
2021-07-09,JKH.N0000,13.470057,13.669613,13.420168,13.569835,5543890,tradingview_cselk_fallback,0.007407392559660275,0.00738009255904993,0.018382316365674285,4285804.0,1.2935472550774605
2021-07-12,JKH.N0000,13.569835,13.569835,13.420168,13.470057,5002910,tradingview_cselk_fallback,-0.0073529265462696225,-0.007380092559049843,0.011111088839490368,4257957.5,1.1749553629880054
2021-07-13,JKH.N0000,13.470057,13.519946,13.470057,13.470057,4366610,tradingview_cselk_fallback,0.0,0.0,0.0037036962798300344,4404956.0,0.9912948052148535
2021-07-14,JKH.N0000,13.470057,13.644669,13.470057,13.619724,1875550,tradingview_cselk_fallback,0.011111088839490302,0.011049814159707008,0.012820524116347716,4361985.0,0.42997626080786616
2021-07-15,JKH.N0000,13.644669,14.068726,13.644669,13.968948,7433530,tradingview_cselk_fallback,0.025641048232695418,0.025317830011167667,0.03035711780156956,4691163.0,1.5845814779831782
2021-07-16,JKH.N0000,13.968948,13.968948,13.819281,13.844225,899270,tradingview_cselk_fallback,-0.008928589325409408,-0.008968688040831325,0.010810789336347763,4636983.5,0.1939342678273494
2021-07-19,JKH.N0000,13.86917,14.268283,13.86917,14.093671,7331800,tradingview_cselk_fallback,0.018018054459530974,0.01785765319653622,0.02831859775923532,4801023.5,1.527132704099449
2021-07-20,JKH.N0000,14.168504,14.168504,13.919059,13.993893,3947590,tradingview_cselk_fallback,-0.007079631701350286,-0.007104811205318549,0.01782527563988089,4851742.0,0.8136438417376687
2021-07-22,JKH.N0000,14.018837,14.018837,13.86917,13.86917,1865960,tradingview_cselk_fallback,-0.008912673549812067,-0.008952629008525193,0.010791345120147715,4697939.5,0.3971868943821009
2021-07-26,JKH.N0000,13.86917,13.968948,13.794336,13.794336,2829730,tradingview_cselk_fallback,-0.005395708611258043,-0.0054103180227496545,0.012658238859775474,4789506.5,0.590818699170781
2021-07-27,JKH.N0000,13.769392,13.769392,13.569835,13.694558,838280,tradingview_cselk_fallback,-0.007233258636008211,-0.0072595454876905035,0.01457199275799923,4481608.0,0.18704893422182395
2021-07-28,JKH.N0000,13.669613,13.86917,13.619724,13.769392,1312760,tradingview_cselk_fallback,0.005464506411962944,0.005449630166418806,0.018115977815142507,4262750.0,0.3079608234121166
2021-07-29,JKH.N0000,13.844225,13.944003,13.744447,13.744447,4349230,tradingview_cselk_fallback,-0.0018116268314534167,-0.0018132698119532015,0.014519027211498664,4416655.0,0.9847339219386617
2021-07-30,JKH.N0000,13.769392,13.819281,13.669613,13.819281,3794320,tradingview_cselk_fallback,0.005444671582639948,0.005429902941001874,0.010830375328499372,4306200.5,0.8811294318506535
2021-08-02,JKH.N0000,13.769392,13.769392,13.470057,13.519946,4198530,tradingview_cselk_fallback,-0.021660678294333935,-0.02189871441291662,0.022140251151890642,4470544.5,0.9391540560663248
2021-08-03,JKH.N0000,13.569835,13.819281,13.519946,13.819281,2671200,tradingview_cselk_fallback,0.022140251151890666,0.021898714412916492,0.02166067829433391,4551266.0,0.586913619199581
2021-08-04,JKH.N0000,13.894114,14.068726,13.894114,13.919059,29716380,tradingview_cselk_fallback,0.007220201977222951,0.0071942611096211355,0.012544813553847265,5964277.5,4.982393927847925
2021-08-05,JKH.N0000,13.968948,13.968948,13.769392,13.819281,1729820,tradingview_cselk_fallback,-0.007168444361073556,-0.007194261109621177,0.014440403954445923,5657631.0,0.3057498801176676
2021-08-06,JKH.N0000,13.769392,13.819281,13.569835,13.744447,1590280,tradingview_cselk_fallback,-0.005415187664249754,-0.005429902941001883,0.01814885677102911,4703165.5,0.3381297128497817
2021-08-09,JKH.N0000,13.819281,13.819281,13.519946,13.569835,2114870,tradingview_cselk_fallback,-0.012704185188389117,-0.012785573397711632,0.022058853331672863,4670625.5,0.45280230667177235
2021-08-10,JKH.N0000,13.619724,13.744447,13.569835,13.59478,327320,tradingview_cselk_fallback,0.0018382684829993945,0.0018365809352856156,0.012844047494700155,4409797.0,0.07422563895798379
2021-08-11,JKH.N0000,13.59478,13.769392,13.544891,13.719502,3264540,tradingview_cselk_fallback,0.009174256589661534,0.00913242872939018,0.0163636406044476,4322878.5,0.7551773661924572
2021-08-12,JKH.N0000,13.719502,13.719502,13.445112,13.470057,5993300,tradingview_cselk_fallback,-0.018181782399973367,-0.018349102223725627,0.020370366658433618,4404213.0,1.3608106601565364
2021-08-13,JKH.N0000,13.470057,13.470057,13.32039,13.420168,1169130,tradingview_cselk_fallback,-0.0037036962798301376,-0.0037105719450640706,0.011152393919360836,4368892.0,0.26760331910241775
2021-08-16,JKH.N0000,13.420168,13.420168,13.195667,13.220611,1966020,tradingview_cselk_fallback,-0.014869933073863195,-0.01498159888682245,0.01698113649966708,4095516.5,0.48004201667848245
2021-08-17,JKH.N0000,13.220611,13.370279,13.170722,13.270501,6672650,tradingview_cselk_fallback,0.003773653123898768,0.003766550757253404,0.015037638744761817,4384185.5,1.5219816770982888
2021-08-18,JKH.N0000,13.220611,13.370279,13.170722,13.370279,2924200,tradingview_cselk_fallback,0.007518781694828336,0.00749065654566621,0.014925417786719367,4163805.5,0.7022902486679553
2021-08-19,JKH.N0000,13.370279,13.370279,13.170722,13.270501,1306670,tradingview_cselk_fallback,-0.0074626714969823205,-0.007490656545666222,0.015037638744761817,4031759.5,0.3240942323072594
2021-08-20,JKH.N0000,13.195667,13.270501,13.170722,13.195667,7021710,tradingview_cselk_fallback,-0.005639123948673719,-0.005655083836264855,0.007561497270278179,4289547.0,1.636935088949952
2021-08-23,JKH.N0000,13.220611,13.270501,13.120833,13.170722,4228800,tradingview_cselk_fallback,-0.0018903932631826326,-0.0018921823115529098,0.011363689856941793,4359500.5,0.9700193863952992
2021-08-24,JKH.N0000,13.170722,13.445112,13.021055,13.170722,6293300,tradingview_cselk_fallback,0.0,0.0,0.03219694410071061,4632251.5,1.3585834016136646
2021-08-25,JKH.N0000,13.370279,13.445112,13.220611,13.370279,5338460,tradingview_cselk_fallback,0.015151561167261685,0.015037922693483833,0.016791048264587452,4833536.5,1.104462540005646
2021-08-26,JKH.N0000,13.445112,13.445112,13.245556,13.370279,8540450,tradingview_cselk_fallback,0.0,0.0,0.014925342993964405,5043097.5,1.6934929376241485
2021-08-27,JKH.N0000,13.370279,13.370279,13.095889,13.120833,9892030,tradingview_cselk_fallback,-0.018656753535210457,-0.018832986156044944,0.02091254419593637,5347983.0,1.8496749148230276
2021-08-30,JKH.N0000,13.070944,13.120833,12.996111,13.046,10042340,tradingview_cselk_fallback,-0.005703372644099702,-0.005719698980238373,0.009560171700137855,5640173.5,1.7805019650547984
2021-08-31,JKH.N0000,13.021055,13.070944,12.971166,12.971166,8024020,tradingview_cselk_fallback,-0.005736164341560546,-0.005752679317596694,0.007692292273493423,5907814.5,1.358204459534063
2021-09-01,JKH.N0000,13.021055,13.170722,12.971166,13.145778,5144600,tradingview_cselk_fallback,0.013461550025649194,0.013371748376396965,0.015180235053414062,4679225.5,1.099455454754211
2021-09-02,JKH.N0000,13.145778,13.395223,13.120833,13.270501,2991670,tradingview_cselk_fallback,0.009487684943409125,0.00944295953181686,0.02067668733833036,4742318.0,0.6308455063536439
2021-09-03,JKH.N0000,13.32039,13.370279,13.070944,13.170722,3003290,tradingview_cselk_fallback,-0.007518857049933492,-0.00754726614781773,0.022727303787901623,4812968.5,0.6239995129824764
2021-09-06,JKH.N0000,13.170722,13.220611,13.070944,13.095889,1659340,tradingview_cselk_fallback,-0.005681769002488957,-0.005697971654284987,0.011428548302448127,4790192.0,0.34640365146115226
2021-09-07,JKH.N0000,13.046,13.095889,12.996111,13.046,3768620,tradingview_cselk_fallback,-0.003809516100816035,-0.0038167907885142942,0.007648168020849212,4962257.0,0.7594568358712578
2021-09-08,JKH.N0000,13.021055,13.095889,12.871388,13.070944,4299160,tradingview_cselk_fallback,0.0019120036792887873,0.001910178126858901,0.01717557660716778,5013988.0,0.8574332447544749
2021-09-09,JKH.N0000,13.046,13.095889,12.946221,13.070944,1770950,tradingview_cselk_fallback,0.0,0.0,0.011450435408490781,4802870.5,0.36872740999366943
2021-09-10,JKH.N0000,13.070944,13.120833,12.971166,13.070944,4075530,tradingview_cselk_fallback,0.0,0.0,0.011450358902922321,4948190.5,0.8236404802927454
2021-09-13,JKH.N0000,13.070944,13.070944,12.871388,12.871388,4789100,tradingview_cselk_fallback,-0.015267145203896604,-0.015384888000026069,0.015503844651408315,5089344.5,0.9410052709145549
2021-09-14,JKH.N0000,12.921277,13.070944,12.871388,13.021055,732630,tradingview_cselk_fallback,0.011627883488556146,0.011560799182866848,0.015325639896306495,4792343.5,0.15287510171171995
2021-09-15,JKH.N0000,13.070944,13.070944,12.946221,12.971166,3251110,tradingview_cselk_fallback,-0.003831409974076605,-0.003838768627296456,0.009615403888902606,4808689.0,0.6760907182810117
2021-09-16,JKH.N0000,12.971166,13.070944,12.946221,13.046,1842500,tradingview_cselk_fallback,0.005769257752155754,0.005752679317596715,0.009560248351985379,4835480.5,0.38103762387212603
2021-09-17,JKH.N0000,13.021055,13.145778,12.971166,13.021055,46631010,tradingview_cselk_fallback,-0.0019120803311358792,-0.0019139106903002267,0.013409973308614376,6815945.5,6.841458752861214
2021-09-21,JKH.N0000,12.971166,13.021055,12.946221,13.021055,1369480,tradingview_cselk_fallback,0.0,0.0,0.005747153360461265,6672979.5,0.2052276647935154
2021-09-22,JKH.N0000,13.070944,13.370279,12.996111,13.370279,10671360,tradingview_cselk_fallback,0.02681994661722875,0.02646659582658355,0.02798505551006072,6891882.5,1.5483955218331131
2021-09-23,JKH.N0000,13.445112,13.944003,13.370279,13.420168,5185710,tradingview_cselk_fallback,0.0037313357484911602,0.0037243915839029608,0.04275088061490738,6884245.0,0.7532721453115048
2021-09-24,JKH.N0000,13.470057,13.519946,13.370279,13.470057,3307420,tradingview_cselk_fallback,0.0037174646397868383,0.0037105719450639925,0.011111088839490368,6622593.5,0.499414617551266
2021-09-27,JKH.N0000,13.519946,13.719502,13.445112,13.694558,12536600,tradingview_cselk_fallback,0.016666670378603365,0.016529305602295836,0.02003642614825541,6754822.0,1.8559482396427323
2021-09-28,JKH.N0000,13.744447,13.919059,13.744447,13.919059,23813030,tradingview_cselk_fallback,0.016393446214182372,0.016260524405088763,0.012544813553847393,7443356.5,3.1992327654869146
2021-09-29,JKH.N0000,13.919059,14.717285,13.919059,14.717285,32149790,tradingview_cselk_fallback,0.05734769857646271,0.055763601307718576,0.05423731347188015,8649645.0,3.7168912712602657
2021-09-30,JKH.N0000,14.767174,15.266065,14.467839,15.166286,28714780,tradingview_cselk_fallback,0.030508412387203254,0.030052284718455842,0.05263160670977718,9828154.0,2.9216860053271447
2021-10-01,JKH.N0000,15.266065,15.764956,14.916841,15.141342,31028100,tradingview_cselk_fallback,-0.001644700620837547,-0.0016460546257290878,0.056013198830064066,11229975.5,2.7629712994476257
2021-10-04,JKH.N0000,15.166286,15.465621,14.96673,15.116397,9103510,tradingview_cselk_fallback,-0.001647476161624306,-0.0016488347428343418,0.0330033009850165,11534986.5,0.7892085526064552
2021-10-05,JKH.N0000,15.266065,15.266065,14.991675,15.041564,7183380,tradingview_cselk_fallback,-0.00495045214808798,-0.004962746227273083,0.018242118971138813,11811188.5,0.6081843499492028
2021-10-06,JKH.N0000,15.066508,15.365843,14.991675,15.216175,4997490,tradingview_cselk_fallback,0.011608566768721795,0.011541704311545723,0.024590148312568644,11872632.0,0.420925200073581
2021-10-07,JKH.N0000,15.216175,15.365843,15.091453,15.266065,6743120,tradingview_cselk_fallback,0.0032787477799118836,0.0032733844066442823,0.017973852462962812,11994830.0,0.5621688677538573
2021-10-08,JKH.N0000,15.266065,15.315954,15.191231,15.216175,4637550,tradingview_cselk_fallback,-0.0032680327248704177,-0.003273384406644165,0.008196738010702392,12138160.0,0.3820636735716122
2021-10-11,JKH.N0000,15.216175,15.24112,14.96673,15.041564,3804040,tradingview_cselk_fallback,-0.011475354351537126,-0.011541704311545614,0.01824211897113893,12124585.5,0.31374598331629566
2021-10-12,JKH.N0000,15.066508,15.066508,14.96673,14.96673,1901030,tradingview_cselk_fallback,-0.004975147531200874,-0.004987564779896223,0.0066666533036942996,11980182.0,0.15868122871589097
2021-10-13,JKH.N0000,14.96673,14.96673,14.567617,14.717285,6547530,tradingview_cselk_fallback,-0.016666633259235675,-0.016807084342723176,0.027118656735940074,12270927.0,0.5335807148066319
2021-10-14,JKH.N0000,14.742229,14.96673,14.69234,14.717285,2748990,tradingview_cselk_fallback,0.0,0.0,0.018644063765837268,12245821.0,0.22448392802736541
2021-10-15,JKH.N0000,14.767174,14.817063,14.517728,14.617506,6710780,tradingview_cselk_fallback,-0.006779715144471288,-0.00680280181974728,0.020477843484380934,12489235.0,0.5373251444143696
2021-10-18,JKH.N0000,14.567617,14.567617,14.168504,14.442894,4165840,tradingview_cselk_fallback,-0.011945402998295274,-0.012017322637870677,0.027633866176681753,10365976.5,0.4018762728238869
2021-10-21,JKH.N0000,14.368061,14.368061,14.193449,14.243338,6879270,tradingview_cselk_fallback,-0.01381689846924039,-0.013913240270208151,0.01225920497007103,10641466.0,0.6464588619650714
2021-10-22,JKH.N0000,14.268283,14.268283,14.068726,14.068726,7189280,tradingview_cselk_fallback,-0.012259204970070936,-0.012334968863466456,0.014184440012549851,10467362.0,0.6868282572055882
2021-10-25,JKH.N0000,13.968948,14.442894,13.968948,14.168504,12923270,tradingview_cselk_fallback,0.00709218446645421,0.007067153207388436,0.03345067340913349,10854240.0,1.190619518271201
2021-10-26,JKH.N0000,14.068726,14.442894,14.068726,14.368061,2900680,tradingview_cselk_fallback,0.014084549787331202,0.013986284126135048,0.0260416489044695,10833903.0,0.26774099786568145
2021-10-27,JKH.N0000,14.368061,14.542673,14.318172,14.467839,4320500,tradingview_cselk_fallback,0.006944430428016624,0.006920428924810883,0.015517244835251489,10423098.0,0.4145120769276083
2021-10-28,JKH.N0000,14.467839,14.792118,14.467839,14.642451,4298210,tradingview_cselk_fallback,0.012068975885064726,0.011996726531817986,0.02214649719503932,9447357.0,0.4549642826030603
2021-10-29,JKH.N0000,14.592562,14.916841,14.467839,14.792118,23177070,tradingview_cselk_fallback,0.010221444483577313,0.010169558784906845,0.030354138602734247,8998721.0,2.575596020812291
2021-11-01,JKH.N0000,14.817063,14.817063,14.667395,14.667395,4361390,tradingview_cselk_fallback,-0.008431720190441916,-0.008467468229935509,0.010204129635835018,7781051.5,0.5605142184189373
2021-11-02,JKH.N0000,14.667395,15.016619,14.667395,14.96673,7032760,tradingview_cselk_fallback,0.02040819109323766,0.020202734588891984,0.02333335337779191,6581284.5,1.068599906294888
2021-11-03,JKH.N0000,15.066508,15.141342,14.96673,14.991675,15136960,tradingview_cselk_fallback,0.0016666967333547333,0.0016653093357210595,0.011647264231648548,6882957.0,2.199194328832797
2021-11-05,JKH.N0000,14.96673,15.066508,14.866952,14.96673,15199570,tradingview_cselk_fallback,-0.0016639234775300826,-0.0016653093357209604,0.013333306607388599,7283766.5,2.0867733747368207
2021-11-08,JKH.N0000,14.96673,14.96673,14.767174,14.817063,6693330,tradingview_cselk_fallback,-0.009999979955541471,-0.01005031560657384,0.013467986199424232,7368558.5,0.9083635557755292
2021-11-09,JKH.N0000,14.792118,14.817063,14.567617,14.617506,6799780,tradingview_cselk_fallback,-0.013468053689182469,-0.013559570555896601,0.01706488097217124,7371391.5,0.9224554142864343
2021-11-10,JKH.N0000,14.667395,14.817063,14.617506,14.817063,7376910,tradingview_cselk_fallback,0.013651918459961498,0.013559570555896528,0.013468053689182443,7508359.5,0.9824929133987258
2021-11-11,JKH.N0000,14.667395,14.991675,14.667395,14.96673,7974950,tradingview_cselk_fallback,0.010100989649568293,0.010050315606573846,0.021666723459299386,7716905.0,1.0334389240245927
2021-11-12,JKH.N0000,14.891896,15.016619,14.817063,14.96673,3548980,tradingview_cselk_fallback,0.0,0.0,0.013333306607388599,7799302.5,0.4550381268068523
2021-11-15,JKH.N0000,14.667395,15.066508,14.517728,15.016619,6282690,tradingview_cselk_fallback,0.003333326651847157,0.003327783433386099,0.03654484408241301,7786060.5,0.8069151273612631
2021-11-16,JKH.N0000,14.96673,14.991675,14.866952,14.96673,5371260,tradingview_cselk_fallback,-0.0033222524990479396,-0.0033277834333861243,0.008333350037048924,7917174.0,0.67843147062323
2021-11-17,JKH.N0000,14.891896,15.041564,14.667395,14.96673,2719090,tradingview_cselk_fallback,0.0,0.0,0.025000050111146418,7717589.5,0.35232374046326254
2021-11-19,JKH.N0000,14.96673,15.490566,14.866952,15.440676,10896680,tradingview_cselk_fallback,0.031666636599978704,0.031175588324648375,0.040387739500524454,8054131.5,1.352930480462108
2021-11-22,JKH.N0000,15.490566,15.690122,15.116397,15.415732,8159040,tradingview_cselk_fallback,-0.0016154733121788167,-0.00161677959622423,0.03721685094162258,8118120.0,1.0050405758968826
2021-11-23,JKH.N0000,15.440676,15.665177,15.315954,15.465621,3974700,tradingview_cselk_fallback,0.003236239446819722,0.00323101409456675,0.02258059989960961,7957391.0,0.49949788818973456
2021-11-24,JKH.N0000,15.465621,15.465621,15.266065,15.315954,3038350,tradingview_cselk_fallback,-0.009677399956975585,-0.009724530304576179,0.013029289589143529,7463145.0,0.4071138909936763
2021-11-25,JKH.N0000,15.415732,15.415732,14.96673,15.166286,4791450,tradingview_cselk_fallback,-0.009772032483252424,-0.009820092142682086,0.029605270532284577,7557683.5,0.6339839449482106
2021-11-26,JKH.N0000,15.166286,15.166286,14.96673,14.96673,8257340,tradingview_cselk_fallback,-0.013157868709583798,-0.013245200375732567,0.013333306607388481,7754525.5,1.0648414271124649
2021-11-29,JKH.N0000,14.767174,14.96673,14.617506,14.717285,3169370,tradingview_cselk_fallback,-0.016666633259235675,-0.016807084342723176,0.02372883313736192,7698083.5,0.4117089662641357
2021-11-30,JKH.N0000,14.742229,14.742229,14.168504,14.368061,30928740,tradingview_cselk_fallback,-0.02372883313736196,-0.02401489625776916,0.039930579359316445,8085667.0,3.825131556864758
2021-12-01,JKH.N0000,14.368061,14.767174,14.293227,14.517728,4322250,tradingview_cselk_fallback,0.010416645642024935,0.01036276622765352,0.03264608621955176,8083710.0,0.5346864249212305
2021-12-02,JKH.N0000,14.517728,14.667395,14.467839,14.567617,1350200,tradingview_cselk_fallback,0.0034364192523788084,0.003430528255837955,0.013698602866893134,7799582.0,0.17311184112174216
2021-12-03,JKH.N0000,14.667395,14.69234,14.467839,14.517728,1743860,tradingview_cselk_fallback,-0.0034246507167232654,-0.0034305282558380326,0.015463921076355754,7129927.0,0.2445831493085413
2021-12-06,JKH.N0000,14.467839,14.667395,14.41795,14.492784,916830,tradingview_cselk_fallback,-0.0017181751855386285,-0.0017196529414610176,0.017211668924342036,6415790.0,0.1429021211729187
2021-12-07,JKH.N0000,14.492784,14.517728,14.393005,14.467839,4436010,tradingview_cselk_fallback,-0.0017212013923619818,-0.0017226843613817096,0.008620706934878075,6302924.0,0.7038019179669627
2021-12-08,JKH.N0000,14.467839,14.542673,14.41795,14.467839,11209160,tradingview_cselk_fallback,0.0,0.0,0.008620706934878198,6523393.0,1.7183021167052177
2021-12-09,JKH.N0000,14.567617,14.567617,14.393005,14.467839,6111560,tradingview_cselk_fallback,0.0,0.0,0.012068975885064783,6460125.5,0.9460435404853977
2021-12-10,JKH.N0000,14.517728,14.667395,14.368061,14.492784,7354850,tradingview_cselk_fallback,0.0017241690345046745,0.0017226843613815455,0.02065400270921032,6429120.5,1.1439900683149429
2021-12-13,JKH.N0000,14.492784,14.492784,14.343116,14.368061,12046940,tradingview_cselk_fallback,-0.008605868962098584,-0.008643113286192492,0.0104167152408387,6854018.5,1.757646262553858
2021-12-14,JKH.N0000,14.368061,14.41795,14.293227,14.293227,3588790,tradingview_cselk_fallback,-0.005208357620419379,-0.005221968395395538,0.008726021072778,6719323.5,0.5340998985984229
2021-12-15,JKH.N0000,14.293227,14.368061,14.118615,14.343116,4483600,tradingview_cselk_fallback,0.0034903944364699235,0.003484317147127836,0.017391339510884576,6674940.5,0.6717063620267476
2021-12-16,JKH.N0000,14.268283,14.318172,14.168504,14.268283,1895430,tradingview_cselk_fallback,-0.005217346077379559,-0.005231003953380929,0.010489559255307743,6633757.5,0.28572494547773264
2021-12-17,JKH.N0000,14.268283,14.717285,14.268283,14.717285,1889690,tradingview_cselk_fallback,0.03146853759488799,0.03098355145941795,0.03050848033451823,6183408.0,0.3056065522443287
2021-12-20,JKH.N0000,14.767174,14.767174,14.41795,14.467839,2087840,tradingview_cselk_fallback,-0.01694918594020578,-0.017094467332958295,0.024137951770129687,5879848.0,0.35508400897438164
2021-12-21,JKH.N0000,14.617506,14.667395,14.467839,14.567617,1976680,tradingview_cselk_fallback,0.006896537900373367,0.006872865558680698,0.013698602866893134,5779947.0,0.3419892950575498
2021-12-22,JKH.N0000,14.567617,15.091453,14.517728,14.96673,6274700,tradingview_cselk_fallback,0.02739727437919326,0.027028686117000655,0.038333356718535015,5941764.5,1.0560331026246497
2021-12-23,JKH.N0000,15.066508,15.24112,14.916841,15.016619,6079620,tradingview_cselk_fallback,0.003333326651847157,0.003327783433386099,0.021594674540254412,6006173.0,1.0122285854902948
2021-12-27,JKH.N0000,14.96673,15.066508,14.916841,15.016619,1832210,tradingview_cselk_fallback,0.0,0.0,0.009966757497143723,5684916.5,0.32229321222220236
2021-12-28,JKH.N0000,15.066508,15.141342,14.991675,15.141342,1975640,tradingview_cselk_fallback,0.008305664544062674,0.008271362316617334,0.009884658836713358,5625230.0,0.35121052828062144
2021-12-29,JKH.N0000,14.96673,15.091453,14.941785,15.016619,1682210,tradingview_cselk_fallback,-0.00823724871943321,-0.008271362316617492,0.009966824090029861,4162903.5,0.4040953627678374
2021-12-30,JKH.N0000,14.991675,15.066508,14.96673,15.016619,664250,tradingview_cselk_fallback,0.0,0.0,0.006644504998095815,3980003.5,0.16689683815604683
2021-12-31,JKH.N0000,15.066508,15.066508,14.916841,15.016619,2440960,tradingview_cselk_fallback,0.0,0.0,0.009966757497143723,4034541.5,0.6050154645825306
2022-01-03,JKH.N0000,14.866952,15.291009,14.866952,15.166286,8013710,tradingview_cselk_fallback,0.009966757497143597,0.009917416942346506,0.027960503975726244,4348034.0,1.8430651646238276
2022-01-04,JKH.N0000,15.166286,15.291009,14.866952,14.96673,3180170,tradingview_cselk_fallback,-0.013157868709583798,-0.013245200375732567,0.028333309948131706,4461201.0,0.7128506426856804
2022-01-05,JKH.N0000,14.667395,15.141342,14.667395,15.016619,10588840,tradingview_cselk_fallback,0.003333326651847157,0.003327783433386099,0.03156149863028415,4768842.5,2.2204214125335446
2022-01-06,JKH.N0000,14.96673,15.166286,14.817063,15.166286,3192450,tradingview_cselk_fallback,0.009966757497143597,0.009917416942346506,0.023026270241771802,4368007.0,0.730871081479494
2022-01-07,JKH.N0000,15.166286,15.7899,14.96673,15.640233,14749640,tradingview_cselk_fallback,0.03125003708884311,0.030771694631691812,0.05263156885194736,4799911.0,3.0728986433290117
2022-01-10,JKH.N0000,15.715066,15.864734,15.365843,15.465621,4324930,tradingview_cselk_fallback,-0.011164283805746411,-0.0112270721844335,0.03225806451612906,4648415.0,0.9304096127389658
2022-01-11,JKH.N0000,15.365843,15.764956,15.216175,15.764956,3167870,tradingview_cselk_fallback,0.01935486457349489,0.01916994148045219,0.034810182787696965,4204461.5,0.7534543960029126
2022-01-12,JKH.N0000,15.665177,15.715066,15.565399,15.665177,1242440,tradingview_cselk_fallback,-0.0063291645089272874,-0.006349278585733363,0.00955412122059016,4087144.0,0.3039873319853668
2022-01-13,JKH.N0000,15.615288,16.638015,15.465621,16.513292,12831160,tradingview_cselk_fallback,0.054140147921724724,0.05272540894742434,0.07099698836549362,4504522.0,2.8485064564009233
2022-01-18,JKH.N0000,16.588126,16.712849,16.164068,16.363625,5026920,tradingview_cselk_fallback,-0.009063425996464036,-0.009104748714960786,0.03353663995599986,4661096.5,1.0784844295757448
2022-01-19,JKH.N0000,16.363625,16.363625,15.964512,16.33868,1950320,tradingview_cselk_fallback,-0.0015244177252899949,-0.0015255808321813743,0.024427493530689126,4664128.0,0.41815318962086806
2022-01-20,JKH.N0000,16.263847,16.288791,16.114179,16.164068,1721540,tradingview_cselk_fallback,-0.01068703224495493,-0.010744548728109182,0.010802478682965189,4645813.0,0.3705573168786604
2022-01-21,JKH.N0000,16.164068,16.164068,15.864734,16.06429,12126630,tradingview_cselk_fallback,-0.006172827285804594,-0.006191957951650001,0.01863350325473457,5153310.5,2.353172780875517
2022-01-24,JKH.N0000,16.06429,16.33868,16.06429,16.164068,4950910,tradingview_cselk_fallback,0.0062111677515781505,0.006191957951649906,0.016975305968769765,5087121.0,0.9732243443786771
2022-01-25,JKH.N0000,16.164068,16.263847,15.964512,15.989457,1931290,tradingview_cselk_fallback,-0.010802416817350724,-0.01086118654181396,0.018720773319569218,4879704.5,0.3957801133244851
2022-01-26,JKH.N0000,15.989457,16.06429,15.864734,15.964512,3033360,tradingview_cselk_fallback,-0.0015600905021353473,-0.0015613087104978292,0.012499974944426702,4939762.0,0.6140700705823479
2022-01-27,JKH.N0000,16.06429,16.438458,15.914623,15.964512,5541050,tradingview_cselk_fallback,0.0,0.0,0.03281246554858677,5118032.5,1.0826523669007573
2022-01-28,JKH.N0000,16.06429,16.164068,15.715066,15.939567,4902520,tradingview_cselk_fallback,-0.001562528187519896,-0.0015637502078149556,0.028169021153460448,5279048.0,0.92867501867761
2022-01-31,JKH.N0000,15.964512,16.06429,15.764956,15.964512,8466340,tradingview_cselk_fallback,0.001564973502730549,0.0015637502078148704,0.01874996241664011,5669152.5,1.493404878418776
2022-02-01,JKH.N0000,16.014401,16.06429,15.864734,15.964512,2160730,tradingview_cselk_fallback,0.0,0.0,0.012499974944426702,5655141.0,0.382082427299337
2022-02-02,JKH.N0000,15.964512,15.964512,15.715066,15.764956,2454620,tradingview_cselk_fallback,-0.012499974944426673,-0.012578756834127956,0.015822816124573955,5377186.5,0.4564877933841424
2022-02-03,JKH.N0000,15.764956,15.864734,15.465621,15.864734,2889880,tradingview_cselk_fallback,0.006329101077097832,0.006309156427110284,0.02515724499383348,5362672.0,0.5388880766901276
2022-02-07,JKH.N0000,15.764956,15.939567,15.565399,15.715066,6065410,tradingview_cselk_fallback,-0.009434006268242534,-0.009478788377722936,0.02380950865876102,5136500.5,1.1808448183739104
2022-02-08,JKH.N0000,15.665177,15.690122,15.465621,15.665177,12187280,tradingview_cselk_fallback,-0.0031745969122878304,-0.0031796466351206917,0.014331213748813694,5586242.0,2.1816598708040216
2022-02-09,JKH.N0000,15.665177,15.740011,15.315954,15.565399,5014180,tradingview_cselk_fallback,-0.0063694141470601595,-0.006389785413440611,0.027243567607871874,5099469.0,0.983274925291241
2022-02-10,JKH.N0000,15.665177,15.690122,15.166286,15.565399,6560410,tradingview_cselk_fallback,0.0,0.0,0.03365387549654211,5211243.0,1.2588954305143705
2022-02-11,JKH.N0000,15.465621,15.665177,15.291009,15.665177,2460620,tradingview_cselk_fallback,0.006410243643609759,0.0063897854134405,0.02388533496940374,5175880.5,0.47540123849459043
2022-02-14,JKH.N0000,15.665177,15.665177,15.490566,15.565399,1270620,tradingview_cselk_fallback,-0.0063694141470601595,-0.006389785413440611,0.01121789425378691,5177289.5,0.24542185635939423
2022-02-15,JKH.N0000,15.715066,16.139124,15.51551,15.864734,4230090,tradingview_cselk_fallback,0.01923079517588988,0.019048220426284228,0.039308191363309215,4747236.0,0.891063768474961
2022-02-17,JKH.N0000,15.914623,15.914623,15.490566,15.764956,939550,tradingview_cselk_fallback,-0.00628929549023638,-0.006309156427110274,0.0268987112935806,4542867.5,0.20681871086929127
2022-02-18,JKH.N0000,15.740011,15.740011,15.465621,15.490566,1700300,tradingview_cselk_fallback,-0.01740505967793382,-0.017558308536171217,0.01771336179710931,4530366.5,0.37531179872533493
2022-02-21,JKH.N0000,15.465621,15.565399,14.866952,14.891896,4676810,tradingview_cselk_fallback,-0.038647393516802464,-0.03941402109353188,0.04690114677137148,4678130.0,0.9997178359729209
2022-02-22,JKH.N0000,14.916841,15.266065,14.767174,14.941785,2280300,tradingview_cselk_fallback,0.0033500771157681797,0.0033444781086796327,0.033388982641632085,4185813.5,0.5447686572753421
2022-02-23,JKH.N0000,14.866952,14.96673,14.368061,14.866952,4167890,tradingview_cselk_fallback,-0.00500830389407958,-0.0050208874805597135,0.040268442381464556,4146662.5,1.0051191771695913
2022-02-24,JKH.N0000,14.866952,14.866952,14.368061,14.467839,2611110,tradingview_cselk_fallback,-0.02684565067540412,-0.027212576977541477,0.034482758620689564,4180653.5,0.6245698190486249
2022-02-25,JKH.N0000,14.467839,14.767174,14.268283,14.667395,3274480,tradingview_cselk_fallback,0.013793075800746735,0.01369881708678926,0.034013606369774615,4192709.5,0.7809937702576342
2022-02-28,JKH.N0000,14.767174,14.916841,14.642451,14.866952,3548060,tradingview_cselk_fallback,0.013605483454969258,0.013513759890752083,0.018456372227474763,4093060.0,0.866847786252828
2022-03-02,JKH.N0000,14.866952,14.916841,14.667395,14.916841,1405750,tradingview_cselk_fallback,0.0033556979265152442,0.003350080136457682,0.016722441433812893,3918221.5,0.35877246858045164
2022-03-03,JKH.N0000,14.767174,14.767174,14.467839,14.567617,1541340,tradingview_cselk_fallback,-0.02341139119200908,-0.023689791555318293,0.02054797294574679,3571971.5,0.4315096019103176
2022-03-04,JKH.N0000,14.567617,14.617506,14.467839,14.467839,3468960,tradingview_cselk_fallback,-0.006849301433446531,-0.0068728655586807064,0.01034480685056012,3637383.0,0.9536966549851913
2022-03-07,JKH.N0000,14.567617,14.642451,14.368061,14.368061,10642120,tradingview_cselk_fallback,-0.006896537900373256,-0.0069204289248108375,0.019097218476452637,4046758.0,2.629789080542993
2022-03-08,JKH.N0000,14.517728,14.567617,14.218394,14.243338,3976000,tradingview_cselk_fallback,-0.008680572834427802,-0.008718468470057032,0.024518339731880286,4101064.0,0.9695044993201765
2022-03-09,JKH.N0000,14.268283,14.268283,14.068726,14.093671,7139660,tradingview_cselk_fallback,-0.010507859885091508,-0.010563457260697377,0.01415933435653496,4154776.5,1.7184221582075474
2022-03-10,JKH.N0000,14.093671,15.041564,13.993893,14.991675,1509300,tradingview_cselk_fallback,0.06371682721982097,0.061769215666967636,0.06988351868620413,3620877.5,0.4168326600388994
2022-03-11,JKH.N0000,14.96673,15.066508,14.866952,15.041564,3908200,tradingview_cselk_fallback,0.003327780251372703,0.0033222554441751776,0.013266971439938107,3565578.5,1.0960914196672433
2022-03-14,JKH.N0000,15.066508,15.066508,14.467839,14.817063,757360,tradingview_cselk_fallback,-0.01492537611115441,-0.015037880386469995,0.04040402608803115,3275426.0,0.23122488494626348
2022-03-15,JKH.N0000,14.617506,14.767174,14.467839,14.567617,332260,tradingview_cselk_fallback,-0.01683505023903853,-0.016978370510426815,0.02054797294574679,3169008.0,0.10484669019453406
2022-03-16,JKH.N0000,14.492784,15.24112,14.492784,14.96673,3923330,tradingview_cselk_fallback,0.02739727437919326,0.027028686117000655,0.049999966592568994,3301643.5,1.1882960713353818
2022-03-18,JKH.N0000,15.141342,15.764956,15.066508,15.565399,2378010,tradingview_cselk_fallback,0.03999998663702753,0.039220700304269225,0.04487183399538933,3209039.5,0.7410348174274577
2022-03-21,JKH.N0000,15.565399,15.715066,15.266065,15.665177,4789340,tradingview_cselk_fallback,0.006410243643609759,0.0063897854134405,0.028662363661770364,3401529.0,1.407996227578833
2022-03-22,JKH.N0000,15.715066,15.715066,15.465621,15.665177,689950,tradingview_cselk_fallback,0.0,0.0,0.015923535367650152,3351011.5,0.20589305646966596
2022-03-23,JKH.N0000,15.665177,15.764956,15.465621,15.665177,23980860,tradingview_cselk_fallback,0.0,0.0,0.01910830627703723,4316214.0,5.555994211593772
2022-03-24,JKH.N0000,15.715066,15.764956,15.565399,15.565399,7420920,tradingview_cselk_fallback,-0.0063694141470601595,-0.006389785413440611,0.012820551532280055,4573245.0,1.6226814876526405
2022-03-25,JKH.N0000,15.715066,15.764956,15.565399,15.665177,23303070,tradingview_cselk_fallback,0.006410243643609759,0.0063897854134405,0.012738892129977237,5530004.0,4.213933660807479
2022-03-28,JKH.N0000,15.814845,15.814845,15.365843,15.465621,4013090,tradingview_cselk_fallback,-0.012738828294120097,-0.012820662894718893,0.029032264530470527,5600103.0,0.7166100337797359
2022-03-29,JKH.N0000,15.440676,15.565399,14.96673,15.365843,5979660,tradingview_cselk_fallback,-0.006451599971317057,-0.006472501489735364,0.038961025438044576,5735362.0,1.04259504456737
2022-03-30,JKH.N0000,15.166286,15.166286,14.168504,14.567617,8411090,tradingview_cselk_fallback,-0.05194807730366635,-0.053346007450256215,0.06849315162527948,5978513.5,1.406886511170377
2022-03-31,JKH.N0000,14.368061,16.962294,12.347552,12.347552,677010,tradingview_cselk_fallback,-0.1523972657985173,-0.16534322677738347,0.37373740155133583,5942076.5,0.11393491820578211
2022-04-04,JKH.N0000,14.168504,14.96673,14.168504,14.667395,1707320,tradingview_cselk_fallback,0.1878787795345993,0.17216917830549214,0.054421797463012324,5950375.5,0.2869264301051253
2022-04-05,JKH.N0000,14.916841,14.916841,14.41795,14.467839,13243960,tradingview_cselk_fallback,-0.013605415276536914,-0.01369881708678935,0.03448275862068968,6439125.5,2.0567948240797604
2022-04-06,JKH.N0000,14.467839,14.467839,14.118615,14.168504,384500,tradingview_cselk_fallback,-0.02068968281994288,-0.020906713050945883,0.02464790919351821,5926244.5,0.06488088704406307
2022-04-07,JKH.N0000,14.068726,14.14356,13.86917,13.968948,3485750,tradingview_cselk_fallback,-0.014084479208249623,-0.014184606760324306,0.01964285356348956,5901732.0,0.5906316993045432
2022-04-25,JKH.N0000,11.674049,11.973384,11.674049,11.973384,337020,tradingview_cselk_fallback,-0.1428571428571429,-0.15415067982725836,0.025000033407430955,5561600.0,0.060597669735327965
2022-04-26,JKH.N0000,11.599216,12.871388,11.599216,12.472275,1866270,tradingview_cselk_fallback,0.04166666666666674,0.0408219945202552,0.10199999599110823,5579448.5,0.3344900486132276
2022-04-27,JKH.N0000,12.197885,12.197885,11.848661,12.147996,8600180,tradingview_cselk_fallback,-0.025999987973324923,-0.026343962991886342,0.028747457605353143,5814047.5,1.4792070412221434
2022-04-28,JKH.N0000,12.17294,13.470057,12.147996,12.147996,594210,tradingview_cselk_fallback,0.0,0.0,0.10882955509698897,5805890.0,0.10234606580558708
2022-05-04,JKH.N0000,12.322608,12.946221,12.322608,12.871388,7956240,tradingview_cselk_fallback,0.05954825800074359,0.05784264558959722,0.048449553381500025,6187089.0,1.285942387445857
2022-05-05,JKH.N0000,12.77161,12.77161,12.372497,12.44733,274120,tradingview_cselk_fallback,-0.0329457864217908,-0.03350072142071485,0.03206414548340902,6004628.5,0.04565145037698835
2022-05-11,JKH.N0000,12.472275,12.472275,12.322608,12.397441,1513000,tradingview_cselk_fallback,-0.004008008143111752,-0.004016061734191307,0.012072410749928078,5961378.0,0.2538003797108655
2022-05-12,JKH.N0000,12.871388,13.968948,12.671831,12.746665,1356280,tradingview_cselk_fallback,0.02816903907830648,0.02777958841611322,0.10176128422610935,5789725.0,0.23425637659819767
2022-05-17,JKH.N0000,13.445112,13.819281,13.370279,13.495002,858750,tradingview_cselk_fallback,0.058708454329034154,0.0570497259110508,0.03327172533949978,5798165.0,0.1481072028822912
2022-05-18,JKH.N0000,13.519946,13.519946,13.270501,13.370279,578790,tradingview_cselk_fallback,-0.009242162394640596,-0.009285136162807617,0.018656678742455537,4628061.5,0.12506100016173077
2022-05-19,JKH.N0000,13.470057,13.569835,13.170722,13.519946,238170,tradingview_cselk_fallback,0.011194007245473259,0.011131818013813837,0.029520310214256763,4268924.0,0.05579157651904789
2022-05-23,JKH.N0000,13.769392,13.769392,13.245556,13.270501,1100650,tradingview_cselk_fallback,-0.018450147655915128,-0.018622474559479973,0.03947371693050619,3158803.0,0.3484389498173834
2022-05-24,JKH.N0000,13.270501,13.270501,12.996111,13.120833,2847090,tradingview_cselk_fallback,-0.01127824789734766,-0.011342329610378808,0.020912544195936234,3100503.0,0.9182671327845837
2022-05-25,JKH.N0000,13.046,13.046,12.796554,12.821499,851660,tradingview_cselk_fallback,-0.022813643005745177,-0.02307790101994264,0.019455291460070228,2844103.0,0.2994476641668744
2022-05-26,JKH.N0000,12.871388,12.871388,12.472275,12.572053,5328520,tradingview_cselk_fallback,-0.01945529146007019,-0.01964703669029742,0.03174604815935789,2689974.5,1.9808812314020077
2022-05-30,JKH.N0000,12.372497,12.472275,12.347552,12.347552,3033060,tradingview_cselk_fallback,-0.01785714711829489,-0.01801850984130585,0.010101030552452784,2807777.0,1.0802353605717263
2022-05-31,JKH.N0000,12.472275,12.472275,12.17294,12.372497,1375850,tradingview_cselk_fallback,0.0020202385055756444,0.0020182005680509226,0.0241935803257822,2791203.5,0.49292357221535443
2022-06-01,JKH.N0000,12.472275,12.946221,12.44733,12.572053,193690,tradingview_cselk_fallback,0.01612899966756931,0.01600030927325486,0.03968254031382149,2138690.0,0.09056478498520122
2022-06-02,JKH.N0000,12.596998,12.671831,12.44733,12.44733,362760,tradingview_cselk_fallback,-0.009920654963831432,-0.0099701925638803,0.01803607681326036,2137603.0,0.16970410314731033
2022-06-06,JKH.N0000,12.322608,12.671831,12.22283,12.671831,5126060,tradingview_cselk_fallback,0.01803607681326036,0.017875356413216994,0.03543300096095025,2219618.5,2.30943290479873
2022-06-07,JKH.N0000,12.522164,12.572053,12.44733,12.472275,6986450,tradingview_cselk_fallback,-0.015748000427089015,-0.015873317590213088,0.01000002004445871,2552090.0,2.737540603975565
2022-06-08,JKH.N0000,12.472275,12.572053,12.472275,12.522164,88110,tradingview_cselk_fallback,0.003999991982216677,0.003992013283697459,0.007968111581991786,2463182.0,0.03577080378145017
2022-06-09,JKH.N0000,12.572053,12.572053,12.372497,12.372497,3011170,tradingview_cselk_fallback,-0.011952167372987654,-0.012024168816075799,0.01612899966756922,2183731.5,1.3789103651250165
2022-06-15,JKH.N0000,12.472275,12.472275,12.347552,12.372497,3505700,tradingview_cselk_fallback,0.0,0.0,0.010080665204444946,2329306.0,1.5050405571444885
2022-06-16,JKH.N0000,12.372497,12.372497,12.073162,12.098107,2423170,tradingview_cselk_fallback,-0.02217741495512171,-0.0224270312879399,0.024742300592977003,2052652.5,1.1805066858613429
2022-06-20,JKH.N0000,11.973384,12.372497,11.973384,12.023273,1279110,tradingview_cselk_fallback,-0.006185595812634226,-0.006204805868475842,0.0331950376573833,2102902.0,0.6082594433787214
2022-06-21,JKH.N0000,12.073162,12.472275,12.073162,12.472275,586960,tradingview_cselk_fallback,0.037344406968052635,0.036663992688794146,0.032000016035566875,2056600.0,0.2854030924827385
2022-06-22,JKH.N0000,12.098107,12.522164,12.098107,12.123051,2311780,tradingview_cselk_fallback,-0.028000024053350336,-0.028399499267943485,0.034979395863302024,2104375.0,1.0985589545589545
2022-06-23,JKH.N0000,12.123051,12.472275,12.123051,12.347552,7171950,tradingview_cselk_fallback,0.018518523101156648,0.01834914316751396,0.028282853151782597,2420035.0,2.963572840888665
2022-06-27,JKH.N0000,12.17294,12.322608,12.17294,12.322608,271020,tradingview_cselk_fallback,-0.002020157517862664,-0.0020222007883437267,0.0121458054983166,2404646.5,0.11270679494886254
2022-06-28,JKH.N0000,12.197885,12.322608,12.17294,12.17294,770270,tradingview_cselk_fallback,-0.012145805498316564,-0.012220168540040044,0.012295139875822942,2431251.5,0.3168203700851187
2022-06-29,JKH.N0000,12.17294,12.17294,12.147996,12.17294,205030,tradingview_cselk_fallback,0.0,0.0,0.002049135213021785,2386470.5,0.08591348604560585
2022-06-30,JKH.N0000,12.22283,12.372497,12.147996,12.197885,6396020,tradingview_cselk_fallback,0.0020492173624448995,0.002047120580564883,0.018404911999088374,2563917.0,2.4946283362526946
2022-07-04,JKH.N0000,12.17294,12.272719,11.998329,12.023273,279050,tradingview_cselk_fallback,-0.014314940663893716,-0.014418387840545712,0.022821572794695783,2535286.5,0.11006645600014042
2022-07-05,JKH.N0000,11.998329,12.372497,11.998329,12.272719,6278620,tradingview_cselk_fallback,0.020746929725375063,0.020534643351525633,0.030487783513987336,2582791.5,2.430943419164884
2022-07-06,JKH.N0000,12.347552,12.347552,12.147996,12.17294,3357160,tradingview_cselk_fallback,-0.008130146221061563,-0.008163376091544819,0.016393410301866366,2598996.5,1.2917139365135737
2022-07-07,JKH.N0000,12.123051,12.272719,12.123051,12.17294,85330,tradingview_cselk_fallback,0.0,0.0,0.012295139875822942,2534470.5,0.033667781889747776
2022-07-11,JKH.N0000,12.272719,12.372497,12.272719,12.272719,705990,tradingview_cselk_fallback,0.008196787300356334,0.008163376091544753,0.008130064739525024,2560085.5,0.27576813352522794
2022-07-14,JKH.N0000,12.272719,12.272719,12.123051,12.123051,3108430,tradingview_cselk_fallback,-0.012195178590824085,-0.012270149930674943,0.012345737059095118,2697369.0,1.1523933136326547
2022-07-18,JKH.N0000,12.272719,12.347552,12.17294,12.17294,2274360,tradingview_cselk_fallback,0.004115218190536396,0.004106773839130199,0.014344275088844581,2554784.0,0.8902357303004872
2022-07-19,JKH.N0000,12.272719,12.272719,12.023273,12.023273,525300,tradingview_cselk_fallback,-0.012295057726399827,-0.012371267259981023,0.020746929725375174,2231726.5,0.2353783046444087
2022-07-20,JKH.N0000,12.17294,12.17294,11.973384,12.048218,3645530,tradingview_cselk_fallback,0.0020747262413487455,0.002072576969114739,0.01656311331684081,2409597.5,1.5129207263868758
2022-07-21,JKH.N0000,12.17294,12.17294,11.973384,12.023273,1557080,tradingview_cselk_fallback,-0.0020704306645182857,-0.0020725769691148483,0.016597477242677697,2336893.0,0.6663035064078672
2022-07-25,JKH.N0000,12.098107,12.098107,11.948439,11.998329,229010,tradingview_cselk_fallback,-0.002074643069320592,-0.002076798122412992,0.012474070347629252,2173058.5,0.10538602619303622
2022-07-26,JKH.N0000,12.073162,12.073162,12.023273,12.023273,319890,tradingview_cselk_fallback,0.002078956161312151,0.0020767981224130636,0.004149369310669424,2067894.5,0.15469357841998227
2022-07-27,JKH.N0000,12.17294,12.17294,11.973384,11.973384,1064970,tradingview_cselk_fallback,-0.0041493693106694485,-0.004158001831460964,0.01666663325923575,2057187.5,0.5176825155704087
2022-07-28,JKH.N0000,12.073162,12.17294,11.973384,11.998329,840720,tradingview_cselk_fallback,0.0020833709166931946,0.002081203709047842,0.0166319826702536,2069875.5,0.4061693565627498
2022-08-01,JKH.N0000,11.973384,12.073162,11.89855,11.89855,7007870,tradingview_cselk_fallback,-0.008316074680065899,-0.008350846137991799,0.014675065449151347,2304680.0,3.0407128104552474
2022-08-02,JKH.N0000,11.973384,11.973384,11.873606,11.873606,6322940,tradingview_cselk_fallback,-0.00209638989624783,-0.002098590397489961,0.008403344358908221,2262229.5,2.7950037783522848
2022-08-03,JKH.N0000,11.923495,12.073162,11.873606,11.973384,5655300,tradingview_cselk_fallback,0.008403344358908216,0.00836823282643378,0.016666633259235602,2531443.5,2.234021814036142
2022-08-04,JKH.N0000,11.973384,12.073162,11.848661,11.873606,18280530,tradingview_cselk_fallback,-0.008333316629617782,-0.008368232826433841,0.018907566917750182,3406956.5,5.365648196564881
2022-08-08,JKH.N0000,11.973384,12.147996,11.873606,11.89855,21231380,tradingview_cselk_fallback,0.0021007939795205655,0.002098590397489931,0.023060793121850862,4458274.0,4.76224206946455
2022-08-09,JKH.N0000,11.923495,12.372497,11.923495,12.372497,17111790,tradingview_cselk_fallback,0.039832332511104296,0.039059481416820606,0.03629033007645897,4994062.5,3.4264268819222825
2022-08-15,JKH.N0000,12.946221,13.070944,12.921277,12.971166,8275780,tradingview_cselk_fallback,0.04838707982713597,0.047252868685659734,0.011538438410240133,5393899.0,1.5342853101253842
2022-08-16,JKH.N0000,12.971166,12.971166,12.721721,12.77161,975210,tradingview_cselk_fallback,-0.015384584546986657,-0.015504155216499069,0.019531210238959668,5128728.5,0.19014654411907356
2022-08-17,JKH.N0000,12.77161,12.821499,12.696776,12.796554,2305220,tradingview_cselk_fallback,0.001953081874563889,0.0019511770898898897,0.009746608344715262,5076131.5,0.45412929117380035
2022-08-18,JKH.N0000,12.821499,12.846443,12.721721,12.77161,5558560,tradingview_cselk_fallback,-0.0019492747813200095,-0.0019511770898899509,0.009765565970147869,5349793.0,1.039023379035413
2022-08-22,JKH.N0000,12.671831,12.671831,12.44733,12.472275,25963990,tradingview_cselk_fallback,-0.023437530585415645,-0.02371655793678215,0.018000004008891728,6612693.0,3.9263867232306113
2022-08-23,JKH.N0000,12.472275,12.472275,12.322608,12.472275,439870,tradingview_cselk_fallback,0.0,0.0,0.011999975946649597,6479265.0,0.0678888731978087
2022-08-24,JKH.N0000,12.472275,12.472275,12.22283,12.272719,1106780,tradingview_cselk_fallback,-0.015999967928866154,-0.016129349337268464,0.020325161848812775,6420886.0,0.17237185023998244
2022-08-25,JKH.N0000,12.272719,12.721721,12.073162,12.372497,719000,tradingview_cselk_fallback,0.008130064739525045,0.008097193804890044,0.052419410568456844,6430571.0,0.11180966666879193
2022-08-29,JKH.N0000,12.397441,12.621942,12.22283,12.621942,1662480,tradingview_cselk_fallback,0.020161249584461416,0.019960702629519204,0.031620490729556555,6331418.5,0.26257622995541996
2022-08-30,JKH.N0000,12.621942,12.971166,12.522164,12.671831,3336290,tradingview_cselk_fallback,0.003952561341194372,0.0039447704930721285,0.03543307987614419,6420379.0,0.5196406629577475
2022-08-31,JKH.N0000,12.946221,12.946221,12.77161,12.77161,4514520,tradingview_cselk_fallback,0.00787407912873861,0.007843240346569254,0.01367180801793969,6634654.5,0.6804453796350661
2022-09-01,JKH.N0000,12.921277,12.946221,12.77161,12.796554,2282850,tradingview_cselk_fallback,0.001953081874563889,0.0019511770898898897,0.013645157907355272,6732802.5,0.33906385936614064
2022-09-05,JKH.N0000,12.671831,12.671831,12.397441,12.472275,1471770,tradingview_cselk_fallback,-0.02534111917942916,-0.02566773502667218,0.021999995991108166,6753142.5,0.21793853750309577
2022-09-06,JKH.N0000,12.422386,12.646887,12.422386,12.472275,442740,tradingview_cselk_fallback,0.0,0.0,0.018000004008891728,6733243.5,0.06575434261363042
2022-09-07,JKH.N0000,12.44733,12.671831,12.422386,12.572053,11467320,tradingview_cselk_fallback,0.007999983964433133,0.007968153740876283,0.019841230386158863,6956216.0,1.6484997015618836
2022-09-08,JKH.N0000,12.671831,13.170722,12.671831,13.170722,24183990,tradingview_cselk_fallback,0.04761903246828503,0.04652000117280119,0.03787878902918158,7849268.5,3.081050164101279
2022-09-12,JKH.N0000,13.420168,13.420168,13.220611,13.295445,4197600,tradingview_cselk_fallback,0.009469716238790893,0.009425159547916076,0.015009426160613685,7776383.5,0.5397881933163404
2022-09-13,JKH.N0000,13.270501,14.268283,13.270501,14.168504,9720700,tradingview_cselk_fallback,0.06566602321321313,0.06359997760573377,0.0704225371994108,7348392.0,1.3228336212874872
2022-09-14,JKH.N0000,15.066508,15.665177,14.916841,15.24112,36677520,tradingview_cselk_fallback,0.07570425219204502,0.07297556540147733,0.04909980368896775,8120699.0,4.516547159302419
2022-09-15,JKH.N0000,15.465621,15.465621,14.567617,14.667395,12502420,tradingview_cselk_fallback,-0.037643230943657624,-0.03837003526374217,0.06122450510128078,7890230.5,1.5845443298519606
2022-09-19,JKH.N0000,14.442894,14.667395,14.268283,14.343116,9721880,tradingview_cselk_fallback,-0.022108833913588644,-0.022356897259868048,0.027826031665643684,7962535.5,1.2209527982638193
2022-09-20,JKH.N0000,14.318172,14.467839,14.268283,14.368061,5957890,tradingview_cselk_fallback,0.0017391618390314445,0.0017376512482678783,0.01388886085603335,8211669.5,0.7255394289796977
2022-09-21,JKH.N0000,14.368061,14.41795,14.193449,14.318172,5714680,tradingview_cselk_fallback,-0.003472215214008423,-0.003478257343692183,0.015679445672254815,8382142.5,0.6817684142210658
2022-09-22,JKH.N0000,14.318172,14.318172,14.168504,14.243338,9124910,tradingview_cselk_fallback,-0.005226505171190943,-0.005240211126364909,0.010507930093353126,8560460.0,1.0659368772238875
2022-09-26,JKH.N0000,13.968948,13.968948,13.669613,13.769392,2475230,tradingview_cselk_fallback,-0.03327492474025395,-0.03384113081856219,0.021739158853201306,7386022.0,0.3351235617765558
2022-09-27,JKH.N0000,13.769392,13.794336,13.669613,13.719502,1269860,tradingview_cselk_fallback,-0.0036232536629068335,-0.0036298335449891656,0.009090927644458194,7427521.5,0.17096685617133522
2022-09-28,JKH.N0000,13.794336,13.944003,13.569835,13.719502,1616030,tradingview_cselk_fallback,0.0,0.0,0.02727271004443171,7452984.0,0.21682993013268242
2022-09-29,JKH.N0000,13.744447,13.794336,13.669613,13.719502,2778850,tradingview_cselk_fallback,0.0,0.0,0.009090927644458194,7555976.5,0.36776848101631865
2022-10-03,JKH.N0000,13.470057,13.470057,12.796554,12.971166,10676420,tradingview_cselk_fallback,-0.05454542008886332,-0.056089430206572734,0.05192308848718767,8006673.5,1.333440160885791
2022-10-04,JKH.N0000,12.971166,13.470057,12.946221,12.971166,11701230,tradingview_cselk_fallback,0.0,0.0,0.04038465007694768,8424920.5,1.388883135455106
2022-10-05,JKH.N0000,12.996111,13.046,12.871388,12.871388,3671110,tradingview_cselk_fallback,-0.00769229227349344,-0.0077220305555704815,0.013565902915831592,8382750.0,0.43793623810801946
2022-10-06,JKH.N0000,12.971166,12.971166,12.77161,12.921277,5466380,tradingview_cselk_fallback,0.0038759611628520485,0.0038684689787536093,0.015443984367798895,8541926.5,0.6399469721496667
2022-10-11,JKH.N0000,12.871388,12.871388,12.721721,12.821499,5392190,tradingview_cselk_fallback,-0.007721992183899462,-0.007751961145290683,0.01167312807964179,8737947.5,0.6171002972952172
2022-10-12,JKH.N0000,12.871388,13.070944,12.871388,13.070944,4335880,tradingview_cselk_fallback,0.01945521346606993,0.019268380166563223,0.015267145203896609,8932604.5,0.48539930319315044
2022-10-13,JKH.N0000,13.070944,13.220611,13.070944,13.170722,894900,tradingview_cselk_fallback,0.00763357260194808,0.007604584315940397,0.01136361393095983,8403983.5,0.10648521620729028
2022-10-17,JKH.N0000,13.145778,13.145778,12.921277,13.070944,5043880,tradingview_cselk_fallback,-0.007575742620639869,-0.0076045843159405135,0.01717557660716778,7446978.0,0.6773056130956745
2022-10-18,JKH.N0000,13.046,13.220611,13.046,13.070944,1006040,tradingview_cselk_fallback,0.0,0.0,0.013358713800625303,7287400.0,0.13805198013008754
2022-10-19,JKH.N0000,12.996111,13.170722,12.921277,12.971166,3416620,tradingview_cselk_fallback,-0.007633572601948302,-0.007662857444455607,0.01923073068373342,6972196.0,0.4900349904104819
2022-10-20,JKH.N0000,12.921277,12.971166,12.846443,12.846443,5815590,tradingview_cselk_fallback,-0.009615403888902474,-0.009661930372376474,0.009708757513655684,5429099.5,1.0711886934472281
2022-10-25,JKH.N0000,12.971166,13.070944,12.896332,12.971166,7855350,tradingview_cselk_fallback,0.00970875751365563,0.009661930372376415,0.013461550025649317,5196746.0,1.511590137366729
2022-10-26,JKH.N0000,12.971166,13.370279,12.971166,13.270501,2710450,tradingview_cselk_fallback,0.023076953914551668,0.022814707908213876,0.030075202134418274,4846174.5,0.5592968226794145
2022-10-27,JKH.N0000,13.395223,13.470057,13.270501,13.370279,1846400,tradingview_cselk_fallback,0.007518781694828336,0.00749065654566621,0.014925342993964537,4640600.0,0.39787958453648237
2022-11-01,JKH.N0000,13.170722,13.220611,13.046,13.070944,4247320,tradingview_cselk_fallback,-0.022388089283701507,-0.02264250700942442,0.013358713800625303,4567232.0,0.9299549486428541
2022-11-02,JKH.N0000,13.070944,13.070944,12.996111,13.021055,3114960,tradingview_cselk_fallback,-0.003816786300974151,-0.0038240888171591336,0.005747076561768607,4266734.5,0.7300571432321369
2022-11-03,JKH.N0000,13.021055,13.021055,12.871388,12.971166,458910,tradingview_cselk_fallback,-0.003831409974076605,-0.003838768627296456,0.011538438410240133,4165918.5,0.11015818000280131
2022-11-04,JKH.N0000,12.971166,12.971166,12.871388,12.896332,262030,tradingview_cselk_fallback,-0.005769257752155865,-0.005785964206543406,0.007736928608847895,4115527.0,0.06366863830561675
2022-11-08,JKH.N0000,13.270501,13.669613,13.220611,13.569835,6672090,tradingview_cselk_fallback,0.052224384421865055,0.05090638474844032,0.03308824315107738,4368330.0,1.5273777393191448
2022-11-09,JKH.N0000,13.519946,14.068726,13.519946,13.944003,6287830,tradingview_cselk_fallback,0.02757351139494335,0.027200208765791767,0.03935598694291737,4543779.0,1.3838327084129751
2022-11-10,JKH.N0000,13.844225,13.944003,13.669613,13.86917,2628420,tradingview_cselk_fallback,-0.0053666798551319506,-0.005381132212105572,0.019784168771454985,4141379.0,0.634672653722347
2022-11-14,JKH.N0000,14.068726,14.218394,13.993893,14.218394,4860730,tradingview_cselk_fallback,0.025179877382712768,0.024868087323255874,0.015789476645533953,3799354.0,1.279356964368153
2022-11-15,JKH.N0000,14.068726,14.068726,14.018837,14.018837,3368690,tradingview_cselk_fallback,-0.014035129424603165,-0.014134553233880397,0.0035587117533359075,3784233.0,0.8901909581148941
2022-11-16,JKH.N0000,13.968948,14.018837,13.719502,13.844225,2562120,tradingview_cselk_fallback,-0.01245552680297235,-0.012533747072068264,0.02162165090498018,3639020.0,0.7040686778308446
2022-11-17,JKH.N0000,13.769392,13.819281,13.669613,13.669613,2277800,tradingview_cselk_fallback,-0.012612623675214762,-0.0126928380023318,0.010948956638348148,3483300.5,0.6539200393419976
2022-11-21,JKH.N0000,13.719502,13.968948,13.719502,13.819281,1127960,tradingview_cselk_fallback,0.01094895663834805,0.010889450770051691,0.01805057730572227,3322904.5,0.33945002030603044
2022-11-22,JKH.N0000,13.919059,14.068726,13.86917,13.968948,952590,tradingview_cselk_fallback,0.010830302965834315,0.010772075273111248,0.014285685650773374,3325789.0,0.28642526630522863
2022-11-23,JKH.N0000,13.919059,13.968948,13.819281,13.919059,4607300,tradingview_cselk_fallback,-0.0035714214126932875,-0.003577814163490172,0.010752666541610256,3303960.0,1.394478141381857
2022-11-24,JKH.N0000,13.968948,14.018837,13.86917,13.944003,2352970,tradingview_cselk_fallback,0.0017920751682998226,0.0017904713174570334,0.010733431425681643,3371306.5,0.6979401012634122
2022-11-28,JKH.N0000,13.968948,14.068726,13.919059,13.968948,3889130,tradingview_cselk_fallback,0.0017889410953224605,0.0017873428460331933,0.010714264238079998,3394932.0,1.1455693368821527
2022-11-29,JKH.N0000,13.968948,13.993893,13.86917,13.968948,3499000,tradingview_cselk_fallback,0.0,0.0,0.008928589325409434,3279102.5,1.0670602703026209
2022-11-30,JKH.N0000,13.968948,13.968948,13.919059,13.919059,408190,tradingview_cselk_fallback,-0.0035714214126932875,-0.003577814163490172,0.0035842221805366665,2906744.5,0.14042857912004306
2022-12-01,JKH.N0000,13.944003,14.068726,13.944003,13.993893,5721150,tradingview_cselk_fallback,0.005376369192773733,0.005361968113876587,0.008912673549812013,3057279.5,1.8713205645738311
2022-12-06,JKH.N0000,14.343116,14.717285,14.343116,14.667395,3945950,tradingview_cselk_fallback,0.0481282799575502,0.047005982947673164,0.025510255911155334,3162257.0,1.2478271057665458
2022-12-08,JKH.N0000,14.667395,14.96673,14.667395,14.866952,9675460,tradingview_cselk_fallback,0.013605483454969258,0.013513759890752083,0.020134254822373764,3433664.0,2.8178237591098023
2022-12-09,JKH.N0000,14.916841,14.941785,14.567617,14.617506,1818870,tradingview_cselk_fallback,-0.01677855689585861,-0.016920911464330435,0.025597253047133974,3368859.5,0.5399067547934249
2022-12-12,JKH.N0000,14.667395,14.667395,14.318172,14.318172,2921800,tradingview_cselk_fallback,-0.020477775073258098,-0.020690351781714036,0.024390194502482598,3492004.0,0.8367115272491097
2022-12-13,JKH.N0000,14.368061,14.368061,14.018837,14.068726,6506380,tradingview_cselk_fallback,-0.0174216373430911,-0.017575179989831352,0.02482271671223118,3804221.5,1.7103052490502986
2022-12-14,JKH.N0000,14.068726,14.268283,14.068726,14.168504,578170,tradingview_cselk_fallback,0.00709218446645421,0.007067153207388436,0.014084549787331141,3499525.5,0.16521382684595384
2022-12-15,JKH.N0000,14.168504,14.168504,14.018837,14.068726,1025990,tradingview_cselk_fallback,-0.007042239604124756,-0.007067153207388404,0.010638276699681327,3236433.5,0.31701253864786655
2022-12-16,JKH.N0000,14.068726,14.068726,13.968948,14.068726,984290,tradingview_cselk_fallback,0.0,0.0,0.007092184466454219,3154227.0,0.31205426876378906
2022-12-19,JKH.N0000,14.168504,14.168504,13.944003,13.968948,2634970,tradingview_cselk_fallback,-0.00709218446645421,-0.0071174535529358205,0.016071432150796185,3042939.0,0.8659292874421735
2022-12-20,JKH.N0000,13.968948,14.018837,13.919059,13.919059,1595070,tradingview_cselk_fallback,-0.0035714214126932875,-0.003577814163490172,0.007168444361073461,2954258.0,0.5399223764478255
2022-12-21,JKH.N0000,13.919059,13.968948,13.86917,13.919059,2733720,tradingview_cselk_fallback,0.0,0.0,0.007168444361073461,2962838.0,0.9226694135825179
2022-12-22,JKH.N0000,13.86917,13.919059,13.769392,13.769392,10846330,tradingview_cselk_fallback,-0.010752666541610334,-0.010810894238669792,0.010869543114176783,3391264.5,3.198314375065702
2022-12-23,JKH.N0000,13.744447,13.86917,13.519946,13.569835,1325360,tradingview_cselk_fallback,-0.014492796777083594,-0.014598843209664937,0.025735316604807747,3401134.5,0.38968173707920106
2022-12-27,JKH.N0000,13.844225,13.844225,13.619724,13.669613,130510,tradingview_cselk_fallback,0.0073529265462697335,0.007326025568661734,0.016423361802561643,3360030.5,0.03884190932195407
2022-12-28,JKH.N0000,13.819281,13.819281,13.569835,13.569835,56110,tradingview_cselk_fallback,-0.007299255655591752,-0.0073260255686617625,0.018382390058537982,3132471.0,0.017912376523198457
2022-12-29,JKH.N0000,13.644669,13.644669,13.470057,13.519946,3429860,tradingview_cselk_fallback,-0.0036764632731348668,-0.003683238074203027,0.012915140341536851,3186315.5,1.0764345213146658
2022-12-30,JKH.N0000,13.569835,13.569835,13.470057,13.544891,5826940,tradingview_cselk_fallback,0.0018450517479877693,0.0018433517307700224,0.007366467548539063,3283206.0,1.7747713667677265
2023-01-02,JKH.N0000,13.619724,13.769392,13.470057,13.519946,7000050,tradingview_cselk_fallback,-0.001841653801422316,-0.0018433517307700719,0.022140251151890642,3458258.5,2.024154643153483
2023-01-03,JKH.N0000,13.519946,13.944003,13.519946,13.669613,3788220,tradingview_cselk_fallback,0.011070088593549077,0.011009263642864706,0.031021873113745154,3627260.0,1.0443750930454392
2023-01-04,JKH.N0000,13.669613,13.919059,13.569835,13.819281,1391260,tradingview_cselk_fallback,0.01094895663834805,0.010889450770051691,0.025270779282945424,3410765.5,0.40790256615413756
2023-01-05,JKH.N0000,13.844225,13.844225,13.744447,13.769392,8428880,tradingview_cselk_fallback,-0.0036101009886114754,-0.0036166331290485936,0.007246362076117855,3634912.0,2.3188676919826396
2023-01-09,JKH.N0000,13.769392,13.769392,13.495002,13.519946,189670,tradingview_cselk_fallback,-0.018115977815142514,-0.018282081283867973,0.020295199403902973,3160622.5,0.060010330243488424
2023-01-10,JKH.N0000,13.495002,13.59478,13.495002,13.519946,1044580,tradingview_cselk_fallback,0.0,0.0,0.007380059062366121,3121908.0,0.3345966633225579
2023-01-11,JKH.N0000,13.519946,13.569835,13.519946,13.519946,1324520,tradingview_cselk_fallback,0.0,0.0,0.0036900295311830607,3042044.0,0.43540461610680187
2023-01-12,JKH.N0000,13.569835,13.669613,13.544891,13.569835,5772230,tradingview_cselk_fallback,0.0036900295311830256,0.0036832380742030085,0.00919112133640536,3005336.5,1.9206601324011472
2023-01-13,JKH.N0000,13.544891,13.669613,13.544891,13.619724,984070,tradingview_cselk_fallback,0.0036764632731349778,0.003669721600657311,0.009157454292025318,3025631.5,0.3252444985451797
2023-01-17,JKH.N0000,13.619724,13.719502,13.59478,13.644669,274200,tradingview_cselk_fallback,0.00183153491216137,0.0018298596972586313,0.009140712757487941,2988042.0,0.09176577839267319
2023-01-18,JKH.N0000,13.619724,13.694558,13.619724,13.669613,127510,tradingview_cselk_fallback,0.0018281132360191688,0.0018264442707460827,0.005474478319174139,2945203.0,0.04329412947087179
2023-01-19,JKH.N0000,13.769392,13.769392,13.569835,13.59478,8631930,tradingview_cselk_fallback,-0.005474405164213492,-0.005489444633376252,0.014678942947219479,3245051.0,2.6600290719621973
2023-01-20,JKH.N0000,13.59478,13.894114,13.569835,13.719502,4931120,tradingview_cselk_fallback,0.009174256589661534,0.00913242872939018,0.023636353564437006,3411853.5,1.445290660926678
2023-01-23,JKH.N0000,13.769392,14.018837,13.719502,13.769392,600390,tradingview_cselk_fallback,0.0036364293689377103,0.0036298335449891366,0.021739158853201306,3305187.0,0.1816508415408871
2023-01-24,JKH.N0000,13.86917,13.919059,13.719502,13.769392,2859080,tradingview_cselk_fallback,0.0,0.0,0.01449279677708358,2905824.5,0.9839135157680721
2023-01-25,JKH.N0000,13.719502,13.86917,13.694558,13.769392,2655150,tradingview_cselk_fallback,0.0,0.0,0.012681169945630117,2972314.0,0.8932939117468747
2023-01-26,JKH.N0000,13.769392,13.794336,13.669613,13.669613,2986700,tradingview_cselk_fallback,-0.007246434700965754,-0.0072728176410031846,0.009124106146969886,3115123.5,0.9587741866413964
2023-01-27,JKH.N0000,13.669613,13.968948,13.669613,13.919059,5015870,tradingview_cselk_fallback,0.018248212293939803,0.018083711879672896,0.021505404927157735,3363111.5,1.4914373192800774
2023-01-30,JKH.N0000,13.619724,13.968948,13.619724,13.968948,9000840,tradingview_cselk_fallback,0.003584222180536667,0.0035778141634901324,0.02500002147620562,3641660.5,2.4716307299925404
2023-01-31,JKH.N0000,13.968948,13.968948,13.86917,13.86917,9000740,tradingview_cselk_fallback,-0.007142842825386575,-0.007168475058138692,0.007194230080098435,3800350.5,2.3683973359825625
2023-02-01,JKH.N0000,13.919059,13.968948,13.819281,13.968948,17157940,tradingview_cselk_fallback,0.0071942300800984516,0.007168475058138757,0.010714264238079998,4308245.0,3.9825822347614865
2023-02-02,JKH.N0000,13.968948,14.318172,13.968948,14.318172,16655560,tradingview_cselk_fallback,0.025000021476205836,0.02469263354276722,0.024390264343800403,4951612.0,3.3636641966292995
2023-02-03,JKH.N0000,14.318172,14.467839,14.318172,14.41795,38911680,tradingview_cselk_fallback,0.0069686270007092155,0.006944458336214223,0.010380601957975934,6827633.0,5.69914639524415
2023-02-06,JKH.N0000,14.467839,14.567617,14.442894,14.567617,21160780,tradingview_cselk_fallback,0.010380601957975966,0.010327093490969422,0.008561661114511692,7464228.0,2.8349589535582247
2023-02-07,JKH.N0000,14.492784,14.567617,14.442894,14.467839,49614850,tradingview_cselk_fallback,-0.006849301433446531,-0.0068728655586807064,0.008620706934878075,9935487.0,4.99370086237343
2023-02-08,JKH.N0000,14.467839,14.467839,14.318172,14.318172,13217110,tradingview_cselk_fallback,-0.010344806850560051,-0.010398686268503054,0.0104529405010639,10544113.5,1.2535060439173005
2023-02-09,JKH.N0000,14.368061,14.41795,14.293227,14.41795,14076230,tradingview_cselk_fallback,0.0069686270007092155,0.006944458336214223,0.008650536310640519,11181699.0,1.2588632550384338
2023-02-10,JKH.N0000,14.318172,14.368061,14.293227,14.343116,7036800,tradingview_cselk_fallback,-0.005190335657981882,-0.005203852240789984,0.005217415797236873,11244927.5,0.6257754885480586
2023-02-13,JKH.N0000,14.343116,14.343116,13.86917,14.068726,475170,tradingview_cselk_fallback,-0.019130431630058675,-0.019315786085255623,0.033687911755478056,11219482.5,0.042352220790932205
2023-02-14,JKH.N0000,14.068726,14.118615,13.968948,13.968948,22857220,tradingview_cselk_fallback,-0.00709218446645421,-0.0071174535529358205,0.010714264238080126,12348633.5,1.850991852661268
2023-02-15,JKH.N0000,13.968948,14.043782,13.894114,13.968948,7576780,tradingview_cselk_fallback,0.0,0.0,0.010714335825432247,12721097.0,0.5956074385723181
2023-02-16,JKH.N0000,14.043782,14.043782,13.919059,13.968948,15390650,tradingview_cselk_fallback,0.0,0.0,0.008928589325409434,13059033.0,1.178544383799321
2023-02-17,JKH.N0000,13.968948,13.968948,13.86917,13.919059,3063940,tradingview_cselk_fallback,-0.0035714214126932875,-0.003577814163490172,0.007168444361073461,12965674.0,0.2363116641680178
2023-02-20,JKH.N0000,13.968948,13.968948,13.744447,13.769392,7359940,tradingview_cselk_fallback,-0.010752666541610334,-0.010810894238669792,0.016304350983689046,13303651.5,0.5532270595031747
2023-02-21,JKH.N0000,13.769392,13.819281,13.719502,13.769392,46116870,tradingview_cselk_fallback,0.0,0.0,0.007246434700965724,15466541.0,2.9817184074965435
2023-02-22,JKH.N0000,13.769392,13.86917,13.669613,13.769392,22481050,tradingview_cselk_fallback,0.0,0.0,0.01449279677708358,16457836.0,1.365978491947544
2023-02-23,JKH.N0000,13.769392,13.944003,13.769392,13.86917,5293310,tradingview_cselk_fallback,0.0072463620761178404,0.007220233344021217,0.012589866588988419,16573166.5,0.3193903832439021
2023-02-24,JKH.N0000,13.944003,14.168504,13.719502,13.819281,5513100,tradingview_cselk_fallback,-0.003597115040049337,-0.003603600214972657,0.03249098126016832,16598028.0,0.33215391611581807
2023-02-27,JKH.N0000,13.769392,13.769392,13.495002,13.569835,3286280,tradingview_cselk_fallback,-0.01805057730572235,-0.018215476338713503,0.020220584848673576,16312300.0,0.20146024778847862
2023-02-28,JKH.N0000,13.519946,13.569835,13.420168,13.544891,9940440,tradingview_cselk_fallback,-0.0018381947901355833,-0.0018398863434329797,0.01104970132280866,16359285.0,0.6076329130521291
2023-03-01,JKH.N0000,13.470057,13.769392,13.470057,13.719502,4386310,tradingview_cselk_fallback,0.012891281295656087,0.01280889600810878,0.021818211768911088,15720703.5,0.27901486724178726
2023-03-02,JKH.N0000,13.769392,13.819281,13.569835,13.769392,1390990,tradingview_cselk_fallback,0.0036364293689377103,0.0036298335449891366,0.018115977815142507,14957475.0,0.09299631120894403
2023-03-03,JKH.N0000,13.769392,13.944003,13.59478,13.919059,3802170,tradingview_cselk_fallback,0.01086954311417676,0.010810894238669818,0.025089555263757432,13201999.5,0.28799955643082703
2023-03-07,JKH.N0000,13.968948,13.993893,13.86917,13.968948,8986080,tradingview_cselk_fallback,0.003584222180536667,0.0035778141634901324,0.008928589325409434,12593264.5,0.7135623967875844
2023-03-08,JKH.N0000,13.993893,14.068726,13.968948,14.068726,12209860,tradingview_cselk_fallback,0.007142842825386797,0.007117453552935876,0.007092184466454219,10723015.0,1.1386592297035862
2023-03-09,JKH.N0000,14.093671,14.268283,14.043782,14.218394,8337160,tradingview_cselk_fallback,0.010638347779322821,0.010582158712181457,0.015789476645533953,10479017.5,0.7956051223313636
2023-03-10,JKH.N0000,14.268283,14.268283,14.093671,14.093671,12509810,tradingview_cselk_fallback,-0.008771947098948019,-0.008810647109412336,0.0123893909542801,10400696.5,1.2027857942013787
2023-03-13,JKH.N0000,14.168504,14.168504,14.018837,14.118615,2345030,tradingview_cselk_fallback,0.0017698724484203066,0.0017683080697403002,0.010600685690487409,10166108.0,0.23067136410512262
2023-03-14,JKH.N0000,13.993893,14.14356,13.968948,14.14356,5915520,tradingview_cselk_fallback,0.0017668163626531896,0.001765257378645711,0.012345689486946818,10438125.5,0.5667224445615259
2023-03-15,JKH.N0000,14.168504,14.41795,13.968948,14.318172,9354750,tradingview_cselk_fallback,0.012345689486946698,0.012270102938676277,0.03135889134450963,9763002.0,0.95818376355961
2023-03-16,JKH.N0000,14.318172,14.467839,14.318172,14.442894,8646140,tradingview_cselk_fallback,0.008710748830227821,0.008673029143843304,0.010362673851930166,9816470.0,0.8807789358089008
2023-03-17,JKH.N0000,14.41795,14.442894,14.368061,14.393005,1272580,tradingview_cselk_fallback,-0.003454224617310042,-0.0034602042250733733,0.00519926172470585,9110566.5,0.13968176402641921
2023-03-20,JKH.N0000,14.393005,14.517728,14.393005,14.467839,5855140,tradingview_cselk_fallback,0.00519933120290017,0.005185861349733091,0.008620706934878075,9250126.5,0.6329794516864174
2023-03-21,JKH.N0000,14.567617,14.567617,14.318172,14.368061,492750,tradingview_cselk_fallback,-0.006896537900373256,-0.0069204289248108375,0.01736107607004172,8906767.0,0.05532310433179626
2023-03-22,JKH.N0000,14.442894,14.492784,14.368061,14.442894,1771190,tradingview_cselk_fallback,0.005208288021605778,0.005194771800151223,0.008635596162375732,6689483.0,0.2647723299393989
2023-03-23,JKH.N0000,14.442894,14.467839,14.268283,14.268283,1985260,tradingview_cselk_fallback,-0.012089751541484728,-0.012163427001799896,0.013985985559720072,5664693.5,0.3504620329414116
2023-03-24,JKH.N0000,14.293227,14.393005,14.268283,14.368061,1603720,tradingview_cselk_fallback,0.006992992779860208,0.006968655201648863,0.008680503235614062,5480214.0,0.2926382071940986
2023-03-27,JKH.N0000,14.442894,14.442894,14.168504,14.168504,1255300,tradingview_cselk_fallback,-0.01388893045484707,-0.013986284126134991,0.0193661942008839,5267324.0,0.2383183567215535
2023-03-28,JKH.N0000,14.168504,14.168504,13.86917,13.968948,2359530,tradingview_cselk_fallback,-0.014084479208249623,-0.014184606760324306,0.021428528476160124,5220986.5,0.451931833188996
2023-03-29,JKH.N0000,14.243338,14.243338,14.018837,14.068726,660070,tradingview_cselk_fallback,0.007142842825386797,0.007117453552935876,0.015957450589342635,4756968.0,0.13875855376786222
2023-03-30,JKH.N0000,14.068726,14.218394,13.86917,13.968948,2116000,tradingview_cselk_fallback,-0.00709218446645421,-0.0071174535529358205,0.02500002147620562,4643452.5,0.45569541198063296
2023-03-31,JKH.N0000,13.968948,14.068726,13.944003,13.944003,2444040,tradingview_cselk_fallback,-0.0017857465000227224,-0.001787342846033174,0.008944562045776917,4696105.0,0.5204398112904205
2023-04-03,JKH.N0000,13.86917,13.968948,13.844225,13.844225,540960,tradingview_cselk_fallback,-0.007155620950454522,-0.007181345194798224,0.009009027229765442,4533044.5,0.11933701511202902
2023-04-04,JKH.N0000,13.968948,13.968948,13.844225,13.919059,3078830,tradingview_cselk_fallback,0.005405430784316323,0.005390873877341269,0.008960591373310471,4237682.0,0.7265363469934742
2023-04-06,JKH.N0000,13.968948,13.968948,13.794336,13.819281,1021410,tradingview_cselk_fallback,-0.007168444361073556,-0.007194261109621177,0.012635389641472648,3678259.5,0.27768840126695793
2023-04-10,JKH.N0000,13.993893,13.993893,13.744447,13.769392,3902140,tradingview_cselk_fallback,-0.0036101009886114754,-0.0036166331290485936,0.018115977815142507,3456508.5,1.128925330286328
2023-04-11,JKH.N0000,13.769392,13.86917,13.719502,13.86917,1763140,tradingview_cselk_fallback,0.0072463620761178404,0.007220233344021217,0.010791417222515849,2919175.0,0.6039857151421206
2023-04-12,JKH.N0000,13.844225,13.86917,13.694558,13.719502,2702500,tradingview_cselk_fallback,-0.010791417222515864,-0.010850066889010378,0.012727284124452896,2937048.5,0.9201414276951845
2023-04-17,JKH.N0000,13.919059,13.919059,13.470057,13.495002,8419430,tradingview_cselk_fallback,-0.016363567715504623,-0.0164989295898851,0.03327172533949978,3062244.0,2.7494314626790026
2023-04-18,JKH.N0000,13.86917,13.86917,13.445112,13.470057,5907960,tradingview_cselk_fallback,-0.001848462119531269,-0.001850172633840559,0.03148152973665965,2889904.5,2.044344371933398
2023-04-19,JKH.N0000,13.470057,13.819281,13.470057,13.819281,76430,tradingview_cselk_fallback,0.025925948197546678,0.025595568897763515,0.025270779282945296,2461419.0,0.03105119445328081
2023-04-20,JKH.N0000,13.669613,13.819281,13.59478,13.669613,7776240,tradingview_cselk_fallback,-0.010830375328499398,-0.010889450770051812,0.016423361802561643,2786602.0,2.790581503924852
2023-04-21,JKH.N0000,13.669613,13.819281,13.669613,13.794336,3154900,tradingview_cselk_fallback,0.00912410614696979,0.009082732962274694,0.010849960447534418,2651590.0,1.189814413238849
2023-04-24,JKH.N0000,13.719502,13.894114,13.719502,13.86917,8116320,tradingview_cselk_fallback,0.005424980223767362,0.005410318022749687,0.012589938691356424,3032768.5,2.6762082236082314
2023-04-25,JKH.N0000,13.769392,13.86917,13.769392,13.844225,1091460,tradingview_cselk_fallback,-0.0017985935712087064,-0.0018002129826926107,0.007207192890898594,2998782.0,0.3639677709149915
2023-04-26,JKH.N0000,13.769392,13.86917,13.769392,13.769392,662560,tradingview_cselk_fallback,-0.005405358552031614,-0.0054200203613286166,0.007246362076117855,2932647.0,0.22592558872581664
2023-04-27,JKH.N0000,13.769392,13.794336,13.59478,13.794336,2035510,tradingview_cselk_fallback,0.0018115542066055035,0.0018099153212716719,0.014466517272016529,2954236.5,0.68901389580692
2023-04-28,JKH.N0000,13.769392,13.819281,13.719502,13.769392,4142980,tradingview_cselk_fallback,-0.0018082784122410711,-0.0018099153212716487,0.007246434700965724,3098620.5,1.3370401441544713
2023-05-02,JKH.N0000,13.769392,13.819281,13.470057,13.519946,2007710,tradingview_cselk_fallback,-0.018115977815142514,-0.018282081283867973,0.025830280683073702,3081029.5,0.651636084626908
2023-05-03,JKH.N0000,13.519946,13.569835,13.470057,13.519946,7302340,tradingview_cselk_fallback,0.0,0.0,0.00738005906236599,3413143.0,2.1394767227742877
2023-05-04,JKH.N0000,13.719502,13.719502,13.59478,13.59478,8420,tradingview_cselk_fallback,0.005535081279170795,0.005519819009488489,0.009174256589661636,3307764.0,0.0025455262225479204
2023-05-08,JKH.N0000,13.644669,13.844225,13.644669,13.794336,481480,tradingview_cselk_fallback,0.014678869389574523,0.014572177595651083,0.014466517272016529,3209636.0,0.15001078003860874
2023-05-09,JKH.N0000,13.819281,13.86917,13.719502,13.844225,662890,tradingview_cselk_fallback,0.0036166293180042164,0.0036101050400570395,0.010810861568632419,3215732.5,0.2061396586936258
2023-05-10,JKH.N0000,13.769392,13.819281,13.669613,13.694558,340650,tradingview_cselk_fallback,-0.010810789336347715,-0.010869650527747432,0.010929012823926127,3078823.5,0.11064291278795294
2023-05-11,JKH.N0000,13.694558,13.86917,13.669613,13.819281,979870,tradingview_cselk_fallback,0.009107486346036087,0.009066263295467477,0.014440476317110885,3076746.5,0.31847602654297325
2023-05-12,JKH.N0000,13.769392,13.844225,13.769392,13.844225,592050,tradingview_cselk_fallback,0.0018050143129733076,0.0018033872322800227,0.005405358552031618,2911242.0,0.20336681045409485
2023-05-15,JKH.N0000,13.769392,13.944003,13.769392,13.919059,855130,tradingview_cselk_fallback,0.005405430784316323,0.005390873877341269,0.012544741709910167,2865841.5,0.2983870531569872
2023-05-16,JKH.N0000,13.944003,14.018837,13.86917,13.919059,9101370,tradingview_cselk_fallback,0.0,0.0,0.010752666541610256,3185785.0,2.856868872193196
2023-05-17,JKH.N0000,13.919059,13.919059,13.794336,13.819281,1164510,tradingview_cselk_fallback,-0.007168444361073556,-0.007194261109621177,0.009025288652861263,2823039.0,0.4125022714882791
2023-05-18,JKH.N0000,13.819281,13.819281,13.495002,13.644669,3445100,tradingview_cselk_fallback,-0.012635389641472594,-0.012715895040797757,0.02376598508912167,2699896.0,1.2760121130591697
2023-05-19,JKH.N0000,13.669613,13.669613,13.495002,13.519946,875520,tradingview_cselk_fallback,-0.00914078604618418,-0.009182819372118829,0.012915066376744442,2739850.5,0.31955028203181157
2023-05-22,JKH.N0000,13.519946,13.644669,13.519946,13.619724,508420,tradingview_cselk_fallback,0.007380059062366051,0.00735295967486019,0.009157527714952318,2376459.5,0.2139401071215394
2023-05-23,JKH.N0000,13.644669,13.769392,13.544891,13.769392,133680,tradingview_cselk_fallback,0.01098906262711341,0.010929121609007664,0.016304350983689046,2225398.5,0.060070140246791755
2023-05-24,JKH.N0000,13.769392,13.769392,13.619724,13.769392,171890,tradingview_cselk_fallback,0.0,0.0,0.010869615739024653,1828177.0,0.09402262472397366
2023-05-25,JKH.N0000,13.769392,13.944003,13.569835,13.944003,5221200,tradingview_cselk_fallback,0.012681097320782264,0.012601365556126853,0.0268336144219132,2034664.0,2.5661239398741023
2023-05-26,JKH.N0000,13.968948,13.968948,13.59478,13.619724,728440,tradingview_cselk_fallback,-0.023255803946685916,-0.023530487165134513,0.027472509721929692,2037958.0,0.357436218018232
2023-05-29,JKH.N0000,13.59478,13.769392,13.569835,13.744447,679470,tradingview_cselk_fallback,0.009157527714952263,0.009115851797054531,0.014519099968154444,1970156.0,0.344881319042756
2023-05-30,JKH.N0000,13.669613,13.669613,13.470057,13.619724,1729060,tradingview_cselk_fallback,-0.009074428385514532,-0.0091158517970545,0.014651985605581978,1849460.0,0.9348999167324517
2023-05-31,JKH.N0000,13.86917,13.86917,13.544891,13.694558,2665600,tradingview_cselk_fallback,0.005494531313556816,0.00547949144258887,0.023679406082328516,1882354.5,1.4160988272931587
2023-06-01,JKH.N0000,13.569835,13.86917,13.569835,13.86917,39436020,tradingview_cselk_fallback,0.01275046628010923,0.012669863510440115,0.021582762342663694,3489038.5,11.302833144432197
2023-06-02,JKH.N0000,13.86917,13.86917,13.769392,13.819281,1364600,tradingview_cselk_fallback,-0.003597115040049337,-0.003603600214972657,0.0072202019772230255,3556847.5,0.3836543455967679
2023-06-05,JKH.N0000,13.819281,13.968948,13.769392,13.968948,15175650,tradingview_cselk_fallback,0.010830302965834315,0.010772075273111248,0.014285685650773374,4291556.0,3.536164971399651
2023-06-06,JKH.N0000,13.968948,13.968948,13.919059,13.944003,6881030,tradingview_cselk_fallback,-0.0017857465000227224,-0.001787342846033174,0.003577810475227129,4602463.0,1.4950755714929158
2023-06-07,JKH.N0000,13.894114,13.919059,13.844225,13.844225,1022490,tradingview_cselk_fallback,-0.007155620950454522,-0.007181345194798224,0.0054054307843162735,4636555.0,0.220527956640221
2023-06-08,JKH.N0000,13.819281,13.968948,13.769392,13.86917,4484540,tradingview_cselk_fallback,0.0018018343388670477,0.0018002129826926827,0.014388460160196999,4811788.5,0.9319902568452458
2023-06-09,JKH.N0000,13.944003,14.018837,13.919059,14.018837,36259950,tradingview_cselk_fallback,0.010791345120147788,0.010733534089375673,0.0071174235066716884,6595183.5,5.497944067818583
2023-06-12,JKH.N0000,13.993893,14.068726,13.968948,14.043782,6420600,tradingview_cselk_fallback,0.0017793915429646923,0.0017778103013205647,0.007104781318878389,6873457.0,0.9341151039426012
2023-06-13,JKH.N0000,14.118615,14.118615,13.993893,14.093671,989000,tradingview_cselk_fallback,0.003552390659439242,0.0035460958231475145,0.008849504149770504,6467838.5,0.15291043522499828
2023-06-14,JKH.N0000,14.118615,14.168504,14.068726,14.14356,7554200,tradingview_cselk_fallback,0.0035398158506751987,0.0035335654483860356,0.00705465950581046,6787323.0,1.112986666466293
2023-06-15,JKH.N0000,14.14356,14.14356,14.018837,14.018837,2954970,tradingview_cselk_fallback,-0.008818359734041548,-0.008857471572853961,0.008896815049636518,6762816.5,0.43694369054668275
2023-06-16,JKH.N0000,14.043782,14.168504,14.043782,14.118615,5312170,tradingview_cselk_fallback,0.007117423506671772,0.007092214194208254,0.008833869327834226,6984649.0,0.7605493132153097
2023-06-19,JKH.N0000,14.068726,14.14356,14.043782,14.093671,850000,tradingview_cselk_fallback,-0.0017667455341759952,-0.0017683080697402966,0.007079631701350243,7001728.0,0.12139860331620994
2023-06-20,JKH.N0000,14.118615,14.268283,14.068726,14.268283,462220,tradingview_cselk_fallback,0.012389390954280044,0.012313270529105547,0.013986055645237793,7018155.0,0.0658606143637466
2023-06-21,JKH.N0000,14.218394,14.343116,14.218394,14.268283,16953200,tradingview_cselk_fallback,0.0,0.0,0.008741205932066263,7857220.5,2.1576586784092417
2023-06-22,JKH.N0000,14.318172,14.442894,14.068726,14.293227,538820,tradingview_cselk_fallback,0.0017482131522061906,0.001746686806253211,0.026177993255127128,7623101.5,0.07068251682074547
2023-06-23,JKH.N0000,14.343116,14.517728,14.268283,14.492784,4251370,tradingview_cselk_fallback,0.013961647709086256,0.013865081681588055,0.01721166892434191,7799248.0,0.5450999891271568
2023-06-26,JKH.N0000,14.567617,15.016619,14.567617,14.96673,8385890,tradingview_cselk_fallback,0.03270220545617741,0.03217886731429979,0.03000000668148621,8184569.0,1.0245976300034858
2023-06-27,JKH.N0000,14.96673,15.041564,14.842007,14.96673,13670770,tradingview_cselk_fallback,0.0,0.0,0.013333373422250461,8781654.5,1.5567419556303428
2023-06-28,JKH.N0000,14.96673,14.991675,14.941785,14.941785,20852660,tradingview_cselk_fallback,-0.0016666967333546223,-0.0016680872175802337,0.003338958497930557,9691007.5,2.1517535715455796
2023-07-04,JKH.N0000,15.066508,15.864734,14.96673,15.864734,6477370,tradingview_cselk_fallback,0.061769661389184716,0.059937007948133586,0.056603785477903394,8043075.0,0.8053350242289175
2023-07-05,JKH.N0000,15.964512,16.06429,15.51551,15.914623,9357410,tradingview_cselk_fallback,0.0031446477451182453,0.003139713681619447,0.034482752120486855,8442715.5,1.1083412676881035
2023-07-06,JKH.N0000,15.814845,15.814845,15.465621,15.540455,1223830,tradingview_cselk_fallback,-0.023510955930278743,-0.023791748319002742,0.022471928910704323,7745124.5,0.15801295382662991
2023-07-07,JKH.N0000,15.540455,15.565399,15.365843,15.565399,6682020,tradingview_cselk_fallback,0.001605101008947285,0.0016038142110991502,0.01282048728721952,7735174.0,0.8638486994604129
2023-07-10,JKH.N0000,15.565399,15.715066,15.51551,15.715066,839650,tradingview_cselk_fallback,0.009615365465414749,0.009569432048561326,0.012698387649151419,7726032.0,0.10867803809251632
2023-07-11,JKH.N0000,15.665177,15.864734,15.665177,15.814845,1758260,tradingview_cselk_fallback,0.0063492574577797,0.006329185837768046,0.012618334229643126,7589718.0,0.2316634162165182
2023-07-12,JKH.N0000,15.665177,15.864734,15.665177,15.764956,16432920,tradingview_cselk_fallback,-0.0031545677494784208,-0.0031595538871554184,0.012658265586025133,6598366.5,2.49045275069216
2023-07-13,JKH.N0000,15.839789,15.914623,15.764956,15.839789,4706790,tradingview_cselk_fallback,0.0047467940919085905,0.00473556359006366,0.009448800107122695,6512676.0,0.7227121386047762
2023-07-14,JKH.N0000,15.764956,15.764956,15.565399,15.715066,2112700,tradingview_cselk_fallback,-0.007874031655345837,-0.007905195540676271,0.012698451282355444,6568861.0,0.3216234899779429
2023-07-17,JKH.N0000,15.715066,15.864734,15.715066,15.814845,1394540,tradingview_cselk_fallback,0.0063492574577797,0.006329185837768046,0.00946376648016469,6260878.0,0.22273872769921407
2023-07-18,JKH.N0000,15.814845,15.864734,15.690122,15.690122,1704020,tradingview_cselk_fallback,-0.007886450989560756,-0.00791771351958603,0.011128785359349008,6198330.5,0.2749159632581709
2023-07-19,JKH.N0000,15.764956,15.814845,15.690122,15.690122,3651620,tradingview_cselk_fallback,0.0,0.0,0.00794914150444461,6115303.0,0.5971282207929844
2023-07-20,JKH.N0000,15.715066,15.864734,15.715066,15.864734,5230940,tradingview_cselk_fallback,0.011128785359348914,0.0110673160595408,0.009434006268242513,6334350.0,0.8258053312494573
2023-07-21,JKH.N0000,15.864734,15.864734,15.740011,15.814845,8818440,tradingview_cselk_fallback,-0.0031446477451182453,-0.0031496025399549224,0.007886450989560725,6752161.0,1.3060174364918136
2023-07-24,JKH.N0000,15.764956,15.7899,15.615288,15.690122,3530960,tradingview_cselk_fallback,-0.007886450989560756,-0.00791771351958603,0.011128785359349008,6081049.0,0.580649818805933
2023-07-25,JKH.N0000,15.690122,15.864734,15.665177,15.690122,22927890,tradingview_cselk_fallback,0.0,0.0,0.012718639153984935,7200502.5,3.1842069355576226
2023-07-26,JKH.N0000,15.465621,15.889678,15.465621,15.864734,4761980,tradingview_cselk_fallback,0.011128785359348914,0.0110673160595408,0.0267295373499486,7226033.0,0.6590033563367341
2023-07-27,JKH.N0000,15.864734,16.762738,15.864734,16.762738,23461300,tradingview_cselk_fallback,0.056603785477903346,0.055059788438900144,0.053571439224308015,7979803.5,2.940084928156439
2023-07-28,JKH.N0000,16.812627,16.912405,16.61307,16.687904,19859530,tradingview_cselk_fallback,-0.004464306487400704,-0.004474301261189284,0.01793724364665564,8289241.5,2.395819931172231
2023-07-31,JKH.N0000,16.862516,16.862516,16.638015,16.812627,13402740,tradingview_cselk_fallback,0.007473856513076749,0.007446065631627947,0.013353118462688792,7916745.5,1.6929608258848285
2023-08-02,JKH.N0000,16.862516,17.062072,16.762738,16.912405,21281530,tradingview_cselk_fallback,0.005934706099171905,0.005917165097176759,0.017699079462678534,8656953.5,2.4583163118526627
2023-08-03,JKH.N0000,16.962294,17.536019,16.962294,17.461185,23123410,tradingview_cselk_fallback,0.03244837147643986,0.03193304119018941,0.03285716290160144,9345253.5,2.4743480741319646
2023-08-04,JKH.N0000,17.461185,18.458967,17.461185,18.359189,57165490,tradingview_cselk_fallback,0.05142858288254781,0.05014979457919905,0.05434782549490617,12142336.5,4.707948095492165
2023-08-07,JKH.N0000,18.458967,19.855862,18.458967,19.556527,20518500,tradingview_cselk_fallback,0.06521736880643259,0.06317888050103952,0.07142858238581917,12834160.5,1.5987411097126298
2023-08-08,JKH.N0000,19.556527,19.95564,19.257193,19.880806,21859420,tradingview_cselk_fallback,0.016581625152564117,0.016445651061651915,0.035131724538733394,13885149.0,1.5743021554900132
2023-08-09,JKH.N0000,19.855862,19.855862,19.456749,19.581472,10648120,tradingview_cselk_fallback,-0.015056431816697913,-0.01517093063571565,0.020382175558609678,14329642.0,0.7430834629364781
2023-08-10,JKH.N0000,19.656305,19.756084,19.356971,19.356971,3912080,tradingview_cselk_fallback,-0.011464970559925236,-0.0115312000341656,0.02061856682019102,13703600.0,0.28547826848419394
2023-08-11,JKH.N0000,19.356971,19.356971,18.982803,19.082581,14060500,tradingview_cselk_fallback,-0.014175255002448539,-0.014276683587924834,0.019607829779420348,14171285.5,0.9921823958736842
2023-08-14,JKH.N0000,19.007747,19.007747,17.910187,18.059854,70299820,tradingview_cselk_fallback,-0.05359479412140311,-0.05508446561605924,0.0607734702617196,17580641.5,3.9987061905562435
2023-08-15,JKH.N0000,17.960076,18.658523,17.960076,18.3093,3060330,tradingview_cselk_fallback,0.013812182534808981,0.013717663688201702,0.03814711649271125,17663931.0,0.1732530544871354
2023-08-16,JKH.N0000,18.259411,19.40686,18.259411,19.307082,28774100,tradingview_cselk_fallback,0.05449591191361769,0.053062844128435545,0.05943150808599672,19017435.0,1.513037904428226
2023-08-17,JKH.N0000,19.257193,19.556527,19.107525,19.107525,16293430,tradingview_cselk_fallback,-0.010335948228738179,-0.010389735088096291,0.02349870011945556,19649525.5,0.8292022115241409
2023-08-18,JKH.N0000,19.107525,19.13247,18.758302,18.907969,2238740,tradingview_cselk_fallback,-0.010443843459579272,-0.010498763108823717,0.019788904879207328,19499915.5,0.1148076769871131
2023-08-21,JKH.N0000,18.957858,19.257193,18.957858,19.207304,10476610,tradingview_cselk_fallback,0.01583115563601778,0.015707149948346592,0.015584436004136719,19582824.0,0.5349897440736842
2023-08-22,JKH.N0000,19.157414,19.157414,18.558745,19.032692,14076190,tradingview_cselk_fallback,-0.009090916663785809,-0.009132491205625207,0.03145477266169184,20110085.5,0.6999567455841995
2023-08-23,JKH.N0000,18.932913,18.957858,18.758302,18.907969,3001090,tradingview_cselk_fallback,-0.0065530929623618395,-0.006574658742721428,0.010554068498843062,19113745.5,0.15701213558587981
2023-08-24,JKH.N0000,18.932913,18.957858,18.708412,18.758302,2482050,tradingview_cselk_fallback,-0.007915551374132246,-0.007947045657415263,0.013297898711727879,18999749.0,0.13063593629579
2023-08-25,JKH.N0000,18.85808,18.85808,18.159632,18.159632,11429470,tradingview_cselk_fallback,-0.031914935584255066,-0.03243531910392376,0.03846157234904334,18398157.5,0.6212290551377223
2023-08-28,JKH.N0000,18.259411,18.259411,18.009965,18.159632,5320870,tradingview_cselk_fallback,0.0,0.0,0.013736291572428283,17671224.5,0.3011036388564924
2023-08-29,JKH.N0000,18.059854,18.084799,17.910187,17.960076,5198400,tradingview_cselk_fallback,-0.010988989204186339,-0.01104981415970696,0.009722230574079962,17261007.5,0.3011643439700724
2023-08-31,JKH.N0000,17.960076,17.960076,17.76052,17.810409,4768030,tradingview_cselk_fallback,-0.008333316629617893,-0.008368232826433954,0.01120445914521116,16435332.5,0.2901085207737659
2023-09-01,JKH.N0000,17.935131,17.960076,17.685686,17.960076,1715070,tradingview_cselk_fallback,0.008403344358908438,0.008368232826434,0.015277774993825212,15364915.5,0.11162248175071318
2023-09-04,JKH.N0000,18.059854,18.708412,18.009965,18.708412,4555770,tradingview_cselk_fallback,0.04166663882714072,0.04082196779430987,0.03733331295034544,12734429.5,0.35775218669984393
2023-09-05,JKH.N0000,18.658523,19.13247,18.658523,19.032692,12682830,tradingview_cselk_fallback,0.01733337923069045,0.01718486986945745,0.02490173224050505,12342646.0,1.0275616751869898
2023-09-06,JKH.N0000,19.032692,19.13247,18.733357,18.758302,642430,tradingview_cselk_fallback,-0.014416772992491,-0.014521704400136644,0.02127660595292686,11281796.5,0.05694394505343187
2023-09-07,JKH.N0000,18.932913,18.932913,18.458967,18.558745,16691120,tradingview_cselk_fallback,-0.010638329631328158,-0.0106953212172307,0.025537610436481454,11583946.5,1.4408837264571275
2023-09-08,JKH.N0000,18.558745,18.758302,18.558745,18.758302,850880,tradingview_cselk_fallback,0.010752720617692724,0.01069532121723067,0.010638329631328155,11430886.5,0.07443692140587696
2023-09-11,JKH.N0000,18.708412,18.982803,18.708412,18.85808,3426660,tradingview_cselk_fallback,0.005319138160799541,0.005305041511334988,0.014550314772235635,10899194.5,0.3143957106187985
2023-09-12,JKH.N0000,18.758302,18.932913,18.683468,18.85808,1166560,tradingview_cselk_fallback,0.0,0.0,0.013227486573394424,7442531.5,0.15674236649183143
2023-09-13,JKH.N0000,18.907969,18.957858,18.783246,18.907969,8629130,tradingview_cselk_fallback,0.0026454973146790017,0.002642004146080499,0.009234836380364455,7720971.5,1.1176223095759388
2023-09-14,JKH.N0000,18.758302,19.107525,18.758302,19.007747,7749190,tradingview_cselk_fallback,0.005277034249421275,0.005263159494486276,0.01837266668164294,6669726.0,1.16184532917844
2023-09-15,JKH.N0000,19.007747,19.082581,18.957858,18.957858,1318310,tradingview_cselk_fallback,-0.0026246666688060083,-0.0026281171452566016,0.006578960555564846,5920970.0,0.22265101832976691
2023-09-18,JKH.N0000,19.057636,19.057636,18.85808,18.883024,962480,tradingview_cselk_fallback,-0.0039473868830540715,-0.003955198378094729,0.010568010716927418,5857157.0,0.1643254568726773
2023-09-19,JKH.N0000,18.932913,18.957858,18.608634,18.608634,1832170,tradingview_cselk_fallback,-0.01453104121458515,-0.01463765082006991,0.018766772456269662,5424935.0,0.3377312354894575
2023-09-20,JKH.N0000,18.658523,18.658523,18.458967,18.608634,1484860,tradingview_cselk_fallback,0.0,0.0,0.010723839267299128,4795368.5,0.3096446081255278
2023-09-21,JKH.N0000,18.658523,18.808191,18.508856,18.758302,9730580,tradingview_cselk_fallback,0.008042933188970425,0.008010761191519679,0.015957467792127412,5131843.0,1.8961180223167389
2023-09-22,JKH.N0000,18.85808,18.982803,18.758302,18.957858,4324380,tradingview_cselk_fallback,0.01063827632159886,0.010582088006645058,0.011842107900586662,5223959.5,0.827797382426108
2023-09-25,JKH.N0000,18.907969,19.082581,18.907969,19.057636,3929890,tradingview_cselk_fallback,0.005263147345021535,0.005249345391662478,0.00916231163193587,4848980.5,0.8104569610044833
2023-09-26,JKH.N0000,18.982803,19.232248,18.957858,19.207304,8762490,tradingview_cselk_fallback,0.007853439954462527,0.00782276220745431,0.014285711310655404,5021061.5,1.74514691763883
2023-09-27,JKH.N0000,19.207304,19.40686,19.207304,19.207304,11288950,tradingview_cselk_fallback,0.0,0.0,0.010389589293739567,5325589.0,2.119756143404983
2023-10-02,JKH.N0000,19.182359,19.182359,18.932913,18.982803,8651830,tradingview_cselk_fallback,-0.0116883139872207,-0.01175715931214086,0.013140630495928472,5519779.0,1.5674232609675134
2023-10-03,JKH.N0000,19.057636,19.157414,18.957858,19.057636,14904120,tradingview_cselk_fallback,0.003942147005371099,0.003934397104686697,0.01047118330940929,6179231.5,2.411969837996845
2023-10-04,JKH.N0000,19.057636,19.057636,18.58369,18.957858,8904390,tradingview_cselk_fallback,-0.005235591654704552,-0.00524934539166257,0.024999976263141013,6396662.5,1.3920368629734647
2023-10-05,JKH.N0000,19.057636,19.107525,18.957858,19.007747,6060330,tradingview_cselk_fallback,0.0026315736725106564,0.0026281171452565036,0.007874000006418296,6065537.5,0.9991414610823856
2023-10-06,JKH.N0000,19.057636,19.057636,18.957858,19.032692,4873600,tradingview_cselk_fallback,0.0013123596394670756,0.0013114992482349756,0.005242453353419318,6277096.0,0.7764099832151683
2023-10-09,JKH.N0000,18.957858,18.957858,18.658523,18.85808,5321460,tradingview_cselk_fallback,-0.00917431963907156,-0.009216662888801816,0.015873036915741306,5708613.0,0.932180899283241
2023-10-10,JKH.N0000,18.758302,18.957858,18.758302,18.758302,3068470,tradingview_cselk_fallback,-0.0052909946293578924,-0.005305041511334942,0.010638276321598894,5819492.5,0.5272745003108089
2023-10-11,JKH.N0000,18.808191,18.957858,18.808191,18.808191,3747220,tradingview_cselk_fallback,0.0026595690803996597,0.0026560386847217297,0.007957543604273313,5835520.5,0.642139805695139
2023-10-12,JKH.N0000,18.833135,19.082581,18.758302,19.082581,7619130,tradingview_cselk_fallback,0.014588856525329819,0.014483462969035556,0.016993455969085136,6158149.0,1.2372435288590775
2023-10-13,JKH.N0000,19.107525,19.332026,19.082581,19.282137,8875310,tradingview_cselk_fallback,0.010457495241340764,0.010403193880712147,0.012936584777921551,6170458.0,1.4383551431676547
2023-10-16,JKH.N0000,19.282137,19.381915,19.207304,19.282137,12952560,tradingview_cselk_fallback,0.0,0.0,0.009055583413809307,6430626.5,2.014198772079206
2023-10-17,JKH.N0000,19.257193,19.257193,18.957858,18.957858,5876190,tradingview_cselk_fallback,-0.01681758614203377,-0.01696060752782431,0.0157894947836406,6658520.5,0.8825068571914737
2023-10-18,JKH.N0000,18.957858,19.032692,18.907969,18.982803,3392090,tradingview_cselk_fallback,0.001315813210543082,0.0013149482869759966,0.0065703152479641425,6780001.0,0.5003081857952528
2023-10-19,JKH.N0000,18.883024,19.207304,18.883024,19.157414,4492100,tradingview_cselk_fallback,0.00919837813203861,0.009156330700674635,0.016927128056010154,6912997.5,0.6498049507467636
2023-10-20,JKH.N0000,19.257193,19.257193,19.032692,19.057636,5094180,tradingview_cselk_fallback,-0.005208323002259152,-0.0052219335959881544,0.011780107459288239,7093463.5,0.718151295202971
2023-10-23,JKH.N0000,19.082581,19.157414,19.057636,19.082581,4038590,tradingview_cselk_fallback,0.0013089241498789317,0.0013080682554497132,0.005228747620670421,6808864.0,0.5931371224333457
2023-10-24,JKH.N0000,19.082581,19.207304,19.082581,19.157414,9293250,tradingview_cselk_fallback,0.003921534513596336,0.003913865340538353,0.00651042985237984,7057307.5,1.3168265659389222
2023-10-25,JKH.N0000,19.157414,19.356971,19.157414,19.207304,9140660,tradingview_cselk_fallback,0.0026042137002415533,0.002600828611466023,0.01038964135726712,7317846.0,1.2490916042780895
2023-10-26,JKH.N0000,19.207304,19.207304,19.057636,19.107525,8395100,tradingview_cselk_fallback,-0.005194846710397383,-0.005208386839522896,0.007832934930086546,7299476.5,1.1500961747051313
2023-10-27,JKH.N0000,19.107525,19.257193,19.107525,19.207304,6020750,tradingview_cselk_fallback,0.005221974065191759,0.005208386839522931,0.007792244033832229,7036066.5,0.8556982797135303
2023-10-30,JKH.N0000,19.207304,19.207304,19.13247,19.207304,2479370,tradingview_cselk_fallback,0.0,0.0,0.003896122016916022,6727443.5,0.36854564441901294
2023-10-31,JKH.N0000,19.157414,19.207304,19.157414,19.182359,8289880,tradingview_cselk_fallback,-0.0012987246934811347,-0.0012995687672880095,0.0026008271453996515,6396731.5,1.295955598574053
2023-11-01,JKH.N0000,19.157414,19.207304,19.157414,19.182359,4585850,tradingview_cselk_fallback,0.0,0.0,0.0026008271453996515,6180804.5,0.74195033995979
2023-11-02,JKH.N0000,19.182359,19.232248,19.157414,19.207304,9165430,tradingview_cselk_fallback,0.0013004135726997212,0.001299568767287993,0.003896122016916022,6336059.5,1.4465504940412885
2023-11-03,JKH.N0000,19.232248,19.257193,19.207304,19.232248,8138630,tradingview_cselk_fallback,0.0012986726299535345,0.0012978300840356318,0.002594028529582205,6499311.0,1.2522296594208218
2023-11-06,JKH.N0000,19.232248,19.232248,19.182359,19.207304,16738180,tradingview_cselk_fallback,-0.0012969882667901445,-0.001297830084035693,0.002597397323434707,7070147.0,2.3674444109860797
2023-11-07,JKH.N0000,19.232248,19.456749,19.207304,19.381915,28567020,tradingview_cselk_fallback,0.00909086460025832,0.009049791430082837,0.012869987305175879,8345074.5,3.4232192894143725
2023-11-08,JKH.N0000,19.456749,19.756084,19.40686,19.556527,32252970,tradingview_cselk_fallback,0.00900901691086764,0.008968677814066697,0.017857158379910684,9770362.0,3.3011028659941157
2023-11-09,JKH.N0000,19.556527,19.731139,19.556527,19.68125,20017000,tradingview_cselk_fallback,0.006377563869085723,0.006357313262720061,0.008871997459510944,10390255.5,1.9265166289702886
2023-11-10,JKH.N0000,19.756084,19.756084,19.631361,19.656305,8237870,tradingview_cselk_fallback,-0.0012674499841218712,-0.0012682538781884707,0.006345190512662631,10358383.5,0.7952852875161457
2023-11-13,JKH.N0000,19.656305,19.656305,19.356971,19.356971,1609370,tradingview_cselk_fallback,-0.015228396181276138,-0.015345538992760841,0.015463886369411732,9791224.0,0.16436862234997382
2023-11-14,JKH.N0000,19.40686,19.40686,19.157414,19.157414,7811160,tradingview_cselk_fallback,-0.010309309240583264,-0.010362818247386411,0.013020859704759866,9887972.5,0.7899657892454697
2023-11-15,JKH.N0000,19.232248,19.257193,19.057636,19.107525,935960,tradingview_cselk_fallback,-0.0026041615011295205,-0.0026075582280566923,0.010443895794981412,9765166.0,0.0958468089533757
2023-11-16,JKH.N0000,19.082581,19.082581,18.883024,18.932913,3167140,tradingview_cselk_fallback,-0.009138389194832897,-0.009180400412473921,0.010540216394592962,9698918.0,0.32654570334546595
2023-11-17,JKH.N0000,19.057636,19.057636,18.907969,18.957858,829220,tradingview_cselk_fallback,0.0013175468561019699,0.0013166796528799687,0.007894721017532535,9485670.0,0.08741817921137884
2023-11-20,JKH.N0000,18.957858,19.182359,18.85808,18.957858,1007210,tradingview_cselk_fallback,0.0,0.0,0.017105255245608478,9334101.0,0.10790648183472623
2023-11-21,JKH.N0000,18.85808,18.982803,18.808191,18.932913,1665510,tradingview_cselk_fallback,-0.001315813210543193,-0.0013166796528799605,0.009222669538490975,8952714.0,0.18603408977434105
2023-11-22,JKH.N0000,18.85808,18.932913,18.658523,18.733357,4992900,tradingview_cselk_fallback,-0.010540163576518657,-0.01059610453239775,0.014647134520524022,8745326.0,0.5709221131379207
2023-11-23,JKH.N0000,18.957858,18.957858,18.658523,18.708412,203090,tradingview_cselk_fallback,-0.0013315819476457103,-0.001332469290688147,0.0160000218083717,8335725.5,0.024363806125813525
2023-11-24,JKH.N0000,18.85808,18.85808,18.608634,18.758302,1176110,tradingview_cselk_fallback,0.002666714844637763,0.00266316546932074,0.013297898711727879,8093493.5,0.14531549324157733
2023-11-27,JKH.N0000,18.758302,18.758302,18.533801,18.533801,99340,tradingview_cselk_fallback,-0.01196808751666334,-0.012040281671556883,0.012113057650721515,7974492.0,0.012457219845477305
2023-11-28,JKH.N0000,18.758302,18.85808,18.558745,18.683468,2237560,tradingview_cselk_fallback,0.00807535378198998,0.008042922591207253,0.016021383182180243,7671876.0,0.29165747725849583
2023-11-29,JKH.N0000,18.733357,18.733357,18.58369,18.608634,4028410,tradingview_cselk_fallback,-0.0040053591763585805,-0.004013402111170033,0.008042879450474489,7644004.0,0.5270026023010977
2023-11-30,JKH.N0000,18.85808,19.207304,18.658523,19.182359,40443260,tradingview_cselk_fallback,0.030831118501229327,0.030365388029993584,0.028608629418310945,9207895.5,4.392237075236138
2023-12-01,JKH.N0000,19.107525,19.257193,19.107525,19.207304,2320440,tradingview_cselk_fallback,0.0013004135726997212,0.001299568767287993,0.007792244033832229,8916986.0,0.2602269421528754
2023-12-04,JKH.N0000,18.982803,19.257193,18.957858,19.157414,1009260,tradingview_cselk_fallback,-0.0025974493869624915,-0.002600828611466173,0.015625021205889232,8130540.0,0.12413197647388734
2023-12-05,JKH.N0000,19.157414,19.282137,19.157414,19.282137,5768070,tradingview_cselk_fallback,0.006510429852379929,0.006489328540173752,0.006468318319696592,6990592.5,0.8251189008656992
2023-12-06,JKH.N0000,19.282137,19.282137,19.157414,19.182359,2532820,tradingview_cselk_fallback,-0.005174633911168458,-0.00518806869599549,0.006501963601035695,5504585.0,0.4601291468839159
2023-12-07,JKH.N0000,19.257193,19.257193,19.057636,19.057636,1157660,tradingview_cselk_fallback,-0.006501963601035832,-0.00652319344016618,0.010471235781814818,4561618.0,0.25378275866151
2023-12-08,JKH.N0000,19.257193,19.257193,18.883024,18.957858,2326310,tradingview_cselk_fallback,-0.005235591654704552,-0.00524934539166257,0.019736881666694725,4266040.0,0.545308998509156
2023-12-11,JKH.N0000,18.957858,19.157414,18.957858,19.157414,1827400,tradingview_cselk_fallback,0.010526294690043514,0.010471278987650746,0.010416646004518023,4276941.5,0.4272679436929404
2023-12-12,JKH.N0000,19.157414,19.232248,19.157414,19.207304,2836530,tradingview_cselk_fallback,0.0026042137002415533,0.002600828611466023,0.003896122016916022,4028210.0,0.7041663666988563
2023-12-13,JKH.N0000,19.232248,19.232248,19.182359,19.207304,2236280,tradingview_cselk_fallback,0.0,0.0,0.002597397323434707,4093226.0,0.5463368013395791
2023-12-14,JKH.N0000,19.232248,19.257193,19.082581,19.232248,1704470,tradingview_cselk_fallback,0.0012986726299535345,0.0012978300840356318,0.009079125851538508,4020092.5,0.4239877565006278
2023-12-15,JKH.N0000,19.257193,19.257193,19.057636,19.057636,800290,tradingview_cselk_fallback,-0.009079125851538472,-0.009120592291489869,0.010471235781814818,4018646.0,0.19914418936129233
2023-12-18,JKH.N0000,19.007747,19.232248,18.932913,19.057636,1557480,tradingview_cselk_fallback,0.0,0.0,0.01570682743651937,4046159.5,0.3849279792356184
2023-12-19,JKH.N0000,19.232248,19.232248,18.85808,18.85808,1573610,tradingview_cselk_fallback,-0.010471183309409327,-0.010526391886972802,0.01984125637392552,4041564.5,0.389356646417495
2023-12-20,JKH.N0000,18.85808,19.032692,18.708412,18.808191,785640,tradingview_cselk_fallback,-0.0026454973146788907,-0.002649002826613069,0.017241424228412062,3831201.5,0.2050636073304941
2023-12-21,JKH.N0000,18.957858,19.007747,18.808191,18.982803,1468920,tradingview_cselk_fallback,0.009283827455814242,0.009240997608899166,0.010512462253335169,3894493.0,0.37717874958306513
2023-12-22,JKH.N0000,18.957858,19.032692,18.85808,18.85808,1448450,tradingview_cselk_fallback,-0.0065703152479641425,-0.006591994782286142,0.009259267115210018,3908110.0,0.3706267223798716
2023-12-27,JKH.N0000,18.833135,19.13247,18.708412,19.13247,1311910,tradingview_cselk_fallback,0.01455026174456786,0.014445422422264648,0.022164310201453458,3968738.5,0.3305609578459251
2023-12-28,JKH.N0000,18.957858,19.157414,18.957858,19.107525,565370,tradingview_cselk_fallback,-0.0013038044748013844,-0.0013046551673605454,0.010443843459579282,3885129.0,0.14552155153664137
2023-12-29,JKH.N0000,19.157414,19.157414,18.957858,19.057636,4551770,tradingview_cselk_fallback,-0.0026109608648948734,-0.002614375367931388,0.01047118330940929,3911297.0,1.1637495183822655
2024-01-02,JKH.N0000,19.057636,19.057636,18.907969,19.057636,279290,tradingview_cselk_fallback,0.0,0.0,0.007853387482056922,1903098.5,0.14675540966481768
2024-01-03,JKH.N0000,18.957858,19.107525,18.957858,18.982803,3395320,tradingview_cselk_fallback,-0.003926667504825843,-0.003934397104686678,0.00788434669000133,1956842.5,1.7351013175562162
2024-01-04,JKH.N0000,18.957858,19.007747,18.957858,19.007747,1960500,tradingview_cselk_fallback,0.0013140314420372334,0.0013131688582806672,0.002624666668805974,2004404.5,0.9780959881101844
2024-01-05,JKH.N0000,19.057636,19.057636,18.907969,18.907969,2968880,tradingview_cselk_fallback,-0.005249333337612128,-0.005263159494486336,0.007915551374132109,1864445.0,1.5923666292113738
2024-01-08,JKH.N0000,18.957858,18.957858,18.833135,18.85808,1845140,tradingview_cselk_fallback,-0.0026385171247107486,-0.002642004146080403,0.006613769800531286,1830061.0,1.008239616056514
2024-01-09,JKH.N0000,18.957858,18.957858,18.58369,18.708412,1592290,tradingview_cselk_fallback,-0.007936544971704484,-0.00796820698065569,0.019999987171546198,1851792.5,0.8598641586462846
2024-01-10,JKH.N0000,18.85808,18.85808,18.658523,18.708412,7480360,tradingview_cselk_fallback,0.0,0.0,0.01066669902287817,2109495.0,3.546043010293933
2024-01-11,JKH.N0000,18.658523,18.85808,18.458967,18.558745,6276030,tradingview_cselk_fallback,-0.007999984178240327,-0.008032155747909877,0.02150538735243142,2331926.5,2.6913498345681135
2024-01-12,JKH.N0000,18.558745,18.608634,18.458967,18.558745,4340820,tradingview_cselk_fallback,0.0,0.0,0.008064500051053955,2407141.0,1.8033094031467205
2024-01-16,JKH.N0000,18.533801,18.733357,18.533801,18.608634,2002280,tradingview_cselk_fallback,0.0026881666836846563,0.002684560025711041,0.010723839267299319,2395441.0,0.8358711402201098
2024-01-17,JKH.N0000,18.658523,18.658523,18.434022,18.458967,3733450,tradingview_cselk_fallback,-0.008042879450474327,-0.00807539788399669,0.012162164870872787,2496890.0,1.4952400786578504
2024-01-18,JKH.N0000,18.458967,18.458967,18.3093,18.334244,1713370,tradingview_cselk_fallback,-0.006756770300309856,-0.006779700621064967,0.008163249054610643,2542544.0,0.6738801767049066
2024-01-19,JKH.N0000,18.359189,18.359189,18.3093,18.3093,4092290,tradingview_cselk_fallback,-0.0013605142377292045,-0.0013614405775190463,0.002724790133975646,2669284.5,1.5331037212406546
2024-01-22,JKH.N0000,18.359189,18.359189,18.084799,18.084799,2145190,tradingview_cselk_fallback,-0.012261582911416657,-0.012337376321192292,0.015172410818610722,2697863.5,0.7951440093244154
2024-01-23,JKH.N0000,18.134688,18.134688,17.860298,17.960076,11724640,tradingview_cselk_fallback,-0.006896565452566006,-0.006920456668338258,0.015277774993825212,3244813.5,3.6133478857875807
2024-01-24,JKH.N0000,17.960076,17.960076,17.76052,17.860298,5968630,tradingview_cselk_fallback,-0.005555544419745262,-0.005571033851433919,0.011173161836381519,3469799.0,1.7201659231557793
2024-01-26,JKH.N0000,17.960076,18.209521,17.960076,18.159632,11074630,tradingview_cselk_fallback,0.016759742754572038,0.016620848011140874,0.013736236505233031,3951108.0,2.8029175613524107
2024-01-29,JKH.N0000,18.059854,18.184577,18.059854,18.109743,7633770,tradingview_cselk_fallback,-0.0027472473010464737,-0.0027510279106802986,0.006887066260410181,4267201.0,1.78894080686614
2024-01-30,JKH.N0000,18.159632,18.159632,17.810409,17.810409,597120,tradingview_cselk_fallback,-0.0165288927623104,-0.01666701907546065,0.019607803504119333,4268788.5,0.1398804368030883
2024-01-31,JKH.N0000,17.935131,17.935131,17.835353,17.910187,2853700,tradingview_cselk_fallback,0.005602229572605477,0.005586595447971642,0.005571019442733738,4183885.0,0.6820694163439005
2024-02-01,JKH.N0000,18.059854,18.059854,17.885242,17.960076,3757140,tradingview_cselk_fallback,0.00278550972136693,0.0027816373784621522,0.009722230574079962,4357777.5,0.862168846390161
2024-02-02,JKH.N0000,18.059854,18.059854,17.785464,17.860298,4722960,tradingview_cselk_fallback,-0.005555544419745262,-0.005571033851433919,0.015363125520078128,4424159.5,1.0675383651968244
2024-02-06,JKH.N0000,17.860298,18.3093,17.835353,18.3093,6478550,tradingview_cselk_fallback,0.025139670121965496,0.02482886684096436,0.025885588198347232,4650062.0,1.3932179829000129
2024-02-07,JKH.N0000,18.209521,18.359189,18.184577,18.284355,11060900,tradingview_cselk_fallback,-0.001362422375513983,-0.0013633513167146823,0.009549803643606775,5054663.0,2.188256665182229
2024-02-08,JKH.N0000,18.458967,18.508856,18.259411,18.359189,5550500,tradingview_cselk_fallback,0.004092788616278709,0.0040844359396869185,0.013586929139408144,5239931.0,1.0592696735892133
2024-02-09,JKH.N0000,18.434022,18.558745,18.434022,18.533801,6882770,tradingview_cselk_fallback,0.009510877631904169,0.009465933979571278,0.006729488462728151,5504455.0,1.250399903351013
2024-02-12,JKH.N0000,18.458967,18.758302,18.359189,18.633579,2163560,tradingview_cselk_fallback,0.00538356918799332,0.005369129580625736,0.021419019931705006,5238615.0,0.4130022916362435
2024-02-13,JKH.N0000,18.658523,18.783246,18.658523,18.783246,4374970,tradingview_cselk_fallback,0.008032112349430909,0.008000026631252622,0.006640119604460246,5143562.0,0.8505720354882472
2024-02-14,JKH.N0000,18.758302,18.808191,18.758302,18.783246,2969420,tradingview_cselk_fallback,0.0,0.0,0.0026560371939972622,5074992.0,0.5851083115007866
2024-02-15,JKH.N0000,18.85808,18.85808,18.758302,18.808191,2458750,tradingview_cselk_fallback,0.0013280452164659007,0.0013271641444001705,0.005305029069515542,5097815.5,0.48231443448669337
2024-02-16,JKH.N0000,18.808191,18.907969,18.758302,18.907969,2283750,tradingview_cselk_fallback,0.005305029069515577,0.005291006972693555,0.007915551374132296,5025330.5,0.4544477223935819
2024-02-19,JKH.N0000,18.658523,19.007747,18.658523,18.957858,5388390,tradingview_cselk_fallback,0.0026385171247107486,0.0026350423492297595,0.018421068456151508,5209081.5,1.0344222873072728
2024-02-20,JKH.N0000,18.957858,19.157414,18.957858,19.107525,4332090,tradingview_cselk_fallback,0.007894721017532635,0.007863720759594052,0.010443843459579282,5221071.5,0.8297319812609346
2024-02-21,JKH.N0000,19.107525,19.232248,19.107525,19.232248,3737950,tradingview_cselk_fallback,0.006527428329938134,0.006506216923558611,0.006485097321956304,5300709.5,0.7051791840318735
2024-02-22,JKH.N0000,19.157414,19.40686,19.157414,19.356971,6812940,tradingview_cselk_fallback,0.006485097321956568,0.006464159551884684,0.012886623635485246,5055124.5,1.3477294179401516
2024-02-26,JKH.N0000,19.356971,19.381915,18.957858,18.957858,1799080,tradingview_cselk_fallback,-0.02061856682019103,-0.020834097235037093,0.022368402590630103,4846647.0,0.37120095604239384
2024-02-27,JKH.N0000,18.957858,19.032692,18.883024,18.883024,1059400,tradingview_cselk_fallback,-0.0039473868830540715,-0.003955198378094729,0.00792606099531526,4345885.5,0.24377080344155408
2024-02-28,JKH.N0000,18.957858,18.957858,18.708412,18.758302,1240410,tradingview_cselk_fallback,-0.006604980219269918,-0.0066268896285503415,0.013297898711727879,4026217.5,0.30808320712927206
2024-02-29,JKH.N0000,18.758302,18.808191,18.458967,18.658523,9863620,tradingview_cselk_fallback,-0.005319191470528728,-0.005333388737178473,0.018716594019794575,4489542.5,2.197021188684593
2024-03-01,JKH.N0000,18.558745,18.708412,18.434022,18.508856,4409100,tradingview_cselk_fallback,-0.00802137446785034,-0.008053718771991875,0.014824795222351956,4567312.5,0.9653598259370253
2024-03-04,JKH.N0000,18.533801,19.007747,18.533801,18.85808,3617150,tradingview_cselk_fallback,0.018867940838698916,0.01869214902050506,0.025132251003283364,4560313.0,0.79318020495523
2024-03-05,JKH.N0000,18.957858,18.957858,18.708412,18.758302,2975710,tradingview_cselk_fallback,-0.0052909946293578924,-0.005305041511334942,0.013297898711727879,4472950.5,0.6652678137171426
2024-03-06,JKH.N0000,18.957858,18.957858,18.558745,18.58369,541400,tradingview_cselk_fallback,-0.009308518436263569,-0.009352113441515512,0.021476520540323445,4176093.0,0.12964270671175188
2024-03-07,JKH.N0000,18.658523,19.032692,18.608634,18.957858,3714510,tradingview_cselk_fallback,0.02013421446440411,0.01993420144816066,0.022368455339205635,3808773.5,0.9752509567712546
2024-03-11,JKH.N0000,18.85808,19.007747,18.85808,19.007747,110780,tradingview_cselk_fallback,0.0026315736725106564,0.0026281171452565036,0.007874000006418296,3536787.5,0.031322209773700004
2024-03-12,JKH.N0000,19.007747,19.13247,18.957858,19.057636,465050,tradingview_cselk_fallback,0.0026246666688061193,0.002621228246405962,0.00916231163193587,3215901.5,0.144609528618958
2024-03-13,JKH.N0000,19.107525,19.157414,19.007747,19.107525,1838190,tradingview_cselk_fallback,0.0026177958273523316,0.002614375367931344,0.007832882594684601,3199633.0,0.5745002629989127
2024-03-14,JKH.N0000,19.157414,19.207304,18.957858,18.957858,2408100,tradingview_cselk_fallback,-0.007832882594684398,-0.007863720759593936,0.013157921111129692,3101289.5,0.7764834595415875
2024-03-15,JKH.N0000,18.982803,19.182359,18.982803,19.157414,1474390,tradingview_cselk_fallback,0.010526294690043514,0.010471278987650746,0.010416646004518209,3026538.0,0.48715396932072225
2024-03-18,JKH.N0000,19.107525,19.257193,19.107525,19.207304,973110,tradingview_cselk_fallback,0.0026042137002415533,0.002600828611466023,0.007792244033832229,2952256.0,0.32961572438162545
2024-03-19,JKH.N0000,19.257193,19.257193,18.932913,19.057636,1374030,tradingview_cselk_fallback,-0.007792244033832274,-0.007822762207454278,0.017015751586398318,2906770.0,0.4726999384196204
2024-03-20,JKH.N0000,18.957858,19.207304,18.85808,18.957858,1383820,tradingview_cselk_fallback,-0.005235591654704552,-0.00524934539166257,0.018421068456151508,2706541.5,0.5112871906822785
2024-03-21,JKH.N0000,18.957858,18.957858,18.658523,18.758302,963690,tradingview_cselk_fallback,-0.010526294690043625,-0.010582088006645084,0.015957467792127603,2538121.5,0.3796863152532296
2024-03-22,JKH.N0000,18.733357,18.957858,18.733357,18.957858,3167670,tradingview_cselk_fallback,0.01063827632159886,0.010582088006645058,0.011842107900586662,2509607.5,1.2622172989202496
2024-03-25,JKH.N0000,19.13247,19.13247,18.957858,19.007747,4427180,tradingview_cselk_fallback,0.0026315736725106564,0.0026281171452565036,0.009186359645885427,2390319.5,1.852128972716827
2024-03-26,JKH.N0000,18.957858,19.13247,18.957858,19.107525,404330,tradingview_cselk_fallback,0.005249333337612239,0.0052356036143373025,0.009138389194832914,2320582.0,0.17423646309417207
2024-03-27,JKH.N0000,19.057636,19.182359,19.057636,19.157414,1346050,tradingview_cselk_fallback,0.0026109608648947624,0.0026075582280566194,0.006510429852380025,2334914.5,0.5764879185083651
2024-03-28,JKH.N0000,19.157414,19.431804,19.157414,19.381915,6741430,tradingview_cselk_fallback,0.01171875285463897,0.011650620041548923,0.014157011832938096,2609965.5,2.582957514189364
2024-04-01,JKH.N0000,19.381915,19.40686,19.282137,19.381915,358660,tradingview_cselk_fallback,0.0,0.0,0.006435019449832642,2134717.5,0.16801286352878075
2024-04-02,JKH.N0000,19.356971,19.706195,19.356971,19.656305,3657760,tradingview_cselk_fallback,0.01415701183293816,0.014057737198598371,0.017766513085750325,2097150.5,1.7441571313074575
2024-04-03,JKH.N0000,19.556527,19.830917,19.556527,19.830917,5290680,tradingview_cselk_fallback,0.00888325654287514,0.008844032539579298,0.01383647564053646,2180827.0,2.4259971102705533
2024-04-04,JKH.N0000,19.830917,19.930695,19.805973,19.805973,8347140,tradingview_cselk_fallback,-0.0012578339166059438,-0.0012586256536722873,0.0062971912563951505,2449398.5,3.407832576038566
2024-04-05,JKH.N0000,19.905751,19.905751,19.781028,19.855862,1956620,tradingview_cselk_fallback,0.002518886600521908,0.0025157195228935037,0.006281419562646008,2520159.5,0.7763873675455859
2024-04-08,JKH.N0000,19.880806,20.055418,19.855862,19.855862,10371950,tradingview_cselk_fallback,0.0,0.0,0.010050231009865056,2853031.5,3.635413769529008
2024-04-09,JKH.N0000,19.880806,19.95564,19.756084,19.95564,1954430,tradingview_cselk_fallback,0.005025115504932565,0.005012531750952134,0.009999979955541272,2945214.0,0.6635952429942272
2024-04-10,JKH.N0000,19.95564,20.055418,19.95564,19.980585,2280470,tradingview_cselk_fallback,0.00125002255001605,0.0012492419222953916,0.004993747680560934,3035985.0,0.751146662450572
2024-04-15,JKH.N0000,20.005529,20.254975,20.005529,20.23003,4250960,tradingview_cselk_fallback,0.012484369201402057,0.012407082053616948,0.012330480973088151,3156623.5,1.3466794503684079
2024-04-16,JKH.N0000,20.254975,20.354753,20.055418,20.080363,1546150,tradingview_cselk_fallback,-0.007398258924974477,-0.007425761775302209,0.01490685203250555,3113526.0,0.4965913244340982
2024-04-17,JKH.N0000,19.95564,20.254975,19.95564,20.180141,908640,tradingview_cselk_fallback,0.004968934077536291,0.004956629667637434,0.014833147102391545,3085238.5,0.2945120774293462
2024-04-18,JKH.N0000,20.254975,20.354753,20.254975,20.354753,4300150,tradingview_cselk_fallback,0.008652665013589411,0.008615445253646952,0.004901950910433403,3251590.5,1.3224758775743748
2024-04-19,JKH.N0000,20.354753,20.354753,19.781028,20.354753,1165700,tradingview_cselk_fallback,0.0,0.0,0.028186291427854695,3241174.0,0.3596536316779044
2024-04-22,JKH.N0000,20.254975,20.454531,20.254975,20.454531,1461290,tradingview_cselk_fallback,0.00490195091043355,0.004889975468476833,0.00975607800540612,3245047.5,0.4503139014143861
2024-04-24,JKH.N0000,20.429586,20.454531,20.429586,20.454531,1915170,tradingview_cselk_fallback,0.0,0.0,0.0012195341951374435,3292621.5,0.5816550733207567
2024-04-25,JKH.N0000,20.454531,20.953422,20.354753,20.953422,6163060,tradingview_cselk_fallback,0.024390243902439046,0.024097551579060524,0.02857141902644833,3442391.0,1.7903428169548432
2024-04-26,JKH.N0000,20.953422,20.953422,20.703977,20.803755,8206670,tradingview_cselk_fallback,-0.007142842825386797,-0.007168475058138916,0.011990383466830939,3631365.5,2.2599405099817136
2024-04-29,JKH.N0000,20.753866,20.878588,20.703977,20.878588,9161330,tradingview_cselk_fallback,0.0035970910059266448,0.0035906369466693205,0.00836316134022101,4069215.5,2.2513749886188137
2024-04-30,JKH.N0000,20.903533,21.003311,20.828699,20.903533,10937450,tradingview_cselk_fallback,0.0011947647034367126,0.0011940515400735126,0.008353229092900217,4548785.5,2.4044769752277833
2024-05-02,JKH.N0000,21.452313,21.751648,20.828699,20.853644,11577790,tradingview_cselk_fallback,-0.00238663004957107,-0.00238948259061176,0.04425840395088739,4790603.5,2.416770663654381
2024-05-03,JKH.N0000,20.828699,20.928477,20.454531,20.454531,5996860,tradingview_cselk_fallback,-0.019138765387958112,-0.01932428241705285,0.023170709707301604,5072513.5,1.1822265233990998
2024-05-06,JKH.N0000,20.454531,20.654087,20.205086,20.205086,5096970,tradingview_cselk_fallback,-0.012195097506757735,-0.012270067845569398,0.02222217712906538,5144474.0,0.9907660141736551
2024-05-07,JKH.N0000,20.254975,20.304864,19.95564,20.205086,12235420,tradingview_cselk_fallback,0.0,0.0,0.017283965037317807,5491711.0,2.2279795859614606
2024-05-08,JKH.N0000,20.23003,20.50442,20.205086,20.454531,3639090,tradingview_cselk_fallback,0.01234565396059173,0.012270067845569286,0.014634117008109265,5256308.5,0.6923280853853993
2024-05-09,JKH.N0000,20.454531,20.629143,20.354753,20.554309,3752130,tradingview_cselk_fallback,0.004878039002703227,0.00486617992085325,0.013349512260421907,5346084.0,0.701846435634008
2024-05-10,JKH.N0000,20.554309,20.853644,20.554309,20.853644,7955120,tradingview_cselk_fallback,0.014563126398459803,0.014458102496199686,0.014354086029280986,5225242.5,1.5224403460700628
2024-05-13,JKH.N0000,20.903533,20.928477,20.579254,20.703977,3428550,tradingview_cselk_fallback,-0.007177019038015597,-0.007202897734758169,0.01686743566224026,5298948.5,0.6470245936528728
2024-05-14,JKH.N0000,20.753866,20.753866,20.155196,20.429586,14709040,tradingview_cselk_fallback,-0.013253057613037189,-0.013341663114401705,0.02930406910839987,5920377.0,2.4844769176017
2024-05-15,JKH.N0000,20.429586,20.604198,20.130252,20.155196,6913350,tradingview_cselk_fallback,-0.013431011279425809,-0.013522023151095009,0.023514829625075416,6053496.5,1.1420424543071925
2024-05-16,JKH.N0000,20.155196,20.304864,20.055418,20.304864,12097230,tradingview_cselk_fallback,0.007425777452126914,0.0073983421022287745,0.01228503672814548,6581050.5,1.8381913343470013
2024-05-17,JKH.N0000,20.254975,20.703977,20.155196,20.629143,1785820,tradingview_cselk_fallback,0.015970508347162626,0.015844321517632702,0.026602219975885483,6624909.5,0.26956141815974993
2024-05-20,JKH.N0000,20.454531,20.654087,20.254975,20.554309,538870,tradingview_cselk_fallback,-0.003627586468327837,-0.003634182115806072,0.0194174369958143,6436845.5,0.08371647261069105
2024-05-21,JKH.N0000,20.454531,20.679032,20.454531,20.604198,4106430,tradingview_cselk_fallback,0.002427179624476805,0.0024242387816866056,0.010895886362575241,6583882.0,0.6237095379291427
2024-05-22,JKH.N0000,20.803755,20.853644,20.654087,20.853644,3888700,tradingview_cselk_fallback,0.012106561973438623,0.012033863714513102,0.009569406670603884,6705252.5,0.5799483315505269
2024-05-27,JKH.N0000,20.803755,20.928477,20.753866,20.828699,796940,tradingview_cselk_fallback,-0.0011961938162941,-0.001196909827165976,0.008383192824477529,6649341.0,0.11985247861404612
2024-05-28,JKH.N0000,20.853644,20.953422,20.629143,20.679032,613850,tradingview_cselk_fallback,-0.0071856144255577625,-0.0072115552949824835,0.01568153673730959,6371880.5,0.09633733714874282
2024-05-29,JKH.N0000,20.753866,20.753866,20.479476,20.50442,1926460,tradingview_cselk_fallback,-0.008443915556588855,-0.00847976737402039,0.013381992760585297,6057870.0,0.31800946537314273
2024-05-30,JKH.N0000,20.554309,20.654087,20.554309,20.629143,860110,tradingview_cselk_fallback,0.006082737282985695,0.00606431211577522,0.0048367496410297115,5642809.0,0.15242585740541634
2024-05-31,JKH.N0000,20.604198,20.803755,20.579254,20.654087,5184240,tradingview_cselk_fallback,0.0012091631727018104,0.001208432723674783,0.010869567848726504,5355148.5,0.9680851987577935
2024-06-03,JKH.N0000,20.554309,20.554309,20.354753,20.404642,331910,tradingview_cselk_fallback,-0.012077270711603028,-0.012150793515040201,0.00977993144893212,4792854.5,0.0692510068895269
2024-06-04,JKH.N0000,20.354753,20.554309,20.354753,20.354753,223130,tradingview_cselk_fallback,-0.002444982862233047,-0.002447976713770735,0.009803901820867156,4504168.0,0.04953856072864067
2024-06-05,JKH.N0000,20.529365,20.554309,20.180141,20.23003,2849910,tradingview_cselk_fallback,-0.006127463202329153,-0.0061463131459821895,0.018495672028168073,4391815.0,0.6489139456010784
2024-06-06,JKH.N0000,20.23003,20.554309,20.23003,20.429586,520860,tradingview_cselk_fallback,0.009864345233299376,0.009816010182352031,0.0158730088803562,3806087.0,0.13684921022562016
2024-06-07,JKH.N0000,20.454531,20.654087,20.454531,20.554309,1693220,tradingview_cselk_fallback,0.006105018476634694,0.0060864583529602265,0.009708718497907236,3708793.5,0.4565419994399796
2024-06-10,JKH.N0000,20.753866,20.753866,20.329808,20.329808,8826650,tradingview_cselk_fallback,-0.010922332635945109,-0.01098241923550319,0.02085892793478417,3962519.5,2.2275347793241145
2024-06-11,JKH.N0000,20.329808,20.454531,20.329808,20.354753,6857670,tradingview_cselk_fallback,0.001227016015104443,0.0012262638461731257,0.00612746320232918,3907647.0,1.754935898764653
2024-06-12,JKH.N0000,20.354753,20.354753,20.254975,20.354753,2779960,tradingview_cselk_fallback,0.0,0.0,0.004901950910433403,3875217.5,0.7173687670433982
2024-06-13,JKH.N0000,20.354753,20.354753,20.254975,20.254975,1476120,tradingview_cselk_fallback,-0.004901950910433439,-0.004914004879909017,0.004926098402984799,3213571.5,0.4593393985476906
2024-06-14,JKH.N0000,20.205086,20.50442,20.180141,20.454531,2517340,tradingview_cselk_fallback,0.009852196805969715,0.009803980348385784,0.01585365120324688,2993771.0,0.8408592373965811
2024-06-18,JKH.N0000,20.354753,20.654087,20.304864,20.354753,20684610,tradingview_cselk_fallback,-0.004878039002703116,-0.004889975468476831,0.017156828186517523,3423140.0,6.04258370969344
2024-06-19,JKH.N0000,20.404642,20.454531,20.254975,20.254975,1046780,tradingview_cselk_fallback,-0.004901950910433439,-0.004914004879909017,0.009852196805969772,3386188.0,0.30913227499477286
2024-06-20,JKH.N0000,20.254975,20.454531,20.055418,20.180141,7631310,tradingview_cselk_fallback,-0.0036945984875321747,-0.0037014403737378643,0.019777512951965986,3740810.0,2.0400153977347153
2024-06-24,JKH.N0000,20.254975,20.728921,20.254975,20.50442,9217200,tradingview_cselk_fallback,0.01606921378795123,0.015941470643007598,0.023114333397384466,3996348.5,2.306405459884192
2024-06-25,JKH.N0000,20.50442,20.604198,20.454531,20.554309,7416670,tradingview_cselk_fallback,0.0024330851591998215,0.002430129999969263,0.007281538873430427,4172747.0,1.7774070654175775
2024-06-26,JKH.N0000,20.604198,20.604198,20.454531,20.50442,2897220,tradingview_cselk_fallback,-0.002427179624476805,-0.0024301299999692732,0.007299255477599507,4277761.0,0.6772748641169996
2024-06-27,JKH.N0000,20.579254,20.579254,20.254975,20.254975,241990,tradingview_cselk_fallback,-0.012165425795998996,-0.012240030269269725,0.016009844494994294,4259168.0,0.05681626082840592
2024-06-28,JKH.N0000,20.554309,20.554309,20.279919,20.354753,1688170,tradingview_cselk_fallback,0.004926098402984858,0.0049140048799090385,0.013480389567979546,4247253.5,0.3974733318837691
2024-07-01,JKH.N0000,20.254975,20.454531,20.254975,20.354753,283710,tradingview_cselk_fallback,0.0,0.0,0.00980390182086698,4218433.5,0.06725482338408321
2024-07-02,JKH.N0000,20.454531,20.529365,20.354753,20.454531,1444490,tradingview_cselk_fallback,0.00490195091043355,0.004889975468476833,0.008536592699192163,4031446.0,0.3583056798974859
2024-07-03,JKH.N0000,20.454531,20.479476,20.304864,20.304864,1065120,tradingview_cselk_fallback,-0.00731705850405473,-0.0073439594809734466,0.008599515859845197,4068106.5,0.2618220540686435
2024-07-04,JKH.N0000,20.404642,20.529365,20.304864,20.304864,2144040,tradingview_cselk_fallback,0.0,0.0,0.011056513355617652,4164152.0,0.5148803405831487
2024-07-05,JKH.N0000,20.279919,20.454531,20.279919,20.304864,201670,tradingview_cselk_fallback,0.0,0.0,0.008599515859845197,4031740.0,0.050020586644972144
2024-07-08,JKH.N0000,20.404642,20.404642,20.155196,20.155196,271270,tradingview_cselk_fallback,-0.007371041736600525,-0.007398342102228721,0.012376262676879895,4019260.5,0.06749251510321364
2024-07-09,JKH.N0000,20.105307,20.304864,19.930695,19.930695,3013510,tradingview_cselk_fallback,-0.011138616563192927,-0.011201115487060872,0.018773504887812414,4085275.0,0.7376516880748542
2024-07-10,JKH.N0000,19.95564,20.005529,19.781028,19.855862,1526650,tradingview_cselk_fallback,-0.003754660838470647,-0.0037617272710605866,0.011306535067578536,3720275.0,0.4103594492342636
2024-07-11,JKH.N0000,19.95564,19.95564,19.356971,19.456749,4687200,tradingview_cselk_fallback,-0.02010051238269084,-0.020305276233337832,0.030769220490021097,3611751.5,1.2977637027353626
2024-07-12,JKH.N0000,19.356971,19.556527,19.356971,19.456749,3774390,tradingview_cselk_fallback,0.0,0.0,0.010256389697991048,3661473.0,1.030839227818968
2024-07-15,JKH.N0000,19.381915,19.456749,19.332026,19.40686,8176690,tradingview_cselk_fallback,-0.002564097424497591,-0.0025673903524285066,0.00642674806743592,3996501.5,2.045961949470055
2024-07-16,JKH.N0000,19.381915,19.756084,19.381915,19.456749,1602640,tradingview_cselk_fallback,0.0025706889213399364,0.00256739035242846,0.01923080777780512,3950766.5,0.40565292836212924
2024-07-17,JKH.N0000,19.68125,19.756084,19.356971,19.356971,810730,tradingview_cselk_fallback,-0.005128194848995404,-0.005141389168223383,0.02061856682019102,2957072.5,0.2741664264234306
2024-07-18,JKH.N0000,19.556527,19.656305,19.332026,19.356971,10663030,tradingview_cselk_fallback,0.0,0.0,0.016752569397350474,3437885.0,3.10162498163842
2024-07-19,JKH.N0000,19.381915,19.556527,19.332026,19.356971,345370,tradingview_cselk_fallback,0.0,0.0,0.011597940607546504,3073588.0,0.11236704463968496
2024-07-22,JKH.N0000,19.332026,19.431804,19.057636,19.157414,4145220,tradingview_cselk_fallback,-0.010309309240583264,-0.010362818247386411,0.0195312373580276,2819989.0,1.4699419040287036
2024-07-23,JKH.N0000,19.157414,19.157414,18.982803,19.032692,1254680,tradingview_cselk_fallback,-0.006510377653267785,-0.006531662594159129,0.009174267097896541,2511889.5,0.49949649457111867
2024-07-24,JKH.N0000,19.207304,19.556527,19.057636,19.356971,1374750,tradingview_cselk_fallback,0.01703799966920072,0.01689448084154541,0.02577319560999499,2435766.0,0.5644015065486586
2024-07-25,JKH.N0000,19.556527,19.556527,19.13247,19.207304,714160,tradingview_cselk_fallback,-0.007731943184705936,-0.007761989635920258,0.02207790328096008,2459374.5,0.2903827782226741
2024-07-26,JKH.N0000,19.257193,19.257193,19.007747,19.107525,2394560,tradingview_cselk_fallback,-0.005194846710397383,-0.005208386839522896,0.01305485665987628,2494694.0,0.9598612094308961
2024-07-29,JKH.N0000,19.157414,19.157414,19.007747,19.082581,1811450,tradingview_cselk_fallback,-0.0013054542647463752,-0.0013063071124816588,0.007843121431005632,2571081.0,0.7045480091836858
2024-07-30,JKH.N0000,19.082581,19.082581,18.808191,18.833135,3042880,tradingview_cselk_fallback,-0.013071921455488744,-0.013158110952940474,0.014569533962348826,2651000.5,1.1478232463554798
2024-07-31,JKH.N0000,18.359189,18.359189,17.062072,17.087017,21215170,tradingview_cselk_fallback,-0.09271520646987341,-0.09729888308133182,0.07591243105803665,3658503.0,5.798866366926582
2024-08-01,JKH.N0000,17.16185,17.660741,17.136906,17.461185,9467520,tradingview_cselk_fallback,0.02189779526760005,0.021661482150187896,0.029999968501565145,4024677.0,2.352367655839214
2024-08-02,JKH.N0000,17.511074,18.134688,17.511074,18.059854,9183790,tradingview_cselk_fallback,0.03428570283173804,0.03371104626802521,0.034530400965589195,4473783.0,2.0528018457757113
2024-08-05,JKH.N0000,18.059854,18.059854,17.710631,17.735575,3006940,tradingview_cselk_fallback,-0.017955792998105125,-0.018118954327381444,0.01969053723941863,4610566.5,0.6521844983691266
2024-08-06,JKH.N0000,17.76052,18.059854,17.76052,17.935131,8985620,tradingview_cselk_fallback,0.011251735565381837,0.011188905646576755,0.016689813974595548,4909172.0,1.8303738390099187
2024-08-07,JKH.N0000,17.935131,17.935131,17.860298,17.860298,2959810,tradingview_cselk_fallback,-0.004172425615402431,-0.004181154471958083,0.0041899076935893315,4980830.0,0.5942403173768227
2024-08-08,JKH.N0000,17.910187,17.960076,17.810409,17.960076,5170140,tradingview_cselk_fallback,0.005586580918190753,0.0055710338514338995,0.008333316629617874,5004977.0,1.0329997520468126
2024-08-09,JKH.N0000,17.960076,17.960076,17.910187,17.935131,2405640,tradingview_cselk_fallback,-0.0013889139444622778,-0.0013898793794758174,0.002781635662432591,4936539.5,0.48731302565288903
2024-08-12,JKH.N0000,17.960076,17.960076,17.76052,17.860298,736370,tradingview_cselk_fallback,-0.004172425615402431,-0.004181154471958083,0.011173161836381519,4564523.5,0.16132461581148613
2024-08-13,JKH.N0000,17.76052,17.935131,17.76052,17.910187,4297770,tradingview_cselk_fallback,0.0027932904590954877,0.0027893964729718236,0.009749256107711143,4699280.0,0.9145592516300369
2024-08-14,JKH.N0000,17.910187,18.009965,17.910187,18.009965,16203520,tradingview_cselk_fallback,0.00557101944273386,0.00555555870870574,0.005540155130784573,5468919.5,2.9628375403953195
2024-08-15,JKH.N0000,18.03491,18.259411,18.03491,18.159632,847070,tradingview_cselk_fallback,0.00831023269617659,0.008275892829463309,0.012362640388307432,4978121.5,0.17015856282334613
2024-08-16,JKH.N0000,18.159632,18.159632,17.960076,18.059854,1164130,tradingview_cselk_fallback,-0.0054944946020930585,-0.0055096448583781535,0.011049701730700459,5019059.5,0.23194186082073742
2024-08-20,JKH.N0000,18.059854,18.284355,18.059854,18.234466,4702910,tradingview_cselk_fallback,0.009668516700079621,0.009622075696288705,0.012311904280607945,5046944.0,0.9318332044104314
2024-08-21,JKH.N0000,18.259411,18.259411,18.159632,18.159632,1298330,tradingview_cselk_fallback,-0.004103986373936164,-0.004112430837910489,0.005494549669288542,5049126.5,0.25713952700531467
2024-08-22,JKH.N0000,18.259411,18.259411,18.059854,18.059854,920490,tradingview_cselk_fallback,-0.0054944946020930585,-0.0055096448583781535,0.011049757102133751,5026413.5,0.1831305761056069
2024-08-23,JKH.N0000,18.159632,18.159632,17.910187,17.960076,2963170,tradingview_cselk_fallback,-0.0055248508653503725,-0.005540169301328862,0.013888861049362926,5138864.0,0.5766196575741254
2024-08-26,JKH.N0000,17.960076,17.960076,17.660741,17.710631,954700,tradingview_cselk_fallback,-0.013888861049363155,-0.013986213743108558,0.016901430558854694,5066871.0,0.18842003279736153
2024-08-27,JKH.N0000,17.710631,17.735575,17.361407,17.411296,2715210,tradingview_cselk_fallback,-0.016901430558854735,-0.017045889761222212,0.021489956864784845,5112059.0,0.5311382360806086
2024-08-28,JKH.N0000,17.461185,17.461185,17.236684,17.261629,1668980,tradingview_cselk_fallback,-0.008595971259118262,-0.008633129715316566,0.013005782942038673,5043364.0,0.33092594546021264
2024-08-29,JKH.N0000,17.361407,17.43624,17.136906,17.16185,1194570,tradingview_cselk_fallback,-0.0057803930324303865,-0.005797164164620339,0.017441825910376896,4042334.0,0.29551491786675715
2024-08-30,JKH.N0000,17.16185,17.16185,16.862516,16.862516,2876860,tradingview_cselk_fallback,-0.017441825910376907,-0.017595726722243077,0.017751443497518508,3712801.0,0.774848961740745
2024-09-02,JKH.N0000,16.837571,16.837571,16.662959,16.687904,5661090,tradingview_cselk_fallback,-0.010355038358451307,-0.010409024779179751,0.010463387133578896,3536666.0,1.6006855043705004
2024-09-03,JKH.N0000,16.712849,16.712849,16.563181,16.662959,4854810,tradingview_cselk_fallback,-0.0014947952720724134,-0.001495913593104712,0.008982078153105841,3629059.5,1.3377598245495836
2024-09-04,JKH.N0000,16.837571,16.837571,16.563181,16.662959,4881730,tradingview_cselk_fallback,0.0,0.0,0.016467063262893485,3423865.0,1.4257951175060932
2024-09-05,JKH.N0000,16.962294,17.76052,16.563181,16.61307,1635140,tradingview_cselk_fallback,-0.0029940060465851737,-0.002998497048987682,0.07207210948969693,3357631.5,0.48699209546967853
2024-09-06,JKH.N0000,16.712849,16.712849,16.463403,16.563181,2876180,tradingview_cselk_fallback,-0.003002997037874433,-0.003007515080859478,0.015060271333145423,3242933.5,0.8869068699681939
2024-09-09,JKH.N0000,16.762738,16.762738,16.313736,16.363625,4004610,tradingview_cselk_fallback,-0.01204816876661563,-0.012121336235138974,0.02743903016599318,3322882.0,1.2051616638809324
2024-09-10,JKH.N0000,16.4,16.4,15.9,16.275,5692130,tradingview_cselk_fallback,-0.005415975983316668,-0.005430695552521334,0.030721966205837066,3570670.0,1.5941349942727836
2024-09-11,JKH.N0000,16.45,16.45,16.0,16.1,9834920,tradingview_cselk_fallback,-0.01075268817204289,-0.010810916104215506,0.027950310559006163,3847527.5,2.556166265218377
2024-09-12,JKH.N0000,16.45,16.45,16.0,16.0,6916330,tradingview_cselk_fallback,-0.006211180124223725,-0.0062305497506361975,0.028124999999999956,3383168.0,2.044335368506678
2024-09-13,JKH.N0000,16.3,16.3,16.0,16.275,11420170,tradingview_cselk_fallback,0.01718749999999991,0.017041465854851615,0.01843317972350235,3911823.0,2.9193984492652145
2024-09-18,JKH.N0000,16.4,16.5,16.325,16.45,1067510,tradingview_cselk_fallback,0.010752688172043001,0.01069528911674795,0.010638297872340469,3906992.0,0.2732306592898066
2024-09-19,JKH.N0000,16.5,16.9,16.5,16.5,1430780,tradingview_cselk_fallback,0.003039513677811634,0.003034903695154111,0.024242424242424156,3743385.5,0.38221551053184344
2024-09-20,JKH.N0000,16.875,16.95,16.575,16.8,1983940,tradingview_cselk_fallback,0.0181818181818183,0.01801850550267843,0.022321428571428572,3777666.0,0.5251761272701186
2024-09-23,JKH.N0000,16.65,16.95,16.5,16.875,1189290,tradingview_cselk_fallback,0.004464285714285587,0.004454350349380153,0.026666666666666623,3791106.0,0.31370528811381165
2024-09-24,JKH.N0000,16.9,17.0,16.8,16.9,6836950,tradingview_cselk_fallback,0.001481481481481417,0.001480385170434203,0.011834319526627177,3984795.0,1.7157595309168978
2024-09-25,JKH.N0000,16.9,17.3,16.75,17.0,11775630,tradingview_cselk_fallback,0.00591715976331364,0.005899722127188322,0.03235294117647063,4525841.5,2.6018653105726304
2024-09-26,JKH.N0000,17.15,17.65,17.1,17.125,2439300,tradingview_cselk_fallback,0.007352941176470562,0.007326040092072881,0.03211678832116772,4512046.0,0.5406194883651452
2024-09-27,JKH.N0000,17.2,17.3,17.0,17.3,10398700,tradingview_cselk_fallback,0.010218978102189746,0.010167117355444242,0.017341040462427786,4948532.0,2.10137066911965
2024-09-30,JKH.N0000,17.3,18.05,17.3,17.9,8711390,tradingview_cselk_fallback,0.03468208092485536,0.034094211342975925,0.04189944134078213,5324373.0,1.6361344331060201
2024-10-01,JKH.N0000,18.0,18.5,18.0,18.4,5779570,tradingview_cselk_fallback,0.027932960893854775,0.02754995176823065,0.027173913043478264,5469508.5,1.0566890973841616
2024-10-02,JKH.N0000,18.4,18.4,18.0,18.125,2104580,tradingview_cselk_fallback,-0.014945652173912971,-0.015058463874201388,0.0220689655172413,5291683.0,0.3977146779200493
2024-10-03,JKH.N0000,18.125,18.175,17.95,18.1,2342010,tradingview_cselk_fallback,-0.0013793103448275223,-0.0013802624689583467,0.012430939226519415,5166043.0,0.4533469814324039
2024-10-04,JKH.N0000,18.05,18.7,18.0,18.65,6632190,tradingview_cselk_fallback,0.03038674033149147,0.029934207818044248,0.037533512064343126,5253566.0,1.2624168041288526
2024-10-07,JKH.N0000,18.65,19.0,18.65,18.9,5310060,tradingview_cselk_fallback,0.013404825737265424,0.013315775975772156,0.018518518518518594,5437312.0,0.9765965241648815
2024-10-08,JKH.N0000,19.075,19.6,18.6,19.6,5897110,tradingview_cselk_fallback,0.0370370370370372,0.036367644170875006,0.0510204081632653,5588358.5,1.0552490503248853
2024-10-09,JKH.N0000,19.5,19.9,19.5,19.85,18454350,tradingview_cselk_fallback,0.012755102040816313,0.01267444089672786,0.020151133501259372,6310845.5,2.9242278233558405
2024-10-10,JKH.N0000,19.875,19.9,19.525,19.75,6122730,tradingview_cselk_fallback,-0.005037783375314908,-0.0050505157860685915,0.0189873417721519,6332375.5,0.9668930719601199
2024-10-11,JKH.N0000,19.8,19.8,19.6,19.7,5593980,tradingview_cselk_fallback,-0.0025316455696202667,-0.0025348556031880663,0.010152284263959355,6120328.5,0.9139999593159093
2024-10-14,JKH.N0000,19.725,19.8,19.7,19.7,2570450,tradingview_cselk_fallback,0.0,0.0,0.005076142131979768,5903034.5,0.43544553229360256
2024-10-15,JKH.N0000,19.75,19.85,19.6,19.6,4250190,tradingview_cselk_fallback,-0.0050761421319796,-0.005089069507471181,0.012755102040816325,5544535.5,0.7665547456590367
2024-10-16,JKH.N0000,19.65,19.7,19.55,19.6,1103800,tradingview_cselk_fallback,0.0,0.0,0.007653061224489723,5546350.0,0.1990137658099471
2024-10-18,JKH.N0000,19.6,19.75,19.575,19.7,1844690,tradingview_cselk_fallback,0.005102040816326481,0.005089069507471228,0.008883248730964504,5567045.5,0.3313588868637772
2024-10-21,JKH.N0000,19.6,19.75,19.6,19.7,4042400,tradingview_cselk_fallback,0.0,0.0,0.007614213197969471,5669968.5,0.7129492871080324
2024-10-22,JKH.N0000,19.8,20.0,19.7,19.9,24253820,tradingview_cselk_fallback,0.010152284263959421,0.01010109598650392,0.015075376884422148,6823195.0,3.5546133446281396
2024-10-23,JKH.N0000,19.95,20.35,19.95,20.35,20301650,tradingview_cselk_fallback,0.022613065326633208,0.022361180158157325,0.01965601965601976,7496430.0,2.7081757583276307
2024-10-24,JKH.N0000,20.35,21.1,20.275,21.075,25542200,tradingview_cselk_fallback,0.035626535626535505,0.035006591999315044,0.039145907473309746,8184758.5,3.1207029504902315
2024-10-25,JKH.N0000,21.075,21.6,21.075,21.4,20639140,tradingview_cselk_fallback,0.01542111506524324,0.015303418139886706,0.02453271028037393,9094750.5,2.2693464762997073
2024-10-28,JKH.N0000,21.5,21.675,21.025,21.25,12791430,tradingview_cselk_fallback,-0.007009345794392496,-0.007034026657379936,0.030588235294117746,9214387.0,1.3882019498421327
2024-11-06,JKH.N0000,21.5,21.9,20.6,21.3,47791392,tradingview_cselk_fallback,0.0023529411764706687,0.002350177344953673,0.061032863849765126,11168387.1,4.279166863763166
2024-11-07,JKH.N0000,21.4,21.9,21.4,21.5,24499227,tradingview_cselk_fallback,0.009389671361502261,0.009345862418237599,0.023255813953488372,12104369.95,2.0239985312081443
2024-11-08,JKH.N0000,21.6,21.6,21.1,21.1,5870648,tradingview_cselk_fallback,-0.018604651162790642,-0.018779894651596244,0.023696682464454975,12292673.35,0.4775729276170834
2024-11-11,JKH.N0000,21.2,21.2,20.9,20.9,7702034,tradingview_cselk_fallback,-0.009478672985782088,-0.00952388151125559,0.014354066985645968,12560674.55,0.6131863356016974
2024-11-12,JKH.N0000,21.0,21.4,20.9,21.3,5347420,tradingview_cselk_fallback,0.019138755980861344,0.018957913744614207,0.023474178403755867,12496436.05,0.42791560558580216
2024-11-13,JKH.N0000,21.4,21.7,21.3,21.6,10579170,tradingview_cselk_fallback,0.014084507042253502,0.01398624197473987,0.01851851851851845,12759891.55,0.8290956046566085
2024-11-14,JKH.N0000,21.7,21.7,21.4,21.5,6800338,tradingview_cselk_fallback,-0.00462962962962965,-0.004640379556502225,0.013953488372093056,12805052.95,0.5310667614224899
2024-11-18,JKH.N0000,21.3,21.9,21.1,21.3,18559148,tradingview_cselk_fallback,-0.009302325581395321,-0.009345862418237658,0.03755868544600925,12810292.85,1.448768440918195
2024-11-19,JKH.N0000,21.2,21.2,20.4,20.7,53606929,tradingview_cselk_fallback,-0.028169014084507116,-0.028573372444056114,0.038647342995169115,15184502.8,3.5303710438250238
2024-11-20,JKH.N0000,20.9,21.0,20.5,20.7,10268328,tradingview_cselk_fallback,0.0,0.0,0.024154589371980676,15418220.2,0.6659865968187431
2024-11-21,JKH.N0000,20.6,20.6,19.8,20.0,23124918,tradingview_cselk_fallback,-0.033816425120772875,-0.034401426717332324,0.040000000000000036,16445943.6,1.4061168250631724
2024-11-22,JKH.N0000,19.9,20.0,19.8,19.9,4385177,tradingview_cselk_fallback,-0.0050000000000001155,-0.005012541823544398,0.010050251256281372,16452692.95,0.2665324766788406
2024-11-25,JKH.N0000,19.9,19.9,19.1,19.3,16876087,tradingview_cselk_fallback,-0.03015075376884413,-0.030614635819606748,0.04145077720207239,17241307.3,0.9788171341276424
2024-11-26,JKH.N0000,19.1,20.0,19.1,19.9,5511501,tradingview_cselk_fallback,0.031088082901554293,0.030614635819606734,0.045226130653266264,17424647.85,0.31630487155010134
2024-11-27,JKH.N0000,19.8,20.0,19.6,19.9,3276977,tradingview_cselk_fallback,0.0,0.0,0.020100502512562745,17386376.7,0.18847958125743358
2024-11-28,JKH.N0000,19.9,20.3,19.8,20.0,9192126,tradingview_cselk_fallback,0.005025125628140836,0.005012541823544414,0.025,16633292.0,0.5526341989306747
2024-11-29,JKH.N0000,20.0,20.1,19.7,19.8,7491186,tradingview_cselk_fallback,-0.010000000000000009,-0.01005033585350145,0.020202020202020308,15992768.8,0.46841082327157757
2024-12-02,JKH.N0000,19.7,19.9,19.6,19.9,3927502,tradingview_cselk_fallback,0.005050505050504972,0.005037794029957081,0.01507537688442197,14912033.9,0.2633780224976554
2024-12-03,JKH.N0000,19.9,20.0,19.8,20.0,3832565,tradingview_cselk_fallback,0.005025125628140836,0.005012541823544414,0.009999999999999964,14071705.15,0.2723596720614914
2024-12-04,JKH.N0000,20.0,20.7,19.9,20.6,8596838,tradingview_cselk_fallback,0.030000000000000027,0.02955880224154443,0.03883495145631071,13861975.55,0.620174084782598
2024-12-05,JKH.N0000,20.8,21.0,20.7,20.8,6513198,tradingview_cselk_fallback,0.009708737864077666,0.00966191091173689,0.014423076923076957,11798065.85,0.5520564203326599
2024-12-06,JKH.N0000,20.8,21.0,20.7,20.8,7719798,tradingview_cselk_fallback,0.0,0.0,0.014423076923076957,10959094.4,0.7044193359626503
2024-12-09,JKH.N0000,20.8,20.9,20.7,20.8,5046921,tradingview_cselk_fallback,0.0,0.0,0.009615384615384581,10917908.05,0.46226080828735316
2024-12-10,JKH.N0000,20.9,21.2,20.7,21.0,9420467,tradingview_cselk_fallback,0.009615384615384581,0.009569451016150672,0.023809523809523808,11003829.7,0.8561080330059998
2024-12-11,JKH.N0000,21.1,21.2,20.9,21.2,24090524,tradingview_cselk_fallback,0.00952380952380949,0.009478743954543739,0.014150943396226448,11940984.9,2.0174654102443426
2024-12-12,JKH.N0000,21.1,21.5,21.0,21.4,31975329,tradingview_cselk_fallback,0.00943396226415083,0.009389740349838917,0.023364485981308414,13010792.85,2.4576003452395296
2024-12-13,JKH.N0000,21.5,21.6,21.3,21.5,7808627,tradingview_cselk_fallback,0.004672897196261738,0.004662013105811371,0.013953488372093056,13061207.3,0.5978487915125579
2024-12-16,JKH.N0000,21.5,21.9,21.4,21.8,15740274,tradingview_cselk_fallback,0.013953488372093092,0.01385703466142628,0.02293577981651376,12920263.6,1.2182626057257842
2024-12-17,JKH.N0000,21.9,22.6,21.8,22.3,25499707,tradingview_cselk_fallback,0.022935779816513735,0.02267670867102972,0.03587443946188344,11514902.5,2.2144961279524513
2024-12-18,JKH.N0000,22.4,22.5,22.0,22.5,11000895,tradingview_cselk_fallback,0.008968609865470878,0.008928630744301398,0.022222222222222223,11551530.85,0.9523322183743291
2024-12-19,JKH.N0000,22.4,22.7,22.4,22.6,16916259,tradingview_cselk_fallback,0.004444444444444473,0.004434597067865775,0.013274336283185872,11241097.9,1.504858257661825
2024-12-20,JKH.N0000,22.6,22.7,22.4,22.5,11034917,tradingview_cselk_fallback,-0.004424778761062065,-0.004434597067865864,0.013333333333333365,11573584.9,0.9534571263221994
2024-12-23,JKH.N0000,22.5,22.6,22.3,22.4,6517961,tradingview_cselk_fallback,-0.004444444444444473,-0.004454350349380309,0.013392857142857175,11055678.6,0.5895577499874137
2024-12-24,JKH.N0000,22.4,22.5,22.3,22.4,6628564,tradingview_cselk_fallback,0.0,0.0,0.008928571428571397,11111531.75,0.5965481761774204
2024-12-26,JKH.N0000,22.4,22.4,22.1,22.3,7103263,tradingview_cselk_fallback,-0.004464285714285587,-0.004474280394920966,0.01345291479820615,11302846.05,0.6284490621722658
2024-12-27,JKH.N0000,22.3,22.4,22.2,22.3,10082428,tradingview_cselk_fallback,0.0,0.0,0.00896860986547082,11347361.15,0.8885262279679889
2024-12-30,JKH.N0000,22.3,22.7,22.3,22.7,22130283,tradingview_cselk_fallback,0.017937219730941534,0.01777824602128375,0.01762114537444928,12079316.0,1.8320808065622258
2024-12-31,JKH.N0000,22.6,22.8,22.5,22.6,10771499,tradingview_cselk_fallback,-0.004405286343612258,-0.00441501820911672,0.013274336283185872,12421515.85,0.8671646142125239
2025-01-02,JKH.N0000,22.6,23.7,22.5,23.7,28712730,tradingview_cselk_fallback,0.04867256637168138,0.047525141862845274,0.050632911392405035,13665524.1,2.1011071210946093
2025-01-03,JKH.N0000,23.7,24.4,23.6,24.0,36656278,tradingview_cselk_fallback,0.012658227848101333,0.012578782206860185,0.033333333333333215,15068496.1,2.4326434275017
2025-01-06,JKH.N0000,24.0,24.5,23.5,23.8,33480877,tradingview_cselk_fallback,-0.008333333333333304,-0.00836824967051658,0.04201680672268907,16416880.05,2.0394177759738215
2025-01-07,JKH.N0000,23.9,24.0,23.4,23.9,8086657,tradingview_cselk_fallback,0.004201680672268893,0.004192878260035958,0.025104602510460313,16435223.0,0.49203208255829567
2025-01-08,JKH.N0000,23.8,24.0,23.8,24.0,12300418,tradingview_cselk_fallback,0.004184100418409997,0.004175371410480592,0.008333333333333304,16797897.85,0.7322593642275304
2025-01-09,JKH.N0000,24.0,24.2,23.7,23.8,17832514,tradingview_cselk_fallback,-0.008333333333333304,-0.00836824967051658,0.021008403361344536,17218500.2,1.0356601209668657
2025-01-10,JKH.N0000,23.7,24.0,23.6,23.9,7429437,tradingview_cselk_fallback,0.004201680672268893,0.004192878260035958,0.01673640167364011,16385445.85,0.45341683516045433
2025-01-15,JKH.N0000,24.0,24.1,23.9,24.1,10065533,tradingview_cselk_fallback,0.008368200836820217,0.00833338155914446,0.00829875518672211,15289956.05,0.6583101329450846
2025-01-16,JKH.N0000,24.0,24.0,23.9,24.0,9709337,tradingview_cselk_fallback,-0.004149377593361092,-0.004158010148663788,0.004166666666666726,15384991.55,0.6310914743401338
2025-01-17,JKH.N0000,23.9,24.1,23.8,24.0,8822574,tradingview_cselk_fallback,0.0,0.0,0.01250000000000003,15039106.55,0.5866421632606892
2025-01-20,JKH.N0000,24.0,24.0,23.8,23.9,3771421,tradingview_cselk_fallback,-0.004166666666666763,-0.004175371410480733,0.008368200836820055,13952692.25,0.27030059377967003
2025-01-21,JKH.N0000,23.9,23.9,23.6,23.7,7809073,tradingview_cselk_fallback,-0.008368200836820106,-0.008403410796379504,0.012658227848101146,13793101.15,0.5661578868360578
2025-01-22,JKH.N0000,23.8,24.1,23.7,24.0,17255666,tradingview_cselk_fallback,0.012658227848101333,0.012578782206860185,0.016666666666666757,13810071.5,1.2494986720380123
2025-01-23,JKH.N0000,24.0,24.1,23.9,24.0,7006933,tradingview_cselk_fallback,0.0,0.0,0.008333333333333451,13608672.3,0.5148873340127383
2025-01-24,JKH.N0000,23.9,23.9,23.4,23.6,12861164,tradingview_cselk_fallback,-0.016666666666666607,-0.016807118316381174,0.0211864406779661,13925832.45,0.9235472311028703
2025-01-27,JKH.N0000,23.5,23.6,22.8,23.1,19584982,tradingview_cselk_fallback,-0.021186440677966045,-0.021414094503816473,0.03463203463203466,14573653.35,1.3438622100888655
2025-01-28,JKH.N0000,23.1,23.1,22.8,22.9,16984151,tradingview_cselk_fallback,-0.008658008658008809,-0.008695706967554045,0.01310043668122274,15067697.75,1.1271895203764624
2025-01-29,JKH.N0000,22.9,23.0,22.5,22.7,17594371,tradingview_cselk_fallback,-0.008733624454148492,-0.008771986072836994,0.022026431718061675,15443294.9,1.1392886760195196
2025-01-30,JKH.N0000,22.6,22.9,22.6,22.7,39164432,tradingview_cselk_fallback,0.0,0.0,0.01321585903083688,16295002.35,2.403462801587138
2025-01-31,JKH.N0000,22.8,23.0,22.7,22.9,4908822,tradingview_cselk_fallback,0.008810572687224738,0.008771986072837041,0.01310043668122274,16001868.5,0.30676555053555155
2025-02-03,JKH.N0000,22.7,22.7,22.5,22.7,14043942,tradingview_cselk_fallback,-0.008733624454148492,-0.008771986072836994,0.00881057268722464,15268429.1,0.9198026796351958
2025-02-05,JKH.N0000,22.6,22.6,21.9,22.1,22174251,tradingview_cselk_fallback,-0.02643171806167388,-0.02678731596364973,0.031674208144796503,14544327.75,1.5245978625584808
2025-02-06,JKH.N0000,22.0,22.4,22.0,22.3,4511388,tradingview_cselk_fallback,0.009049773755656076,0.00900906994236591,0.01793721973094164,13095853.3,0.34448980884659114
2025-02-07,JKH.N0000,22.3,22.8,22.2,22.8,2151403,tradingview_cselk_fallback,0.022421524663677195,0.022173857494322075,0.02631578947368427,12799090.6,0.16809030166565114
2025-02-10,JKH.N0000,22.8,22.9,22.4,22.6,2266035,tradingview_cselk_fallback,-0.00877192982456132,-0.008810629682154807,0.022123893805309734,12297371.45,0.18426986687468078
2025-02-11,JKH.N0000,22.5,22.6,22.3,22.5,3014623,tradingview_cselk_fallback,-0.004424778761062065,-0.004434597067865864,0.013333333333333365,11556476.9,0.2608600377161659
2025-02-13,JKH.N0000,22.4,22.6,22.2,22.5,7688736,tradingview_cselk_fallback,0.0,0.0,0.01777777777777787,11569441.85,0.664572768478023
2025-02-14,JKH.N0000,22.5,23.0,22.4,22.9,6576175,tradingview_cselk_fallback,0.01777777777777767,0.01762160134981941,0.02620087336244548,11394973.95,0.5771118941434702
2025-02-17,JKH.N0000,22.9,22.9,22.6,22.7,1553698,tradingview_cselk_fallback,-0.008733624454148492,-0.008771986072836994,0.01321585903083688,10987192.0,0.1414099253021154
2025-02-18,JKH.N0000,22.6,22.8,22.2,22.2,9238830,tradingview_cselk_fallback,-0.022026431718061623,-0.022272635609123178,0.02702702702702709,11008004.8,0.8392828825801384
2025-02-19,JKH.N0000,22.3,22.4,22.1,22.2,4730460,tradingview_cselk_fallback,0.0,0.0,0.013513513513513386,11055956.75,0.42786527724070555
2025-02-20,JKH.N0000,22.2,22.4,22.1,22.3,7383126,tradingview_cselk_fallback,0.0045045045045044585,0.004494389587839267,0.01345291479820615,11034659.4,0.6690850829523565
2025-02-21,JKH.N0000,22.3,22.4,22.2,22.4,5605223,tradingview_cselk_fallback,0.004484304932735439,0.004474280394921107,0.008928571428571397,10452137.25,0.5362752962318783
2025-02-24,JKH.N0000,22.3,22.4,22.2,22.3,4348410,tradingview_cselk_fallback,-0.004464285714285587,-0.004474280394920966,0.00896860986547082,10319211.1,0.42138977077424067
2025-02-25,JKH.N0000,22.2,22.3,21.9,22.1,3418677,tradingview_cselk_fallback,-0.008968609865470767,-0.009009069942365857,0.018099547511312312,9847086.75,0.34717648851829197
2025-02-27,JKH.N0000,22.0,22.0,21.1,21.4,5243635,tradingview_cselk_fallback,-0.03167420814479649,-0.032186686495901444,0.042056074766355075,9130019.4,0.5743290096404395
2025-02-28,JKH.N0000,21.4,21.8,21.2,21.3,3520788,tradingview_cselk_fallback,-0.004672897196261627,-0.004683849312426314,0.02816901408450711,8456851.25,0.41632374697379243
2025-03-03,JKH.N0000,21.5,21.6,21.0,21.1,3411584,tradingview_cselk_fallback,-0.009389671361502261,-0.009434032233358529,0.028436018957346036,7747711.9,0.44033439085415654
2025-03-04,JKH.N0000,21.0,21.2,20.9,21.0,4607791,tradingview_cselk_fallback,-0.004739336492891044,-0.004750602758597865,0.01428571428571432,6019879.85,0.7654290641697774
2025-03-05,JKH.N0000,21.0,21.1,20.9,21.0,4989213,tradingview_cselk_fallback,0.0,0.0,0.00952380952380966,6023899.4,0.8282364410003261
2025-03-06,JKH.N0000,21.0,21.1,20.9,21.0,10933706,tradingview_cselk_fallback,0.0,0.0,0.00952380952380966,5868387.6,1.8631533472669735
2025-03-07,JKH.N0000,21.0,21.1,20.9,21.0,4474180,tradingview_cselk_fallback,0.0,0.0,0.00952380952380966,4983384.05,0.8978196252002694
2025-03-10,JKH.N0000,21.0,21.0,20.8,20.9,900211,tradingview_cselk_fallback,-0.004761904761904856,-0.004773278752657771,0.009569377990430589,4802825.2,0.18743363801788995
2025-03-11,JKH.N0000,20.9,20.9,20.5,20.6,2375440,tradingview_cselk_fallback,-0.014354066985645786,-0.014458083175229775,0.01941747572815527,4814027.05,0.4934413486521643
2025-03-12,JKH.N0000,20.5,20.8,20.5,20.7,7207362,tradingview_cselk_fallback,0.004854368932038833,0.004842624475787991,0.01449275362318844,5061093.4,1.4240721184872818
2025-03-14,JKH.N0000,20.8,20.8,20.6,20.6,705626,tradingview_cselk_fallback,-0.004830917874396046,-0.004842624475787903,0.009708737864077634,4945643.55,0.14267627516342135
2025-03-17,JKH.N0000,20.9,20.9,20.3,20.5,3600836,tradingview_cselk_fallback,-0.004854368932038944,-0.004866189651173011,0.029268292682926727,4741248.55,0.7594699923504327
2025-03-18,JKH.N0000,20.5,20.5,20.1,20.2,3676755,tradingview_cselk_fallback,-0.014634146341463428,-0.014742281737203431,0.019801980198019733,4596277.55,0.799941900810581
2025-03-19,JKH.N0000,20.2,20.2,20.0,20.2,1835017,tradingview_cselk_fallback,0.0,0.0,0.009900990099009866,4610343.5,0.39802175260910605
2025-03-20,JKH.N0000,20.2,20.7,20.1,20.5,3919720,tradingview_cselk_fallback,0.014851485148514865,0.014742281737203431,0.029268292682926727,4344388.0,0.9022490624686377
2025-03-21,JKH.N0000,20.5,20.6,20.4,20.6,3480425,tradingview_cselk_fallback,0.004878048780487809,0.004866189651172906,0.009708737864077808,4281886.25,0.8128251888989344
2025-03-24,JKH.N0000,20.6,20.6,20.3,20.5,1418056,tradingview_cselk_fallback,-0.004854368932038944,-0.004866189651173011,0.014634146341463448,3983632.75,0.35597056480670813
2025-03-25,JKH.N0000,20.5,20.5,20.2,20.4,2928551,tradingview_cselk_fallback,-0.00487804878048792,-0.004889985294191904,0.014705882352941213,3849799.15,0.7607022823515351
2025-03-26,JKH.N0000,20.4,20.4,20.1,20.2,2660659,tradingview_cselk_fallback,-0.009803921568627416,-0.009852296443011594,0.014851485148514712,3765411.6,0.7066050893347224
2025-03-27,JKH.N0000,20.1,20.3,19.9,20.3,4637644,tradingview_cselk_fallback,0.004950495049504955,0.004938281640582577,0.01970443349753705,3826359.95,1.2120250213260777
2025-03-28,JKH.N0000,20.3,20.5,20.1,20.2,8494513,tradingview_cselk_fallback,-0.0049261083743843415,-0.004938281640582677,0.019801980198019733,3988903.85,2.1295356617833745
2025-04-01,JKH.N0000,20.3,20.4,20.2,20.4,3368976,tradingview_cselk_fallback,0.00990099009900991,0.00985229644301164,0.009803921568627416,3981313.25,0.846197168735718
2025-04-02,JKH.N0000,20.4,20.5,20.1,20.2,14936000,tradingview_cselk_fallback,-0.009803921568627416,-0.009852296443011594,0.019801980198019733,4557534.05,3.2772108416831247
2025-04-03,JKH.N0000,20.2,20.2,19.9,20.0,14031323,tradingview_cselk_fallback,-0.00990099009900991,-0.009950330853168092,0.015000000000000036,5028710.65,2.7902426638923834
2025-04-04,JKH.N0000,20.0,20.0,19.5,19.6,11257544,tradingview_cselk_fallback,-0.019999999999999907,-0.020202707317519355,0.02551020408163265,5342127.2,2.1073148539031417
2025-04-07,JKH.N0000,19.5,19.5,18.3,18.8,39320184,tradingview_cselk_fallback,-0.04081632653061229,-0.041672696400568074,0.0638297872340425,6761451.1,5.815346945273331
2025-04-08,JKH.N0000,18.8,19.8,18.8,19.6,7117015,tradingview_cselk_fallback,0.042553191489361764,0.04167269640056808,0.0510204081632653,6893592.85,1.0324101168812139
2025-04-09,JKH.N0000,19.7,19.7,19.1,19.3,30609724,tradingview_cselk_fallback,-0.015306122448979664,-0.015424470325631752,0.031088082901554293,8379068.5,3.6531177660142053
2025-04-10,JKH.N0000,19.5,20.5,19.5,20.1,17342645,tradingview_cselk_fallback,0.041450777202072464,0.040614719154190126,0.04975124378109452,9127428.75,1.9000581078214387
2025-04-11,JKH.N0000,20.1,20.1,19.9,20.0,2124511,tradingview_cselk_fallback,-0.004975124378109541,-0.004987541511039162,0.010000000000000142,8873286.2,0.23942775563804086
2025-04-16,JKH.N0000,20.1,20.2,20.0,20.0,1298763,tradingview_cselk_fallback,0.0,0.0,0.009999999999999964,8902943.05,0.14588018733872501
2025-04-17,JKH.N0000,20.3,20.3,19.9,20.1,1421364,tradingview_cselk_fallback,0.0050000000000001155,0.004987541511039188,0.019900497512437915,8793969.45,0.16162939933797474
2025-04-21,JKH.N0000,20.3,20.3,19.9,19.9,2007506,tradingview_cselk_fallback,-0.009950248756219082,-0.010000083334583534,0.020100502512562922,8710507.0,0.2304694778386608
2025-04-22,JKH.N0000,20.0,20.0,19.6,19.7,5994259,tradingview_cselk_fallback,-0.01005025125628134,-0.01010109598650382,0.02030456852791871,8918469.1,0.6721174825845391
2025-04-23,JKH.N0000,19.6,20.0,19.6,20.0,2368878,tradingview_cselk_fallback,0.015228426395939021,0.015113637810048106,0.019999999999999928,8840927.0,0.26794452663165297
2025-04-24,JKH.N0000,20.0,20.1,19.9,20.0,2001104,tradingview_cselk_fallback,0.0,0.0,0.010000000000000142,8766960.95,0.2282551515186115
2025-04-25,JKH.N0000,20.1,20.2,19.9,20.1,6174992,tradingview_cselk_fallback,0.0050000000000001155,0.004987541511039188,0.014925373134328393,9004807.75,0.6857439016396547
2025-04-28,JKH.N0000,20.1,20.7,20.1,20.7,5756710,tradingview_cselk_fallback,0.02985074626865658,0.02941388520629319,0.02898550724637671,9146215.7,0.6294089477902867
2025-04-29,JKH.N0000,20.7,20.9,20.6,20.8,2642815,tradingview_cselk_fallback,0.004830917874396157,0.004819286435948922,0.014423076923076785,9145323.5,0.28897993602960026
2025-04-30,JKH.N0000,20.8,20.9,20.7,20.7,8309777,tradingview_cselk_fallback,-0.004807692307692402,-0.004819286435948995,0.009661835748792237,9328930.15,0.8907534804513463
2025-05-02,JKH.N0000,20.7,20.8,20.2,20.4,3297924,tradingview_cselk_fallback,-0.01449275362318847,-0.014598799421152749,0.029411764705882425,9069100.7,0.36364399394087665
2025-05-05,JKH.N0000,20.4,20.8,20.4,20.7,13686127,tradingview_cselk_fallback,0.014705882352941124,0.014598799421152631,0.019323671497584644,9584958.25,1.4278754943976935
2025-05-06,JKH.N0000,20.8,20.8,20.6,20.6,513725,tradingview_cselk_fallback,-0.004830917874396046,-0.004842624475787903,0.009708737864077634,8863844.5,0.057957356991088914
2025-05-07,JKH.N0000,20.6,20.6,20.1,20.1,7647345,tradingview_cselk_fallback,-0.024271844660194164,-0.024571260730505317,0.02487562189054726,8544645.6,0.8949867973459309
2025-05-08,JKH.N0000,20.2,20.3,20.1,20.2,2729235,tradingview_cselk_fallback,0.004975124378109319,0.004962789342128876,0.009900990099009866,8118230.15,0.3361859604337529
2025-05-09,JKH.N0000,20.3,20.4,20.1,20.2,2302452,tradingview_cselk_fallback,0.0,0.0,0.014851485148514712,6267343.55,0.3673728720360319
2025-05-14,JKH.N0000,20.3,20.6,20.2,20.5,7274579,tradingview_cselk_fallback,0.014851485148514865,0.014742281737203431,0.019512195121951324,6275221.75,1.1592544916838994
2025-05-15,JKH.N0000,20.5,20.7,20.3,20.6,8525368,tradingview_cselk_fallback,0.004878048780487809,0.004866189651172906,0.01941747572815527,5171003.95,1.6486871954526354
2025-05-16,JKH.N0000,20.6,21.2,20.6,21.2,10084655,tradingview_cselk_fallback,0.029126213592232997,0.02871010588243136,0.02830188679245273,4808104.45,2.0974284366888076
2025-05-19,JKH.N0000,21.2,21.5,21.1,21.3,5323828,tradingview_cselk_fallback,0.004716981132075526,0.004705891037412714,0.018779342723004626,4968070.3,1.0716088296898698
2025-05-20,JKH.N0000,21.4,21.4,21.0,21.1,4412423,tradingview_cselk_fallback,-0.009389671361502261,-0.009434032233358529,0.018957345971563913,5123753.3,0.8611700723374016
2025-05-21,JKH.N0000,21.1,21.3,21.1,21.2,3325351,tradingview_cselk_fallback,0.004739336492890933,0.004728141195945896,0.00943396226415091,5218952.65,0.6371682640194101
2025-05-22,JKH.N0000,21.3,21.9,21.3,21.6,9043485,tradingview_cselk_fallback,0.018867924528301883,0.018692133012152546,0.027777777777777676,5570751.6,1.623386869376836
2025-05-23,JKH.N0000,21.5,21.5,21.1,21.3,2541405,tradingview_cselk_fallback,-0.01388888888888895,-0.013986241974739952,0.018779342723004626,5398108.9,0.47079542985877887
2025-05-26,JKH.N0000,21.4,21.5,21.0,21.2,2899314,tradingview_cselk_fallback,-0.0046948356807512415,-0.004705891037412728,0.02358490566037736,5424630.7,0.534472143882532
2025-05-27,JKH.N0000,21.5,21.6,21.1,21.2,3790651,tradingview_cselk_fallback,0.0,0.0,0.02358490566037736,5514108.05,0.6874459052357526
2025-05-28,JKH.N0000,21.2,21.2,20.7,20.8,6945949,tradingview_cselk_fallback,-0.01886792452830177,-0.019048194970694363,0.024038461538461536,5552655.9,1.2509237246269842
2025-05-29,JKH.N0000,20.9,21.2,20.8,21.2,2381105,tradingview_cselk_fallback,0.019230769230769162,0.01904819497069441,0.01886792452830182,5383875.65,0.4422659724691078
2025-05-30,JKH.N0000,21.0,21.1,20.8,21.0,9536172,tradingview_cselk_fallback,-0.009433962264150941,-0.00947874395454377,0.01428571428571432,5728543.5,1.6646765447447505
2025-06-02,JKH.N0000,21.0,21.2,20.9,21.0,4005217,tradingview_cselk_fallback,0.0,0.0,0.01428571428571432,5513315.5,0.726462506997831
2025-06-03,JKH.N0000,21.1,21.5,21.1,21.2,6432303,tradingview_cselk_fallback,0.00952380952380949,0.009478743954543739,0.01886792452830182,5670034.45,1.134438080883265
2025-06-04,JKH.N0000,21.3,21.5,21.3,21.5,6962613,tradingview_cselk_fallback,0.014150943396226356,0.014051753455650287,0.009302325581395316,5333858.75,1.3053613390118364
2025-06-05,JKH.N0000,21.5,21.8,21.4,21.8,8478135,tradingview_cselk_fallback,0.013953488372093092,0.01385703466142628,0.018348623853211107,5732079.25,1.4790680013714046
2025-06-06,JKH.N0000,21.8,22.0,21.7,21.8,8880375,tradingview_cselk_fallback,0.0,0.0,0.013761467889908289,5793730.75,1.5327559017132442
2025-06-09,JKH.N0000,22.0,22.0,21.7,21.9,2814562,tradingview_cselk_fallback,0.004587155963302614,0.004576667027411673,0.013698630136986335,5797997.1,0.48543694511333924
2025-06-11,JKH.N0000,21.9,22.5,21.9,22.5,7835679,tradingview_cselk_fallback,0.027397260273972712,0.02702867238791942,0.02666666666666673,6074658.45,1.2898962245358832
2025-06-12,JKH.N0000,22.5,22.6,22.3,22.4,5148870,tradingview_cselk_fallback,-0.004444444444444473,-0.004454350349380309,0.013392857142857175,5968373.0,0.8626923953982099
2025-06-13,JKH.N0000,22.0,22.3,21.6,22.0,8083167,tradingview_cselk_fallback,-0.017857142857142794,-0.01801850550267825,0.03181818181818179,5946262.95,1.3593692488826112
2025-06-16,JKH.N0000,21.7,22.1,21.1,21.9,8547070,tradingview_cselk_fallback,-0.00454545454545463,-0.004555816535860802,0.04566210045662101,5869383.7,1.4562125151231806
2025-06-17,JKH.N0000,21.8,22.1,21.7,21.7,11449217,tradingview_cselk_fallback,-0.0091324200913242,-0.00917437627604127,0.0184331797235024,6175653.15,1.8539281144699649
2025-06-18,JKH.N0000,21.7,21.8,21.5,21.5,6159332,tradingview_cselk_fallback,-0.009216589861751112,-0.009259325412796712,0.013953488372093056,6262998.6,0.9834477689329199
2025-06-19,JKH.N0000,21.5,21.7,21.3,21.4,4373229,tradingview_cselk_fallback,-0.0046511627906977715,-0.004662013105811413,0.018691588785046665,6315392.5,0.6924714497159123
2025-06-20,JKH.N0000,21.3,21.6,21.3,21.5,3258166,tradingview_cselk_fallback,0.004672897196261738,0.004662013105811371,0.013953488372093056,6026126.55,0.5406733451357738
2025-06-23,JKH.N0000,21.1,21.4,21.0,21.2,4624124,tradingview_cselk_fallback,-0.013953488372093092,-0.014051753455650415,0.01886792452830182,6130262.5,0.7543109287734416
2025-06-24,JKH.N0000,21.6,21.9,21.5,21.6,14931949,tradingview_cselk_fallback,0.018867924528301883,0.018692133012152546,0.01851851851851845,6731894.25,2.2180902500065267
2025-06-25,JKH.N0000,21.7,22.1,21.7,22.0,19950194,tradingview_cselk_fallback,0.01851851851851838,0.0183491386681964,0.018181818181818278,7539871.4,2.645959452305778
2025-06-26,JKH.N0000,22.0,22.0,21.8,21.8,3585064,tradingview_cselk_fallback,-0.009090909090909038,-0.009132483563272474,0.009174311926605472,7371827.15,0.48631959581418016
2025-06-27,JKH.N0000,21.9,22.2,21.9,22.2,26037098,tradingview_cselk_fallback,0.0183486238532109,0.01818231908319033,0.013513513513513545,8554626.8,3.0436275723915855
2025-06-30,JKH.N0000,22.2,22.8,22.1,22.4,16504357,tradingview_cselk_fallback,0.009009009009008917,0.008968669982760316,0.03124999999999997,8903036.05,1.8537897529910596
2025-07-01,JKH.N0000,22.7,23.0,22.5,22.9,12765492,tradingview_cselk_fallback,0.022321428571428603,0.022075951699199826,0.02183406113537118,9341049.8,1.3666014284604284
2025-07-02,JKH.N0000,22.9,23.1,22.8,23.0,14557276,tradingview_cselk_fallback,0.004366812227074357,0.004357305368955847,0.013043478260869596,9747298.45,1.49346776182892
2025-07-03,JKH.N0000,23.1,23.8,23.1,23.4,25915392,tradingview_cselk_fallback,0.017391304347825987,0.017241806434505954,0.029914529914529885,10694937.4,2.42314573996478
2025-07-04,JKH.N0000,23.5,23.7,23.0,23.6,15646002,tradingview_cselk_fallback,0.008547008547008739,0.00851068966790883,0.029661016949152512,11053330.75,1.415501114901497
2025-07-07,JKH.N0000,23.7,23.8,23.4,23.6,6099963,tradingview_cselk_fallback,0.0,0.0,0.01694915254237297,10914310.15,0.5588958822102009
2025-07-08,JKH.N0000,23.6,23.6,23.1,23.3,12369943,tradingview_cselk_fallback,-0.012711864406779738,-0.012793351459909582,0.02145922746781116,11392079.2,1.0858371665814965
2025-07-09,JKH.N0000,23.3,23.5,23.3,23.5,3840679,tradingview_cselk_fallback,0.008583690987124415,0.008547060578458348,0.00851063829787231,11192329.2,0.3431527907524379
2025-07-11,JKH.N0000,23.3,24.2,23.2,24.2,20348970,tradingview_cselk_fallback,0.029787234042553123,0.02935221201252737,0.04132231404958678,11952334.2,1.7025101255953838
2025-07-14,JKH.N0000,24.2,25.5,24.1,25.2,29424724,tradingview_cselk_fallback,0.04132231404958686,0.04049136135473699,0.055555555555555504,13019412.05,2.260065499655186
2025-07-15,JKH.N0000,25.5,26.1,25.3,26.0,34616923,tradingview_cselk_fallback,0.031746031746031855,0.03125254350410453,0.030769230769230795,14322904.7,2.416892643291832
2025-07-16,JKH.N0000,26.0,26.0,25.4,25.7,12013534,tradingview_cselk_fallback,-0.011538461538461608,-0.011605546120308003,0.02334630350194558,14351120.55,0.83711470182027
2025-07-17,JKH.N0000,25.7,25.7,24.9,25.3,12118102,tradingview_cselk_fallback,-0.015564202334630295,-0.015686596167699508,0.03162055335968382,14649059.05,0.827227329662515
2025-07-18,JKH.N0000,25.3,25.7,25.0,25.5,10823279,tradingview_cselk_fallback,0.007905138339920903,0.007874056430905866,0.027450980392156835,14971561.55,0.7229225197287453
2025-07-21,JKH.N0000,25.5,25.6,25.2,25.3,3882114,tradingview_cselk_fallback,-0.007843137254901933,-0.007874056430905883,0.01581027667984198,15002758.95,0.2587600062720464
2025-07-22,JKH.N0000,25.3,25.3,24.9,25.1,13160233,tradingview_cselk_fallback,-0.007905138339920903,-0.007936549595736303,0.015936254980079764,15429564.4,0.8529231713113041
2025-07-23,JKH.N0000,25.1,25.1,24.9,24.9,8944413,tradingview_cselk_fallback,-0.007968127490039945,-0.008000042667076376,0.008032128514056339,15130187.6,0.5911633904658261
2025-07-24,JKH.N0000,25.0,25.1,24.9,25.1,10473170,tradingview_cselk_fallback,0.008032128514056325,0.00800004266707637,0.007968127490039953,14656336.4,0.7145830795750566
2025-07-25,JKH.N0000,25.0,25.1,24.9,25.1,9521713,tradingview_cselk_fallback,0.0,0.0,0.007968127490039953,14953168.85,0.6367689080164436
2025-07-28,JKH.N0000,25.0,25.1,24.9,25.0,6386049,tradingview_cselk_fallback,-0.003984063745020028,-0.003992021269537561,0.008000000000000113,13970616.4,0.4571057437379785
2025-07-29,JKH.N0000,24.9,24.9,24.3,24.5,18897748,tradingview_cselk_fallback,-0.020000000000000018,-0.020202707317519466,0.02448979591836726,14090285.95,1.341189814533182
2025-07-30,JKH.N0000,24.5,24.7,24.0,24.3,16189493,tradingview_cselk_fallback,-0.008163265306122436,-0.008196767204178515,0.028806584362139887,14261486.0,1.135189769144674
2025-07-31,JKH.N0000,24.0,24.0,23.5,23.9,15692262,tradingview_cselk_fallback,-0.016460905349794275,-0.016597891409037828,0.020920502092050212,14318235.3,1.0959634110776206
2025-08-01,JKH.N0000,23.8,24.7,23.8,24.6,13016859,tradingview_cselk_fallback,0.029288702928870425,0.028867984000852265,0.03658536585365848,13673308.65,0.9519904313722926
2025-08-04,JKH.N0000,24.8,24.8,23.9,24.0,9815785,tradingview_cselk_fallback,-0.024390243902439046,-0.02469261259037152,0.03750000000000009,13381797.8,0.7335176593387175
2025-08-05,JKH.N0000,24.0,24.0,23.5,23.7,11754160,tradingview_cselk_fallback,-0.012500000000000067,-0.012578782206860185,0.02109704641350211,13664507.65,0.8601963789013649
2025-08-06,JKH.N0000,23.5,24.0,23.4,23.7,9198999,tradingview_cselk_fallback,0.0,0.0,0.025316455696202594,13505960.45,0.6811066146724871
2025-08-07,JKH.N0000,23.5,23.7,23.4,23.5,7622160,tradingview_cselk_fallback,-0.008438818565400852,-0.008474626990972232,0.012765957446808541,13695034.5,0.5565637676925896
2025-08-11,JKH.N0000,23.5,23.7,23.3,23.4,4090531,tradingview_cselk_fallback,-0.004255319148936176,-0.00426439878645754,0.017094017094017033,12882112.55,0.31753572902916455
2025-08-12,JKH.N0000,23.4,23.4,22.9,23.0,8507391,tradingview_cselk_fallback,-0.017094017094017033,-0.017241806434505992,0.021739130434782608,11836245.9,0.7187575411896435
2025-08-13,JKH.N0000,22.9,23.0,22.5,22.9,6893668,tradingview_cselk_fallback,-0.004347826086956608,-0.004357305368955813,0.02183406113537118,10450083.15,0.6596758993252604
2025-08-14,JKH.N0000,22.9,23.0,22.6,22.9,3798074,tradingview_cselk_fallback,0.0,0.0,0.017467248908296883,10039310.15,0.37832021755000766
2025-08-15,JKH.N0000,22.9,23.1,22.7,23.1,11083563,tradingview_cselk_fallback,0.008733624454148492,0.008695706967553913,0.017316017316017406,9987583.2,1.1097342348046724
2025-08-18,JKH.N0000,23.1,23.6,22.9,23.5,3794402,tradingview_cselk_fallback,0.017316017316017174,0.01716780362236528,0.02978723404255331,9636139.35,0.39376786306022027
2025-08-19,JKH.N0000,23.6,23.6,23.0,23.1,8603374,tradingview_cselk_fallback,-0.017021276595744594,-0.01716780362236533,0.025974025974026035,9872202.35,0.8714746411169337
2025-08-20,JKH.N0000,23.2,23.8,23.2,23.8,8043278,tradingview_cselk_fallback,0.030303030303030276,0.02985296314968113,0.025210084033613505,9616354.6,0.8364165356381513
2025-08-21,JKH.N0000,23.8,23.9,23.7,23.9,6643869,tradingview_cselk_fallback,0.004201680672268893,0.004192878260035958,0.008368200836820055,9501327.4,0.6992569269847495
2025-08-22,JKH.N0000,23.8,24.0,23.7,23.9,4453351,tradingview_cselk_fallback,0.0,0.0,0.012552301255230157,9200336.45,0.48404218956579576
2025-08-25,JKH.N0000,23.8,23.8,23.4,23.6,3416392,tradingview_cselk_fallback,-0.012552301255229992,-0.012631746905900462,0.01694915254237297,8895070.4,0.3840770051690653
2025-08-26,JKH.N0000,23.5,23.9,23.2,23.5,4196374,tradingview_cselk_fallback,-0.00423728813559332,-0.004246290881451208,0.02978723404255316,8785586.65,0.47764300406734933
2025-08-27,JKH.N0000,23.5,23.6,23.0,23.2,8188540,tradingview_cselk_fallback,-0.012765957446808529,-0.012848142477849024,0.025862068965517303,8250126.25,0.9925351142353731
2025-08-28,JKH.N0000,23.1,23.1,22.9,23.1,4773830,tradingview_cselk_fallback,-0.004310344827586077,-0.004319661144516284,0.008658008658008781,7679343.1,0.6216456196624423
2025-08-29,JKH.N0000,23.1,23.5,23.0,23.4,5760710,tradingview_cselk_fallback,0.01298701298701288,0.012903404835907782,0.021367521367521368,7182765.5,0.8020183869291013
2025-09-01,JKH.N0000,23.4,23.4,22.9,22.9,6369636,tradingview_cselk_fallback,-0.021367521367521403,-0.021599111803461815,0.02183406113537118,6850404.35,0.9298189821451927
2025-09-02,JKH.N0000,23.0,23.0,22.7,22.7,6841908,tradingview_cselk_fallback,-0.008733624454148492,-0.008771986072836994,0.013215859030837036,6701710.5,1.0209196592422187
2025-09-03,JKH.N0000,22.8,22.9,22.7,22.7,6335168,tradingview_cselk_fallback,0.0,0.0,0.00881057268722464,6430760.9,0.9851350561019925
2025-09-04,JKH.N0000,22.7,22.9,22.7,22.7,3113454,tradingview_cselk_fallback,0.0,0.0,0.00881057268722464,6126483.65,0.5081959208362532
2025-09-08,JKH.N0000,22.8,22.8,22.4,22.5,7414475,tradingview_cselk_fallback,-0.008810572687224627,-0.0088496152769825,0.01777777777777787,6116099.4,1.2122881783118173
2025-09-09,JKH.N0000,22.5,22.5,22.0,22.2,6541553,tradingview_cselk_fallback,-0.01333333333333342,-0.013423020332140774,0.022522522522522525,6238650.5,1.0485525675785172
2025-09-10,JKH.N0000,22.1,22.3,22.0,22.3,7418684,tradingview_cselk_fallback,0.0045045045045044585,0.004494389587839267,0.01345291479820631,6184215.15,1.199616090329587
2025-09-11,JKH.N0000,22.3,22.4,21.9,22.0,6827773,tradingview_cselk_fallback,-0.013452914798206317,-0.01354422510775726,0.022727272727272728,6180920.4,1.1046531192991904
2025-09-12,JKH.N0000,22.1,22.1,21.9,22.0,5539581,tradingview_cselk_fallback,0.0,0.0,0.00909090909090922,6267995.75,0.8837882508136672
2025-09-15,JKH.N0000,22.0,22.0,21.8,22.0,6999235,tradingview_cselk_fallback,0.0,0.0,0.00909090909090906,6063779.35,1.1542694079064735
2025-09-16,JKH.N0000,22.0,22.1,21.9,22.1,7205334,tradingview_cselk_fallback,0.00454545454545463,0.004535155165391363,0.009049773755656236,6234325.95,1.1557518900659982
2025-09-17,JKH.N0000,22.1,22.1,21.9,22.0,8507074,tradingview_cselk_fallback,-0.004524886877828149,-0.004535155165391374,0.00909090909090922,6229510.95,1.3656086438053374
2025-09-18,JKH.N0000,22.0,22.6,22.0,22.6,3986643,tradingview_cselk_fallback,0.027272727272727337,0.026907452919924402,0.026548672566371743,6026679.2,0.6614991221035956
2025-09-19,JKH.N0000,22.6,22.9,22.6,22.9,10915399,tradingview_cselk_fallback,0.01327433628318575,0.013187004281953681,0.013100436681222584,6240255.7,1.74919098267079
2025-09-22,JKH.N0000,23.0,23.5,22.9,23.4,11536179,tradingview_cselk_fallback,0.02183406113537112,0.02159911180346172,0.025641025641025703,6594397.1,1.749391009528377
2025-09-23,JKH.N0000,23.4,23.4,22.9,23.0,4792689,tradingview_cselk_fallback,-0.017094017094017033,-0.017241806434505992,0.021739130434782608,6663211.95,0.7192760842614349
2025-09-24,JKH.N0000,23.0,23.0,22.3,22.5,9437076,tradingview_cselk_fallback,-0.021739130434782594,-0.02197890671877523,0.03111111111111108,6925247.05,1.3627060423786614
2025-09-25,JKH.N0000,22.5,22.5,22.1,22.2,8830968,tradingview_cselk_fallback,-0.01333333333333342,-0.013423020332140774,0.018018018018017955,6957368.45,1.2692971578930823
2025-09-26,JKH.N0000,22.2,22.2,22.0,22.2,10926207,tradingview_cselk_fallback,0.0,0.0,0.009009009009008978,7264987.3,1.5039540399471862
2025-09-29,JKH.N0000,22.2,22.4,22.1,22.4,3277834,tradingview_cselk_fallback,0.009009009009008917,0.008968669982760316,0.013392857142857017,7140843.5,0.45902616406591185
2025-09-30,JKH.N0000,22.4,22.5,22.1,22.1,5954525,tradingview_cselk_fallback,-0.013392857142856984,-0.013483350337286875,0.018099547511312153,7120087.95,0.8362993605998925
2025-10-01,JKH.N0000,22.2,22.4,22.1,22.3,3121223,tradingview_cselk_fallback,0.009049773755656076,0.00900906994236591,0.01345291479820615,6934053.7,0.45012962619542446
2025-10-02,JKH.N0000,22.3,22.4,22.0,22.1,3500428,tradingview_cselk_fallback,-0.008968609865470767,-0.009009069942365857,0.018099547511312153,6792316.7,0.5153511172410439
2025-10-03,JKH.N0000,22.2,22.2,21.9,21.9,12495339,tradingview_cselk_fallback,-0.009049773755656187,-0.009090971701252075,0.013698630136986335,7261410.95,1.7207866468430628
2025-10-07,JKH.N0000,21.9,21.9,21.6,21.7,9561616,tradingview_cselk_fallback,-0.0091324200913242,-0.00917437627604127,0.013824884792626597,7368768.0,1.297586787913529
2025-10-08,JKH.N0000,21.7,21.7,21.3,21.5,12397599,tradingview_cselk_fallback,-0.009216589861751112,-0.009259325412796712,0.01860465116279063,7661570.3,1.6181537876119207
2025-10-09,JKH.N0000,21.4,21.5,20.9,21.0,18731818,tradingview_cselk_fallback,-0.023255813953488413,-0.02353049741019416,0.02857142857142864,8227227.0,2.276808212536253
2025-10-10,JKH.N0000,20.9,21.9,20.9,21.8,12556997,tradingview_cselk_fallback,0.03809523809523818,0.03738753207162041,0.04587155963302752,8513688.2,1.4749185905116893
2025-10-13,JKH.N0000,21.8,21.9,21.6,21.8,3428717,tradingview_cselk_fallback,0.0,0.0,0.013761467889908126,8408145.0,0.407785189242098
2025-10-14,JKH.N0000,21.6,21.8,21.4,21.7,3677821,tradingview_cselk_fallback,-0.004587155963302836,-0.0045977092486295425,0.0184331797235024,8242074.3,0.4462251693120505
2025-10-15,JKH.N0000,21.6,21.7,21.5,21.6,5292112,tradingview_cselk_fallback,-0.004608294930875445,-0.004618945856294417,0.009259259259259226,8146413.2,0.6496247943819005
2025-10-16,JKH.N0000,21.6,21.6,21.4,21.6,3356267,tradingview_cselk_fallback,0.0,0.0,0.00925925925925939,7888872.85,0.4254431607425388
2025-10-17,JKH.N0000,21.6,21.8,21.6,21.7,5569387,tradingview_cselk_fallback,0.004629629629629539,0.004618945856294458,0.009216589861751119,7968010.05,0.6989683704025951
2025-10-21,JKH.N0000,21.8,21.9,21.5,21.6,3981572,tradingview_cselk_fallback,-0.004608294930875445,-0.004618945856294417,0.01851851851851845,7621318.7,0.5224256007034583
2025-10-22,JKH.N0000,21.6,21.9,21.3,21.4,7263886,tradingview_cselk_fallback,-0.009259259259259411,-0.009302392662313674,0.028037383177569996,7407704.05,0.9805853407440056
2025-10-23,JKH.N0000,21.4,21.7,21.2,21.3,5919523,tradingview_cselk_fallback,-0.004672897196261627,-0.004683849312426314,0.023474178403755867,7464045.75,0.7930716394657683
2025-10-24,JKH.N0000,21.3,21.5,21.2,21.4,5653323,tradingview_cselk_fallback,0.004694835680751019,0.004683849312426216,0.014018691588785081,7274858.1,0.7771042297031197
2025-10-27,JKH.N0000,21.5,21.5,21.2,21.3,6038440,tradingview_cselk_fallback,-0.004672897196261627,-0.004683849312426314,0.014084507042253554,7135231.7,0.8462850617731166
2025-10-28,JKH.N0000,21.4,21.4,20.8,21.0,13521393,tradingview_cselk_fallback,-0.014084507042253502,-0.014184634991956413,0.02857142857142847,7264991.0,1.8611713352432233
2025-10-29,JKH.N0000,21.0,21.0,20.7,20.8,7947321,tradingview_cselk_fallback,-0.00952380952380949,-0.009569451016150672,0.014423076923076957,7498465.35,1.0598596684853656
2025-10-30,JKH.N0000,21.0,21.0,20.5,20.7,17921542,tradingview_cselk_fallback,-0.004807692307692402,-0.004819286435948995,0.024154589371980676,8096816.2,2.213406054592174
2025-10-31,JKH.N0000,20.7,21.1,20.6,21.1,8937730,tradingview_cselk_fallback,0.019323671497584627,0.019139340210697506,0.023696682464454975,8387641.55,1.0655832091441724
2025-11-03,JKH.N0000,21.3,21.5,21.1,21.5,7889347,tradingview_cselk_fallback,0.018957345971563955,0.018779894651596275,0.01860465116279063,8607087.5,0.9166105259183203
2025-11-04,JKH.N0000,21.5,21.5,21.2,21.5,6404475,tradingview_cselk_fallback,0.0,0.0,0.013953488372093056,8302544.3,0.7713870313224345
2025-11-06,JKH.N0000,21.7,21.9,21.6,21.7,11973740,tradingview_cselk_fallback,0.009302325581395321,0.009259325412796726,0.013824884792626597,8423150.5,1.421527491405977
2025-11-07,JKH.N0000,21.7,22.2,21.5,22.1,10938363,tradingview_cselk_fallback,0.018433179723502446,0.018265347977293404,0.031674208144796344,8350188.7,1.3099539894230174
2025-11-10,JKH.N0000,22.2,22.4,22.1,22.4,7045088,tradingview_cselk_fallback,0.013574660633484115,0.013483350337286988,0.013392857142857017,7765852.2,0.9071880095786525
2025-11-11,JKH.N0000,22.3,22.5,22.1,22.5,10861997,tradingview_cselk_fallback,0.0044642857142858094,0.004454350349380375,0.017777777777777715,7681102.2,1.4141195777866358
2025-11-12,JKH.N0000,22.5,23.0,22.5,22.8,15465544,tradingview_cselk_fallback,0.01333333333333342,0.013245226750020723,0.021929824561403508,8282943.55,1.8671555476193002
2025-11-13,JKH.N0000,22.9,23.0,22.3,22.5,7599450,tradingview_cselk_fallback,-0.013157894736842146,-0.01324522675002068,0.03111111111111108,8479025.0,0.8962646058951353
2025-11-14,JKH.N0000,22.5,22.6,22.1,22.5,3352156,tradingview_cselk_fallback,0.0,0.0,0.022222222222222223,8382027.2,0.39992187092878917
2025-11-17,JKH.N0000,22.6,22.7,22.2,22.5,1633702,tradingview_cselk_fallback,0.0,0.0,0.022222222222222223,8295898.95,0.19692886929390574
2025-11-18,JKH.N0000,22.5,22.9,22.5,22.6,6466493,tradingview_cselk_fallback,0.004444444444444473,0.004434597067865775,0.017699115044247725,8340754.25,0.775288757608462
2025-11-19,JKH.N0000,22.7,22.8,22.2,22.8,8377927,tradingview_cselk_fallback,0.008849557522123908,0.008810629682154906,0.02631578947368427,8560572.0,0.9786643929868237
2025-11-20,JKH.N0000,22.8,22.9,22.7,22.9,8293604,tradingview_cselk_fallback,0.004385964912280604,0.0043763745997987815,0.008733624454148442,8612057.9,0.963022322457911
2025-11-21,JKH.N0000,22.9,22.9,22.7,22.9,5538674,tradingview_cselk_fallback,0.0,0.0,0.008733624454148442,8593015.45,0.6445553405818676
2025-11-24,JKH.N0000,22.9,22.9,22.4,22.6,8417296,tradingview_cselk_fallback,-0.013100436681222627,-0.013187004281953688,0.022123893805309734,8731214.1,0.9640464548910787
2025-11-25,JKH.N0000,22.5,22.6,22.3,22.5,4018731,tradingview_cselk_fallback,-0.004424778761062065,-0.004434597067865864,0.013333333333333365,8630228.65,0.4656575350410907
2025-11-26,JKH.N0000,22.4,22.5,22.3,22.5,1408754,tradingview_cselk_fallback,0.0,0.0,0.008888888888888858,8024596.7,0.17555449235224493
2025-11-27,JKH.N0000,22.4,22.4,22.2,22.4,3213431,tradingview_cselk_fallback,-0.004444444444444473,-0.004454350349380309,0.008928571428571397,7787902.2,0.41261830432333885
2025-11-28,JKH.N0000,22.1,22.2,22.0,22.2,9473832,tradingview_cselk_fallback,-0.008928571428571397,-0.008968669982760375,0.009009009009008978,7365516.7,1.2862413304962026
2025-12-01,JKH.N0000,21.9,22.0,21.6,21.9,6277710,tradingview_cselk_fallback,-0.013513513513513598,-0.013605652055778709,0.01826484018264834,7232515.7,0.8679842893393235
2025-12-02,JKH.N0000,21.7,21.9,21.6,21.9,4335546,tradingview_cselk_fallback,0.0,0.0,0.013698630136986172,7054825.65,0.614550410611494
2025-12-03,JKH.N0000,21.9,21.9,21.4,21.6,5828335,tradingview_cselk_fallback,-0.013698630136986134,-0.013793322132335648,0.023148148148148147,7026018.65,0.8295359420943182
2025-12-05,JKH.N0000,21.5,21.7,20.8,21.0,5594013,tradingview_cselk_fallback,-0.02777777777777779,-0.028170876966696335,0.04285714285714279,6707032.3,0.8340518950534949
2025-12-08,JKH.N0000,21.0,21.3,20.7,20.9,2687108,tradingview_cselk_fallback,-0.004761904761904856,-0.004773278752657771,0.028708133971291936,6294469.55,0.4268998330447083
2025-12-09,JKH.N0000,20.9,21.1,20.7,21.1,3550852,tradingview_cselk_fallback,0.009569377990430672,0.009523881511255541,0.01895734597156408,6119757.75,0.5802275425036227
2025-12-10,JKH.N0000,21.2,21.2,20.8,20.9,5379703,tradingview_cselk_fallback,-0.009478672985782088,-0.00952388151125559,0.019138755980861177,5845643.05,0.9202927640270475
2025-12-11,JKH.N0000,21.0,21.2,20.8,21.1,22392960,tradingview_cselk_fallback,0.009569377990430672,0.009523881511255541,0.018957345971563913,6192013.85,3.6164260194605347
2025-12-12,JKH.N0000,21.1,21.5,21.0,21.3,6155799,tradingview_cselk_fallback,0.009478672985781866,0.009434032233358494,0.023474178403755867,6119831.3,1.005877237171554
2025-12-15,JKH.N0000,21.4,21.4,21.0,21.2,3086559,tradingview_cselk_fallback,-0.0046948356807512415,-0.004705891037412728,0.01886792452830182,6106551.45,0.5054504207935561
2025-12-16,JKH.N0000,21.0,21.2,20.9,21.1,1643733,tradingview_cselk_fallback,-0.004716981132075415,-0.0047281411959459,0.014218009478673018,6107053.0,0.26915322333046726
2025-12-17,JKH.N0000,21.1,21.3,21.0,21.1,5201280,tradingview_cselk_fallback,0.0,0.0,0.014218009478673018,6043792.35,0.8605987265594921
2025-12-18,JKH.N0000,21.2,21.3,20.9,21.3,2474205,tradingview_cselk_fallback,0.009478672985781866,0.009434032233358494,0.018779342723004796,5748606.25,0.4304008471618664
2025-12-19,JKH.N0000,21.3,21.3,21.0,21.2,4286241,tradingview_cselk_fallback,-0.0046948356807512415,-0.004705891037412728,0.014150943396226448,5548238.1,0.7725409261004859
2025-12-22,JKH.N0000,21.2,21.3,20.9,21.0,4149134,tradingview_cselk_fallback,-0.009433962264150941,-0.00947874395454377,0.01904761904761915,5478761.1,0.7573124515321539
2025-12-23,JKH.N0000,21.0,21.1,20.9,21.0,7172477,tradingview_cselk_fallback,0.0,0.0,0.00952380952380966,5416520.15,1.324185418196958
2025-12-24,JKH.N0000,21.0,21.2,20.8,21.1,13503435,tradingview_cselk_fallback,0.004761904761904745,0.004750602758597799,0.018957345971563913,5890755.35,2.292309593200132
2025-12-26,JKH.N0000,21.1,21.2,21.0,21.1,1214105,tradingview_cselk_fallback,0.0,0.0,0.009478672985781957,5881022.9,0.20644452855301754
2025-12-29,JKH.N0000,21.1,21.1,20.8,21.0,4080538,tradingview_cselk_fallback,-0.004739336492891044,-0.004750602758597865,0.01428571428571432,5924378.25,0.688770673952157
2025-12-30,JKH.N0000,21.0,21.2,20.9,21.2,3354003,tradingview_cselk_fallback,0.00952380952380949,0.009478743954543739,0.014150943396226448,5618386.8,0.5969690445663157
2025-12-31,JKH.N0000,21.2,21.9,21.0,21.6,3574843,tradingview_cselk_fallback,0.018867924528301883,0.018692133012152546,0.041666666666666595,5483243.45,0.6519577386263964
2026-01-02,JKH.N0000,21.9,21.9,21.3,21.5,1616287,tradingview_cselk_fallback,-0.00462962962962965,-0.004640379556502225,0.02790697674418595,5347280.5,0.302263365462126
2026-01-05,JKH.N0000,21.4,21.9,21.4,21.6,2714528,tradingview_cselk_fallback,0.0046511627906977715,0.004640379556502301,0.023148148148148147,5191590.15,0.5228702423668786
2026-01-06,JKH.N0000,21.6,22.2,21.6,22.1,4271638,tradingview_cselk_fallback,0.02314814814814814,0.022884293833587806,0.027149321266968226,5125471.4,0.8334136836662477
2026-01-07,JKH.N0000,22.2,22.3,22.1,22.3,140610,tradingview_cselk_fallback,0.009049773755656076,0.00900906994236591,0.00896860986547082,4998146.5,0.02813242869131587
2026-01-08,JKH.N0000,22.3,22.7,22.2,22.5,4692341,tradingview_cselk_fallback,0.008968609865470878,0.008928630744301398,0.022222222222222223,5055220.95,0.9282167973291058
2026-01-09,JKH.N0000,22.5,22.8,22.4,22.8,5400248,tradingview_cselk_fallback,0.01333333333333342,0.013245226750020723,0.0175438596491229,5056248.2,1.0680345952953811
2026-01-12,JKH.N0000,22.9,23.1,22.7,22.8,6107803,tradingview_cselk_fallback,0.0,0.0,0.0175438596491229,4241990.35,1.4398436809268085
2026-01-13,JKH.N0000,22.8,22.9,21.9,22.4,1659201,tradingview_cselk_fallback,-0.01754385964912286,-0.017699577099400975,0.044642857142857144,4017160.45,0.41302831207551094
2026-01-14,JKH.N0000,22.5,22.7,22.1,22.7,2181040,tradingview_cselk_fallback,0.013392857142857206,0.013303965626362886,0.026431718061673916,3971884.5,0.549119693686964
2026-01-16,JKH.N0000,22.6,22.7,22.1,22.3,1481041,tradingview_cselk_fallback,-0.017621145374449254,-0.01777824602128383,0.02690582959641246,3963749.9,0.3736464301140695
2026-01-19,JKH.N0000,22.2,22.4,22.0,22.4,4258346,tradingview_cselk_fallback,0.004484304932735439,0.004474280394921107,0.017857142857142794,3916603.2,1.0872548947516563
2026-01-20,JKH.N0000,22.3,22.4,22.0,22.1,1926258,tradingview_cselk_fallback,-0.013392857142856984,-0.013483350337286875,0.018099547511312153,3889205.85,0.49528311801752534
2026-01-21,JKH.N0000,22.0,22.1,21.8,22.0,5037279,tradingview_cselk_fallback,-0.004524886877828149,-0.004535155165391374,0.013636363636363669,3926757.75,1.2828086988559455
2026-01-22,JKH.N0000,21.9,22.1,21.9,22.0,3842745,tradingview_cselk_fallback,0.0,0.0,0.00909090909090922,3911438.3,0.982437841343426
2026-01-23,JKH.N0000,22.0,22.2,22.0,22.1,1479652,tradingview_cselk_fallback,0.00454545454545463,0.004535155165391363,0.009049773755656076,3626797.05,0.40797761209163885
2026-01-26,JKH.N0000,22.1,22.2,22.0,22.1,1990624,tradingview_cselk_fallback,0.0,0.0,0.009049773755656076,3051156.5,0.6524162231599723
2026-01-27,JKH.N0000,22.2,22.8,22.1,22.7,6134838,tradingview_cselk_fallback,0.02714932126696823,0.026787315963649763,0.030837004405286313,3297193.15,1.8606243919923224
2026-01-28,JKH.N0000,22.7,23.4,22.7,22.9,28307333,tradingview_cselk_fallback,0.008810572687224738,0.008771986072837041,0.03056768558951962,4508532.9,6.278612938590289
2026-01-29,JKH.N0000,23.0,23.2,22.5,22.7,2824707,tradingview_cselk_fallback,-0.008733624454148492,-0.008771986072836994,0.030837004405286313,4482068.1,0.6302240253779278
2026-01-30,JKH.N0000,22.8,22.8,22.6,22.7,2089194,tradingview_cselk_fallback,0.0,0.0,0.00881057268722464,4407785.65,0.47397813003905936
2026-02-02,JKH.N0000,22.7,22.7,22.4,22.5,2468555,tradingview_cselk_fallback,-0.008810572687224627,-0.0088496152769825,0.013333333333333365,4450399.05,0.5546817200583395
2026-02-03,JKH.N0000,22.5,22.6,22.4,22.5,3407636,tradingview_cselk_fallback,0.0,0.0,0.008888888888889016,4485054.45,0.7597758372810836
2026-02-05,JKH.N0000,22.5,22.9,22.4,22.7,4905341,tradingview_cselk_fallback,0.008888888888888946,0.0088496152769826,0.022026431718061675,4516739.6,1.0860358210599523
2026-02-06,JKH.N0000,22.7,22.9,22.6,22.8,6467917,tradingview_cselk_fallback,0.004405286343612369,0.004395611473038129,0.01315789473684198,4833104.95,1.3382529588975716
2026-02-09,JKH.N0000,22.7,22.7,22.1,22.3,3893129,tradingview_cselk_fallback,-0.021929824561403466,-0.022173857494321967,0.02690582959641246,4793144.35,0.8122286156476802
2026-02-10,JKH.N0000,22.2,22.6,22.1,22.5,2847760,tradingview_cselk_fallback,0.008968609865470878,0.008928630744301398,0.022222222222222223,4665519.95,0.6103842723896187
2026-02-11,JKH.N0000,22.4,22.7,22.3,22.5,2954469,tradingview_cselk_fallback,0.0,0.0,0.017777777777777715,4507853.25,0.6554048759240333
2026-02-12,JKH.N0000,22.5,22.6,22.3,22.3,1914041,tradingview_cselk_fallback,-0.008888888888888835,-0.008928630744301318,0.01345291479820631,4520595.25,0.4234046390240312
2026-02-13,JKH.N0000,22.3,22.4,22.1,22.1,1647892,tradingview_cselk_fallback,-0.008968609865470767,-0.009009069942365857,0.013574660633484033,4493937.85,0.3666922095951995
2026-02-16,JKH.N0000,22.1,22.4,22.0,22.4,2723901,tradingview_cselk_fallback,0.013574660633484115,0.013483350337286988,0.017857142857142794,4556080.85,0.597860549379847
2026-02-17,JKH.N0000,22.3,22.5,22.3,22.5,3291461,tradingview_cselk_fallback,0.0044642857142858094,0.004454350349380375,0.008888888888888858,4507736.6,0.7301804191487143
2026-02-18,JKH.N0000,22.5,22.6,22.5,22.6,5094853,tradingview_cselk_fallback,0.004444444444444473,0.004434597067865775,0.004424778761062009,4666166.35,1.0918712745849706
2026-02-19,JKH.N0000,22.6,23.1,22.6,22.7,10849064,tradingview_cselk_fallback,0.004424778761061843,0.004415018209116693,0.022026431718061675,4956755.6,2.1887429753445984
2026-02-20,JKH.N0000,22.8,22.9,22.5,22.7,1846182,tradingview_cselk_fallback,0.0,0.0,0.01762114537444928,4856927.45,0.38011315157692954
2026-02-23,JKH.N0000,22.7,22.8,22.5,22.7,1133031,tradingview_cselk_fallback,0.0,0.0,0.013215859030837036,4839596.4,0.23411683668497643
2026-02-24,JKH.N0000,22.6,22.7,22.1,22.1,4188751,tradingview_cselk_fallback,-0.02643171806167388,-0.02678731596364973,0.027149321266968226,4949502.75,0.8462973376466959
2026-02-25,JKH.N0000,22.1,22.5,22.1,22.5,1830781,tradingview_cselk_fallback,0.018099547511312153,0.01793770068666725,0.017777777777777715,4734299.9,0.3867057513614631
2026-02-26,JKH.N0000,22.6,22.9,22.6,22.8,8423848,tradingview_cselk_fallback,0.01333333333333342,0.013245226750020723,0.01315789473684198,3740125.65,2.252290106884511
2026-02-27,JKH.N0000,22.8,22.8,22.0,22.3,9044860,tradingview_cselk_fallback,-0.021929824561403466,-0.022173857494321967,0.03587443946188344,4051133.3,2.2326740026056413
2026-03-03,JKH.N0000,21.5,21.7,20.9,21.1,11295085,tradingview_cselk_fallback,-0.053811659192825045,-0.05531363798405219,0.03791469194312799,4511427.85,2.5036607866841982
2026-03-04,JKH.N0000,21.0,21.3,20.9,21.2,4505094,tradingview_cselk_fallback,0.004739336492890933,0.004728141195945896,0.018867924528301987,4613254.8,0.9765543407660899
2026-03-05,JKH.N0000,21.3,21.7,21.2,21.6,1807138,tradingview_cselk_fallback,0.018867924528301883,0.018692133012152546,0.023148148148148147,4533229.9,0.39864247785006446
2026-03-06,JKH.N0000,21.5,21.7,21.0,21.0,4286447,tradingview_cselk_fallback,-0.02777777777777779,-0.028170876966696335,0.0333333333333333,4502285.2,0.9520603004003388
2026-03-09,JKH.N0000,20.5,20.5,19.9,20.1,10817802,tradingview_cselk_fallback,-0.042857142857142816,-0.04380262265839289,0.029850746268656785,4719779.45,2.2920143016428445
2026-03-10,JKH.N0000,20.5,20.9,20.4,20.7,5056496,tradingview_cselk_fallback,0.02985074626865658,0.02941388520629319,0.024154589371980676,4777947.8,1.0582987114258553
2026-03-11,JKH.N0000,20.7,21.0,20.5,20.6,2138678,tradingview_cselk_fallback,-0.004830917874396046,-0.004842624475787903,0.024271844660194174,4742493.7,0.4509606412339567
2026-03-12,JKH.N0000,20.5,20.5,20.0,20.2,7811985,tradingview_cselk_fallback,-0.019417475728155442,-0.019608471388376424,0.024752475247524754,4985369.5,1.566982146458753
2026-03-13,JKH.N0000,20.1,20.1,19.9,20.0,4869947,tradingview_cselk_fallback,-0.00990099009900991,-0.009950330853168092,0.010000000000000142,5133164.8,0.9487221216821249
2026-03-16,JKH.N0000,19.8,19.8,19.0,19.3,20514813,tradingview_cselk_fallback,-0.03499999999999992,-0.03562717764315104,0.041450777202072575,6076510.85,3.3760843198362758
2026-03-17,JKH.N0000,19.2,19.3,18.9,18.9,8856912,tradingview_cselk_fallback,-0.020725388601036343,-0.02094317384524325,0.021164021164021277,6383161.4,1.3875431694395193
2026-03-18,JKH.N0000,19.0,19.0,18.3,18.9,13581314,tradingview_cselk_fallback,0.0,0.0,0.037037037037037,6897654.05,1.9689758143205225
2026-03-19,JKH.N0000,18.5,18.5,17.9,17.9,26183352,tradingview_cselk_fallback,-0.05291005291005291,-0.05436120921888738,0.03351955307262578,7952079.0,3.292642339192053
2026-03-20,JKH.N0000,18.0,18.6,17.9,18.1,29185599,tradingview_cselk_fallback,0.011173184357541999,0.011111225425070849,0.03867403314917142,8868905.75,3.2907778955707134
2026-03-23,JKH.N0000,18.0,18.1,17.8,18.1,8569975,tradingview_cselk_fallback,0.0,0.0,0.016574585635359153,9205095.4,0.9310033875368635
2026-03-24,JKH.N0000,18.5,18.8,18.5,18.8,11473454,tradingview_cselk_fallback,0.03867403314917128,0.03794493156412347,0.015957446808510675,9722116.55,1.1801395242479376
2026-03-25,JKH.N0000,18.9,19.5,18.9,19.3,12895211,tradingview_cselk_fallback,0.02659574468085113,0.02624822607493641,0.031088082901554476,10157439.55,1.269533619818589
2026-03-26,JKH.N0000,19.5,19.5,18.8,19.1,4454024,tradingview_cselk_fallback,-0.01036269430051806,-0.010416760858255604,0.036649214659685826,10288601.7,0.43290858465247034
2026-03-27,JKH.N0000,19.0,19.0,18.3,18.4,10735453,tradingview_cselk_fallback,-0.03664921465968596,-0.037337670437644355,0.03804347826086953,10404181.95,1.031840182302848
2026-03-30,JKH.N0000,18.4,18.4,17.9,18.0,16559615,tradingview_cselk_fallback,-0.021739130434782483,-0.021978906718775115,0.027777777777777776,10779919.7,1.53615383609954
2026-03-31,JKH.N0000,18.1,18.4,17.9,18.3,37717138,tradingview_cselk_fallback,0.016666666666666607,0.016529301951210506,0.0273224043715847,12101022.35,3.1168554944450624
2026-04-02,JKH.N0000,18.6,18.6,18.2,18.5,4798990,tradingview_cselk_fallback,0.010928961748633892,0.010869672236903891,0.021621621621621737,12115717.15,0.3960962393381724
2026-04-06,JKH.N0000,18.5,19.0,18.3,18.7,13236590,tradingview_cselk_fallback,0.0108108108108107,0.010752791776261697,0.037433155080213866,12687189.75,1.0433035416688712
2026-04-07,JKH.N0000,19.0,19.0,18.4,18.6,2642368,tradingview_cselk_fallback,-0.005347593582887611,-0.005361943141385287,0.03225806451612911,12604985.8,0.2096287962498141
2026-04-08,JKH.N0000,19.9,19.9,19.5,19.8,18436256,tradingview_cselk_fallback,0.06451612903225801,0.06252035698133393,0.02020202020202013,12985908.5,1.4197124521553497
2026-04-09,JKH.N0000,19.7,19.7,19.2,19.7,7989681,tradingview_cselk_fallback,-0.005050505050505083,-0.005063301956546762,0.025380710659898477,13132567.75,0.6083868099595374
2026-04-10,JKH.N0000,19.7,20.3,19.7,20.1,11196500,tradingview_cselk_fallback,0.020304568527918843,0.020101179321087303,0.029850746268656785,13585458.85,0.8241532452913801
2026-04-15,JKH.N0000,20.0,20.2,19.9,20.2,3515006,tradingview_cselk_fallback,0.004975124378109319,0.004962789342128876,0.014851485148514887,13370609.9,0.26289047592361514
2026-04-16,JKH.N0000,20.1,20.5,20.1,20.5,3766575,tradingview_cselk_fallback,0.014851485148514865,0.014742281737203431,0.01951219512195115,13315441.3,0.28287271260022
2026-04-17,JKH.N0000,20.4,20.5,20.3,20.5,2753047,tradingview_cselk_fallback,0.0,0.0,0.009756097560975575,12427353.0,0.22153124643679148
2026-04-20,JKH.N0000,20.5,20.5,20.1,20.4,6744539,tradingview_cselk_fallback,-0.00487804878048792,-0.004889985294191904,0.019607843137254832,12321734.35,0.5473692914017417
2026-04-21,JKH.N0000,20.5,20.5,20.2,20.3,3839305,tradingview_cselk_fallback,-0.004901960784313597,-0.004914014802428929,0.014778325123152743,11834633.9,0.3244126546238156
2026-04-22,JKH.N0000,20.3,20.4,20.1,20.2,1293286,tradingview_cselk_fallback,-0.0049261083743843415,-0.004938281640582677,0.014851485148514712,10590130.6,0.12212181783669411
2026-04-23,JKH.N0000,20.2,20.2,20.0,20.1,3306503,tradingview_cselk_fallback,-0.004950495049504844,-0.004962789342128902,0.009950248756218869,9296175.8,0.3556842158686371
2026-04-24,JKH.N0000,20.0,20.3,20.0,20.2,1016365,tradingview_cselk_fallback,0.004975124378109319,0.004962789342128876,0.014851485148514887,8918495.3,0.11396148854841016
2026-04-27,JKH.N0000,20.2,20.4,20.2,20.4,1927337,tradingview_cselk_fallback,0.00990099009900991,0.00985229644301164,0.009803921568627416,8441189.45,0.22832528655070053
2026-04-28,JKH.N0000,20.4,20.6,20.3,20.5,5861871,tradingview_cselk_fallback,0.004901960784313708,0.00488998529419177,0.014634146341463448,8089522.45,0.7246250982343216
2026-04-29,JKH.N0000,20.5,20.8,20.5,20.6,5533466,tradingview_cselk_fallback,0.004878048780487809,0.004866189651172906,0.014563106796116538,8143494.55,0.6794952665621911
2026-04-30,JKH.N0000,20.6,20.6,20.3,20.4,10589366,tradingview_cselk_fallback,-0.009708737864077777,-0.009756174945364798,0.014705882352941213,8136190.2,1.3015140673579633
2026-05-04,JKH.N0000,20.5,20.5,20.3,20.4,1401383,tradingview_cselk_fallback,0.0,0.0,0.009803921568627416,7378278.6,0.1899335977906825
2026-05-05,JKH.N0000,20.4,20.4,20.3,20.4,1911630,tradingview_cselk_fallback,0.0,0.0,0.004901960784313621,5588003.2,0.3420953660155384
2026-05-06,JKH.N0000,20.4,20.7,20.4,20.6,6166755,tradingview_cselk_fallback,0.009803921568627638,0.009756174945364874,0.014563106796116538,5656391.45,1.090227763497521
2026-05-07,JKH.N0000,20.6,20.8,20.6,20.7,6268465,tradingview_cselk_fallback,0.004854368932038833,0.004842624475787991,0.009661835748792237,5307985.2,1.1809499770270648
