Date,Gold,Oil,VIX
2012-02-14,1715.9000244140625,100.73999786376953,19.540000915527344
2012-02-15,1726.300048828125,101.80000305175781,21.139999389648438
2012-02-16,1726.800048828125,102.30999755859375,19.219999313354492
2012-02-17,1724.5,103.23999786376953,17.780000686645508
2012-02-21,1757.0999755859375,105.83999633789062,18.190000534057617
2012-02-22,1770.0,106.27999877929688,18.190000534057617
2012-02-23,1784.9000244140625,107.83000183105469,16.799999237060547
2012-02-24,1775.0999755859375,109.7699966430664,17.309999465942383
2012-02-27,1773.5999755859375,108.55999755859375,18.190000534057617
2012-02-28,1787.0,106.55000305175781,17.959999084472656
2012-02-29,1709.9000244140625,107.06999969482422,18.43000030517578
2012-03-01,1721.0999755859375,108.83999633789062,17.260000228881836
2012-03-02,1708.800048828125,106.69999694824219,17.290000915527344
2012-03-05,1703.0,106.72000122070312,18.049999237060547
2012-03-06,1671.4000244140625,104.69999694824219,20.8700008392334
2012-03-07,1683.300048828125,106.16000366210938,19.06999969482422
2012-03-08,1698.0999755859375,106.58000183105469,17.950000762939453
2012-03-09,1710.9000244140625,107.4000015258789,17.110000610351562
2012-03-12,1699.199951171875,106.33999633789062,15.640000343322754
2012-03-13,1693.699951171875,106.70999908447266,14.800000190734863
2012-03-14,1642.5,105.43000030517578,15.3100004196167
2012-03-15,1659.0999755859375,105.11000061035156,15.420000076293945
2012-03-16,1655.5,107.05999755859375,14.470000267028809
2012-03-19,1666.9000244140625,108.08999633789062,15.039999961853027
2012-03-20,1646.699951171875,105.61000061035156,15.579999923706055
2012-03-21,1650.0,107.2699966430664,15.130000114440918
2012-03-22,1642.300048828125,105.3499984741211,15.569999694824219
2012-03-23,1662.300048828125,106.87000274658203,14.819999694824219
2012-03-26,1685.5,107.02999877929688,14.260000228881836
2012-03-27,1684.800048828125,107.33000183105469,15.59000015258789
2012-03-28,1657.9000244140625,105.41000366210938,15.470000267028809
2012-03-29,1652.199951171875,102.77999877929688,15.479999542236328
2012-03-30,1669.300048828125,103.0199966430664,15.5
2012-04-02,1677.5,105.2300033569336,15.640000343322754
2012-04-03,1670.0,104.01000213623047,15.65999984741211
2012-04-04,1612.300048828125,101.47000122070312,16.440000534057617
2012-04-05,1628.5,103.30999755859375,16.700000762939453
2012-04-09,1642.5,102.45999908447266,18.809999465942383
2012-04-10,1659.5,101.0199966430664,20.389999389648438
2012-04-11,1659.0,102.69999694824219,20.020000457763672
2012-04-12,1679.5,103.63999938964844,17.200000762939453
2012-04-13,1659.0999755859375,102.83000183105469,19.549999237060547
2012-04-16,1648.699951171875,102.93000030517578,19.549999237060547
2012-04-17,1650.300048828125,104.19999694824219,18.459999084472656
2012-04-18,1638.800048828125,102.66999816894531,18.639999389648438
2012-04-19,1640.5999755859375,102.2699966430664,18.360000610351562
2012-04-20,1642.0999755859375,103.05000305175781,17.440000534057617
2012-04-23,1631.9000244140625,103.11000061035156,18.969999313354492
2012-04-24,1643.0,103.55000305175781,18.100000381469727
2012-04-25,1641.4000244140625,104.12000274658203,16.81999969482422
2012-04-26,1659.5999755859375,104.55000305175781,16.239999771118164
2012-04-27,1664.0,104.93000030517578,16.31999969482422
2012-04-30,1663.4000244140625,104.87000274658203,17.149999618530273
2012-05-01,1661.699951171875,106.16000366210938,16.600000381469727
2012-05-02,1653.4000244140625,105.22000122070312,16.8799991607666
2012-05-03,1634.199951171875,102.54000091552734,17.559999465942383
2012-05-04,1644.699951171875,98.48999786376953,19.15999984741211
2012-05-07,1638.5999755859375,97.94000244140625,18.940000534057617
2012-05-08,1604.0,97.01000213623047,19.049999237060547
2012-05-09,1593.699951171875,96.80999755859375,20.079999923706055
2012-05-10,1595.0999755859375,97.08000183105469,18.829999923706055
2012-05-11,1583.5999755859375,96.12999725341797,19.889999389648438
2012-05-14,1560.5999755859375,94.77999877929688,21.8700008392334
2012-05-15,1556.800048828125,93.9800033569336,21.969999313354492
2012-05-16,1536.199951171875,92.80999755859375,22.270000457763672
2012-05-17,1574.5,92.55999755859375,24.489999771118164
2012-05-18,1591.5999755859375,91.4800033569336,25.100000381469727
2012-05-21,1588.4000244140625,92.56999969482422,22.010000228881836
2012-05-22,1576.300048828125,91.66000366210938,22.479999542236328
2012-05-23,1548.0999755859375,89.9000015258789,22.329999923706055
2012-05-24,1557.300048828125,90.66000366210938,21.540000915527344
2012-05-25,1568.800048828125,90.86000061035156,21.760000228881836
2012-05-29,1548.5999755859375,90.76000213623047,21.030000686645508
2012-05-30,1563.4000244140625,87.81999969482422,24.139999389648438
2012-05-31,1562.5999755859375,86.52999877929688,24.059999465942383
2012-06-01,1620.5,83.2300033569336,26.65999984741211
2012-06-04,1612.199951171875,83.9800033569336,26.1200008392334
2012-06-05,1615.199951171875,84.29000091552734,24.68000030517578
2012-06-06,1632.800048828125,85.0199966430664,22.15999984741211
2012-06-07,1586.5999755859375,84.81999969482422,21.719999313354492
2012-06-08,1590.0999755859375,84.0999984741211,21.229999542236328
2012-06-11,1595.5,82.69999694824219,23.559999465942383
2012-06-12,1612.699951171875,83.31999969482422,22.09000015258789
2012-06-13,1618.0999755859375,82.62000274658203,24.270000457763672
2012-06-14,1618.4000244140625,83.91000366210938,21.68000030517578
2012-06-15,1627.0,84.02999877929688,21.110000610351562
2012-06-18,1625.699951171875,83.2699966430664,18.31999969482422
2012-06-19,1622.199951171875,84.02999877929688,18.3799991607666
2012-06-20,1614.800048828125,81.80000305175781,17.239999771118164
2012-06-21,1564.5,78.19999694824219,20.079999923706055
2012-06-22,1566.0,79.76000213623047,18.110000610351562
2012-06-25,1587.5,79.20999908447266,20.3799991607666
2012-06-26,1574.0,79.36000061035156,19.719999313354492
2012-06-27,1577.5,80.20999908447266,19.450000762939453
2012-06-28,1549.699951171875,77.69000244140625,19.709999084472656
2012-06-29,1603.5,84.95999908447266,17.079999923706055
2012-07-02,1597.199951171875,83.75,16.799999237060547
2012-07-03,1621.300048828125,87.66000366210938,16.65999984741211
2012-07-05,1608.9000244140625,87.22000122070312,17.5
2012-07-06,1578.4000244140625,84.44999694824219,17.100000381469727
2012-07-09,1588.5999755859375,85.98999786376953,17.979999542236328
2012-07-10,1579.300048828125,83.91000366210938,18.719999313354492
2012-07-11,1575.199951171875,85.80999755859375,17.950000762939453
2012-07-12,1564.9000244140625,86.08000183105469,18.329999923706055
2012-07-13,1591.5999755859375,87.0999984741211,16.739999771118164
2012-07-16,1591.199951171875,88.43000030517578,17.110000610351562
2012-07-17,1589.0999755859375,89.22000122070312,16.479999542236328
2012-07-18,1570.4000244140625,89.87000274658203,16.15999984741211
2012-07-19,1580.0999755859375,92.66000366210938,15.449999809265137
2012-07-20,1582.5,91.44000244140625,16.270000457763672
2012-07-23,1577.0999755859375,88.13999938964844,18.6200008392334
2012-07-24,1576.0,88.5,20.469999313354492
2012-07-25,1608.0,88.97000122070312,19.34000015258789
2012-07-26,1615.0,89.38999938964844,17.530000686645508
2012-07-27,1617.9000244140625,90.12999725341797,16.700000762939453
2012-07-30,1619.699951171875,89.77999877929688,18.030000686645508
2012-07-31,1610.5,88.05999755859375,18.93000030517578
2012-08-01,1603.699951171875,88.91000366210938,18.959999084472656
2012-08-02,1587.4000244140625,87.12999725341797,17.56999969482422
2012-08-03,1606.0,91.4000015258789,15.640000343322754
2012-08-06,1612.9000244140625,92.19999694824219,15.949999809265137
2012-08-07,1609.699951171875,93.66999816894531,15.989999771118164
2012-08-08,1612.9000244140625,93.3499984741211,15.319999694824219
2012-08-09,1617.0999755859375,93.36000061035156,15.279999732971191
2012-08-10,1619.699951171875,92.87000274658203,14.739999771118164
2012-08-13,1609.5999755859375,92.7300033569336,13.699999809265137
2012-08-14,1599.4000244140625,93.43000030517578,14.850000381469727
2012-08-15,1603.699951171875,94.33000183105469,14.630000114440918
2012-08-16,1616.0999755859375,95.5999984741211,14.289999961853027
2012-08-17,1616.300048828125,96.01000213623047,13.449999809265137
2012-08-20,1620.0999755859375,95.97000122070312,14.020000457763672
2012-08-21,1639.9000244140625,96.68000030517578,15.020000457763672
2012-08-22,1637.4000244140625,97.26000213623047,15.109999656677246
2012-08-23,1669.5999755859375,96.2699966430664,15.960000038146973
2012-08-24,1669.800048828125,96.1500015258789,15.180000305175781
2012-08-27,1672.4000244140625,95.47000122070312,16.350000381469727
2012-08-28,1666.5,96.33000183105469,16.489999771118164
2012-08-29,1659.800048828125,95.48999786376953,17.059999465942383
2012-08-30,1653.5,94.62000274658203,17.829999923706055
2012-08-31,1684.5999755859375,96.47000122070312,17.469999313354492
2012-09-04,1692.9000244140625,95.30000305175781,17.979999542236328
2012-09-05,1690.800048828125,95.36000061035156,17.739999771118164
2012-09-06,1702.5999755859375,95.52999877929688,15.600000381469727
2012-09-07,1737.5,96.41999816894531,14.380000114440918
2012-09-10,1728.699951171875,96.54000091552734,16.280000686645508
2012-09-11,1731.800048828125,97.16999816894531,16.40999984741211
2012-09-12,1730.5999755859375,97.01000213623047,15.800000190734863
2012-09-13,1769.0999755859375,98.30999755859375,14.050000190734863
2012-09-14,1769.800048828125,99.0,14.510000228881836
2012-09-17,1767.699951171875,96.62000274658203,14.59000015258789
2012-09-18,1768.4000244140625,95.29000091552734,14.180000305175781
2012-09-19,1769.0,91.9800033569336,13.880000114440918
2012-09-20,1767.699951171875,91.87000274658203,14.069999694824219
2012-09-21,1775.5,92.88999938964844,13.979999542236328
2012-09-24,1762.0999755859375,91.93000030517578,14.149999618530273
2012-09-25,1763.800048828125,91.37000274658203,15.430000305175781
2012-09-26,1750.5999755859375,89.9800033569336,16.809999465942383
2012-09-27,1777.5999755859375,91.8499984741211,14.84000015258789
2012-09-28,1771.0999755859375,92.19000244140625,15.729999542236328
2012-10-01,1780.5,92.4800033569336,16.31999969482422
2012-10-02,1772.699951171875,91.88999938964844,15.710000038146973
2012-10-03,1777.300048828125,88.13999938964844,15.430000305175781
2012-10-04,1794.0999755859375,91.70999908447266,14.550000190734863
2012-10-05,1778.5999755859375,89.87999725341797,14.329999923706055
2012-10-08,1773.5,89.33000183105469,15.109999656677246
2012-10-09,1763.0,92.38999938964844,16.3700008392334
2012-10-10,1763.199951171875,91.25,16.290000915527344
2012-10-11,1768.800048828125,92.06999969482422,15.59000015258789
2012-10-12,1758.0,91.86000061035156,16.139999389648438
2012-10-15,1736.0,91.8499984741211,15.270000457763672
2012-10-16,1744.699951171875,92.08999633789062,15.220000267028809
2012-10-17,1751.5,92.12000274658203,15.069999694824219
2012-10-18,1743.300048828125,92.0999984741211,15.029999732971191
2012-10-19,1722.800048828125,90.05000305175781,17.059999465942383
2012-10-22,1725.0999755859375,88.7300033569336,16.6200008392334
2012-10-23,1708.300048828125,86.66999816894531,18.829999923706055
2012-10-24,1700.5,85.7300033569336,18.329999923706055
2012-10-25,1712.0,86.05000305175781,18.1200008392334
2012-10-26,1710.9000244140625,86.27999877929688,17.809999465942383
2012-10-31,1717.5,86.23999786376953,18.600000381469727
2012-11-01,1714.0999755859375,87.08999633789062,16.690000534057617
2012-11-02,1674.0999755859375,84.86000061035156,17.59000015258789
2012-11-05,1682.199951171875,85.6500015258789,18.420000076293945
2012-11-06,1714.0999755859375,88.70999908447266,17.579999923706055
2012-11-07,1713.199951171875,84.44000244140625,19.079999923706055
2012-11-08,1725.4000244140625,85.08999633789062,18.489999771118164
2012-11-09,1730.300048828125,86.06999969482422,18.610000610351562
2012-11-12,1730.300048828125,85.56999969482422,16.68000030517578
2012-11-13,1724.199951171875,85.37999725341797,16.649999618530273
2012-11-14,1729.5,86.31999969482422,17.920000076293945
2012-11-15,1713.300048828125,85.44999694824219,17.989999771118164
2012-11-16,1714.300048828125,86.66999816894531,16.40999984741211
2012-11-19,1734.0,89.27999877929688,15.239999771118164
2012-11-20,1723.199951171875,86.75,15.079999923706055
2012-11-21,1727.9000244140625,87.37999725341797,15.3100004196167
2012-11-23,1751.300048828125,88.27999877929688,15.140000343322754
2012-11-26,1749.5,87.73999786376953,15.5
2012-11-27,1742.199951171875,87.18000030517578,15.920000076293945
2012-11-28,1716.5,86.48999786376953,15.510000228881836
2012-11-29,1727.199951171875,88.06999969482422,15.0600004196167
2012-11-30,1710.9000244140625,88.91000366210938,15.869999885559082
2012-12-03,1719.5999755859375,89.08999633789062,16.639999389648438
2012-12-04,1694.4000244140625,88.5,17.1200008392334
2012-12-05,1692.4000244140625,87.87999725341797,16.459999084472656
2012-12-06,1700.300048828125,86.26000213623047,16.579999923706055
2012-12-07,1704.0,85.93000030517578,15.899999618530273
2012-12-10,1713.0,85.55999755859375,16.049999237060547
2012-12-11,1708.199951171875,85.79000091552734,15.569999694824219
2012-12-12,1716.5999755859375,86.7699966430664,15.949999809265137
2012-12-13,1695.5999755859375,85.88999938964844,16.559999465942383
2012-12-14,1695.800048828125,86.7300033569336,17.0
2012-12-17,1697.0,87.19999694824219,16.34000015258789
2012-12-18,1669.5,87.93000030517578,15.569999694824219
2012-12-19,1666.5,89.51000213623047,17.360000610351562
2012-12-20,1644.9000244140625,90.12999725341797,17.670000076293945
2012-12-21,1659.0999755859375,88.66000366210938,17.84000015258789
2012-12-24,1658.5999755859375,88.61000061035156,17.84000015258789
2012-12-26,1659.800048828125,90.9800033569336,19.479999542236328
2012-12-27,1662.5999755859375,90.87000274658203,19.469999313354492
2012-12-28,1654.9000244140625,90.80000305175781,22.719999313354492
2012-12-31,1674.800048828125,91.81999969482422,18.020000457763672
2013-01-02,1687.9000244140625,93.12000274658203,14.680000305175781
2013-01-03,1673.699951171875,92.91999816894531,14.5600004196167
2013-01-04,1648.0999755859375,93.08999633789062,13.829999923706055
2013-01-07,1645.5,93.19000244140625,13.789999961853027
2013-01-08,1661.5,93.1500015258789,13.619999885559082
2013-01-09,1654.800048828125,93.0999984741211,13.8100004196167
2013-01-10,1677.300048828125,93.81999969482422,13.489999771118164
2013-01-11,1660.0,93.55999755859375,13.359999656677246
2013-01-14,1668.9000244140625,94.13999938964844,13.520000457763672
2013-01-15,1683.4000244140625,93.27999877929688,13.550000190734863
2013-01-16,1682.699951171875,94.23999786376953,13.420000076293945
2013-01-17,1690.4000244140625,95.48999786376953,13.569999694824219
2013-01-18,1686.5999755859375,95.55999755859375,12.460000038146973
2013-01-22,1692.800048828125,96.23999786376953,12.430000305175781
2013-01-23,1686.300048828125,95.2300033569336,12.460000038146973
2013-01-24,1669.5,95.94999694824219,12.6899995803833
2013-01-25,1656.4000244140625,95.87999725341797,12.890000343322754
2013-01-28,1652.4000244140625,96.44000244140625,13.569999694824219
2013-01-29,1660.699951171875,97.56999969482422,13.3100004196167
2013-01-30,1679.9000244140625,97.94000244140625,14.319999694824219
2013-01-31,1660.5999755859375,97.48999786376953,14.279999732971191
2013-02-01,1669.4000244140625,97.7699966430664,12.899999618530273
2013-02-04,1675.300048828125,96.16999816894531,14.670000076293945
2013-02-05,1672.4000244140625,96.63999938964844,13.720000267028809
2013-02-06,1677.699951171875,96.62000274658203,13.40999984741211
2013-02-07,1670.4000244140625,95.83000183105469,13.5
2013-02-08,1666.0,95.72000122070312,13.020000457763672
2013-02-11,1648.199951171875,97.02999877929688,12.9399995803833
2013-02-12,1648.699951171875,97.51000213623047,12.640000343322754
2013-02-13,1644.199951171875,97.01000213623047,12.979999542236328
2013-02-14,1634.699951171875,97.30999755859375,12.65999984741211
2013-02-15,1608.800048828125,95.86000061035156,12.460000038146973
2013-02-19,1603.5999755859375,96.66000366210938,12.3100004196167
2013-02-20,1577.5999755859375,94.45999908447266,14.680000305175781
2013-02-21,1578.199951171875,92.83999633789062,15.220000267028809
2013-02-22,1572.4000244140625,93.12999725341797,14.170000076293945
2013-02-25,1586.199951171875,93.11000061035156,18.989999771118164
2013-02-26,1615.199951171875,92.62999725341797,16.8700008392334
2013-02-27,1595.199951171875,92.76000213623047,14.729999542236328
2013-02-28,1577.699951171875,92.05000305175781,15.510000228881836
2013-03-01,1571.9000244140625,90.68000030517578,15.359999656677246
2013-03-04,1572.0999755859375,90.12000274658203,14.010000228881836
2013-03-05,1574.5999755859375,90.81999969482422,13.479999542236328
2013-03-06,1574.5999755859375,90.43000030517578,13.529999732971191
2013-03-07,1574.800048828125,91.55999755859375,13.0600004196167
2013-03-08,1576.5999755859375,91.94999694824219,12.59000015258789
2013-03-11,1577.800048828125,92.05999755859375,11.5600004196167
2013-03-12,1591.5,92.54000091552734,12.270000457763672
2013-03-13,1588.300048828125,92.5199966430664,11.829999923706055
2013-03-14,1590.5999755859375,93.02999877929688,11.300000190734863
2013-03-15,1592.5,93.44999694824219,11.300000190734863
2013-03-18,1604.5999755859375,93.73999786376953,13.359999656677246
2013-03-19,1611.300048828125,92.16000366210938,14.390000343322754
2013-03-20,1607.5,92.95999908447266,12.670000076293945
2013-03-21,1613.800048828125,92.44999694824219,13.989999771118164
2013-03-22,1606.199951171875,93.70999908447266,13.569999694824219
2013-03-25,1604.5999755859375,94.80999755859375,13.739999771118164
2013-03-26,1595.800048828125,96.33999633789062,12.770000457763672
2013-03-27,1606.199951171875,96.58000183105469,13.149999618530273
2013-03-28,1594.800048828125,97.2300033569336,12.699999809265137
2013-04-01,1600.0,97.06999969482422,13.579999923706055
2013-04-02,1575.0999755859375,97.19000244140625,12.779999732971191
2013-04-03,1552.800048828125,94.44999694824219,14.210000038146973
2013-04-04,1551.800048828125,93.26000213623047,13.890000343322754
2013-04-05,1575.4000244140625,92.69999694824219,13.920000076293945
2013-04-08,1572.0,93.36000061035156,13.1899995803833
2013-04-09,1586.199951171875,94.19999694824219,12.84000015258789
2013-04-10,1558.300048828125,94.63999938964844,12.359999656677246
2013-04-11,1564.300048828125,93.51000213623047,12.239999771118164
2013-04-12,1501.0,91.29000091552734,12.0600004196167
2013-04-15,1360.5999755859375,88.70999908447266,17.270000457763672
2013-04-16,1386.800048828125,88.72000122070312,13.960000038146973
2013-04-17,1382.199951171875,86.68000030517578,16.510000228881836
2013-04-18,1392.0,87.7300033569336,17.559999465942383
2013-04-19,1395.300048828125,88.01000213623047,14.970000267028809
2013-04-22,1421.0,88.76000213623047,14.390000343322754
2013-04-23,1408.5999755859375,89.18000030517578,13.479999542236328
2013-04-24,1423.4000244140625,91.43000030517578,13.609999656677246
2013-04-25,1461.800048828125,93.63999938964844,13.619999885559082
2013-04-26,1453.5999755859375,93.0,13.609999656677246
2013-04-29,1467.4000244140625,94.5,13.710000038146973
2013-04-30,1472.199951171875,93.45999908447266,13.520000457763672
2013-05-01,1446.300048828125,91.02999877929688,14.489999771118164
2013-05-02,1467.699951171875,93.98999786376953,13.59000015258789
2013-05-03,1464.300048828125,95.61000061035156,12.850000381469727
2013-05-06,1468.0999755859375,96.16000366210938,12.65999984741211
2013-05-07,1449.0,95.62000274658203,12.829999923706055
2013-05-08,1473.9000244140625,96.62000274658203,12.65999984741211
2013-05-09,1468.800048828125,96.38999938964844,13.130000114440918
2013-05-10,1436.800048828125,96.04000091552734,12.59000015258789
2013-05-13,1434.5,95.16999816894531,12.550000190734863
2013-05-14,1424.699951171875,94.20999908447266,12.770000457763672
2013-05-15,1396.5,94.30000305175781,12.8100004196167
2013-05-16,1387.0999755859375,95.16000366210938,13.069999694824219
2013-05-17,1364.9000244140625,96.0199966430664,12.449999809265137
2013-05-20,1384.300048828125,96.70999908447266,13.020000457763672
2013-05-21,1377.800048828125,96.16000366210938,13.369999885559082
2013-05-22,1367.5999755859375,94.27999877929688,13.819999694824219
2013-05-23,1392.0,94.25,14.069999694824219
2013-05-24,1386.800048828125,94.1500015258789,13.989999771118164
2013-05-28,1379.0999755859375,95.01000213623047,14.479999542236328
2013-05-29,1391.300048828125,93.12999725341797,14.829999923706055
2013-05-30,1411.5,93.61000061035156,14.529999732971191
2013-05-31,1392.5999755859375,91.97000122070312,16.299999237060547
2013-06-03,1411.699951171875,93.44999694824219,16.280000686645508
2013-06-04,1397.0999755859375,93.30999755859375,16.270000457763672
2013-06-05,1398.4000244140625,93.73999786376953,17.5
2013-06-06,1415.699951171875,94.76000213623047,16.6299991607666
2013-06-07,1383.0,96.02999877929688,15.140000343322754
2013-06-10,1386.199951171875,95.7699966430664,15.4399995803833
2013-06-11,1377.0,95.37999725341797,17.06999969482422
2013-06-12,1391.800048828125,95.87999725341797,18.59000015258789
2013-06-13,1377.5999755859375,96.69000244140625,16.40999984741211
2013-06-14,1387.300048828125,97.8499984741211,17.149999618530273
2013-06-17,1382.800048828125,97.7699966430664,16.799999237060547
2013-06-18,1366.5999755859375,98.44000244140625,16.610000610351562
2013-06-19,1373.5999755859375,98.23999786376953,16.639999389648438
2013-06-20,1285.9000244140625,95.4000015258789,20.489999771118164
2013-06-21,1291.5999755859375,93.69000244140625,18.899999618530273
2013-06-24,1276.800048828125,95.18000030517578,20.110000610351562
2013-06-25,1274.800048828125,95.31999969482422,18.469999313354492
2013-06-26,1229.5999755859375,95.5,17.209999084472656
2013-06-27,1211.4000244140625,97.05000305175781,16.860000610351562
2013-06-28,1223.800048828125,96.55999755859375,16.860000610351562
2013-07-01,1255.9000244140625,97.98999786376953,16.3700008392334
2013-07-02,1243.5999755859375,99.5999984741211,16.440000534057617
2013-07-03,1252.0999755859375,101.23999786376953,16.200000762939453
2013-07-05,1212.9000244140625,103.22000122070312,14.890000343322754
2013-07-08,1234.9000244140625,103.13999938964844,14.779999732971191
2013-07-09,1245.9000244140625,103.52999877929688,14.350000381469727
2013-07-10,1247.4000244140625,106.5199966430664,14.210000038146973
2013-07-11,1280.0999755859375,104.91000366210938,14.010000228881836
2013-07-12,1277.800048828125,105.94999694824219,13.84000015258789
2013-07-15,1283.800048828125,106.31999969482422,13.789999961853027
2013-07-16,1290.800048828125,106.0,14.420000076293945
2013-07-17,1277.9000244140625,106.4800033569336,13.779999732971191
2013-07-18,1284.5999755859375,108.04000091552734,13.770000457763672
2013-07-19,1293.300048828125,108.05000305175781,12.539999961853027
2013-07-22,1336.4000244140625,106.91000366210938,12.289999961853027
2013-07-23,1335.0999755859375,107.2300033569336,12.65999984741211
2013-07-24,1319.699951171875,105.38999938964844,13.180000305175781
2013-07-25,1329.0,105.48999786376953,12.970000267028809
2013-07-26,1321.699951171875,104.69999694824219,12.720000267028809
2013-07-29,1328.4000244140625,104.55000305175781,13.390000343322754
2013-07-30,1324.0,103.08000183105469,13.390000343322754
2013-07-31,1312.4000244140625,105.02999877929688,13.449999809265137
2013-08-01,1311.0,107.88999938964844,12.9399995803833
2013-08-02,1310.5999755859375,106.94000244140625,11.979999542236328
2013-08-05,1302.5999755859375,106.55999755859375,11.84000015258789
2013-08-06,1283.199951171875,105.30000305175781,12.720000267028809
2013-08-07,1286.0999755859375,104.37000274658203,12.979999542236328
2013-08-08,1310.699951171875,103.4000015258789,12.729999542236328
2013-08-09,1312.9000244140625,105.97000122070312,13.40999984741211
2013-08-12,1334.699951171875,106.11000061035156,12.8100004196167
2013-08-13,1321.199951171875,106.83000183105469,12.3100004196167
2013-08-14,1334.0,106.8499984741211,13.039999961853027
2013-08-15,1361.5999755859375,107.33000183105469,14.729999542236328
2013-08-16,1371.699951171875,107.45999908447266,14.369999885559082
2013-08-19,1366.199951171875,107.0999984741211,15.100000381469727
2013-08-20,1373.0999755859375,104.97000122070312,14.90999984741211
2013-08-21,1370.5999755859375,103.8499984741211,15.9399995803833
2013-08-22,1371.199951171875,105.02999877929688,14.760000228881836
2013-08-23,1395.699951171875,106.41999816894531,13.979999542236328
2013-08-26,1393.0,105.91999816894531,14.989999771118164
2013-08-27,1420.5999755859375,109.01000213623047,16.770000457763672
2013-08-28,1419.0,110.0999984741211,16.489999771118164
2013-08-29,1412.9000244140625,108.80000305175781,16.809999465942383
2013-08-30,1396.0999755859375,107.6500015258789,17.010000228881836
2013-09-03,1412.0,108.54000091552734,16.610000610351562
2013-09-04,1389.9000244140625,107.2300033569336,15.880000114440918
2013-09-05,1373.0999755859375,108.37000274658203,15.770000457763672
2013-09-06,1386.699951171875,110.52999877929688,15.850000381469727
2013-09-09,1386.800048828125,109.5199966430664,15.630000114440918
2013-09-10,1364.0999755859375,107.38999938964844,14.529999732971191
2013-09-11,1363.9000244140625,107.55999755859375,13.819999694824219
2013-09-12,1330.4000244140625,108.5999984741211,14.289999961853027
2013-09-13,1308.4000244140625,108.20999908447266,14.15999984741211
2013-09-16,1317.9000244140625,106.58999633789062,14.380000114440918
2013-09-17,1309.5,105.41999816894531,14.529999732971191
2013-09-18,1307.800048828125,108.06999969482422,13.59000015258789
2013-09-19,1369.4000244140625,106.38999938964844,13.15999984741211
2013-09-20,1332.5,104.68000030517578,13.119999885559082
2013-09-23,1326.9000244140625,103.58999633789062,14.3100004196167
2013-09-24,1316.0,103.12999725341797,14.079999923706055
2013-09-25,1335.9000244140625,102.66000366210938,14.010000228881836
2013-09-26,1323.5999755859375,103.02999877929688,14.0600004196167
2013-09-27,1338.4000244140625,102.87000274658203,15.460000038146973
2013-09-30,1326.5,102.33000183105469,16.600000381469727
2013-10-01,1286.0,102.04000091552734,15.539999961853027
2013-10-02,1320.5999755859375,104.0999984741211,16.600000381469727
2013-10-03,1317.4000244140625,103.30999755859375,17.670000076293945
2013-10-04,1309.699951171875,103.83999633789062,16.739999771118164
2013-10-07,1324.800048828125,103.02999877929688,19.40999984741211
2013-10-08,1324.199951171875,103.48999786376953,20.34000015258789
2013-10-09,1306.9000244140625,101.61000061035156,19.600000381469727
2013-10-10,1296.5999755859375,103.01000213623047,16.479999542236328
2013-10-11,1268.0,102.0199966430664,15.720000267028809
2013-10-14,1276.4000244140625,102.41000366210938,16.06999969482422
2013-10-15,1273.0,101.20999908447266,18.65999984741211
2013-10-16,1282.0,102.29000091552734,14.710000038146973
2013-10-17,1322.699951171875,100.66999816894531,13.479999542236328
2013-10-18,1314.4000244140625,100.80999755859375,13.039999961853027
2013-10-21,1315.699951171875,99.22000122070312,13.15999984741211
2013-10-22,1342.5,97.80000305175781,13.329999923706055
2013-10-23,1333.9000244140625,96.86000061035156,13.420000076293945
2013-10-24,1350.199951171875,97.11000061035156,13.199999809265137
2013-10-25,1352.4000244140625,97.8499984741211,13.09000015258789
2013-10-28,1352.0,98.68000030517578,13.3100004196167
2013-10-29,1345.199951171875,98.19999694824219,13.40999984741211
2013-10-30,1349.0,96.7699966430664,13.649999618530273
2013-10-31,1323.5999755859375,96.37999725341797,13.75
2013-11-01,1313.0999755859375,94.61000061035156,13.279999732971191
2013-11-04,1314.5999755859375,94.62000274658203,12.930000305175781
2013-11-05,1308.0,93.37000274658203,13.270000457763672
2013-11-06,1317.699951171875,94.80000305175781,12.670000076293945
2013-11-07,1308.4000244140625,94.19999694824219,13.90999984741211
2013-11-08,1284.5,94.5999984741211,12.899999618530273
2013-11-11,1281.0,95.13999938964844,12.529999732971191
2013-11-12,1271.0999755859375,93.04000091552734,12.819999694824219
2013-11-13,1268.300048828125,93.87999725341797,12.520000457763672
2013-11-14,1286.199951171875,93.76000213623047,12.369999885559082
2013-11-15,1287.300048828125,93.83999633789062,12.1899995803833
2013-11-18,1272.199951171875,93.02999877929688,13.100000381469727
2013-11-19,1273.4000244140625,93.33999633789062,13.390000343322754
2013-11-20,1257.9000244140625,93.33000183105469,13.399999618530273
2013-11-21,1243.5,95.44000244140625,12.65999984741211
2013-11-22,1244.0,94.83999633789062,12.260000228881836
2013-11-25,1241.0999755859375,94.08999633789062,12.789999961853027
2013-11-26,1241.4000244140625,93.68000030517578,12.8100004196167
2013-11-27,1237.800048828125,92.30000305175781,12.979999542236328
2013-11-29,1250.5999755859375,92.72000122070312,13.699999809265137
2013-12-02,1222.300048828125,93.81999969482422,14.229999542236328
2013-12-03,1221.699951171875,96.04000091552734,14.550000190734863
2013-12-04,1248.199951171875,97.19999694824219,14.699999809265137
2013-12-05,1233.199951171875,97.37999725341797,15.079999923706055
2013-12-06,1230.300048828125,97.6500015258789,13.789999961853027
2013-12-09,1235.300048828125,97.33999633789062,13.489999771118164
2013-12-10,1262.4000244140625,98.51000213623047,13.90999984741211
2013-12-11,1258.5,97.44000244140625,15.420000076293945
2013-12-12,1226.0,97.5,15.539999961853027
2013-12-13,1235.699951171875,96.5999984741211,15.760000228881836
2013-12-16,1245.5,97.4800033569336,16.030000686645508
2013-12-17,1231.199951171875,97.22000122070312,16.209999084472656
2013-12-18,1236.0999755859375,97.80000305175781,13.800000190734863
2013-12-19,1195.0,98.7699966430664,14.149999618530273
2013-12-20,1205.0999755859375,99.31999969482422,13.789999961853027
2013-12-23,1198.4000244140625,98.91000366210938,13.039999961853027
2013-12-24,1205.0999755859375,99.22000122070312,12.479999542236328
2013-12-26,1214.0999755859375,99.55000305175781,12.329999923706055
2013-12-27,1216.0999755859375,100.31999969482422,12.460000038146973
2013-12-30,1203.0999755859375,99.29000091552734,13.5600004196167
2013-12-31,1201.9000244140625,98.41999816894531,13.720000267028809
2014-01-02,1225.0,95.44000244140625,14.229999542236328
2014-01-03,1238.4000244140625,93.95999908447266,13.760000228881836
2014-01-06,1237.800048828125,93.43000030517578,13.550000190734863
2014-01-07,1229.4000244140625,93.66999816894531,12.920000076293945
2014-01-08,1225.300048828125,92.33000183105469,12.869999885559082
2014-01-09,1229.300048828125,91.66000366210938,12.890000343322754
2014-01-10,1246.699951171875,92.72000122070312,12.140000343322754
2014-01-13,1250.9000244140625,91.80000305175781,13.279999732971191
2014-01-14,1245.199951171875,92.58999633789062,12.279999732971191
2014-01-15,1238.0999755859375,94.16999816894531,12.279999732971191
2014-01-16,1240.0,93.95999908447266,12.529999732971191
2014-01-17,1251.699951171875,94.37000274658203,12.4399995803833
2014-01-21,1242.300048828125,94.98999786376953,12.869999885559082
2014-01-22,1239.0,96.7300033569336,12.84000015258789
2014-01-23,1262.5999755859375,97.31999969482422,13.770000457763672
2014-01-24,1264.5,96.63999938964844,18.139999389648438
2014-01-27,1263.5999755859375,95.72000122070312,17.420000076293945
2014-01-28,1251.0,97.41000366210938,15.800000190734863
2014-01-29,1262.199951171875,97.36000061035156,17.350000381469727
2014-01-30,1242.199951171875,98.2300033569336,17.290000915527344
2014-01-31,1240.0999755859375,97.48999786376953,18.40999984741211
2014-02-03,1260.4000244140625,96.43000030517578,21.440000534057617
2014-02-04,1251.699951171875,97.19000244140625,19.110000610351562
2014-02-05,1257.300048828125,97.37999725341797,19.950000762939453
2014-02-06,1257.5999755859375,97.83999633789062,17.229999542236328
2014-02-07,1263.300048828125,99.87999725341797,15.289999961853027
2014-02-10,1274.800048828125,100.05999755859375,15.260000228881836
2014-02-11,1290.0999755859375,99.94000244140625,14.510000228881836
2014-02-12,1295.300048828125,100.37000274658203,14.300000190734863
2014-02-13,1300.4000244140625,100.3499984741211,14.140000343322754
2014-02-14,1319.0,100.30000305175781,13.569999694824219
2014-02-18,1324.699951171875,102.43000030517578,13.869999885559082
2014-02-19,1320.5999755859375,103.30999755859375,15.5
2014-02-20,1317.0999755859375,102.91999816894531,14.789999961853027
2014-02-21,1323.9000244140625,102.19999694824219,14.680000305175781
2014-02-24,1338.300048828125,102.81999969482422,14.229999542236328
2014-02-25,1343.0,101.83000183105469,13.670000076293945
2014-02-26,1328.199951171875,102.58999633789062,14.350000381469727
2014-02-27,1331.5999755859375,102.4000015258789,14.039999961853027
2014-02-28,1321.4000244140625,102.58999633789062,14.0
2014-03-03,1350.0999755859375,104.91999816894531,16.0
2014-03-04,1337.800048828125,103.33000183105469,14.100000381469727
2014-03-05,1340.199951171875,101.44999694824219,13.890000343322754
2014-03-06,1351.699951171875,101.55999755859375,14.210000038146973
2014-03-07,1338.0999755859375,102.58000183105469,14.109999656677246
2014-03-10,1341.4000244140625,101.12000274658203,14.199999809265137
2014-03-11,1346.5,100.02999877929688,14.800000190734863
2014-03-12,1370.300048828125,97.98999786376953,14.470000267028809
2014-03-13,1372.199951171875,98.19999694824219,16.219999313354492
2014-03-14,1379.0,98.88999938964844,17.81999969482422
2014-03-17,1372.9000244140625,98.08000183105469,15.640000343322754
2014-03-18,1359.0,99.69999694824219,14.520000457763672
2014-03-19,1341.4000244140625,100.37000274658203,15.119999885559082
2014-03-20,1330.5,99.43000030517578,14.520000457763672
2014-03-21,1336.0,99.45999908447266,15.0
2014-03-24,1311.199951171875,99.5999984741211,15.09000015258789
2014-03-25,1311.4000244140625,99.19000244140625,14.020000457763672
2014-03-26,1303.4000244140625,100.26000213623047,14.930000305175781
2014-03-27,1294.699951171875,101.27999877929688,14.619999885559082
2014-03-28,1293.800048828125,101.66999816894531,14.40999984741211
2014-03-31,1283.4000244140625,101.58000183105469,13.880000114440918
2014-04-01,1279.5999755859375,99.73999786376953,13.100000381469727
2014-04-02,1290.5,99.62000274658203,13.09000015258789
2014-04-03,1284.4000244140625,100.29000091552734,13.369999885559082
2014-04-04,1303.199951171875,101.13999938964844,13.960000038146973
2014-04-07,1298.0,100.44000244140625,15.569999694824219
2014-04-08,1308.699951171875,102.55999755859375,14.890000343322754
2014-04-09,1305.5,103.5999984741211,13.819999694824219
2014-04-10,1320.0999755859375,103.4000015258789,15.890000343322754
2014-04-11,1318.699951171875,103.73999786376953,17.030000686645508
2014-04-14,1327.199951171875,104.05000305175781,16.110000610351562
2014-04-15,1300.0,103.75,15.609999656677246
2014-04-16,1303.0999755859375,103.76000213623047,14.180000305175781
2014-04-17,1293.4000244140625,104.30000305175781,13.359999656677246
2014-04-21,1288.0,104.37000274658203,13.25
2014-04-22,1280.5999755859375,102.12999725341797,13.1899995803833
2014-04-23,1284.199951171875,101.44000244140625,13.270000457763672
2014-04-24,1290.5,101.94000244140625,13.319999694824219
2014-04-25,1300.699951171875,100.5999984741211,14.0600004196167
2014-04-28,1298.9000244140625,100.83999633789062,13.970000267028809
2014-04-29,1296.0,101.27999877929688,13.710000038146973
2014-04-30,1295.5999755859375,99.73999786376953,13.40999984741211
2014-05-01,1283.0999755859375,99.41999816894531,13.25
2014-05-02,1302.5999755859375,99.76000213623047,12.90999984741211
2014-05-05,1309.0,99.4800033569336,13.289999961853027
2014-05-06,1308.300048828125,99.5,13.800000190734863
2014-05-07,1288.5999755859375,100.7699966430664,13.399999618530273
2014-05-08,1287.4000244140625,100.26000213623047,13.430000305175781
2014-05-09,1287.300048828125,99.98999786376953,12.920000076293945
2014-05-12,1295.5999755859375,100.58999633789062,12.229999542236328
2014-05-13,1294.5999755859375,101.69999694824219,12.130000114440918
2014-05-14,1305.699951171875,102.37000274658203,12.170000076293945
2014-05-15,1293.5,101.5,13.170000076293945
2014-05-16,1293.300048828125,102.0199966430664,12.4399995803833
2014-05-19,1293.699951171875,102.61000061035156,12.420000076293945
2014-05-20,1294.5,102.44000244140625,12.960000038146973
2014-05-21,1288.0,104.06999969482422,11.90999984741211
2014-05-22,1294.9000244140625,103.73999786376953,12.029999732971191
2014-05-23,1291.5999755859375,104.3499984741211,11.359999656677246
2014-05-27,1265.4000244140625,104.11000061035156,11.510000228881836
2014-05-28,1259.300048828125,102.72000122070312,11.680000305175781
2014-05-29,1256.300048828125,103.58000183105469,11.569999694824219
2014-05-30,1245.5999755859375,102.70999908447266,11.399999618530273
2014-06-02,1243.699951171875,102.47000122070312,11.579999923706055
2014-06-03,1244.300048828125,102.66000366210938,11.869999885559082
2014-06-04,1244.0,102.63999938964844,12.079999923706055
2014-06-05,1253.0,102.4800033569336,11.680000305175781
2014-06-06,1252.0999755859375,102.66000366210938,10.729999542236328
2014-06-09,1253.5,104.41000366210938,11.149999618530273
2014-06-10,1259.800048828125,104.3499984741211,10.989999771118164
2014-06-11,1260.800048828125,104.4000015258789,11.600000381469727
2014-06-12,1273.5999755859375,106.52999877929688,12.5600004196167
2014-06-13,1273.699951171875,106.91000366210938,12.180000305175781
2014-06-16,1274.9000244140625,106.9000015258789,12.649999618530273
2014-06-17,1271.699951171875,106.36000061035156,12.0600004196167
2014-06-18,1272.4000244140625,105.97000122070312,10.609999656677246
2014-06-19,1313.699951171875,106.43000030517578,10.619999885559082
2014-06-20,1316.199951171875,107.26000213623047,10.850000381469727
2014-06-23,1318.0,106.16999816894531,10.979999542236328
2014-06-24,1320.9000244140625,106.02999877929688,12.130000114440918
2014-06-25,1322.199951171875,106.5,11.59000015258789
2014-06-26,1316.0999755859375,105.83999633789062,11.630000114440918
2014-06-27,1319.0,105.73999786376953,11.260000228881836
2014-06-30,1321.800048828125,105.37000274658203,11.569999694824219
2014-07-01,1326.4000244140625,105.33999633789062,11.149999618530273
2014-07-02,1330.699951171875,104.4800033569336,10.819999694824219
2014-07-03,1320.4000244140625,104.05999755859375,10.319999694824219
2014-07-07,1316.5,103.52999877929688,11.329999923706055
2014-07-08,1316.0,103.4000015258789,11.979999542236328
2014-07-09,1323.800048828125,102.29000091552734,11.649999618530273
2014-07-10,1338.699951171875,102.93000030517578,12.59000015258789
2014-07-11,1337.0,100.83000183105469,12.079999923706055
2014-07-14,1306.300048828125,100.91000366210938,11.819999694824219
2014-07-15,1296.9000244140625,99.95999908447266,11.960000038146973
2014-07-16,1299.5999755859375,101.19999694824219,11.0
2014-07-17,1316.699951171875,103.19000244140625,14.539999961853027
2014-07-18,1309.199951171875,103.12999725341797,12.0600004196167
2014-07-21,1313.699951171875,104.58999633789062,12.8100004196167
2014-07-22,1306.0999755859375,104.41999816894531,12.239999771118164
2014-07-23,1304.5,103.12000274658203,11.520000457763672
2014-07-24,1290.5999755859375,102.06999969482422,11.84000015258789
2014-07-25,1303.0999755859375,102.08999633789062,12.6899995803833
2014-07-28,1303.300048828125,101.66999816894531,12.5600004196167
2014-07-29,1298.300048828125,100.97000122070312,13.279999732971191
2014-07-30,1294.9000244140625,100.2699966430664,13.329999923706055
2014-07-31,1281.300048828125,98.16999816894531,16.950000762939453
2014-08-01,1293.5999755859375,97.87999725341797,17.030000686645508
2014-08-04,1287.699951171875,98.29000091552734,15.119999885559082
2014-08-05,1284.0,97.37999725341797,16.8700008392334
2014-08-06,1306.699951171875,96.91999816894531,16.3700008392334
2014-08-07,1310.800048828125,97.33999633789062,16.65999984741211
2014-08-08,1308.9000244140625,97.6500015258789,15.770000457763672
2014-08-11,1308.5,98.08000183105469,14.229999542236328
2014-08-12,1308.800048828125,97.37000274658203,14.130000114440918
2014-08-13,1312.800048828125,97.58999633789062,12.899999618530273
2014-08-14,1313.9000244140625,95.58000183105469,12.420000076293945
2014-08-15,1304.5,97.3499984741211,13.149999618530273
2014-08-18,1297.699951171875,96.41000366210938,12.319999694824219
2014-08-19,1295.0999755859375,94.4800033569336,12.210000038146973
2014-08-20,1293.4000244140625,96.06999969482422,11.779999732971191
2014-08-21,1273.699951171875,93.95999908447266,11.760000228881836
2014-08-22,1278.5999755859375,93.6500015258789,11.470000267028809
2014-08-25,1277.300048828125,93.3499984741211,11.699999809265137
2014-08-26,1283.800048828125,93.86000061035156,11.630000114440918
2014-08-27,1281.9000244140625,93.87999725341797,11.779999732971191
2014-08-28,1288.699951171875,94.55000305175781,12.050000190734863
2014-08-29,1285.800048828125,95.95999908447266,12.09000015258789
2014-09-02,1263.699951171875,92.87999725341797,12.25
2014-09-03,1268.9000244140625,95.54000091552734,12.359999656677246
2014-09-04,1265.0999755859375,94.44999694824219,12.640000343322754
2014-09-05,1265.800048828125,93.29000091552734,12.09000015258789
2014-09-08,1252.699951171875,92.66000366210938,12.65999984741211
2014-09-09,1246.800048828125,92.75,13.5
2014-09-10,1243.5,91.66999816894531,12.880000114440918
2014-09-11,1237.4000244140625,92.83000183105469,12.800000190734863
2014-09-12,1229.9000244140625,92.2699966430664,13.3100004196167
2014-09-15,1233.5999755859375,92.91999816894531,14.119999885559082
2014-09-16,1235.199951171875,94.87999725341797,12.729999542236328
2014-09-17,1234.4000244140625,94.41999816894531,12.649999618530273
2014-09-18,1225.699951171875,93.06999969482422,12.029999732971191
2014-09-19,1215.300048828125,92.41000366210938,12.109999656677246
2014-09-22,1216.800048828125,91.5199966430664,13.6899995803833
2014-09-23,1221.0,91.55999755859375,14.930000305175781
2014-09-24,1218.5999755859375,92.80000305175781,13.270000457763672
2014-09-25,1221.199951171875,92.52999877929688,15.640000343322754
2014-09-26,1214.0999755859375,93.54000091552734,14.850000381469727
2014-09-29,1217.5,94.56999969482422,15.979999542236328
2014-09-30,1210.5,91.16000366210938,16.309999465942383
2014-10-01,1214.5999755859375,90.7300033569336,16.709999084472656
2014-10-02,1214.199951171875,91.01000213623047,16.15999984741211
2014-10-03,1192.199951171875,89.73999786376953,14.550000190734863
2014-10-06,1206.699951171875,90.33999633789062,15.460000038146973
2014-10-07,1211.699951171875,88.8499984741211,17.200000762939453
2014-10-08,1205.300048828125,87.30999755859375,15.109999656677246
2014-10-09,1224.5999755859375,85.7699966430664,18.760000228881836
2014-10-10,1221.0,85.81999969482422,21.239999771118164
2014-10-13,1229.300048828125,85.73999786376953,24.639999389648438
2014-10-14,1233.5999755859375,81.83999633789062,22.790000915527344
2014-10-15,1244.0999755859375,81.77999877929688,25.270000457763672
2014-10-16,1240.5,82.69999694824219,25.200000762939453
2014-10-17,1238.300048828125,82.75,21.989999771118164
2014-10-20,1244.0,82.70999908447266,18.56999969482422
2014-10-21,1251.0,82.80999755859375,16.079999923706055
2014-10-22,1244.800048828125,80.5199966430664,17.8700008392334
2014-10-23,1228.5,82.08999633789062,16.530000686645508
2014-10-24,1231.199951171875,81.01000213623047,16.110000610351562
2014-10-27,1229.0999755859375,81.0,16.040000915527344
2014-10-28,1229.199951171875,81.41999816894531,14.390000343322754
2014-10-29,1224.300048828125,82.19999694824219,15.149999618530273
2014-10-30,1198.0999755859375,81.12000274658203,14.520000457763672
2014-10-31,1171.0999755859375,80.54000091552734,14.029999732971191
2014-11-03,1169.4000244140625,78.77999877929688,14.729999542236328
2014-11-04,1167.4000244140625,77.19000244140625,14.890000343322754
2014-11-05,1145.4000244140625,78.68000030517578,14.170000076293945
2014-11-06,1142.300048828125,77.91000366210938,13.670000076293945
2014-11-07,1169.5999755859375,78.6500015258789,13.119999885559082
2014-11-10,1159.5999755859375,77.4000015258789,12.670000076293945
2014-11-11,1162.800048828125,77.94000244140625,12.920000076293945
2014-11-12,1158.9000244140625,77.18000030517578,13.020000457763672
2014-11-13,1161.0999755859375,74.20999908447266,13.789999961853027
2014-11-14,1185.0,75.81999969482422,13.3100004196167
2014-11-17,1183.0,75.63999938964844,13.989999771118164
2014-11-18,1196.699951171875,74.61000061035156,13.859999656677246
2014-11-19,1193.5999755859375,74.58000183105469,13.960000038146973
2014-11-20,1190.699951171875,75.58000183105469,13.579999923706055
2014-11-21,1197.5,76.51000213623047,12.899999618530273
2014-11-24,1195.5,75.77999877929688,12.619999885559082
2014-11-25,1197.0999755859375,74.08999633789062,12.25
2014-11-26,1196.5999755859375,73.69000244140625,12.069999694824219
2014-11-28,1175.199951171875,66.1500015258789,13.329999923706055
2014-12-01,1218.0,69.0,14.15999984741211
2014-12-02,1199.199951171875,66.87999725341797,12.850000381469727
2014-12-03,1208.5,67.37999725341797,12.5
2014-12-04,1207.5,66.80999755859375,12.380000114440918
2014-12-05,1190.0999755859375,65.83999633789062,11.890000343322754
2014-12-08,1194.699951171875,63.04999923706055,14.210000038146973
2014-12-09,1231.5,63.81999969482422,15.350000381469727
2014-12-10,1228.9000244140625,60.939998626708984,18.530000686645508
2014-12-11,1225.0999755859375,59.95000076293945,20.079999923706055
2014-12-12,1222.0,57.810001373291016,21.079999923706055
2014-12-15,1207.199951171875,55.90999984741211,20.420000076293945
2014-12-16,1193.9000244140625,55.93000030517578,23.56999969482422
2014-12-17,1194.300048828125,56.470001220703125,19.440000534057617
2014-12-18,1194.699951171875,54.11000061035156,16.809999465942383
2014-12-19,1195.9000244140625,56.52000045776367,16.489999771118164
2014-12-22,1179.699951171875,55.2599983215332,15.25
2014-12-23,1177.9000244140625,57.119998931884766,14.800000190734863
2014-12-24,1173.5,55.84000015258789,14.369999885559082
2014-12-26,1195.300048828125,54.72999954223633,14.5
2014-12-29,1181.699951171875,53.61000061035156,15.0600004196167
2014-12-30,1200.199951171875,54.119998931884766,15.920000076293945
2014-12-31,1183.9000244140625,53.27000045776367,19.200000762939453
2015-01-02,1186.0,52.689998626708984,17.790000915527344
2015-01-05,1203.9000244140625,50.040000915527344,19.920000076293945
2015-01-06,1219.300048828125,47.93000030517578,21.1200008392334
2015-01-07,1210.5999755859375,48.650001525878906,19.309999465942383
2015-01-08,1208.4000244140625,48.790000915527344,17.010000228881836
2015-01-09,1216.0,48.36000061035156,17.549999237060547
2015-01-12,1232.699951171875,46.06999969482422,19.600000381469727
2015-01-13,1234.300048828125,45.88999938964844,20.559999465942383
2015-01-14,1234.4000244140625,48.47999954223633,21.479999542236328
2015-01-15,1264.699951171875,46.25,22.389999389648438
2015-01-16,1276.9000244140625,48.689998626708984,20.950000762939453
2015-01-20,1294.199951171875,46.38999938964844,19.889999389648438
2015-01-21,1293.699951171875,47.779998779296875,18.850000381469727
2015-01-22,1300.699951171875,46.310001373291016,16.399999618530273
2015-01-23,1292.5999755859375,45.59000015258789,16.65999984741211
2015-01-26,1279.4000244140625,45.150001525878906,15.520000457763672
2015-01-27,1291.699951171875,46.22999954223633,17.219999313354492
2015-01-28,1285.9000244140625,44.45000076293945,20.440000534057617
2015-01-29,1254.5999755859375,44.529998779296875,18.760000228881836
2015-01-30,1278.5,48.2400016784668,20.969999313354492
2015-02-02,1276.199951171875,49.56999969482422,19.43000030517578
2015-02-03,1259.699951171875,53.04999923706055,17.329999923706055
2015-02-04,1263.800048828125,48.45000076293945,18.329999923706055
2015-02-05,1262.0,50.47999954223633,16.850000381469727
2015-02-06,1233.9000244140625,51.689998626708984,17.290000915527344
2015-02-09,1240.800048828125,52.86000061035156,18.549999237060547
2015-02-10,1231.5999755859375,50.02000045776367,17.229999542236328
2015-02-11,1219.0,48.84000015258789,16.959999084472656
2015-02-12,1220.0999755859375,51.209999084472656,15.34000015258789
2015-02-13,1226.5,52.779998779296875,14.6899995803833
2015-02-17,1208.0999755859375,53.529998779296875,15.800000190734863
2015-02-18,1199.699951171875,52.13999938964844,15.449999809265137
2015-02-19,1207.0999755859375,51.15999984741211,15.289999961853027
2015-02-20,1204.4000244140625,50.34000015258789,14.300000190734863
2015-02-23,1200.300048828125,49.45000076293945,14.5600004196167
2015-02-24,1196.9000244140625,49.279998779296875,13.6899995803833
2015-02-25,1201.0,50.9900016784668,13.84000015258789
2015-02-26,1209.5999755859375,48.16999816894531,13.90999984741211
2015-02-27,1212.5999755859375,49.7599983215332,13.34000015258789
2015-03-02,1207.699951171875,49.59000015258789,13.039999961853027
2015-03-03,1204.0,50.52000045776367,13.859999656677246
2015-03-04,1200.5999755859375,51.529998779296875,14.229999542236328
2015-03-05,1195.9000244140625,50.7599983215332,14.039999961853027
2015-03-06,1164.0999755859375,49.61000061035156,15.199999809265137
2015-03-09,1166.4000244140625,50.0,15.0600004196167
2015-03-10,1160.0999755859375,48.290000915527344,16.690000534057617
2015-03-11,1150.699951171875,48.16999816894531,16.8700008392334
2015-03-12,1152.0999755859375,47.04999923706055,15.420000076293945
2015-03-13,1152.5999755859375,44.84000015258789,16.0
2015-03-16,1153.300048828125,43.880001068115234,15.609999656677246
2015-03-17,1148.300048828125,43.459999084472656,15.65999984741211
2015-03-18,1151.4000244140625,44.65999984741211,13.970000267028809
2015-03-19,1169.0999755859375,43.959999084472656,14.069999694824219
2015-03-20,1184.800048828125,45.720001220703125,13.020000457763672
2015-03-23,1188.0,47.45000076293945,13.40999984741211
2015-03-24,1191.699951171875,47.5099983215332,13.619999885559082
2015-03-25,1197.300048828125,49.209999084472656,15.4399995803833
2015-03-26,1205.0999755859375,51.43000030517578,15.800000190734863
2015-03-27,1199.800048828125,48.869998931884766,15.069999694824219
2015-03-30,1184.800048828125,48.68000030517578,14.510000228881836
2015-03-31,1183.0999755859375,47.599998474121094,15.289999961853027
2015-04-01,1208.0999755859375,50.09000015258789,15.109999656677246
2015-04-02,1200.9000244140625,49.13999938964844,14.670000076293945
2015-04-06,1218.5999755859375,52.13999938964844,14.739999771118164
2015-04-07,1210.5999755859375,53.97999954223633,14.779999732971191
2015-04-08,1203.0999755859375,50.41999816894531,13.979999542236328
2015-04-09,1193.5999755859375,50.790000915527344,13.09000015258789
2015-04-10,1204.5999755859375,51.63999938964844,12.579999923706055
2015-04-13,1199.300048828125,51.90999984741211,13.9399995803833
2015-04-14,1192.800048828125,53.290000915527344,13.670000076293945
2015-04-15,1201.5,56.38999938964844,12.84000015258789
2015-04-16,1198.0,56.709999084472656,12.600000381469727
2015-04-17,1202.9000244140625,55.7400016784668,13.890000343322754
2015-04-20,1193.5,56.380001068115234,13.300000190734863
2015-04-21,1202.9000244140625,55.2599983215332,13.25
2015-04-22,1186.9000244140625,56.15999984741211,12.710000038146973
2015-04-23,1194.4000244140625,57.7400016784668,12.479999542236328
2015-04-24,1175.199951171875,57.150001525878906,12.289999961853027
2015-04-27,1203.300048828125,56.9900016784668,13.119999885559082
2015-04-28,1214.0,57.060001373291016,12.40999984741211
2015-04-29,1209.800048828125,58.58000183105469,13.390000343322754
2015-04-30,1182.4000244140625,59.630001068115234,14.550000190734863
2015-05-01,1174.5,59.150001525878906,12.699999809265137
2015-05-04,1186.800048828125,58.93000030517578,12.850000381469727
2015-05-05,1193.199951171875,60.400001525878906,14.3100004196167
2015-05-06,1190.300048828125,60.93000030517578,15.149999618530273
2015-05-07,1182.4000244140625,58.939998626708984,15.130000114440918
2015-05-08,1189.0999755859375,59.38999938964844,12.859999656677246
2015-05-11,1183.199951171875,59.25,13.850000381469727
2015-05-12,1192.5999755859375,60.75,13.859999656677246
2015-05-13,1218.4000244140625,60.5,13.760000228881836
2015-05-14,1225.4000244140625,59.880001068115234,12.739999771118164
2015-05-15,1225.5,59.689998626708984,12.380000114440918
2015-05-18,1227.800048828125,59.43000030517578,12.729999542236328
2015-05-19,1206.9000244140625,57.2599983215332,12.850000381469727
2015-05-20,1208.9000244140625,58.97999954223633,12.880000114440918
2015-05-21,1204.4000244140625,60.720001220703125,12.109999656677246
2015-05-22,1204.300048828125,59.720001220703125,12.130000114440918
2015-05-26,1187.199951171875,58.029998779296875,14.0600004196167
2015-05-27,1185.9000244140625,57.5099983215332,13.270000457763672
2015-05-28,1188.0999755859375,57.68000030517578,13.3100004196167
2015-05-29,1189.4000244140625,60.29999923706055,13.84000015258789
2015-06-01,1188.300048828125,60.20000076293945,13.970000267028809
2015-06-02,1194.0999755859375,61.2599983215332,14.239999771118164
2015-06-03,1184.699951171875,59.63999938964844,13.65999984741211
2015-06-04,1174.9000244140625,58.0,14.710000038146973
2015-06-05,1167.800048828125,59.130001068115234,14.210000038146973
2015-06-08,1173.199951171875,58.13999938964844,15.289999961853027
2015-06-09,1177.300048828125,60.13999938964844,14.470000267028809
2015-06-10,1186.0999755859375,61.43000030517578,13.220000267028809
2015-06-11,1179.9000244140625,60.77000045776367,12.850000381469727
2015-06-12,1178.800048828125,59.959999084472656,13.779999732971191
2015-06-15,1185.300048828125,59.52000045776367,15.390000343322754
2015-06-16,1180.5,59.970001220703125,14.8100004196167
2015-06-17,1176.4000244140625,59.91999816894531,14.5
2015-06-18,1201.5,60.45000076293945,13.1899995803833
2015-06-19,1201.5,59.61000061035156,13.960000038146973
2015-06-22,1183.699951171875,59.68000030517578,12.739999771118164
2015-06-23,1176.199951171875,61.0099983215332,12.109999656677246
2015-06-24,1172.5999755859375,60.27000045776367,13.260000228881836
2015-06-25,1171.5,59.70000076293945,14.010000228881836
2015-06-26,1172.9000244140625,59.630001068115234,14.020000457763672
2015-06-29,1178.5,58.33000183105469,18.850000381469727
2015-06-30,1171.5,59.470001220703125,18.229999542236328
2015-07-01,1169.0,56.959999084472656,16.09000015258789
2015-07-02,1163.0,56.93000030517578,16.790000915527344
2015-07-06,1172.9000244140625,52.529998779296875,17.010000228881836
2015-07-07,1152.4000244140625,52.33000183105469,16.09000015258789
2015-07-08,1163.300048828125,51.650001525878906,19.65999984741211
2015-07-09,1159.0,52.779998779296875,19.969999313354492
2015-07-10,1157.699951171875,52.7400016784668,16.829999923706055
2015-07-13,1155.199951171875,52.20000076293945,13.899999618530273
2015-07-14,1153.300048828125,53.040000915527344,13.369999885559082
2015-07-15,1147.199951171875,51.40999984741211,13.229999542236328
2015-07-16,1143.800048828125,50.90999984741211,12.109999656677246
2015-07-17,1131.800048828125,50.88999938964844,11.949999809265137
2015-07-20,1106.699951171875,50.150001525878906,12.25
2015-07-21,1103.4000244140625,50.36000061035156,12.220000267028809
2015-07-22,1091.4000244140625,49.189998626708984,12.119999885559082
2015-07-23,1094.0,48.45000076293945,12.640000343322754
2015-07-24,1085.5999755859375,48.13999938964844,13.739999771118164
2015-07-27,1096.5,47.38999938964844,15.600000381469727
2015-07-28,1096.300048828125,47.97999954223633,13.4399995803833
2015-07-29,1092.699951171875,48.790000915527344,12.5
2015-07-30,1088.4000244140625,48.52000045776367,12.130000114440918
2015-07-31,1094.9000244140625,47.119998931884766,12.119999885559082
2015-08-03,1089.4000244140625,45.16999816894531,12.5600004196167
2015-08-04,1090.699951171875,45.7400016784668,13.0
2015-08-05,1085.699951171875,45.150001525878906,12.510000228881836
2015-08-06,1090.199951171875,44.65999984741211,13.770000457763672
2015-08-07,1094.0999755859375,43.869998931884766,13.390000343322754
2015-08-10,1104.199951171875,44.959999084472656,12.229999542236328
2015-08-11,1107.5999755859375,43.08000183105469,13.710000038146973
2015-08-12,1123.199951171875,43.29999923706055,13.609999656677246
2015-08-13,1115.699951171875,42.22999954223633,13.489999771118164
2015-08-14,1112.9000244140625,42.5,12.829999923706055
2015-08-17,1118.5999755859375,41.869998931884766,13.020000457763672
2015-08-18,1117.0999755859375,42.619998931884766,13.789999961853027
2015-08-19,1128.0999755859375,40.79999923706055,15.25
2015-08-20,1153.0,41.13999938964844,19.139999389648438
2015-08-21,1159.5999755859375,40.45000076293945,28.030000686645508
2015-08-24,1153.4000244140625,38.2400016784668,40.7400016784668
2015-08-25,1138.199951171875,39.310001373291016,36.02000045776367
2015-08-26,1124.5999755859375,38.599998474121094,30.31999969482422
2015-08-27,1122.4000244140625,42.560001373291016,26.100000381469727
2015-08-28,1133.0999755859375,45.220001220703125,26.049999237060547
2015-08-31,1131.5999755859375,49.20000076293945,28.43000030517578
2015-09-01,1138.699951171875,45.40999984741211,31.399999618530273
2015-09-02,1132.5,46.25,26.09000015258789
2015-09-03,1123.699951171875,46.75,25.610000610351562
2015-09-04,1120.5999755859375,46.04999923706055,27.799999237060547
2015-09-08,1120.4000244140625,45.939998626708984,24.899999618530273
2015-09-09,1102.199951171875,44.150001525878906,26.229999542236328
2015-09-10,1109.5,45.91999816894531,24.3700008392334
2015-09-11,1103.5,44.630001068115234,23.200000762939453
2015-09-14,1107.699951171875,44.0,24.25
2015-09-15,1102.800048828125,44.59000015258789,22.540000915527344
2015-09-16,1119.199951171875,47.150001525878906,21.350000381469727
2015-09-17,1117.300048828125,46.900001525878906,21.139999389648438
2015-09-18,1138.0999755859375,44.68000030517578,22.280000686645508
2015-09-21,1133.0999755859375,46.68000030517578,20.139999389648438
2015-09-22,1125.0,45.83000183105469,22.440000534057617
2015-09-23,1131.5999755859375,44.47999954223633,22.1299991607666
2015-09-24,1153.800048828125,44.90999984741211,23.469999313354492
2015-09-25,1146.0,45.70000076293945,23.6200008392334
2015-09-28,1132.0,44.43000030517578,27.6299991607666
2015-09-29,1127.0999755859375,45.22999954223633,26.829999923706055
2015-09-30,1115.5,45.09000015258789,24.5
2015-10-01,1114.199951171875,44.7400016784668,22.549999237060547
2015-10-02,1137.0999755859375,45.540000915527344,20.940000534057617
2015-10-05,1138.0999755859375,46.2599983215332,19.540000915527344
2015-10-06,1146.800048828125,48.529998779296875,19.399999618530273
2015-10-07,1149.0,47.810001373291016,18.399999618530273
2015-10-08,1144.699951171875,49.43000030517578,17.420000076293945
2015-10-09,1156.300048828125,49.630001068115234,17.079999923706055
2015-10-12,1164.9000244140625,47.099998474121094,16.170000076293945
2015-10-13,1165.800048828125,46.65999984741211,17.670000076293945
2015-10-14,1180.0999755859375,46.63999938964844,18.030000686645508
2015-10-15,1187.9000244140625,46.380001068115234,16.049999237060547
2015-10-16,1183.5999755859375,47.2599983215332,15.050000190734863
2015-10-19,1173.300048828125,45.88999938964844,14.979999542236328
2015-10-20,1178.0,45.54999923706055,15.75
2015-10-21,1167.5999755859375,45.20000076293945,16.700000762939453
2015-10-22,1166.5999755859375,45.380001068115234,14.449999809265137
2015-10-23,1163.300048828125,44.599998474121094,14.460000038146973
2015-10-26,1167.0,43.97999954223633,15.289999961853027
2015-10-27,1166.800048828125,43.20000076293945,15.430000305175781
2015-10-28,1177.0999755859375,45.939998626708984,14.329999923706055
2015-10-29,1147.199951171875,46.060001373291016,14.609999656677246
2015-10-30,1141.5,46.59000015258789,15.069999694824219
2015-11-02,1135.800048828125,46.13999938964844,14.149999618530273
2015-11-03,1114.199951171875,47.900001525878906,14.539999961853027
2015-11-04,1106.5,46.31999969482422,15.510000228881836
2015-11-05,1104.4000244140625,45.20000076293945,15.050000190734863
2015-11-06,1087.5999755859375,44.290000915527344,14.329999923706055
2015-11-09,1087.9000244140625,43.869998931884766,16.520000457763672
2015-11-10,1088.199951171875,44.209999084472656,15.289999961853027
2015-11-11,1084.699951171875,42.93000030517578,16.059999465942383
2015-11-12,1080.800048828125,41.75,18.3700008392334
2015-11-13,1080.800048828125,40.7400016784668,20.079999923706055
2015-11-16,1083.699951171875,41.7400016784668,18.15999984741211
2015-11-17,1068.699951171875,40.66999816894531,18.84000015258789
2015-11-18,1068.800048828125,40.75,16.850000381469727
2015-11-19,1078.0,40.540000915527344,16.989999771118164
2015-11-20,1076.4000244140625,40.38999938964844,15.470000267028809
2015-11-23,1066.800048828125,41.75,15.619999885559082
2015-11-24,1074.300048828125,42.869998931884766,15.930000305175781
2015-11-25,1070.5,43.040000915527344,15.1899995803833
2015-11-27,1056.199951171875,41.709999084472656,15.119999885559082
2015-11-30,1065.800048828125,41.650001525878906,16.1299991607666
2015-12-01,1063.800048828125,41.849998474121094,14.670000076293945
2015-12-02,1054.199951171875,39.939998626708984,15.90999984741211
2015-12-03,1061.699951171875,41.08000183105469,18.110000610351562
2015-12-04,1084.5,39.970001220703125,14.8100004196167
2015-12-07,1076.4000244140625,37.650001525878906,15.84000015258789
2015-12-08,1076.300048828125,37.5099983215332,17.600000381469727
2015-12-09,1077.5999755859375,37.15999984741211,19.610000610351562
2015-12-10,1073.0999755859375,36.7599983215332,19.34000015258789
2015-12-11,1076.9000244140625,35.619998931884766,24.389999389648438
2015-12-14,1064.699951171875,36.310001373291016,22.729999542236328
2015-12-15,1062.9000244140625,37.349998474121094,20.950000762939453
2015-12-16,1078.0,35.52000045776367,17.860000610351562
2015-12-17,1050.800048828125,34.95000076293945,18.940000534057617
2015-12-18,1066.199951171875,34.72999954223633,20.700000762939453
2015-12-21,1081.9000244140625,34.7400016784668,18.700000762939453
2015-12-22,1074.800048828125,36.13999938964844,16.600000381469727
2015-12-23,1069.4000244140625,37.5,15.569999694824219
2015-12-24,1077.199951171875,38.099998474121094,15.739999771118164
2015-12-28,1070.5,36.810001373291016,16.90999984741211
2015-12-29,1077.5,37.869998931884766,16.079999923706055
2015-12-30,1060.0999755859375,36.599998474121094,17.290000915527344
2015-12-31,1060.300048828125,37.040000915527344,18.209999084472656
2016-01-04,1075.0999755859375,36.7599983215332,20.700000762939453
2016-01-05,1078.4000244140625,35.970001220703125,19.34000015258789
2016-01-06,1091.9000244140625,33.970001220703125,20.59000015258789
2016-01-07,1107.699951171875,33.27000045776367,24.989999771118164
2016-01-08,1097.800048828125,33.15999984741211,27.010000228881836
2016-01-11,1096.5,31.40999984741211,24.299999237060547
2016-01-12,1085.5999755859375,30.440000534057617,22.469999313354492
2016-01-13,1087.5,30.479999542236328,25.219999313354492
2016-01-14,1073.9000244140625,31.200000762939453,23.950000762939453
2016-01-15,1091.5,29.420000076293945,27.020000457763672
2016-01-19,1089.9000244140625,28.459999084472656,26.049999237060547
2016-01-20,1107.0999755859375,26.549999237060547,27.59000015258789
2016-01-21,1099.0999755859375,29.530000686645508,26.690000534057617
2016-01-22,1097.199951171875,32.189998626708984,22.34000015258789
2016-01-25,1106.199951171875,30.34000015258789,24.149999618530273
2016-01-26,1121.699951171875,31.450000762939453,22.5
2016-01-27,1116.0999755859375,32.29999923706055,23.110000610351562
2016-01-28,1115.5999755859375,33.220001220703125,22.420000076293945
2016-01-29,1116.4000244140625,33.619998931884766,20.200000762939453
2016-02-01,1127.9000244140625,31.6200008392334,19.979999542236328
2016-02-02,1127.300048828125,29.8799991607666,21.979999542236328
2016-02-03,1141.300048828125,32.279998779296875,21.649999618530273
2016-02-04,1157.5999755859375,31.719999313354492,21.84000015258789
2016-02-05,1157.800048828125,30.889999389648438,23.3799991607666
2016-02-08,1197.9000244140625,29.690000534057617,26.0
2016-02-09,1198.699951171875,27.940000534057617,26.540000915527344
2016-02-10,1194.699951171875,27.450000762939453,26.290000915527344
2016-02-11,1247.9000244140625,26.209999084472656,28.139999389648438
2016-02-12,1239.0999755859375,29.440000534057617,25.399999618530273
2016-02-16,1207.9000244140625,29.040000915527344,24.110000610351562
2016-02-17,1211.0999755859375,30.65999984741211,22.309999465942383
2016-02-18,1226.0999755859375,30.770000457763672,21.639999389648438
2016-02-19,1230.4000244140625,29.639999389648438,20.530000686645508
2016-02-22,1209.5,31.479999542236328,19.3799991607666
2016-02-23,1222.300048828125,31.8700008392334,20.979999542236328
2016-02-24,1238.699951171875,32.150001525878906,20.719999313354492
2016-02-25,1238.199951171875,33.06999969482422,19.110000610351562
2016-02-26,1219.800048828125,32.779998779296875,19.809999465942383
2016-02-29,1233.9000244140625,33.75,20.549999237060547
2016-03-01,1230.300048828125,34.400001525878906,17.700000762939453
2016-03-02,1241.0999755859375,34.65999984741211,17.09000015258789
2016-03-03,1257.4000244140625,34.56999969482422,16.700000762939453
2016-03-04,1269.9000244140625,35.91999816894531,16.860000610351562
2016-03-07,1263.199951171875,37.900001525878906,17.350000381469727
2016-03-08,1262.0999755859375,36.5,18.670000076293945
2016-03-09,1256.5999755859375,38.290000915527344,18.34000015258789
2016-03-10,1272.0,37.84000015258789,18.049999237060547
2016-03-11,1258.699951171875,38.5,16.5
2016-03-14,1244.4000244140625,37.18000030517578,16.920000076293945
2016-03-15,1230.4000244140625,36.34000015258789,16.84000015258789
2016-03-16,1229.300048828125,38.459999084472656,14.989999771118164
2016-03-17,1264.5,40.20000076293945,14.4399995803833
2016-03-18,1253.800048828125,39.439998626708984,14.020000457763672
2016-03-21,1243.800048828125,39.90999984741211,13.789999961853027
2016-03-22,1248.199951171875,41.45000076293945,14.170000076293945
2016-03-23,1223.699951171875,39.790000915527344,14.9399995803833
2016-03-24,1221.4000244140625,39.459999084472656,14.739999771118164
2016-03-28,1219.9000244140625,39.38999938964844,15.239999771118164
2016-03-29,1235.5999755859375,38.279998779296875,13.819999694824219
2016-03-30,1226.9000244140625,38.31999969482422,13.5600004196167
2016-03-31,1234.199951171875,38.34000015258789,13.949999809265137
2016-04-01,1222.199951171875,36.790000915527344,13.100000381469727
2016-04-04,1218.0,35.70000076293945,14.119999885559082
2016-04-05,1228.4000244140625,35.88999938964844,15.420000076293945
2016-04-06,1222.5,37.75,14.09000015258789
2016-04-07,1236.199951171875,37.2599983215332,16.15999984741211
2016-04-08,1242.5,39.720001220703125,15.359999656677246
2016-04-11,1256.699951171875,40.36000061035156,16.260000228881836
2016-04-12,1259.4000244140625,42.16999816894531,14.850000381469727
2016-04-13,1246.800048828125,41.7599983215332,13.84000015258789
2016-04-14,1225.0,41.5,13.720000267028809
2016-04-15,1233.0999755859375,40.36000061035156,13.619999885559082
2016-04-18,1233.5999755859375,39.779998779296875,13.350000381469727
2016-04-19,1253.0,41.08000183105469,13.239999771118164
2016-04-20,1253.199951171875,42.630001068115234,13.279999732971191
2016-04-21,1249.0,43.18000030517578,13.949999809265137
2016-04-22,1228.699951171875,43.72999954223633,13.220000267028809
2016-04-25,1238.9000244140625,42.63999938964844,14.079999923706055
2016-04-26,1242.199951171875,44.040000915527344,13.960000038146973
2016-04-27,1249.199951171875,45.33000183105469,13.770000457763672
2016-04-28,1265.5,46.029998779296875,15.220000267028809
2016-04-29,1289.199951171875,45.91999816894531,15.699999809265137
2016-05-02,1294.699951171875,44.779998779296875,14.680000305175781
2016-05-03,1290.699951171875,43.650001525878906,15.600000381469727
2016-05-04,1273.300048828125,43.779998779296875,16.049999237060547
2016-05-05,1271.4000244140625,44.31999969482422,15.90999984741211
2016-05-06,1292.9000244140625,44.65999984741211,14.720000267028809
2016-05-09,1265.5999755859375,43.439998626708984,14.569999694824219
2016-05-10,1263.9000244140625,44.65999984741211,13.630000114440918
2016-05-11,1274.5999755859375,46.22999954223633,14.6899995803833
2016-05-12,1270.300048828125,46.70000076293945,14.40999984741211
2016-05-13,1271.9000244140625,46.209999084472656,15.039999961853027
2016-05-16,1273.4000244140625,47.720001220703125,14.680000305175781
2016-05-17,1276.199951171875,48.310001373291016,15.569999694824219
2016-05-18,1273.699951171875,48.189998626708984,15.949999809265137
2016-05-19,1254.199951171875,48.15999984741211,16.329999923706055
2016-05-20,1252.4000244140625,47.75,15.199999809265137
2016-05-23,1251.0999755859375,48.08000183105469,15.819999694824219
2016-05-24,1228.9000244140625,48.619998931884766,14.420000076293945
2016-05-25,1223.5,49.560001373291016,13.899999618530273
2016-05-26,1220.0999755859375,49.47999954223633,13.430000305175781
2016-05-27,1213.800048828125,49.33000183105469,13.119999885559082
2016-05-31,1214.800048828125,49.099998474121094,14.1899995803833
2016-06-01,1211.9000244140625,49.0099983215332,14.199999809265137
2016-06-02,1209.800048828125,49.16999816894531,13.630000114440918
2016-06-03,1240.0999755859375,48.619998931884766,13.470000267028809
2016-06-06,1244.5999755859375,49.689998626708984,13.649999618530273
2016-06-07,1244.4000244140625,50.36000061035156,14.050000190734863
2016-06-08,1259.800048828125,51.22999954223633,14.079999923706055
2016-06-09,1270.199951171875,50.560001373291016,14.640000343322754
2016-06-10,1273.4000244140625,49.06999969482422,17.030000686645508
2016-06-13,1284.4000244140625,48.880001068115234,20.969999313354492
2016-06-14,1285.5999755859375,48.4900016784668,20.5
2016-06-15,1285.800048828125,48.0099983215332,20.139999389648438
2016-06-16,1296.0999755859375,46.209999084472656,19.3700008392334
2016-06-17,1292.5,47.97999954223633,19.40999984741211
2016-06-20,1290.0,49.369998931884766,18.3700008392334
2016-06-21,1270.5,48.849998474121094,18.479999542236328
2016-06-22,1268.0,49.130001068115234,21.170000076293945
2016-06-23,1261.199951171875,50.11000061035156,17.25
2016-06-24,1320.0,47.63999938964844,25.760000228881836
2016-06-27,1322.5,46.33000183105469,23.850000381469727
2016-06-28,1315.300048828125,47.849998474121094,18.75
2016-06-29,1323.9000244140625,49.880001068115234,16.639999389648438
2016-06-30,1318.4000244140625,48.33000183105469,15.630000114440918
2016-07-01,1336.699951171875,48.9900016784668,14.770000457763672
2016-07-05,1356.4000244140625,46.599998474121094,15.579999923706055
2016-07-06,1364.9000244140625,47.43000030517578,14.960000038146973
2016-07-07,1360.0999755859375,45.13999938964844,14.760000228881836
2016-07-08,1356.5999755859375,45.40999984741211,13.199999809265137
2016-07-11,1355.0,44.7599983215332,13.539999961853027
2016-07-12,1334.0999755859375,46.79999923706055,13.550000190734863
2016-07-13,1342.4000244140625,44.75,13.039999961853027
2016-07-14,1331.300048828125,45.68000030517578,12.819999694824219
2016-07-15,1326.5,45.95000076293945,12.670000076293945
2016-07-18,1328.4000244140625,45.2400016784668,12.4399995803833
2016-07-19,1331.5,44.650001525878906,11.970000267028809
2016-07-20,1318.800048828125,44.939998626708984,11.770000457763672
2016-07-21,1330.5,44.75,12.739999771118164
2016-07-22,1323.0999755859375,44.189998626708984,12.020000457763672
2016-07-25,1319.300048828125,43.130001068115234,12.869999885559082
2016-07-26,1320.699951171875,42.91999816894531,13.050000190734863
2016-07-27,1326.5999755859375,41.91999816894531,12.829999923706055
2016-07-28,1332.300048828125,41.13999938964844,12.720000267028809
2016-07-29,1349.0,41.599998474121094,11.869999885559082
2016-08-01,1351.4000244140625,40.060001373291016,12.4399995803833
2016-08-02,1364.4000244140625,39.5099983215332,13.369999885559082
2016-08-03,1356.0999755859375,40.83000183105469,12.859999656677246
2016-08-04,1358.800048828125,41.93000030517578,12.420000076293945
2016-08-05,1336.4000244140625,41.79999923706055,11.390000343322754
2016-08-08,1333.4000244140625,43.02000045776367,11.5
2016-08-09,1339.0,42.77000045776367,11.65999984741211
2016-08-10,1344.300048828125,41.709999084472656,12.050000190734863
2016-08-11,1342.5,43.4900016784668,11.680000305175781
2016-08-12,1335.800048828125,44.4900016784668,11.550000190734863
2016-08-15,1340.300048828125,45.7400016784668,11.8100004196167
2016-08-16,1350.5,46.58000183105469,12.640000343322754
2016-08-17,1342.699951171875,46.790000915527344,12.1899995803833
2016-08-18,1351.199951171875,48.220001220703125,11.430000305175781
2016-08-19,1340.4000244140625,48.52000045776367,11.34000015258789
2016-08-22,1337.699951171875,47.04999923706055,12.270000457763672
2016-08-23,1340.5999755859375,48.099998474121094,12.380000114440918
2016-08-24,1324.4000244140625,46.77000045776367,13.449999809265137
2016-08-25,1320.0999755859375,47.33000183105469,13.630000114440918
2016-08-26,1321.5,47.63999938964844,13.649999618530273
2016-08-29,1322.9000244140625,46.97999954223633,12.9399995803833
2016-08-30,1311.699951171875,46.349998474121094,13.119999885559082
2016-08-31,1306.9000244140625,44.70000076293945,13.420000076293945
2016-09-01,1312.199951171875,43.15999984741211,13.479999542236328
2016-09-02,1322.0999755859375,44.439998626708984,11.979999542236328
2016-09-06,1349.4000244140625,44.83000183105469,12.020000457763672
2016-09-07,1344.300048828125,45.5,11.9399995803833
2016-09-08,1336.800048828125,47.619998931884766,12.510000228881836
2016-09-09,1330.0999755859375,45.880001068115234,17.5
2016-09-12,1321.0,46.290000915527344,15.15999984741211
2016-09-13,1319.0,44.900001525878906,17.850000381469727
2016-09-14,1321.5,43.58000183105469,18.139999389648438
2016-09-15,1313.5,43.90999984741211,16.299999237060547
2016-09-16,1305.800048828125,43.029998779296875,15.369999885559082
2016-09-19,1313.5,43.29999923706055,15.529999732971191
2016-09-20,1313.699951171875,43.439998626708984,15.920000076293945
2016-09-21,1326.9000244140625,45.34000015258789,13.300000190734863
2016-09-22,1340.4000244140625,46.31999969482422,12.020000457763672
2016-09-23,1337.199951171875,44.47999954223633,12.289999961853027
2016-09-26,1339.699951171875,45.93000030517578,14.5
2016-09-27,1325.9000244140625,44.66999816894531,13.100000381469727
2016-09-28,1319.4000244140625,47.04999923706055,12.390000343322754
2016-09-29,1321.699951171875,47.83000183105469,14.020000457763672
2016-09-30,1313.300048828125,48.2400016784668,13.289999961853027
2016-10-03,1309.0,48.810001373291016,13.569999694824219
2016-10-04,1266.300048828125,48.689998626708984,13.630000114440918
2016-10-05,1265.199951171875,49.83000183105469,12.989999771118164
2016-10-06,1249.800048828125,50.439998626708984,12.84000015258789
2016-10-07,1248.9000244140625,49.810001373291016,13.479999542236328
2016-10-10,1248.9000244140625,49.810001373291016,13.380000114440918
2016-10-11,1253.0,50.790000915527344,15.359999656677246
2016-10-12,1251.0999755859375,50.18000030517578,15.90999984741211
2016-10-13,1255.0,50.439998626708984,16.690000534057617
2016-10-14,1253.0999755859375,50.349998474121094,16.1200008392334
2016-10-17,1254.4000244140625,49.939998626708984,16.209999084472656
2016-10-18,1260.800048828125,50.290000915527344,15.279999732971191
2016-10-19,1267.9000244140625,51.599998474121094,14.40999984741211
2016-10-20,1265.5999755859375,50.43000030517578,13.75
2016-10-21,1265.9000244140625,50.849998474121094,13.34000015258789
2016-10-24,1262.0,50.52000045776367,13.020000457763672
2016-10-25,1271.9000244140625,49.959999084472656,13.460000038146973
2016-10-26,1264.800048828125,49.18000030517578,14.239999771118164
2016-10-27,1267.9000244140625,49.720001220703125,15.359999656677246
2016-10-28,1275.5,48.70000076293945,16.190000534057617
2016-10-31,1271.5,46.86000061035156,17.059999465942383
2016-11-01,1286.4000244140625,46.66999816894531,18.559999465942383
2016-11-02,1306.800048828125,45.34000015258789,19.31999969482422
2016-11-03,1302.0999755859375,44.65999984741211,22.079999923706055
2016-11-04,1303.300048828125,44.06999969482422,22.510000228881836
2016-11-07,1278.300048828125,44.88999938964844,18.709999084472656
2016-11-08,1273.4000244140625,44.97999954223633,18.739999771118164
2016-11-09,1272.5999755859375,45.27000045776367,14.380000114440918
2016-11-10,1265.5,44.65999984741211,14.739999771118164
2016-11-11,1265.5,44.65999984741211,14.170000076293945
2016-11-14,1221.199951171875,43.31999969482422,14.479999542236328
2016-11-15,1224.0,45.810001373291016,13.369999885559082
2016-11-16,1223.4000244140625,45.56999969482422,13.720000267028809
2016-11-17,1216.5,45.41999816894531,13.350000381469727
2016-11-18,1208.5,45.689998626708984,12.850000381469727
2016-11-21,1209.5999755859375,47.4900016784668,12.420000076293945
2016-11-22,1211.0,48.029998779296875,12.40999984741211
2016-11-23,1189.0999755859375,47.959999084472656,12.430000305175781
2016-11-25,1178.199951171875,46.060001373291016,12.34000015258789
2016-11-28,1190.5999755859375,47.08000183105469,13.149999618530273
2016-11-29,1187.9000244140625,45.22999954223633,12.899999618530273
2016-11-30,1170.800048828125,49.439998626708984,13.329999923706055
2016-12-01,1166.9000244140625,51.060001373291016,14.069999694824219
2016-12-02,1175.0999755859375,51.68000030517578,14.119999885559082
2016-12-05,1174.0,51.790000915527344,12.140000343322754
2016-12-06,1167.5999755859375,50.93000030517578,11.789999961853027
2016-12-07,1175.0,49.77000045776367,12.220000267028809
2016-12-08,1169.800048828125,50.84000015258789,12.640000343322754
2016-12-09,1159.4000244140625,51.5,11.75
2016-12-12,1163.5,52.83000183105469,12.640000343322754
2016-12-13,1156.699951171875,52.97999954223633,12.720000267028809
2016-12-14,1161.300048828125,51.040000915527344,13.1899995803833
2016-12-15,1127.800048828125,50.900001525878906,12.789999961853027
2016-12-16,1135.300048828125,51.900001525878906,12.199999809265137
2016-12-19,1140.5,52.119998931884766,11.710000038146973
2016-12-20,1131.5,52.22999954223633,11.449999809265137
2016-12-21,1131.0999755859375,52.4900016784668,11.270000457763672
2016-12-22,1128.800048828125,52.95000076293945,11.430000305175781
2016-12-23,1131.9000244140625,53.02000045776367,11.4399995803833
2016-12-27,1137.300048828125,53.900001525878906,11.989999771118164
2016-12-28,1139.4000244140625,54.060001373291016,12.949999809265137
2016-12-29,1156.4000244140625,53.77000045776367,13.369999885559082
2016-12-30,1150.0,53.720001220703125,14.039999961853027
2017-01-03,1160.4000244140625,52.33000183105469,12.850000381469727
2017-01-04,1163.800048828125,53.2599983215332,11.850000381469727
2017-01-05,1179.699951171875,53.7599983215332,11.670000076293945
2017-01-06,1171.9000244140625,53.9900016784668,11.319999694824219
2017-01-09,1183.5,51.959999084472656,11.5600004196167
2017-01-10,1184.199951171875,50.81999969482422,11.489999771118164
2017-01-11,1195.5999755859375,52.25,11.260000228881836
2017-01-12,1198.9000244140625,53.0099983215332,11.539999961853027
2017-01-13,1195.300048828125,52.369998931884766,11.229999542236328
2017-01-17,1212.0,52.47999954223633,11.869999885559082
2017-01-18,1211.300048828125,51.08000183105469,12.479999542236328
2017-01-19,1200.9000244140625,51.369998931884766,12.779999732971191
2017-01-20,1204.300048828125,52.41999816894531,11.539999961853027
2017-01-23,1215.0,52.75,11.770000457763672
2017-01-24,1210.300048828125,53.18000030517578,11.069999694824219
2017-01-25,1197.300048828125,52.75,10.8100004196167
2017-01-26,1189.5,53.779998779296875,10.630000114440918
2017-01-27,1188.0999755859375,53.16999816894531,10.579999923706055
2017-01-30,1193.199951171875,52.630001068115234,11.880000114440918
2017-01-31,1208.5999755859375,52.810001373291016,11.989999771118164
2017-02-01,1205.5999755859375,53.880001068115234,11.8100004196167
2017-02-02,1216.699951171875,53.540000915527344,11.930000305175781
2017-02-03,1218.5,53.83000183105469,10.970000267028809
2017-02-06,1230.0,53.0099983215332,11.369999885559082
2017-02-07,1234.199951171875,52.16999816894531,11.289999961853027
2017-02-08,1237.5999755859375,52.34000015258789,11.449999809265137
2017-02-09,1235.0999755859375,53.0,10.880000114440918
2017-02-10,1234.4000244140625,53.86000061035156,10.850000381469727
2017-02-13,1224.4000244140625,52.93000030517578,11.069999694824219
2017-02-14,1223.9000244140625,53.20000076293945,10.739999771118164
2017-02-15,1231.699951171875,53.11000061035156,11.970000267028809
2017-02-16,1240.0,53.36000061035156,11.760000228881836
2017-02-17,1237.5999755859375,53.400001525878906,11.489999771118164
2017-02-21,1237.5,54.060001373291016,11.569999694824219
2017-02-22,1232.0,53.59000015258789,11.739999771118164
2017-02-23,1250.199951171875,54.45000076293945,11.710000038146973
2017-02-24,1256.9000244140625,53.9900016784668,11.470000267028809
2017-02-27,1257.4000244140625,54.04999923706055,12.09000015258789
2017-02-28,1252.5999755859375,54.0099983215332,12.920000076293945
2017-03-01,1248.9000244140625,53.83000183105469,12.539999961853027
2017-03-02,1231.9000244140625,52.61000061035156,11.8100004196167
2017-03-03,1225.5,53.33000183105469,10.960000038146973
2017-03-06,1224.5,53.20000076293945,11.239999771118164
2017-03-07,1215.0999755859375,53.13999938964844,11.449999809265137
2017-03-08,1208.5,50.279998779296875,11.859999656677246
2017-03-09,1202.4000244140625,49.279998779296875,12.300000190734863
2017-03-10,1200.699951171875,48.4900016784668,11.65999984741211
2017-03-13,1202.4000244140625,48.400001525878906,11.350000381469727
2017-03-14,1201.9000244140625,47.720001220703125,12.300000190734863
2017-03-15,1200.0999755859375,48.86000061035156,11.630000114440918
2017-03-16,1226.5,48.75,11.210000038146973
2017-03-17,1229.800048828125,48.779998779296875,11.279999732971191
2017-03-20,1233.5999755859375,48.220001220703125,11.34000015258789
2017-03-21,1246.0999755859375,47.34000015258789,12.470000267028809
2017-03-22,1249.300048828125,48.040000915527344,12.8100004196167
2017-03-23,1246.9000244140625,47.70000076293945,13.119999885559082
2017-03-24,1248.199951171875,47.970001220703125,12.960000038146973
2017-03-27,1255.4000244140625,47.72999954223633,12.5
2017-03-28,1255.300048828125,48.369998931884766,11.529999732971191
2017-03-29,1253.4000244140625,49.5099983215332,11.420000076293945
2017-03-30,1245.0,50.349998474121094,11.539999961853027
2017-03-31,1247.300048828125,50.599998474121094,12.369999885559082
2017-04-03,1250.800048828125,50.2400016784668,12.380000114440918
2017-04-04,1255.0,51.029998779296875,11.789999961853027
2017-04-05,1245.4000244140625,51.150001525878906,12.890000343322754
2017-04-06,1250.300048828125,51.70000076293945,12.390000343322754
2017-04-07,1254.300048828125,52.2400016784668,12.869999885559082
2017-04-10,1251.0999755859375,53.08000183105469,14.050000190734863
2017-04-11,1271.199951171875,53.400001525878906,15.069999694824219
2017-04-12,1275.300048828125,53.11000061035156,15.770000457763672
2017-04-13,1285.9000244140625,53.18000030517578,15.960000038146973
2017-04-17,1289.4000244140625,52.650001525878906,14.65999984741211
2017-04-18,1291.699951171875,52.40999984741211,14.420000076293945
2017-04-19,1281.4000244140625,50.439998626708984,14.930000305175781
2017-04-20,1281.9000244140625,50.27000045776367,14.149999618530273
2017-04-21,1287.4000244140625,49.619998931884766,14.630000114440918
2017-04-24,1275.800048828125,49.22999954223633,10.84000015258789
2017-04-25,1265.5999755859375,49.560001373291016,10.760000228881836
2017-04-26,1262.0999755859375,49.619998931884766,10.850000381469727
2017-04-27,1263.699951171875,48.970001220703125,10.359999656677246
2017-04-28,1266.0999755859375,49.33000183105469,10.819999694824219
2017-05-01,1253.300048828125,48.84000015258789,10.109999656677246
2017-05-02,1255.0999755859375,47.65999984741211,10.59000015258789
2017-05-03,1246.4000244140625,47.81999969482422,10.680000305175781
2017-05-04,1226.5,45.52000045776367,10.460000038146973
2017-05-05,1224.800048828125,46.220001220703125,10.569999694824219
2017-05-08,1225.300048828125,46.43000030517578,9.770000457763672
2017-05-09,1214.300048828125,45.880001068115234,9.960000038146973
2017-05-10,1217.300048828125,47.33000183105469,10.210000038146973
2017-05-11,1222.699951171875,47.83000183105469,10.600000381469727
2017-05-12,1226.199951171875,47.84000015258789,10.399999618530273
2017-05-15,1228.5999755859375,48.849998474121094,10.420000076293945
2017-05-16,1235.0,48.65999984741211,10.649999618530273
2017-05-17,1257.5,49.06999969482422,15.59000015258789
2017-05-18,1251.699951171875,49.349998474121094,14.65999984741211
2017-05-19,1252.699951171875,50.33000183105469,12.039999961853027
2017-05-22,1260.699951171875,50.72999954223633,10.930000305175781
2017-05-23,1254.800048828125,51.470001220703125,10.720000267028809
2017-05-24,1252.4000244140625,51.36000061035156,10.020000457763672
2017-05-25,1255.800048828125,48.900001525878906,9.989999771118164
2017-05-26,1267.5999755859375,49.79999923706055,9.8100004196167
2017-05-30,1262.0999755859375,49.65999984741211,10.380000114440918
2017-05-31,1272.0,48.31999969482422,10.40999984741211
2017-06-01,1267.0,48.36000061035156,9.890000343322754
2017-06-02,1276.800048828125,47.65999984741211,9.75
2017-06-05,1279.300048828125,47.400001525878906,10.069999694824219
2017-06-06,1294.4000244140625,48.189998626708984,10.449999809265137
2017-06-07,1290.0999755859375,45.720001220703125,10.390000343322754
2017-06-08,1276.300048828125,45.63999938964844,10.15999984741211
2017-06-09,1268.5,45.83000183105469,10.699999809265137
2017-06-12,1266.0999755859375,46.08000183105469,11.460000038146973
2017-06-13,1265.800048828125,46.459999084472656,10.420000076293945
2017-06-14,1272.800048828125,44.72999954223633,10.640000343322754
2017-06-15,1252.199951171875,44.459999084472656,10.899999618530273
2017-06-16,1254.0,44.7400016784668,10.380000114440918
2017-06-19,1244.199951171875,44.20000076293945,10.369999885559082
2017-06-20,1241.0,43.22999954223633,10.859999656677246
2017-06-21,1243.4000244140625,42.529998779296875,10.75
2017-06-22,1247.5999755859375,42.7400016784668,10.479999542236328
2017-06-23,1256.199951171875,43.0099983215332,10.020000457763672
2017-06-26,1246.300048828125,43.380001068115234,9.899999618530273
2017-06-27,1246.4000244140625,44.2400016784668,11.0600004196167
2017-06-28,1248.0,44.7400016784668,10.029999732971191
2017-06-29,1244.199951171875,44.93000030517578,11.4399995803833
2017-06-30,1240.699951171875,46.040000915527344,11.180000305175781
2017-07-03,1217.9000244140625,47.06999969482422,11.220000267028809
2017-07-05,1220.4000244140625,45.130001068115234,11.069999694824219
2017-07-06,1222.199951171875,45.52000045776367,12.539999961853027
2017-07-07,1208.5999755859375,44.22999954223633,11.1899995803833
2017-07-10,1212.0999755859375,44.400001525878906,11.109999656677246
2017-07-11,1213.5999755859375,45.040000915527344,10.890000343322754
2017-07-12,1218.0999755859375,45.4900016784668,10.300000190734863
2017-07-13,1216.300048828125,46.08000183105469,9.899999618530273
2017-07-14,1226.5999755859375,46.540000915527344,9.510000228881836
2017-07-17,1232.800048828125,46.02000045776367,9.819999694824219
2017-07-18,1241.0999755859375,46.400001525878906,9.890000343322754
2017-07-19,1241.199951171875,47.119998931884766,9.789999961853027
2017-07-20,1244.800048828125,46.790000915527344,9.579999923706055
2017-07-21,1254.300048828125,45.77000045776367,9.359999656677246
2017-07-24,1253.9000244140625,46.34000015258789,9.430000305175781
2017-07-25,1251.699951171875,47.88999938964844,9.430000305175781
2017-07-26,1249.0,48.75,9.600000381469727
2017-07-27,1259.5999755859375,49.040000915527344,10.109999656677246
2017-07-28,1268.4000244140625,49.709999084472656,10.289999961853027
2017-07-31,1266.5999755859375,50.16999816894531,10.260000228881836
2017-08-01,1272.5999755859375,49.15999984741211,10.09000015258789
2017-08-02,1271.800048828125,49.59000015258789,10.279999732971191
2017-08-03,1267.800048828125,49.029998779296875,10.4399995803833
2017-08-04,1258.300048828125,49.58000183105469,10.029999732971191
2017-08-07,1258.199951171875,49.38999938964844,9.930000305175781
2017-08-08,1256.4000244140625,49.16999816894531,10.960000038146973
2017-08-09,1273.0,49.560001373291016,11.109999656677246
2017-08-10,1283.699951171875,48.59000015258789,16.040000915527344
2017-08-11,1287.699951171875,48.81999969482422,15.510000228881836
2017-08-14,1284.199951171875,47.59000015258789,12.329999923706055
2017-08-15,1273.699951171875,47.54999923706055,12.039999961853027
2017-08-16,1276.9000244140625,46.779998779296875,11.739999771118164
2017-08-17,1286.4000244140625,47.09000015258789,15.550000190734863
2017-08-18,1285.699951171875,48.5099983215332,14.260000228881836
2017-08-21,1290.800048828125,47.369998931884766,13.1899995803833
2017-08-22,1285.0999755859375,47.63999938964844,11.350000381469727
2017-08-23,1288.9000244140625,48.40999984741211,12.25
2017-08-24,1286.5,47.43000030517578,12.229999542236328
2017-08-25,1292.5,47.869998931884766,11.279999732971191
2017-08-28,1309.699951171875,46.56999969482422,11.319999694824219
2017-08-29,1313.0999755859375,46.439998626708984,11.699999809265137
2017-08-30,1308.0999755859375,45.959999084472656,11.220000267028809
2017-08-31,1316.199951171875,47.22999954223633,10.59000015258789
2017-09-01,1324.5,47.290000915527344,10.130000114440918
2017-09-05,1339.199951171875,48.65999984741211,12.229999542236328
2017-09-06,1333.9000244140625,49.15999984741211,11.630000114440918
2017-09-07,1345.0999755859375,49.09000015258789,11.550000190734863
2017-09-08,1346.0,47.47999954223633,12.119999885559082
2017-09-11,1331.0,48.06999969482422,10.729999542236328
2017-09-12,1328.0,48.22999954223633,10.579999923706055
2017-09-13,1323.4000244140625,49.29999923706055,10.5
2017-09-14,1324.699951171875,49.88999938964844,10.4399995803833
2017-09-15,1320.4000244140625,49.88999938964844,10.170000076293945
2017-09-18,1306.300048828125,49.90999984741211,10.149999618530273
2017-09-19,1306.199951171875,49.47999954223633,10.180000305175781
2017-09-20,1312.0,50.40999984741211,9.779999732971191
2017-09-21,1290.5999755859375,50.54999923706055,9.670000076293945
2017-09-22,1293.300048828125,50.65999984741211,9.59000015258789
2017-09-25,1306.800048828125,52.220001220703125,10.210000038146973
2017-09-26,1297.0,51.880001068115234,10.170000076293945
2017-09-27,1283.4000244140625,52.13999938964844,9.869999885559082
2017-09-28,1285.5,51.560001373291016,9.550000190734863
2017-09-29,1281.5,51.66999816894531,9.510000228881836
2017-10-02,1272.699951171875,50.58000183105469,9.449999809265137
2017-10-03,1271.5,50.41999816894531,9.510000228881836
2017-10-04,1273.699951171875,49.97999954223633,9.630000114440918
2017-10-05,1269.9000244140625,50.790000915527344,9.1899995803833
2017-10-06,1271.5999755859375,49.290000915527344,9.649999618530273
2017-10-09,1281.800048828125,49.58000183105469,10.329999923706055
2017-10-10,1290.5999755859375,50.91999816894531,10.079999923706055
2017-10-11,1285.800048828125,51.29999923706055,9.850000381469727
2017-10-12,1293.300048828125,50.599998474121094,9.90999984741211
2017-10-13,1301.5,51.45000076293945,9.609999656677246
2017-10-16,1299.9000244140625,51.869998931884766,9.90999984741211
2017-10-17,1283.0,51.880001068115234,10.3100004196167
2017-10-18,1279.9000244140625,52.040000915527344,10.069999694824219
2017-10-19,1286.9000244140625,51.290000915527344,10.050000190734863
2017-10-20,1277.4000244140625,51.470001220703125,9.970000267028809
2017-10-23,1277.699951171875,51.900001525878906,11.069999694824219
2017-10-24,1275.0,52.470001220703125,11.15999984741211
2017-10-25,1275.4000244140625,52.18000030517578,11.229999542236328
2017-10-26,1266.300048828125,52.63999938964844,11.300000190734863
2017-10-27,1268.5,53.900001525878906,9.800000190734863
2017-10-30,1274.0999755859375,54.150001525878906,10.5
2017-10-31,1267.0,54.380001068115234,10.180000305175781
2017-11-01,1274.0999755859375,54.29999923706055,10.199999809265137
2017-11-02,1274.9000244140625,54.540000915527344,9.930000305175781
2017-11-03,1266.5,55.63999938964844,9.140000343322754
2017-11-06,1279.4000244140625,57.349998474121094,9.399999618530273
2017-11-07,1273.699951171875,57.20000076293945,9.890000343322754
2017-11-08,1281.5999755859375,56.810001373291016,9.779999732971191
2017-11-09,1285.5999755859375,57.16999816894531,10.5
2017-11-10,1272.4000244140625,56.7400016784668,11.289999961853027
2017-11-13,1277.300048828125,56.7599983215332,11.5
2017-11-14,1281.5,55.70000076293945,11.59000015258789
2017-11-15,1276.5,55.33000183105469,13.130000114440918
2017-11-16,1277.4000244140625,55.13999938964844,11.760000228881836
2017-11-17,1295.800048828125,56.54999923706055,11.430000305175781
2017-11-20,1274.5999755859375,56.09000015258789,10.649999618530273
2017-11-21,1281.0999755859375,56.83000183105469,9.729999542236328
2017-11-22,1291.5999755859375,58.02000045776367,9.880000114440918
2017-11-24,1286.699951171875,58.95000076293945,9.670000076293945
2017-11-27,1293.800048828125,58.11000061035156,9.869999885559082
2017-11-28,1294.699951171875,57.9900016784668,10.029999732971191
2017-11-29,1282.0999755859375,57.29999923706055,10.699999809265137
2017-11-30,1273.199951171875,57.400001525878906,11.279999732971191
2017-12-01,1278.800048828125,58.36000061035156,11.430000305175781
2017-12-04,1274.300048828125,57.470001220703125,11.680000305175781
2017-12-05,1261.5999755859375,57.619998931884766,11.329999923706055
2017-12-06,1262.800048828125,55.959999084472656,11.020000457763672
2017-12-07,1249.800048828125,56.689998626708984,10.15999984741211
2017-12-08,1245.199951171875,57.36000061035156,9.579999923706055
2017-12-11,1243.699951171875,57.9900016784668,9.34000015258789
2017-12-12,1238.5,57.13999938964844,9.920000076293945
2017-12-13,1245.4000244140625,56.599998474121094,10.180000305175781
2017-12-14,1253.800048828125,57.040000915527344,10.489999771118164
2017-12-15,1254.300048828125,57.29999923706055,9.420000076293945
2017-12-18,1262.199951171875,57.15999984741211,9.529999732971191
2017-12-19,1260.699951171875,57.459999084472656,10.029999732971191
2017-12-20,1266.0999755859375,58.09000015258789,9.720000267028809
2017-12-21,1267.300048828125,58.36000061035156,9.619999885559082
2017-12-22,1275.4000244140625,58.470001220703125,9.899999618530273
2017-12-26,1284.0999755859375,59.970001220703125,10.25
2017-12-27,1287.0,59.63999938964844,10.470000267028809
2017-12-28,1294.0999755859375,59.84000015258789,10.180000305175781
2017-12-29,1306.300048828125,60.41999816894531,11.039999961853027
2018-01-02,1313.699951171875,60.369998931884766,9.770000457763672
2018-01-03,1316.199951171875,61.630001068115234,9.149999618530273
2018-01-04,1319.4000244140625,62.0099983215332,9.220000267028809
2018-01-05,1320.300048828125,61.439998626708984,9.220000267028809
2018-01-08,1318.5999755859375,61.72999954223633,9.520000457763672
2018-01-09,1311.699951171875,62.959999084472656,10.079999923706055
2018-01-10,1317.4000244140625,63.56999969482422,9.819999694824219
2018-01-11,1320.5999755859375,63.79999923706055,9.880000114440918
2018-01-12,1333.4000244140625,64.30000305175781,10.15999984741211
2018-01-16,1335.4000244140625,63.72999954223633,11.65999984741211
2018-01-17,1338.0,63.970001220703125,11.90999984741211
2018-01-18,1326.0,63.95000076293945,12.220000267028809
2018-01-19,1331.9000244140625,63.369998931884766,11.270000457763672
2018-01-22,1330.9000244140625,63.4900016784668,11.029999732971191
2018-01-23,1335.699951171875,64.47000122070312,11.100000381469727
2018-01-24,1355.9000244140625,65.61000061035156,11.470000267028809
2018-01-25,1362.4000244140625,65.51000213623047,11.579999923706055
2018-01-26,1351.5999755859375,66.13999938964844,11.079999923706055
2018-01-29,1351.5999755859375,65.55999755859375,13.84000015258789
2018-01-30,1335.4000244140625,64.5,14.789999961853027
2018-01-31,1339.0,64.7300033569336,13.539999961853027
2018-02-01,1344.300048828125,65.80000305175781,13.470000267028809
2018-02-02,1333.699951171875,65.44999694824219,17.309999465942383
2018-02-05,1333.0,64.1500015258789,37.31999969482422
2018-02-06,1326.0999755859375,63.38999938964844,29.979999542236328
2018-02-07,1311.5999755859375,61.790000915527344,27.729999542236328
2018-02-08,1316.9000244140625,61.150001525878906,33.459999084472656
2018-02-09,1313.0999755859375,59.20000076293945,29.059999465942383
2018-02-12,1324.199951171875,59.290000915527344,25.610000610351562
2018-02-13,1328.0999755859375,59.189998626708984,24.969999313354492
2018-02-14,1355.5,60.599998474121094,19.260000228881836
2018-02-15,1352.0999755859375,61.34000015258789,19.1299991607666
2018-02-16,1353.199951171875,61.68000030517578,19.459999084472656
2018-02-20,1328.800048828125,61.900001525878906,20.600000381469727
2018-02-21,1330.0,61.68000030517578,20.020000457763672
2018-02-22,1330.5999755859375,62.77000045776367,18.719999313354492
2018-02-23,1328.199951171875,63.54999923706055,16.489999771118164
2018-02-26,1330.699951171875,63.90999984741211,15.800000190734863
2018-02-27,1315.5,63.0099983215332,18.59000015258789
2018-02-28,1315.5,61.63999938964844,19.850000381469727
2018-03-01,1302.9000244140625,60.9900016784668,22.469999313354492
2018-03-02,1321.0999755859375,61.25,19.59000015258789
2018-03-05,1318.0999755859375,62.56999969482422,18.729999542236328
2018-03-06,1333.5999755859375,62.599998474121094,18.360000610351562
2018-03-07,1326.0,61.150001525878906,17.760000228881836
2018-03-08,1319.9000244140625,60.119998931884766,16.540000915527344
2018-03-09,1322.4000244140625,62.040000915527344,14.640000343322754
2018-03-12,1319.4000244140625,61.36000061035156,15.779999732971191
2018-03-13,1325.9000244140625,60.709999084472656,16.350000381469727
2018-03-14,1324.4000244140625,60.959999084472656,17.229999542236328
2018-03-15,1316.800048828125,61.189998626708984,16.59000015258789
2018-03-16,1311.300048828125,62.34000015258789,15.800000190734863
2018-03-19,1316.800048828125,62.060001373291016,19.020000457763672
2018-03-20,1311.0999755859375,63.400001525878906,18.200000762939453
2018-03-21,1320.699951171875,65.16999816894531,17.860000610351562
2018-03-22,1326.5999755859375,64.30000305175781,23.34000015258789
2018-03-23,1349.300048828125,65.87999725341797,24.8700008392334
2018-03-26,1354.4000244140625,65.55000305175781,21.030000686645508
2018-03-27,1341.300048828125,65.25,22.5
2018-03-28,1324.199951171875,64.37999725341797,22.8700008392334
2018-03-29,1322.800048828125,64.94000244140625,19.969999313354492
2018-04-02,1342.0999755859375,63.0099983215332,23.6200008392334
2018-04-03,1332.800048828125,63.5099983215332,21.100000381469727
2018-04-04,1335.800048828125,63.369998931884766,20.059999465942383
2018-04-05,1324.300048828125,63.540000915527344,18.940000534057617
2018-04-06,1331.9000244140625,62.060001373291016,21.489999771118164
2018-04-09,1336.300048828125,63.41999816894531,21.770000457763672
2018-04-10,1342.0,65.51000213623047,20.469999313354492
2018-04-11,1356.5,66.81999969482422,20.239999771118164
2018-04-12,1338.4000244140625,67.06999969482422,18.489999771118164
2018-04-13,1344.800048828125,67.38999938964844,17.40999984741211
2018-04-16,1347.5,66.22000122070312,16.559999465942383
2018-04-17,1347.199951171875,66.5199966430664,15.25
2018-04-18,1351.199951171875,68.47000122070312,15.600000381469727
2018-04-19,1346.800048828125,68.29000091552734,15.960000038146973
2018-04-20,1336.699951171875,68.37999725341797,16.8799991607666
2018-04-23,1322.5,68.63999938964844,16.34000015258789
2018-04-24,1331.4000244140625,67.69999694824219,18.020000457763672
2018-04-25,1321.199951171875,68.05000305175781,17.84000015258789
2018-04-26,1316.300048828125,68.19000244140625,16.239999771118164
2018-04-27,1320.300048828125,68.0999984741211,15.40999984741211
2018-04-30,1316.199951171875,68.56999969482422,15.930000305175781
2018-05-01,1303.800048828125,67.25,15.489999771118164
2018-05-02,1302.5999755859375,67.93000030517578,15.970000267028809
2018-05-03,1310.699951171875,68.43000030517578,15.899999618530273
2018-05-04,1312.699951171875,69.72000122070312,14.770000457763672
2018-05-07,1312.199951171875,70.7300033569336,14.75
2018-05-08,1312.0,69.05999755859375,14.710000038146973
2018-05-09,1311.300048828125,71.13999938964844,13.420000076293945
2018-05-10,1320.800048828125,71.36000061035156,13.229999542236328
2018-05-11,1319.0,70.69999694824219,12.649999618530273
2018-05-14,1316.5,70.95999908447266,12.930000305175781
2018-05-15,1288.9000244140625,71.30999755859375,14.630000114440918
2018-05-16,1290.199951171875,71.48999786376953,13.420000076293945
2018-05-17,1288.199951171875,71.48999786376953,13.430000305175781
2018-05-18,1290.199951171875,71.27999877929688,13.420000076293945
2018-05-21,1290.199951171875,72.23999786376953,13.079999923706055
2018-05-22,1291.699951171875,72.12999725341797,13.220000267028809
2018-05-23,1289.300048828125,71.83999633789062,12.579999923706055
2018-05-24,1303.699951171875,70.70999908447266,12.529999732971191
2018-05-25,1303.300048828125,67.87999725341797,13.220000267028809
2018-05-29,1298.699951171875,66.7300033569336,17.020000457763672
2018-05-30,1301.5,68.20999908447266,14.9399995803833
2018-05-31,1300.0999755859375,67.04000091552734,15.430000305175781
2018-06-01,1294.800048828125,65.80999755859375,13.460000038146973
2018-06-04,1293.0999755859375,64.75,12.739999771118164
2018-06-05,1297.5,65.5199966430664,12.399999618530273
2018-06-06,1297.0999755859375,64.7300033569336,11.640000343322754
2018-06-07,1298.699951171875,65.94999694824219,12.130000114440918
2018-06-08,1298.0999755859375,65.73999786376953,12.180000305175781
2018-06-11,1298.9000244140625,66.0999984741211,12.350000381469727
2018-06-12,1295.0999755859375,66.36000061035156,12.34000015258789
2018-06-13,1296.9000244140625,66.63999938964844,12.9399995803833
2018-06-14,1304.0,66.88999938964844,12.119999885559082
2018-06-15,1274.5999755859375,65.05999755859375,11.979999542236328
2018-06-18,1276.199951171875,65.8499984741211,12.3100004196167
2018-06-19,1275.5999755859375,65.06999969482422,13.350000381469727
2018-06-20,1271.199951171875,66.22000122070312,12.789999961853027
2018-06-21,1267.199951171875,65.54000091552734,14.640000343322754
2018-06-22,1267.4000244140625,68.58000183105469,13.770000457763672
2018-06-25,1265.5999755859375,68.08000183105469,17.329999923706055
2018-06-26,1256.5999755859375,70.52999877929688,15.920000076293945
2018-06-27,1252.800048828125,72.76000213623047,17.90999984741211
2018-06-28,1247.800048828125,73.44999694824219,16.850000381469727
2018-06-29,1251.300048828125,74.1500015258789,16.09000015258789
2018-07-02,1239.800048828125,73.94000244140625,15.600000381469727
2018-07-03,1251.5999755859375,74.13999938964844,16.139999389648438
2018-07-05,1257.300048828125,72.94000244140625,14.970000267028809
2018-07-06,1254.300048828125,73.80000305175781,13.369999885559082
2018-07-09,1258.0999755859375,73.8499984741211,12.6899995803833
2018-07-10,1253.800048828125,74.11000061035156,12.640000343322754
2018-07-11,1242.800048828125,70.37999725341797,13.630000114440918
2018-07-12,1245.0,70.33000183105469,12.579999923706055
2018-07-13,1239.5999755859375,71.01000213623047,12.180000305175781
2018-07-16,1238.0999755859375,68.05999755859375,12.829999923706055
2018-07-17,1225.699951171875,68.08000183105469,12.0600004196167
2018-07-18,1226.300048828125,68.76000213623047,12.100000381469727
2018-07-19,1222.4000244140625,69.45999908447266,12.869999885559082
2018-07-20,1229.5,70.45999908447266,12.859999656677246
2018-07-23,1224.0,67.88999938964844,12.619999885559082
2018-07-24,1223.9000244140625,68.5199966430664,12.40999984741211
2018-07-25,1231.4000244140625,69.30000305175781,12.289999961853027
2018-07-26,1225.300048828125,69.61000061035156,12.140000343322754
2018-07-27,1222.5999755859375,68.69000244140625,13.029999732971191
2018-07-30,1221.300048828125,70.12999725341797,14.260000228881836
2018-07-31,1223.699951171875,68.76000213623047,12.829999923706055
2018-08-01,1217.9000244140625,67.66000366210938,13.149999618530273
2018-08-02,1210.5999755859375,68.95999908447266,12.1899995803833
2018-08-03,1214.199951171875,68.48999786376953,11.640000343322754
2018-08-06,1208.5999755859375,69.01000213623047,11.270000457763672
2018-08-07,1209.5999755859375,69.16999816894531,10.930000305175781
2018-08-08,1212.5999755859375,66.94000244140625,10.850000381469727
2018-08-09,1211.9000244140625,66.80999755859375,11.270000457763672
2018-08-10,1211.0999755859375,67.62999725341797,13.15999984741211
2018-08-13,1191.300048828125,67.19999694824219,14.779999732971191
2018-08-14,1193.0,67.04000091552734,13.3100004196167
2018-08-15,1177.5,65.01000213623047,14.640000343322754
2018-08-16,1176.199951171875,65.45999908447266,13.449999809265137
2018-08-17,1176.5,65.91000366210938,12.640000343322754
2018-08-20,1186.800048828125,66.43000030517578,12.489999771118164
2018-08-21,1192.5999755859375,67.3499984741211,12.859999656677246
2018-08-22,1196.300048828125,67.86000061035156,12.25
2018-08-23,1187.0,67.83000183105469,12.40999984741211
2018-08-24,1206.300048828125,68.72000122070312,11.989999771118164
2018-08-27,1209.0,68.87000274658203,12.15999984741211
2018-08-28,1207.4000244140625,68.52999877929688,12.5
2018-08-29,1204.5,69.51000213623047,12.25
2018-08-30,1197.699951171875,70.25,13.529999732971191
2018-08-31,1200.300048828125,69.80000305175781,12.859999656677246
2018-09-04,1192.699951171875,69.87000274658203,13.15999984741211
2018-09-05,1194.9000244140625,68.72000122070312,13.90999984741211
2018-09-06,1197.9000244140625,67.7699966430664,14.649999618530273
2018-09-07,1193.5999755859375,67.75,14.880000114440918
2018-09-10,1193.0,67.54000091552734,14.15999984741211
2018-09-11,1195.4000244140625,69.25,13.220000267028809
2018-09-12,1204.699951171875,70.37000274658203,13.140000343322754
2018-09-13,1202.0,68.58999633789062,12.369999885559082
2018-09-14,1195.0,68.98999786376953,12.069999694824219
2018-09-17,1199.699951171875,68.91000366210938,13.680000305175781
2018-09-18,1196.800048828125,69.8499984741211,12.789999961853027
2018-09-19,1202.199951171875,71.12000274658203,11.75
2018-09-20,1206.199951171875,70.80000305175781,11.800000190734863
2018-09-21,1196.199951171875,70.77999877929688,11.680000305175781
2018-09-24,1199.300048828125,72.08000183105469,12.199999809265137
2018-09-25,1200.0,72.27999877929688,12.420000076293945
2018-09-26,1194.0,71.56999969482422,12.890000343322754
2018-09-27,1182.300048828125,72.12000274658203,12.40999984741211
2018-09-28,1191.5,73.25,12.119999885559082
2018-10-01,1187.0999755859375,75.30000305175781,12.0
2018-10-02,1202.4000244140625,75.2300033569336,12.050000190734863
2018-10-03,1198.300048828125,76.41000366210938,11.609999656677246
2018-10-04,1197.199951171875,74.33000183105469,14.220000267028809
2018-10-05,1201.199951171875,74.33999633789062,14.819999694824219
2018-10-08,1184.4000244140625,74.29000091552734,15.6899995803833
2018-10-09,1187.199951171875,74.95999908447266,15.949999809265137
2018-10-10,1189.300048828125,73.16999816894531,22.959999084472656
2018-10-11,1223.5,70.97000122070312,24.979999542236328
2018-10-12,1218.0999755859375,71.33999633789062,21.309999465942383
2018-10-15,1226.4000244140625,71.77999877929688,21.299999237060547
2018-10-16,1227.300048828125,71.91999816894531,17.6200008392334
2018-10-17,1223.699951171875,69.75,17.399999618530273
2018-10-18,1226.5,68.6500015258789,20.059999465942383
2018-10-19,1225.300048828125,69.12000274658203,19.889999389648438
2018-10-22,1221.199951171875,69.16999816894531,19.639999389648438
2018-10-23,1233.4000244140625,66.43000030517578,20.709999084472656
2018-10-24,1227.800048828125,66.81999969482422,25.229999542236328
2018-10-25,1229.0999755859375,67.33000183105469,24.219999313354492
2018-10-26,1232.5,67.58999633789062,24.15999984741211
2018-10-29,1224.5,67.04000091552734,24.700000762939453
2018-10-30,1222.5999755859375,66.18000030517578,23.350000381469727
2018-10-31,1212.300048828125,65.30999755859375,21.229999542236328
2018-11-01,1236.0,63.689998626708984,19.34000015258789
2018-11-02,1230.9000244140625,63.13999938964844,19.510000228881836
2018-11-05,1229.800048828125,63.099998474121094,19.959999084472656
2018-11-06,1223.800048828125,62.209999084472656,19.90999984741211
2018-11-07,1226.199951171875,61.66999816894531,16.360000610351562
2018-11-08,1222.9000244140625,60.66999816894531,16.719999313354492
2018-11-09,1206.4000244140625,60.189998626708984,17.360000610351562
2018-11-12,1201.300048828125,59.93000030517578,20.450000762939453
2018-11-13,1199.199951171875,55.689998626708984,20.020000457763672
2018-11-14,1207.9000244140625,56.25,21.25
2018-11-15,1212.800048828125,56.459999084472656,19.979999542236328
2018-11-16,1220.800048828125,56.459999084472656,18.139999389648438
2018-11-19,1223.0999755859375,56.7599983215332,20.100000381469727
2018-11-20,1219.0,53.43000030517578,22.479999542236328
2018-11-21,1225.800048828125,54.630001068115234,20.799999237060547
2018-11-23,1221.0,50.41999816894531,21.520000457763672
2018-11-26,1220.199951171875,51.630001068115234,18.899999618530273
2018-11-27,1211.199951171875,51.560001373291016,19.020000457763672
2018-11-28,1221.4000244140625,50.290000915527344,18.489999771118164
2018-11-29,1224.0999755859375,51.45000076293945,18.790000915527344
2018-11-30,1220.199951171875,50.93000030517578,18.06999969482422
2018-12-03,1233.9000244140625,52.95000076293945,16.440000534057617
2018-12-04,1241.0999755859375,53.25,20.739999771118164
2018-12-06,1238.0999755859375,51.4900016784668,21.190000534057617
2018-12-07,1246.800048828125,52.61000061035156,23.229999542236328
2018-12-10,1243.699951171875,51.0,22.639999389648438
2018-12-11,1241.9000244140625,51.650001525878906,21.760000228881836
2018-12-12,1244.4000244140625,51.150001525878906,21.459999084472656
2018-12-13,1242.699951171875,52.58000183105469,20.649999618530273
2018-12-14,1237.0,51.20000076293945,21.6299991607666
2018-12-17,1247.4000244140625,49.880001068115234,24.520000457763672
2018-12-18,1249.199951171875,46.2400016784668,25.579999923706055
2018-12-19,1252.0999755859375,47.20000076293945,25.579999923706055
2018-12-20,1263.5999755859375,45.880001068115234,28.3799991607666
2018-12-21,1253.800048828125,45.59000015258789,30.110000610351562
2018-12-24,1267.5,42.529998779296875,36.06999969482422
2018-12-26,1269.199951171875,46.220001220703125,30.40999984741211
2018-12-27,1277.300048828125,44.61000061035156,29.959999084472656
2018-12-28,1279.9000244140625,45.33000183105469,28.34000015258789
2018-12-31,1278.300048828125,45.40999984741211,25.420000076293945
2019-01-02,1281.0,46.540000915527344,23.219999313354492
2019-01-03,1291.800048828125,47.09000015258789,25.450000762939453
2019-01-04,1282.699951171875,47.959999084472656,21.3799991607666
2019-01-07,1286.800048828125,48.52000045776367,21.399999618530273
2019-01-08,1283.199951171875,49.779998779296875,20.469999313354492
2019-01-09,1289.300048828125,52.36000061035156,19.979999542236328
2019-01-10,1284.699951171875,52.59000015258789,19.5
2019-01-11,1287.0999755859375,51.59000015258789,18.190000534057617
2019-01-14,1289.0999755859375,50.5099983215332,19.06999969482422
2019-01-15,1286.199951171875,52.11000061035156,18.600000381469727
2019-01-16,1291.5999755859375,52.310001373291016,19.040000915527344
2019-01-17,1291.0,52.06999969482422,18.059999465942383
2019-01-18,1281.300048828125,53.79999923706055,17.799999237060547
2019-01-22,1282.5,52.56999969482422,20.799999237060547
2019-01-23,1283.0999755859375,52.619998931884766,19.520000457763672
2019-01-24,1279.0999755859375,53.130001068115234,18.889999389648438
2019-01-25,1297.4000244140625,53.689998626708984,17.420000076293945
2019-01-28,1302.4000244140625,51.9900016784668,18.8700008392334
2019-01-29,1308.199951171875,53.310001373291016,19.1299991607666
2019-01-30,1309.9000244140625,54.22999954223633,17.65999984741211
2019-01-31,1319.699951171875,53.790000915527344,16.56999969482422
2019-02-01,1316.9000244140625,55.2599983215332,16.139999389648438
2019-02-04,1314.300048828125,54.560001373291016,15.729999542236328
2019-02-05,1314.199951171875,53.65999984741211,15.569999694824219
2019-02-06,1309.5,54.0099983215332,15.380000114440918
2019-02-07,1309.4000244140625,52.63999938964844,16.3700008392334
2019-02-08,1313.699951171875,52.720001220703125,15.720000267028809
2019-02-11,1307.0,52.40999984741211,15.970000267028809
2019-02-12,1309.199951171875,53.099998474121094,15.430000305175781
2019-02-13,1310.800048828125,53.900001525878906,15.649999618530273
2019-02-14,1309.800048828125,54.40999984741211,16.219999313354492
2019-02-15,1318.0999755859375,55.59000015258789,14.90999984741211
2019-02-19,1340.0999755859375,56.09000015258789,14.880000114440918
2019-02-20,1343.300048828125,56.91999816894531,14.020000457763672
2019-02-21,1323.5,56.959999084472656,14.460000038146973
2019-02-22,1329.199951171875,57.2599983215332,13.510000228881836
2019-02-25,1325.9000244140625,55.47999954223633,14.850000381469727
2019-02-26,1325.0999755859375,55.5,15.170000076293945
2019-02-27,1317.699951171875,56.939998626708984,14.699999809265137
2019-02-28,1312.800048828125,57.220001220703125,14.779999732971191
2019-03-01,1296.4000244140625,55.79999923706055,13.569999694824219
2019-03-04,1284.800048828125,56.59000015258789,14.630000114440918
2019-03-05,1282.0,56.560001373291016,14.739999771118164
2019-03-06,1284.9000244140625,56.220001220703125,15.739999771118164
2019-03-07,1283.800048828125,56.65999984741211,16.59000015258789
2019-03-08,1297.0,56.06999969482422,16.049999237060547
2019-03-11,1288.800048828125,56.790000915527344,14.329999923706055
2019-03-12,1296.300048828125,56.869998931884766,13.770000457763672
2019-03-13,1307.5,58.2599983215332,13.40999984741211
2019-03-14,1293.4000244140625,58.61000061035156,13.5
2019-03-15,1301.800048828125,58.52000045776367,12.880000114440918
2019-03-18,1300.300048828125,59.09000015258789,13.100000381469727
2019-03-19,1305.0,59.029998779296875,13.5600004196167
2019-03-20,1300.5,59.83000183105469,13.90999984741211
2019-03-21,1306.0999755859375,59.97999954223633,13.630000114440918
2019-03-22,1311.5999755859375,59.040000915527344,16.479999542236328
2019-03-25,1321.9000244140625,58.81999969482422,16.329999923706055
2019-03-26,1314.300048828125,59.939998626708984,14.680000305175781
2019-03-27,1309.9000244140625,59.40999984741211,15.149999618530273
2019-03-28,1289.800048828125,59.29999923706055,14.430000305175781
2019-03-29,1293.0,60.13999938964844,13.710000038146973
2019-04-01,1288.4000244140625,61.59000015258789,13.399999618530273
2019-04-02,1290.0,62.58000183105469,13.359999656677246
2019-04-03,1289.9000244140625,62.459999084472656,13.739999771118164
2019-04-04,1289.0,62.099998474121094,13.579999923706055
2019-04-05,1290.4000244140625,63.08000183105469,12.819999694824219
2019-04-08,1297.0999755859375,64.4000015258789,13.180000305175781
2019-04-09,1303.5,63.97999954223633,14.279999732971191
2019-04-10,1309.0999755859375,64.61000061035156,13.300000190734863
2019-04-11,1288.5999755859375,63.58000183105469,13.020000457763672
2019-04-12,1290.5999755859375,63.88999938964844,12.010000228881836
2019-04-15,1286.800048828125,63.400001525878906,12.319999694824219
2019-04-16,1272.5999755859375,64.05000305175781,12.180000305175781
2019-04-17,1272.199951171875,63.7599983215332,12.600000381469727
2019-04-18,1271.9000244140625,64.0,12.09000015258789
2019-04-22,1273.5,65.69999694824219,12.420000076293945
2019-04-23,1269.300048828125,66.30000305175781,12.279999732971191
2019-04-24,1275.5,65.88999938964844,13.140000343322754
2019-04-25,1275.800048828125,65.20999908447266,13.25
2019-04-26,1284.9000244140625,63.29999923706055,12.729999542236328
2019-04-29,1278.5999755859375,63.5,13.109999656677246
2019-04-30,1282.800048828125,63.90999984741211,13.119999885559082
2019-05-01,1281.4000244140625,63.599998474121094,14.800000190734863
2019-05-02,1269.699951171875,61.810001373291016,14.420000076293945
2019-05-03,1279.199951171875,61.939998626708984,12.869999885559082
2019-05-06,1281.699951171875,62.25,15.4399995803833
2019-05-07,1283.5,61.400001525878906,19.31999969482422
2019-05-08,1279.4000244140625,62.119998931884766,19.399999618530273
2019-05-09,1283.5,61.70000076293945,19.100000381469727
2019-05-10,1285.699951171875,61.65999984741211,16.040000915527344
2019-05-13,1300.0999755859375,61.040000915527344,20.549999237060547
2019-05-14,1294.699951171875,61.779998779296875,18.059999465942383
2019-05-15,1296.300048828125,62.02000045776367,16.440000534057617
2019-05-16,1285.0,62.869998931884766,15.289999961853027
2019-05-17,1274.5,62.7599983215332,15.960000038146973
2019-05-20,1276.0999755859375,63.099998474121094,16.309999465942383
2019-05-21,1272.0,62.9900016784668,14.949999809265137
2019-05-22,1273.5999755859375,61.41999816894531,14.75
2019-05-23,1284.800048828125,57.90999984741211,16.920000076293945
2019-05-24,1283.0,58.630001068115234,15.850000381469727
2019-05-28,1276.5,59.13999938964844,17.5
2019-05-29,1280.5999755859375,58.810001373291016,17.899999618530273
2019-05-30,1287.0999755859375,56.59000015258789,17.299999237060547
2019-05-31,1305.800048828125,53.5,18.709999084472656
2019-06-03,1322.699951171875,53.25,18.860000610351562
2019-06-04,1323.4000244140625,53.47999954223633,16.969999313354492
2019-06-05,1328.300048828125,51.68000030517578,16.09000015258789
2019-06-06,1337.5999755859375,52.59000015258789,15.930000305175781
2019-06-07,1341.199951171875,53.9900016784668,16.299999237060547
2019-06-10,1324.699951171875,53.2599983215332,15.9399995803833
2019-06-11,1326.4000244140625,53.27000045776367,15.989999771118164
2019-06-12,1331.9000244140625,51.13999938964844,15.90999984741211
2019-06-13,1339.199951171875,52.279998779296875,15.819999694824219
2019-06-14,1340.0999755859375,52.5099983215332,15.279999732971191
2019-06-17,1338.699951171875,51.93000030517578,15.350000381469727
2019-06-18,1346.5999755859375,53.900001525878906,15.149999618530273
2019-06-19,1344.5999755859375,53.7599983215332,14.329999923706055
2019-06-20,1392.9000244140625,56.650001525878906,14.75
2019-06-21,1396.199951171875,57.43000030517578,15.399999618530273
2019-06-24,1414.300048828125,57.900001525878906,15.260000228881836
2019-06-25,1414.9000244140625,57.83000183105469,16.280000686645508
2019-06-26,1411.5999755859375,59.380001068115234,16.209999084472656
2019-06-27,1408.4000244140625,59.43000030517578,15.819999694824219
2019-06-28,1409.699951171875,58.470001220703125,15.079999923706055
2019-07-01,1385.5999755859375,59.09000015258789,14.0600004196167
2019-07-02,1404.5999755859375,56.25,12.930000305175781
2019-07-03,1417.699951171875,57.34000015258789,12.569999694824219
2019-07-05,1396.699951171875,57.5099983215332,13.279999732971191
2019-07-08,1397.0,57.65999984741211,13.960000038146973
2019-07-09,1397.5,57.83000183105469,14.09000015258789
2019-07-10,1410.0999755859375,60.43000030517578,13.029999732971191
2019-07-11,1404.300048828125,60.20000076293945,12.930000305175781
2019-07-12,1409.9000244140625,60.209999084472656,12.390000343322754
2019-07-15,1411.4000244140625,59.58000183105469,12.680000305175781
2019-07-16,1409.199951171875,57.619998931884766,12.859999656677246
2019-07-17,1421.300048828125,56.779998779296875,13.970000267028809
2019-07-18,1426.0999755859375,55.29999923706055,13.529999732971191
2019-07-19,1425.0999755859375,55.630001068115234,14.449999809265137
2019-07-22,1425.300048828125,56.220001220703125,13.529999732971191
2019-07-23,1420.0999755859375,56.77000045776367,12.609999656677246
2019-07-24,1422.800048828125,55.880001068115234,12.069999694824219
2019-07-25,1413.9000244140625,56.02000045776367,12.739999771118164
2019-07-26,1418.5,56.20000076293945,12.15999984741211
2019-07-29,1419.5999755859375,56.869998931884766,12.829999923706055
2019-07-30,1429.699951171875,58.04999923706055,13.9399995803833
2019-07-31,1426.0999755859375,58.58000183105469,16.1200008392334
2019-08-01,1420.9000244140625,53.95000076293945,17.8700008392334
2019-08-02,1445.5999755859375,55.65999984741211,17.610000610351562
2019-08-05,1464.5999755859375,54.689998626708984,24.59000015258789
2019-08-06,1472.4000244140625,53.630001068115234,20.170000076293945
2019-08-07,1507.300048828125,51.09000015258789,19.489999771118164
2019-08-08,1497.699951171875,52.540000915527344,16.90999984741211
2019-08-09,1496.5999755859375,54.5,17.969999313354492
2019-08-12,1505.300048828125,54.93000030517578,21.09000015258789
2019-08-13,1502.199951171875,57.099998474121094,17.520000457763672
2019-08-14,1515.9000244140625,55.22999954223633,22.100000381469727
2019-08-15,1519.5999755859375,54.470001220703125,21.18000030517578
2019-08-16,1512.5,54.869998931884766,18.469999313354492
2019-08-19,1500.4000244140625,56.209999084472656,16.8799991607666
2019-08-20,1504.5999755859375,56.34000015258789,17.5
2019-08-21,1504.5999755859375,55.68000030517578,15.800000190734863
2019-08-22,1497.300048828125,55.349998474121094,16.68000030517578
2019-08-23,1526.5999755859375,54.16999816894531,19.8700008392334
2019-08-26,1526.300048828125,53.63999938964844,19.31999969482422
2019-08-27,1541.0,54.93000030517578,20.309999465942383
2019-08-28,1537.800048828125,55.779998779296875,19.350000381469727
2019-08-29,1526.5,56.709999084472656,17.8799991607666
2019-08-30,1519.0999755859375,55.099998474121094,18.979999542236328
2019-09-03,1545.9000244140625,53.939998626708984,19.65999984741211
2019-09-04,1550.300048828125,56.2599983215332,17.329999923706055
2019-09-05,1515.4000244140625,56.29999923706055,16.270000457763672
2019-09-06,1506.199951171875,56.52000045776367,15.0
2019-09-09,1502.199951171875,57.849998474121094,15.270000457763672
2019-09-10,1490.300048828125,57.400001525878906,15.199999809265137
2019-09-11,1494.4000244140625,55.75,14.609999656677246
2019-09-12,1498.699951171875,55.09000015258789,14.220000267028809
2019-09-13,1490.9000244140625,54.849998474121094,13.739999771118164
2019-09-16,1503.0999755859375,62.900001525878906,14.670000076293945
2019-09-17,1505.0999755859375,59.34000015258789,14.4399995803833
2019-09-18,1507.5,58.11000061035156,13.949999809265137
2019-09-19,1498.4000244140625,58.130001068115234,14.050000190734863
2019-09-20,1507.300048828125,58.09000015258789,15.319999694824219
2019-09-23,1523.699951171875,58.63999938964844,14.90999984741211
2019-09-24,1532.0999755859375,57.290000915527344,17.049999237060547
2019-09-25,1504.5999755859375,56.4900016784668,15.960000038146973
2019-09-26,1507.5,56.40999984741211,16.06999969482422
2019-09-27,1499.0999755859375,55.90999984741211,17.219999313354492
2019-09-30,1465.699951171875,54.06999969482422,16.239999771118164
2019-10-01,1482.0,53.619998931884766,18.559999465942383
2019-10-02,1501.0,52.63999938964844,20.559999465942383
2019-10-03,1507.0999755859375,52.45000076293945,19.1200008392334
2019-10-04,1506.199951171875,52.810001373291016,17.040000915527344
2019-10-07,1497.699951171875,52.75,17.860000610351562
2019-10-08,1497.199951171875,52.630001068115234,20.280000686645508
2019-10-09,1506.0999755859375,52.59000015258789,18.639999389648438
2019-10-10,1494.800048828125,53.54999923706055,17.56999969482422
2019-10-11,1482.699951171875,54.70000076293945,15.579999923706055
2019-10-14,1491.699951171875,53.59000015258789,14.569999694824219
2019-10-15,1477.5999755859375,52.810001373291016,13.539999961853027
2019-10-16,1488.0,53.36000061035156,13.680000305175781
2019-10-17,1492.300048828125,53.93000030517578,13.789999961853027
2019-10-18,1488.199951171875,53.779998779296875,14.25
2019-10-21,1482.4000244140625,53.310001373291016,14.0
2019-10-22,1481.699951171875,54.15999984741211,14.460000038146973
2019-10-23,1489.9000244140625,55.970001220703125,14.010000228881836
2019-10-24,1498.9000244140625,56.22999954223633,13.710000038146973
2019-10-25,1499.5,56.65999984741211,12.649999618530273
2019-10-28,1490.0,55.810001373291016,13.109999656677246
2019-10-29,1487.0,55.540000915527344,13.199999809265137
2019-10-30,1493.199951171875,55.060001373291016,12.329999923706055
2019-10-31,1511.4000244140625,54.18000030517578,13.220000267028809
2019-11-01,1508.0,56.20000076293945,12.300000190734863
2019-11-04,1508.0,56.540000915527344,12.829999923706055
2019-11-05,1480.800048828125,57.22999954223633,13.100000381469727
2019-11-06,1490.199951171875,56.349998474121094,12.619999885559082
2019-11-07,1464.199951171875,57.150001525878906,12.729999542236328
2019-11-08,1461.300048828125,57.2400016784668,12.069999694824219
2019-11-11,1455.5,56.86000061035156,12.6899995803833
2019-11-12,1452.0999755859375,56.79999923706055,12.680000305175781
2019-11-13,1461.699951171875,57.119998931884766,13.0
2019-11-14,1471.800048828125,56.77000045776367,13.050000190734863
2019-11-15,1467.300048828125,57.720001220703125,12.050000190734863
2019-11-18,1470.9000244140625,57.04999923706055,12.460000038146973
2019-11-19,1473.300048828125,55.209999084472656,12.859999656677246
2019-11-20,1473.300048828125,57.11000061035156,12.779999732971191
2019-11-21,1463.0999755859375,58.58000183105469,13.130000114440918
2019-11-22,1463.0999755859375,57.77000045776367,12.34000015258789
2019-11-25,1456.5999755859375,58.0099983215332,11.869999885559082
2019-11-26,1459.800048828125,58.40999984741211,11.539999961853027
2019-11-27,1453.4000244140625,58.11000061035156,11.75
2019-11-29,1465.5999755859375,55.16999816894531,12.619999885559082
2019-12-02,1462.300048828125,55.959999084472656,14.90999984741211
2019-12-03,1478.199951171875,56.099998474121094,15.960000038146973
2019-12-04,1474.0,58.43000030517578,14.800000190734863
2019-12-05,1476.9000244140625,58.43000030517578,14.520000457763672
2019-12-06,1459.0999755859375,59.20000076293945,13.619999885559082
2019-12-09,1459.300048828125,59.02000045776367,15.859999656677246
2019-12-10,1462.5999755859375,59.2400016784668,15.680000305175781
2019-12-11,1469.4000244140625,58.7599983215332,14.989999771118164
2019-12-12,1466.699951171875,59.18000030517578,13.9399995803833
2019-12-13,1475.5999755859375,60.06999969482422,12.630000114440918
2019-12-16,1475.0,60.209999084472656,12.140000343322754
2019-12-17,1474.5999755859375,60.939998626708984,12.289999961853027
2019-12-18,1472.5999755859375,60.93000030517578,12.579999923706055
2019-12-19,1478.199951171875,61.220001220703125,12.5
2019-12-20,1474.699951171875,60.439998626708984,12.510000228881836
2019-12-23,1482.5,60.52000045776367,12.609999656677246
2019-12-24,1499.0999755859375,61.11000061035156,12.670000076293945
2019-12-26,1509.300048828125,61.68000030517578,12.649999618530273
2019-12-27,1513.800048828125,61.720001220703125,13.430000305175781
2019-12-30,1514.5,61.68000030517578,14.819999694824219
2019-12-31,1519.5,61.060001373291016,13.779999732971191
2020-01-02,1524.5,61.18000030517578,12.470000267028809
2020-01-03,1549.199951171875,63.04999923706055,14.020000457763672
2020-01-06,1566.199951171875,63.27000045776367,13.850000381469727
2020-01-07,1571.800048828125,62.70000076293945,13.789999961853027
2020-01-08,1557.4000244140625,59.61000061035156,13.449999809265137
2020-01-09,1551.699951171875,59.560001373291016,12.539999961853027
2020-01-10,1557.5,59.040000915527344,12.5600004196167
2020-01-13,1548.4000244140625,58.08000183105469,12.319999694824219
2020-01-14,1542.4000244140625,58.22999954223633,12.390000343322754
2020-01-15,1552.0999755859375,57.810001373291016,12.420000076293945
2020-01-16,1549.0,58.52000045776367,12.319999694824219
2020-01-17,1558.800048828125,58.540000915527344,12.100000381469727
2020-01-21,1556.4000244140625,58.34000015258789,12.850000381469727
2020-01-22,1555.300048828125,56.7400016784668,12.90999984741211
2020-01-23,1564.5999755859375,55.59000015258789,12.979999542236328
2020-01-24,1571.0999755859375,54.189998626708984,14.5600004196167
2020-01-27,1576.800048828125,53.13999938964844,18.229999542236328
2020-01-28,1569.199951171875,53.47999954223633,16.280000686645508
2020-01-29,1569.800048828125,53.33000183105469,16.389999389648438
2020-01-30,1583.5,52.13999938964844,15.489999771118164
2020-01-31,1582.9000244140625,51.560001373291016,18.84000015258789
2020-02-03,1577.199951171875,50.11000061035156,17.969999313354492
2020-02-04,1550.4000244140625,49.61000061035156,16.049999237060547
2020-02-05,1557.800048828125,50.75,15.149999618530273
2020-02-06,1565.0999755859375,50.95000076293945,14.960000038146973
2020-02-07,1568.5999755859375,50.31999969482422,15.470000267028809
2020-02-10,1574.699951171875,49.56999969482422,15.039999961853027
2020-02-11,1565.5999755859375,49.939998626708984,15.180000305175781
2020-02-12,1567.4000244140625,51.16999816894531,13.739999771118164
2020-02-13,1575.0999755859375,51.41999816894531,14.149999618530273
2020-02-14,1582.699951171875,52.04999923706055,13.680000305175781
2020-02-18,1600.0,52.04999923706055,14.829999923706055
2020-02-19,1607.5,53.290000915527344,14.380000114440918
2020-02-20,1616.5999755859375,53.779998779296875,15.5600004196167
2020-02-21,1644.5999755859375,53.380001068115234,17.079999923706055
2020-02-24,1672.4000244140625,51.43000030517578,25.030000686645508
2020-02-25,1646.9000244140625,49.900001525878906,27.850000381469727
2020-02-26,1640.0,48.72999954223633,27.559999465942383
2020-02-27,1640.0,47.09000015258789,39.15999984741211
2020-02-28,1564.0999755859375,44.7599983215332,40.11000061035156
2020-03-02,1592.300048828125,46.75,33.41999816894531
2020-03-03,1642.0999755859375,47.18000030517578,36.81999969482422
2020-03-04,1641.0999755859375,46.779998779296875,31.989999771118164
2020-03-05,1666.4000244140625,45.900001525878906,39.619998931884766
2020-03-06,1670.800048828125,41.279998779296875,41.939998626708984
2020-03-09,1674.5,31.1299991607666,54.459999084472656
2020-03-10,1659.0999755859375,34.36000061035156,47.29999923706055
2020-03-11,1641.4000244140625,32.97999954223633,53.900001525878906
2020-03-12,1589.300048828125,31.5,75.47000122070312
2020-03-13,1515.699951171875,31.729999542236328,57.83000183105469
2020-03-16,1485.9000244140625,28.700000762939453,82.69000244140625
2020-03-17,1524.9000244140625,26.950000762939453,75.91000366210938
2020-03-18,1477.300048828125,20.3700008392334,76.44999694824219
2020-03-19,1478.5999755859375,25.219999313354492,72.0
2020-03-20,1484.0,22.43000030517578,66.04000091552734
2020-03-23,1567.0,23.360000610351562,61.59000015258789
2020-03-24,1660.199951171875,24.010000228881836,61.66999816894531
2020-03-25,1632.300048828125,24.489999771118164,63.95000076293945
2020-03-26,1650.0999755859375,22.600000381469727,61.0
2020-03-27,1623.9000244140625,21.510000228881836,65.54000091552734
2020-03-30,1622.0,20.09000015258789,57.08000183105469
2020-03-31,1583.4000244140625,20.479999542236328,53.540000915527344
2020-04-01,1578.199951171875,20.309999465942383,57.060001373291016
2020-04-02,1625.699951171875,25.31999969482422,50.90999984741211
2020-04-03,1633.699951171875,28.34000015258789,46.79999923706055
2020-04-06,1677.0,26.079999923706055,45.2400016784668
2020-04-07,1664.800048828125,23.6299991607666,46.70000076293945
2020-04-08,1665.4000244140625,25.09000015258789,43.349998474121094
2020-04-09,1736.199951171875,22.760000228881836,41.66999816894531
2020-04-13,1744.800048828125,22.40999984741211,41.16999816894531
2020-04-14,1756.699951171875,20.110000610351562,37.7599983215332
2020-04-15,1727.199951171875,19.8700008392334,40.84000015258789
2020-04-16,1720.4000244140625,19.8700008392334,40.11000061035156
2020-04-17,1689.199951171875,18.270000457763672,38.150001525878906
2020-04-20,1701.5999755859375,-37.630001068115234,43.83000183105469
2020-04-21,1678.199951171875,10.010000228881836,45.40999984741211
2020-04-22,1728.699951171875,13.779999732971191,41.97999954223633
2020-04-23,1733.300048828125,16.5,41.380001068115234
2020-04-24,1723.5,16.940000534057617,35.93000030517578
2020-04-27,1711.9000244140625,12.779999732971191,33.290000915527344
2020-04-28,1710.5,12.34000015258789,33.56999969482422
2020-04-29,1703.4000244140625,15.0600004196167,31.229999542236328
2020-04-30,1684.199951171875,18.84000015258789,34.150001525878906
2020-05-01,1694.5,19.780000686645508,37.189998626708984
2020-05-04,1706.9000244140625,20.389999389648438,35.970001220703125
2020-05-05,1704.4000244140625,24.559999465942383,33.61000061035156
2020-05-06,1684.199951171875,23.989999771118164,34.119998931884766
2020-05-07,1721.800048828125,23.549999237060547,31.440000534057617
2020-05-08,1709.9000244140625,24.739999771118164,27.979999542236328
2020-05-11,1695.300048828125,24.139999389648438,27.56999969482422
2020-05-12,1704.4000244140625,25.780000686645508,33.040000915527344
2020-05-13,1713.9000244140625,25.290000915527344,35.279998779296875
2020-05-14,1738.0999755859375,27.559999465942383,32.61000061035156
2020-05-15,1753.4000244140625,29.43000030517578,31.889999389648438
2020-05-18,1731.800048828125,31.81999969482422,29.299999237060547
2020-05-19,1744.199951171875,32.5,30.530000686645508
2020-05-20,1750.5999755859375,33.4900016784668,27.989999771118164
2020-05-21,1720.5,33.91999816894531,29.530000686645508
2020-05-22,1734.5999755859375,33.25,28.15999984741211
2020-05-26,1704.800048828125,34.349998474121094,28.010000228881836
2020-05-27,1710.300048828125,32.810001373291016,27.6200008392334
2020-05-28,1713.300048828125,33.709999084472656,28.59000015258789
2020-05-29,1736.9000244140625,35.4900016784668,27.510000228881836
2020-06-01,1737.800048828125,35.439998626708984,28.229999542236328
2020-06-02,1725.199951171875,36.810001373291016,26.84000015258789
2020-06-03,1697.800048828125,37.290000915527344,25.65999984741211
2020-06-04,1718.9000244140625,37.40999984741211,25.809999465942383
2020-06-05,1676.199951171875,39.54999923706055,24.520000457763672
2020-06-08,1698.300048828125,38.189998626708984,25.809999465942383
2020-06-09,1714.699951171875,38.939998626708984,27.56999969482422
2020-06-10,1713.300048828125,39.599998474121094,27.56999969482422
2020-06-11,1732.0,36.34000015258789,40.790000915527344
2020-06-12,1729.300048828125,36.2599983215332,36.09000015258789
2020-06-15,1720.300048828125,37.119998931884766,34.400001525878906
2020-06-16,1729.5999755859375,38.380001068115234,33.66999816894531
2020-06-17,1729.199951171875,37.959999084472656,33.470001220703125
2020-06-18,1724.800048828125,38.84000015258789,32.939998626708984
2020-06-19,1745.9000244140625,39.75,35.119998931884766
2020-06-22,1756.699951171875,40.459999084472656,31.770000457763672
2020-06-23,1772.0999755859375,40.369998931884766,31.3700008392334
2020-06-24,1765.800048828125,38.0099983215332,33.84000015258789
2020-06-25,1762.0999755859375,38.720001220703125,32.220001220703125
2020-06-26,1772.5,38.4900016784668,34.72999954223633
2020-06-29,1774.800048828125,39.70000076293945,31.780000686645508
2020-06-30,1793.0,39.27000045776367,30.43000030517578
2020-07-01,1773.199951171875,39.81999969482422,28.6200008392334
2020-07-02,1784.0,40.650001525878906,27.68000030517578
2020-07-06,1788.5,40.630001068115234,27.940000534057617
2020-07-07,1804.199951171875,40.619998931884766,29.43000030517578
2020-07-08,1815.5,40.900001525878906,28.079999923706055
2020-07-09,1799.199951171875,39.619998931884766,29.260000228881836
2020-07-10,1798.199951171875,40.54999923706055,27.290000915527344
2020-07-13,1811.0,40.099998474121094,32.189998626708984
2020-07-14,1810.5999755859375,40.290000915527344,29.520000457763672
2020-07-15,1811.4000244140625,41.20000076293945,27.760000228881836
2020-07-16,1798.699951171875,40.75,28.0
2020-07-17,1808.300048828125,40.59000015258789,25.68000030517578
2020-07-20,1815.9000244140625,40.810001373291016,24.459999084472656
2020-07-21,1842.4000244140625,41.959999084472656,24.84000015258789
2020-07-22,1864.0999755859375,41.900001525878906,24.31999969482422
2020-07-23,1889.0999755859375,41.06999969482422,26.079999923706055
2020-07-24,1897.300048828125,41.290000915527344,25.84000015258789
2020-07-27,1931.0,41.599998474121094,24.739999771118164
2020-07-28,1944.699951171875,41.040000915527344,25.440000534057617
2020-07-29,1953.5,41.27000045776367,24.100000381469727
2020-07-30,1942.300048828125,39.91999816894531,24.760000228881836
2020-07-31,1962.800048828125,40.27000045776367,24.459999084472656
2020-08-03,1966.0,41.0099983215332,24.280000686645508
2020-08-04,2001.199951171875,41.70000076293945,23.760000228881836
2020-08-05,2031.0999755859375,42.189998626708984,22.989999771118164
2020-08-06,2051.5,41.95000076293945,22.649999618530273
2020-08-07,2010.0999755859375,41.220001220703125,22.209999084472656
2020-08-10,2024.4000244140625,41.939998626708984,22.1299991607666
2020-08-11,1932.5999755859375,41.61000061035156,24.030000686645508
2020-08-12,1934.9000244140625,42.66999816894531,22.280000686645508
2020-08-13,1956.699951171875,42.2400016784668,22.1299991607666
2020-08-14,1937.0,42.0099983215332,22.049999237060547
2020-08-17,1985.0,42.88999938964844,21.350000381469727
2020-08-18,1999.4000244140625,42.88999938964844,21.510000228881836
2020-08-19,1958.699951171875,42.93000030517578,22.540000915527344
2020-08-20,1933.800048828125,42.58000183105469,22.719999313354492
2020-08-21,1934.5999755859375,42.34000015258789,22.540000915527344
2020-08-24,1927.699951171875,42.619998931884766,22.3700008392334
2020-08-25,1911.800048828125,43.349998474121094,22.030000686645508
2020-08-26,1940.699951171875,43.38999938964844,23.270000457763672
2020-08-27,1921.5999755859375,43.040000915527344,24.469999313354492
2020-08-28,1964.5999755859375,42.970001220703125,22.959999084472656
2020-08-31,1967.5999755859375,42.61000061035156,26.40999984741211
2020-09-01,1968.199951171875,42.7599983215332,26.1200008392334
2020-09-02,1934.4000244140625,41.5099983215332,26.56999969482422
2020-09-03,1927.5999755859375,41.369998931884766,33.599998474121094
2020-09-04,1923.9000244140625,39.77000045776367,30.75
2020-09-08,1933.0,36.7599983215332,31.459999084472656
2020-09-09,1944.699951171875,38.04999923706055,28.809999465942383
2020-09-10,1954.199951171875,37.29999923706055,29.709999084472656
2020-09-11,1937.800048828125,37.33000183105469,26.8700008392334
2020-09-14,1953.0999755859375,37.2599983215332,25.850000381469727
2020-09-15,1956.300048828125,38.279998779296875,25.59000015258789
2020-09-16,1960.199951171875,40.15999984741211,26.040000915527344
2020-09-17,1940.0,40.970001220703125,26.459999084472656
2020-09-18,1952.0999755859375,41.11000061035156,25.829999923706055
2020-09-21,1901.199951171875,39.310001373291016,27.780000686645508
2020-09-22,1898.5999755859375,39.599998474121094,26.860000610351562
2020-09-23,1859.9000244140625,39.93000030517578,28.579999923706055
2020-09-24,1868.300048828125,40.310001373291016,28.510000228881836
2020-09-25,1857.699951171875,40.25,26.3799991607666
2020-09-28,1872.800048828125,40.599998474121094,26.190000534057617
2020-09-29,1894.300048828125,39.290000915527344,26.270000457763672
2020-09-30,1887.5,40.220001220703125,26.3700008392334
2020-10-01,1908.4000244140625,38.720001220703125,26.700000762939453
2020-10-02,1900.199951171875,37.04999923706055,27.6299991607666
2020-10-05,1912.5,39.220001220703125,27.959999084472656
2020-10-06,1901.0999755859375,40.66999816894531,29.479999542236328
2020-10-07,1883.5999755859375,39.95000076293945,28.059999465942383
2020-10-08,1888.5999755859375,41.189998626708984,26.360000610351562
2020-10-09,1919.5,40.599998474121094,25.0
2020-10-12,1922.5,39.43000030517578,25.06999969482422
2020-10-13,1888.5,40.20000076293945,26.06999969482422
2020-10-14,1901.300048828125,41.040000915527344,26.399999618530273
2020-10-15,1903.199951171875,40.959999084472656,26.969999313354492
2020-10-16,1900.800048828125,40.880001068115234,27.40999984741211
2020-10-19,1906.4000244140625,40.83000183105469,29.18000030517578
2020-10-20,1910.4000244140625,41.459999084472656,29.350000381469727
2020-10-21,1924.5999755859375,40.029998779296875,28.649999618530273
2020-10-22,1901.0999755859375,40.63999938964844,28.110000610351562
2020-10-23,1902.0,39.849998474121094,27.549999237060547
2020-10-26,1902.699951171875,38.560001373291016,32.459999084472656
2020-10-27,1908.800048828125,39.56999969482422,33.349998474121094
2020-10-28,1876.199951171875,37.38999938964844,40.279998779296875
2020-10-29,1865.5999755859375,36.16999816894531,37.59000015258789
2020-10-30,1877.4000244140625,35.790000915527344,38.02000045776367
2020-11-02,1890.4000244140625,36.810001373291016,37.130001068115234
2020-11-03,1908.5,37.65999984741211,35.54999923706055
2020-11-04,1894.5999755859375,39.150001525878906,29.56999969482422
2020-11-05,1945.300048828125,38.790000915527344,27.579999923706055
2020-11-06,1950.300048828125,37.13999938964844,24.860000610351562
2020-11-09,1853.199951171875,40.290000915527344,25.75
2020-11-10,1875.4000244140625,41.36000061035156,24.799999237060547
2020-11-11,1860.699951171875,41.45000076293945,23.450000762939453
2020-11-12,1872.5999755859375,41.119998931884766,25.350000381469727
2020-11-13,1885.699951171875,40.130001068115234,23.100000381469727
2020-11-16,1887.300048828125,41.34000015258789,22.450000762939453
2020-11-17,1884.5,41.43000030517578,22.709999084472656
2020-11-18,1873.5,41.81999969482422,23.84000015258789
2020-11-19,1861.0999755859375,41.7400016784668,23.110000610351562
2020-11-20,1872.5999755859375,42.150001525878906,23.700000762939453
2020-11-23,1837.800048828125,43.060001373291016,22.65999984741211
2020-11-24,1804.800048828125,44.90999984741211,21.639999389648438
2020-11-25,1805.699951171875,45.709999084472656,21.25
2020-11-27,1781.9000244140625,45.529998779296875,20.84000015258789
2020-11-30,1775.699951171875,45.34000015258789,20.56999969482422
2020-12-01,1814.0999755859375,44.54999923706055,20.770000457763672
2020-12-02,1825.699951171875,45.279998779296875,21.170000076293945
2020-12-03,1836.800048828125,45.63999938964844,21.280000686645508
2020-12-04,1835.9000244140625,46.2599983215332,20.790000915527344
2020-12-07,1861.800048828125,45.7599983215332,21.299999237060547
2020-12-08,1870.800048828125,45.599998474121094,20.68000030517578
2020-12-09,1834.5999755859375,45.52000045776367,22.270000457763672
2020-12-10,1833.5999755859375,46.779998779296875,22.520000457763672
2020-12-11,1839.800048828125,46.56999969482422,23.309999465942383
2020-12-14,1828.699951171875,46.9900016784668,24.719999313354492
2020-12-15,1852.300048828125,47.619998931884766,22.889999389648438
2020-12-16,1856.0999755859375,47.81999969482422,22.5
2020-12-17,1887.199951171875,48.36000061035156,21.93000030517578
2020-12-18,1885.699951171875,49.099998474121094,21.56999969482422
2020-12-21,1879.199951171875,47.7400016784668,25.15999984741211
2020-12-22,1866.5999755859375,47.02000045776367,24.229999542236328
2020-12-23,1874.699951171875,48.119998931884766,23.309999465942383
2020-12-24,1879.9000244140625,48.22999954223633,21.530000686645508
2020-12-28,1877.199951171875,47.619998931884766,21.700000762939453
2020-12-29,1879.699951171875,48.0,23.079999923706055
2020-12-30,1891.0,48.400001525878906,22.770000457763672
2020-12-31,1893.0999755859375,48.52000045776367,22.75
2021-01-04,1944.699951171875,47.619998931884766,26.969999313354492
2021-01-05,1952.699951171875,49.93000030517578,25.34000015258789
2021-01-06,1906.9000244140625,50.630001068115234,25.06999969482422
2021-01-07,1912.300048828125,50.83000183105469,22.3700008392334
2021-01-08,1834.0999755859375,52.2400016784668,21.559999465942383
2021-01-11,1849.5999755859375,52.25,24.079999923706055
2021-01-12,1842.9000244140625,53.209999084472656,23.329999923706055
2021-01-13,1853.5999755859375,52.90999984741211,22.209999084472656
2021-01-14,1850.300048828125,53.56999969482422,23.25
2021-01-15,1829.300048828125,52.36000061035156,24.34000015258789
2021-01-19,1839.5,52.97999954223633,23.239999771118164
2021-01-20,1865.9000244140625,53.2400016784668,21.579999923706055
2021-01-21,1865.300048828125,53.130001068115234,21.31999969482422
2021-01-22,1855.699951171875,52.27000045776367,21.90999984741211
2021-01-25,1854.9000244140625,52.77000045776367,23.190000534057617
2021-01-26,1850.699951171875,52.61000061035156,23.020000457763672
2021-01-27,1844.9000244140625,52.849998474121094,37.209999084472656
2021-01-28,1837.9000244140625,52.34000015258789,30.209999084472656
2021-01-29,1847.300048828125,52.20000076293945,33.09000015258789
2021-02-01,1860.800048828125,53.54999923706055,30.239999771118164
2021-02-02,1830.5,54.7599983215332,25.559999465942383
2021-02-03,1832.199951171875,55.689998626708984,22.90999984741211
2021-02-04,1788.9000244140625,56.22999954223633,21.770000457763672
2021-02-05,1810.9000244140625,56.849998474121094,20.8700008392334
2021-02-08,1831.9000244140625,57.970001220703125,21.239999771118164
2021-02-09,1835.300048828125,58.36000061035156,21.6299991607666
2021-02-10,1840.5999755859375,58.68000030517578,21.989999771118164
2021-02-11,1824.9000244140625,58.2400016784668,21.25
2021-02-12,1821.5999755859375,59.470001220703125,19.969999313354492
2021-02-16,1797.199951171875,60.04999923706055,21.459999084472656
2021-02-17,1771.0999755859375,61.13999938964844,21.5
2021-02-18,1773.4000244140625,60.52000045776367,22.489999771118164
2021-02-19,1775.800048828125,59.2400016784668,22.049999237060547
2021-02-22,1806.699951171875,61.4900016784668,23.450000762939453
2021-02-23,1804.4000244140625,61.66999816894531,23.110000610351562
2021-02-24,1796.4000244140625,63.220001220703125,21.34000015258789
2021-02-25,1774.4000244140625,63.529998779296875,28.889999389648438
2021-02-26,1728.0999755859375,61.5,27.950000762939453
2021-03-01,1722.5,60.63999938964844,23.350000381469727
2021-03-02,1733.0999755859375,59.75,24.100000381469727
2021-03-03,1715.300048828125,61.279998779296875,26.670000076293945
2021-03-04,1700.199951171875,63.83000183105469,28.56999969482422
2021-03-05,1698.0,66.08999633789062,24.65999984741211
2021-03-08,1677.699951171875,65.05000305175781,25.469999313354492
2021-03-09,1716.5999755859375,64.01000213623047,24.030000686645508
2021-03-10,1721.5,64.44000244140625,22.559999465942383
2021-03-11,1722.300048828125,66.0199966430664,21.90999984741211
2021-03-12,1719.5,65.61000061035156,20.690000534057617
2021-03-15,1728.9000244140625,65.38999938964844,20.030000686645508
2021-03-16,1730.5999755859375,64.80000305175781,19.790000915527344
2021-03-17,1726.800048828125,64.5999984741211,19.229999542236328
2021-03-18,1732.199951171875,60.0,21.579999923706055
2021-03-19,1741.4000244140625,61.41999816894531,20.950000762939453
2021-03-22,1737.800048828125,61.54999923706055,18.8799991607666
2021-03-23,1724.699951171875,57.7599983215332,20.299999237060547
2021-03-24,1732.9000244140625,61.18000030517578,21.200000762939453
2021-03-25,1724.9000244140625,58.560001373291016,19.809999465942383
2021-03-26,1732.199951171875,60.970001220703125,18.860000610351562
2021-03-29,1712.0999755859375,61.560001373291016,20.739999771118164
2021-03-30,1683.9000244140625,60.54999923706055,19.610000610351562
2021-03-31,1713.800048828125,59.15999984741211,19.399999618530273
2021-04-01,1726.5,61.45000076293945,17.329999923706055
2021-04-05,1727.0,58.650001525878906,17.90999984741211
2021-04-06,1741.5,59.33000183105469,18.1200008392334
2021-04-07,1740.0999755859375,59.77000045776367,17.15999984741211
2021-04-08,1756.800048828125,59.599998474121094,16.950000762939453
2021-04-09,1743.300048828125,59.31999969482422,16.690000534057617
2021-04-12,1731.199951171875,59.70000076293945,16.90999984741211
2021-04-13,1746.199951171875,60.18000030517578,16.649999618530273
2021-04-14,1734.9000244140625,63.150001525878906,16.989999771118164
2021-04-15,1765.4000244140625,63.459999084472656,16.56999969482422
2021-04-16,1779.0,63.130001068115234,16.25
2021-04-19,1769.4000244140625,63.380001068115234,17.290000915527344
2021-04-20,1777.300048828125,62.439998626708984,18.68000030517578
2021-04-21,1792.300048828125,61.349998474121094,17.5
2021-04-22,1781.199951171875,61.43000030517578,18.709999084472656
2021-04-23,1777.0,62.13999938964844,17.329999923706055
2021-04-26,1779.199951171875,61.90999984741211,17.639999389648438
2021-04-27,1778.0,62.939998626708984,17.559999465942383
2021-04-28,1773.199951171875,63.86000061035156,17.280000686645508
2021-04-29,1768.0999755859375,65.01000213623047,17.610000610351562
2021-04-30,1767.300048828125,63.58000183105469,18.610000610351562
2021-05-03,1791.4000244140625,64.48999786376953,18.309999465942383
2021-05-04,1775.800048828125,65.69000244140625,19.479999542236328
2021-05-05,1784.0999755859375,65.62999725341797,19.149999618530273
2021-05-06,1815.5,64.70999908447266,18.389999389648438
2021-05-07,1831.0999755859375,64.9000015258789,16.690000534057617
2021-05-10,1837.5,64.91999816894531,19.65999984741211
2021-05-11,1835.9000244140625,65.27999877929688,21.84000015258789
2021-05-12,1822.5999755859375,66.08000183105469,27.59000015258789
2021-05-13,1823.800048828125,63.81999969482422,23.1299991607666
2021-05-14,1837.9000244140625,65.37000274658203,18.809999465942383
2021-05-17,1867.5,66.2699966430664,19.719999313354492
2021-05-18,1867.800048828125,65.48999786376953,21.34000015258789
2021-05-19,1881.300048828125,63.36000061035156,22.18000030517578
2021-05-20,1881.800048828125,62.04999923706055,20.670000076293945
2021-05-21,1876.699951171875,63.58000183105469,20.149999618530273
2021-05-24,1884.5999755859375,66.05000305175781,18.399999618530273
2021-05-25,1898.0999755859375,66.06999969482422,18.84000015258789
2021-05-26,1901.300048828125,66.20999908447266,17.360000610351562
2021-05-27,1895.699951171875,66.8499984741211,16.739999771118164
2021-05-28,1902.5,66.31999969482422,16.760000228881836
2021-06-01,1902.9000244140625,67.72000122070312,17.899999618530273
2021-06-02,1907.5,68.83000183105469,17.479999542236328
2021-06-03,1871.199951171875,68.80999755859375,18.040000915527344
2021-06-04,1889.800048828125,69.62000274658203,16.420000076293945
2021-06-07,1896.800048828125,69.2300033569336,16.420000076293945
2021-06-08,1892.199951171875,70.05000305175781,17.06999969482422
2021-06-09,1893.199951171875,69.95999908447266,17.889999389648438
2021-06-10,1894.199951171875,70.29000091552734,16.100000381469727
2021-06-11,1877.4000244140625,70.91000366210938,15.649999618530273
2021-06-14,1864.0,70.87999725341797,16.389999389648438
2021-06-15,1854.5,72.12000274658203,17.020000457763672
2021-06-16,1859.5,72.1500015258789,18.149999618530273
2021-06-17,1773.800048828125,71.04000091552734,17.75
2021-06-18,1767.9000244140625,71.63999938964844,20.700000762939453
2021-06-21,1781.800048828125,73.66000366210938,17.889999389648438
2021-06-22,1776.300048828125,73.05999755859375,16.65999984741211
2021-06-23,1782.300048828125,73.08000183105469,16.31999969482422
2021-06-24,1775.5999755859375,73.30000305175781,15.970000267028809
2021-06-25,1776.5999755859375,74.05000305175781,15.619999885559082
2021-06-28,1779.5999755859375,72.91000366210938,15.760000228881836
2021-06-29,1762.800048828125,72.9800033569336,16.020000457763672
2021-06-30,1770.800048828125,73.47000122070312,15.829999923706055
2021-07-01,1775.9000244140625,75.2300033569336,15.479999542236328
2021-07-02,1782.5999755859375,75.16000366210938,15.069999694824219
2021-07-06,1793.5,73.37000274658203,16.440000534057617
2021-07-07,1801.5,72.19999694824219,16.200000762939453
2021-07-08,1799.5999755859375,72.94000244140625,19.0
2021-07-09,1810.0,74.55999755859375,16.18000030517578
2021-07-12,1805.5,74.0999984741211,16.170000076293945
2021-07-13,1809.4000244140625,75.25,17.1200008392334
2021-07-14,1824.300048828125,73.12999725341797,16.329999923706055
2021-07-15,1828.4000244140625,71.6500015258789,17.010000228881836
2021-07-16,1814.5,71.80999755859375,18.450000762939453
2021-07-19,1808.699951171875,66.41999816894531,22.5
2021-07-20,1810.9000244140625,67.41999816894531,19.729999542236328
2021-07-21,1802.9000244140625,70.30000305175781,17.90999984741211
2021-07-22,1805.0,71.91000366210938,17.690000534057617
2021-07-23,1801.4000244140625,72.06999969482422,17.200000762939453
2021-07-26,1798.699951171875,71.91000366210938,17.579999923706055
2021-07-27,1799.5,71.6500015258789,19.360000610351562
2021-07-28,1799.5,72.38999938964844,18.309999465942383
2021-07-29,1831.199951171875,73.62000274658203,17.700000762939453
2021-07-30,1812.5999755859375,73.94999694824219,18.239999771118164
2021-08-02,1818.0999755859375,71.26000213623047,19.459999084472656
2021-08-03,1810.0999755859375,70.55999755859375,18.040000915527344
2021-08-04,1810.5,68.1500015258789,17.969999313354492
2021-08-05,1805.0999755859375,69.08999633789062,17.280000686645508
2021-08-06,1760.0,68.27999877929688,16.149999618530273
2021-08-09,1723.4000244140625,66.4800033569336,16.719999313354492
2021-08-10,1728.800048828125,68.29000091552734,16.790000915527344
2021-08-11,1750.4000244140625,69.25,16.170000076293945
2021-08-12,1749.0,69.08999633789062,15.59000015258789
2021-08-13,1775.199951171875,68.44000244140625,15.449999809265137
2021-08-16,1786.9000244140625,67.29000091552734,16.1200008392334
2021-08-17,1785.0,66.58999633789062,17.90999984741211
2021-08-18,1781.5999755859375,65.45999908447266,21.56999969482422
2021-08-19,1780.199951171875,63.689998626708984,21.670000076293945
2021-08-20,1781.0,62.31999969482422,18.559999465942383
2021-08-23,1803.199951171875,65.63999938964844,17.149999618530273
2021-08-24,1805.5999755859375,67.54000091552734,17.219999313354492
2021-08-25,1788.199951171875,68.36000061035156,16.790000915527344
2021-08-26,1792.199951171875,67.41999816894531,18.84000015258789
2021-08-27,1816.5999755859375,68.73999786376953,16.389999389648438
2021-08-30,1809.0,69.20999908447266,16.190000534057617
2021-08-31,1815.0,68.5,16.479999542236328
2021-09-01,1813.0999755859375,68.58999633789062,16.110000610351562
2021-09-02,1808.699951171875,69.98999786376953,16.40999984741211
2021-09-03,1830.9000244140625,69.29000091552734,16.40999984741211
2021-09-07,1795.9000244140625,68.3499984741211,18.139999389648438
2021-09-08,1790.699951171875,69.30000305175781,17.959999084472656
2021-09-09,1797.4000244140625,68.13999938964844,18.799999237060547
2021-09-10,1789.5999755859375,69.72000122070312,20.950000762939453
2021-09-13,1792.0,70.44999694824219,19.3700008392334
2021-09-14,1804.699951171875,70.45999908447266,19.459999084472656
2021-09-15,1792.4000244140625,72.61000061035156,18.18000030517578
2021-09-16,1754.5999755859375,72.61000061035156,18.690000534057617
2021-09-17,1749.4000244140625,71.97000122070312,20.809999465942383
2021-09-20,1761.800048828125,70.29000091552734,25.709999084472656
2021-09-21,1776.0,70.55999755859375,24.360000610351562
2021-09-22,1776.699951171875,72.2300033569336,20.8700008392334
2021-09-23,1747.699951171875,73.30000305175781,18.6299991607666
2021-09-24,1749.699951171875,73.9800033569336,17.75
2021-09-27,1750.0,75.44999694824219,18.760000228881836
2021-09-28,1735.800048828125,75.29000091552734,23.25
2021-09-29,1721.5,74.83000183105469,22.559999465942383
2021-09-30,1755.300048828125,75.02999877929688,23.139999389648438
2021-10-01,1757.0,75.87999725341797,21.100000381469727
2021-10-04,1766.199951171875,77.62000274658203,22.959999084472656
2021-10-05,1759.5999755859375,78.93000030517578,21.299999237060547
2021-10-06,1760.5,77.43000030517578,21.0
2021-10-07,1757.9000244140625,78.30000305175781,19.540000915527344
2021-10-08,1756.300048828125,79.3499984741211,18.770000457763672
2021-10-11,1754.5999755859375,80.5199966430664,20.0
2021-10-12,1758.300048828125,80.63999938964844,19.850000381469727
2021-10-13,1793.699951171875,80.44000244140625,18.639999389648438
2021-10-14,1796.699951171875,81.30999755859375,16.860000610351562
2021-10-15,1767.199951171875,82.27999877929688,16.299999237060547
2021-10-18,1764.800048828125,82.44000244140625,16.309999465942383
2021-10-19,1769.699951171875,82.95999908447266,15.699999809265137
2021-10-20,1784.0999755859375,83.87000274658203,15.489999771118164
2021-10-21,1781.199951171875,82.5,15.010000228881836
2021-10-22,1795.5,83.76000213623047,15.430000305175781
2021-10-25,1806.0,83.76000213623047,15.239999771118164
2021-10-26,1792.699951171875,84.6500015258789,15.979999542236328
2021-10-27,1797.9000244140625,82.66000366210938,16.979999542236328
2021-10-28,1801.5999755859375,82.80999755859375,16.530000686645508
2021-10-29,1783.0,83.56999969482422,16.260000228881836
2021-11-01,1795.0999755859375,84.05000305175781,16.40999984741211
2021-11-02,1788.699951171875,83.91000366210938,16.030000686645508
2021-11-03,1763.5999755859375,80.86000061035156,15.100000381469727
2021-11-04,1793.0,78.80999755859375,15.4399995803833
2021-11-05,1816.4000244140625,81.2699966430664,16.479999542236328
2021-11-08,1827.4000244140625,81.93000030517578,17.219999313354492
2021-11-09,1830.199951171875,84.1500015258789,17.780000686645508
2021-11-10,1847.5999755859375,81.33999633789062,18.729999542236328
2021-11-11,1863.199951171875,81.58999633789062,17.65999984741211
2021-11-12,1867.9000244140625,80.79000091552734,16.290000915527344
2021-11-15,1866.0999755859375,80.87999725341797,16.489999771118164
2021-11-16,1853.5999755859375,80.76000213623047,16.3700008392334
2021-11-17,1869.699951171875,78.36000061035156,17.110000610351562
2021-11-18,1861.0,79.01000213623047,17.59000015258789
2021-11-19,1851.199951171875,76.0999984741211,17.90999984741211
2021-11-22,1806.0,76.75,19.170000076293945
2021-11-23,1783.5,78.5,19.3799991607666
2021-11-24,1784.0999755859375,78.38999938964844,18.579999923706055
2021-11-26,1785.300048828125,68.1500015258789,28.6200008392334
2021-11-29,1782.300048828125,69.94999694824219,22.959999084472656
2021-11-30,1773.5999755859375,66.18000030517578,27.190000534057617
2021-12-01,1781.5999755859375,65.56999969482422,31.1200008392334
2021-12-02,1760.699951171875,66.5,27.950000762939453
2021-12-03,1782.0,66.26000213623047,30.670000076293945
2021-12-06,1777.5,69.48999786376953,27.18000030517578
2021-12-07,1782.5999755859375,72.05000305175781,21.889999389648438
2021-12-08,1783.4000244140625,72.36000061035156,19.899999618530273
2021-12-09,1774.5999755859375,70.94000244140625,21.579999923706055
2021-12-10,1782.9000244140625,71.66999816894531,18.690000534057617
2021-12-13,1786.300048828125,71.29000091552734,20.309999465942383
2021-12-14,1770.4000244140625,70.7300033569336,21.889999389648438
2021-12-15,1762.5999755859375,70.87000274658203,19.290000915527344
2021-12-16,1796.5999755859375,72.37999725341797,20.56999969482422
2021-12-17,1803.800048828125,70.86000061035156,21.56999969482422
2021-12-20,1793.699951171875,68.2300033569336,22.8700008392334
2021-12-21,1787.9000244140625,71.12000274658203,21.010000228881836
2021-12-22,1801.5999755859375,72.76000213623047,18.6299991607666
2021-12-23,1811.199951171875,73.79000091552734,17.959999084472656
2021-12-27,1808.0999755859375,75.56999969482422,17.68000030517578
2021-12-28,1810.199951171875,75.9800033569336,17.540000915527344
2021-12-29,1805.0999755859375,76.55999755859375,16.950000762939453
2021-12-30,1812.699951171875,76.98999786376953,17.329999923706055
2021-12-31,1827.5,75.20999908447266,17.219999313354492
2022-01-03,1799.4000244140625,76.08000183105469,16.600000381469727
2022-01-04,1814.0,76.98999786376953,16.90999984741211
2022-01-05,1824.5999755859375,77.8499984741211,19.729999542236328
2022-01-06,1788.699951171875,79.45999908447266,19.610000610351562
2022-01-07,1797.0,78.9000015258789,18.760000228881836
2022-01-10,1798.4000244140625,78.2300033569336,19.399999618530273
2022-01-11,1818.5999755859375,81.22000122070312,18.40999984741211
2022-01-12,1827.199951171875,82.63999938964844,17.6200008392334
2022-01-13,1821.199951171875,82.12000274658203,20.309999465942383
2022-01-14,1816.5,83.81999969482422,19.190000534057617
2022-01-18,1812.300048828125,85.43000030517578,22.790000915527344
2022-01-19,1843.0999755859375,86.95999908447266,23.850000381469727
2022-01-20,1842.5,86.9000015258789,25.59000015258789
2022-01-21,1831.800048828125,85.13999938964844,28.850000381469727
2022-01-24,1841.699951171875,83.30999755859375,29.899999618530273
2022-01-25,1852.699951171875,85.5999984741211,31.15999984741211
2022-01-26,1829.9000244140625,87.3499984741211,31.959999084472656
2022-01-27,1793.300048828125,86.61000061035156,30.489999771118164
2022-01-28,1784.9000244140625,86.81999969482422,27.65999984741211
2022-01-31,1795.0,88.1500015258789,24.829999923706055
2022-02-01,1800.300048828125,88.19999694824219,21.959999084472656
2022-02-02,1809.199951171875,88.26000213623047,22.09000015258789
2022-02-03,1803.0,90.2699966430664,24.350000381469727
2022-02-04,1806.5999755859375,92.30999755859375,23.219999313354492
2022-02-07,1820.5999755859375,91.31999969482422,22.860000610351562
2022-02-08,1826.5999755859375,89.36000061035156,21.440000534057617
2022-02-09,1835.199951171875,89.66000366210938,19.959999084472656
2022-02-10,1836.199951171875,89.87999725341797,23.90999984741211
2022-02-11,1840.800048828125,93.0999984741211,27.360000610351562
2022-02-14,1868.0,95.45999908447266,28.329999923706055
2022-02-15,1854.800048828125,92.06999969482422,25.700000762939453
2022-02-16,1870.199951171875,93.66000366210938,24.290000915527344
2022-02-17,1900.699951171875,91.76000213623047,28.110000610351562
2022-02-18,1898.5999755859375,91.06999969482422,27.75
2022-02-22,1906.0999755859375,92.3499984741211,28.809999465942383
2022-02-23,1909.199951171875,92.0999984741211,31.020000457763672
2022-02-24,1925.0999755859375,92.80999755859375,30.31999969482422
2022-02-25,1886.5,91.58999633789062,27.59000015258789
2022-02-28,1899.4000244140625,95.72000122070312,30.149999618530273
2022-03-01,1942.4000244140625,103.41000366210938,33.31999969482422
2022-03-02,1920.9000244140625,110.5999984741211,30.739999771118164
2022-03-03,1934.4000244140625,107.66999816894531,30.479999542236328
2022-03-04,1965.0999755859375,115.68000030517578,31.979999542236328
2022-03-07,1993.9000244140625,119.4000015258789,36.45000076293945
2022-03-08,2040.0999755859375,123.69999694824219,35.130001068115234
2022-03-09,1985.9000244140625,108.69999694824219,32.45000076293945
2022-03-10,1998.0999755859375,106.0199966430664,30.229999542236328
2022-03-11,1982.699951171875,109.33000183105469,30.75
2022-03-14,1959.5999755859375,103.01000213623047,31.770000457763672
2022-03-15,1928.5,96.44000244140625,29.829999923706055
2022-03-16,1908.0,95.04000091552734,26.670000076293945
2022-03-17,1942.0999755859375,102.9800033569336,25.670000076293945
2022-03-18,1928.199951171875,104.69999694824219,23.8700008392334
2022-03-21,1928.5999755859375,112.12000274658203,23.530000686645508
2022-03-22,1920.699951171875,111.76000213623047,22.940000534057617
2022-03-23,1936.5999755859375,114.93000030517578,23.56999969482422
2022-03-24,1961.5999755859375,112.33999633789062,21.670000076293945
2022-03-25,1953.800048828125,113.9000015258789,20.809999465942383
2022-03-28,1939.5999755859375,105.95999908447266,19.6299991607666
2022-03-29,1912.0,104.23999786376953,18.899999618530273
2022-03-30,1933.5,107.81999969482422,19.329999923706055
2022-03-31,1949.199951171875,100.27999877929688,20.559999465942383
2022-04-01,1919.0999755859375,99.2699966430664,19.6299991607666
2022-04-04,1929.199951171875,103.27999877929688,18.56999969482422
2022-04-05,1922.9000244140625,101.95999908447266,21.030000686645508
2022-04-06,1918.4000244140625,96.2300033569336,22.100000381469727
2022-04-07,1933.800048828125,96.02999877929688,21.549999237060547
2022-04-08,1941.5999755859375,98.26000213623047,21.15999984741211
2022-04-11,1944.300048828125,94.29000091552734,24.3700008392334
2022-04-12,1972.0999755859375,100.5999984741211,24.260000228881836
2022-04-13,1981.0,104.25,21.81999969482422
2022-04-14,1970.9000244140625,106.94999694824219,22.700000762939453
2022-04-18,1982.9000244140625,108.20999908447266,22.170000076293945
2022-04-19,1955.699951171875,102.55999755859375,21.3700008392334
2022-04-20,1952.300048828125,102.75,20.31999969482422
2022-04-21,1944.9000244140625,103.79000091552734,22.68000030517578
2022-04-22,1931.0,102.06999969482422,28.209999084472656
2022-04-25,1893.199951171875,98.54000091552734,27.020000457763672
2022-04-26,1901.4000244140625,101.69999694824219,33.52000045776367
2022-04-27,1885.9000244140625,102.0199966430664,31.600000381469727
2022-04-28,1888.699951171875,105.36000061035156,29.989999771118164
2022-04-29,1909.300048828125,104.69000244140625,33.400001525878906
2022-05-02,1861.800048828125,105.16999816894531,32.34000015258789
2022-05-03,1868.800048828125,102.41000366210938,29.25
2022-05-04,1867.0,107.80999755859375,25.420000076293945
2022-05-05,1874.0,108.26000213623047,31.200000762939453
2022-05-06,1881.199951171875,109.7699966430664,30.190000534057617
2022-05-09,1857.0999755859375,103.08999633789062,34.75
2022-05-10,1839.9000244140625,99.76000213623047,32.9900016784668
2022-05-11,1852.5999755859375,105.70999908447266,32.560001373291016
2022-05-12,1823.800048828125,106.12999725341797,31.770000457763672
2022-05-13,1807.4000244140625,110.48999786376953,28.8700008392334
2022-05-16,1813.5,114.19999694824219,27.469999313354492
2022-05-17,1818.199951171875,112.4000015258789,26.100000381469727
2022-05-18,1815.9000244140625,109.58999633789062,30.959999084472656
2022-05-19,1841.199951171875,112.20999908447266,29.350000381469727
2022-05-20,1841.800048828125,113.2300033569336,29.43000030517578
2022-05-23,1847.800048828125,110.29000091552734,28.479999542236328
2022-05-24,1865.0999755859375,109.7699966430664,29.450000762939453
2022-05-25,1846.199951171875,110.33000183105469,28.3700008392334
2022-05-26,1847.4000244140625,114.08999633789062,27.5
2022-05-27,1851.300048828125,115.06999969482422,25.719999313354492
2022-05-31,1842.699951171875,114.66999816894531,26.190000534057617
2022-06-01,1843.300048828125,115.26000213623047,25.690000534057617
2022-06-02,1866.5,116.87000274658203,24.719999313354492
2022-06-03,1845.4000244140625,118.87000274658203,24.790000915527344
2022-06-06,1839.199951171875,118.5,25.06999969482422
2022-06-07,1847.5,119.41000366210938,24.020000457763672
2022-06-08,1851.9000244140625,122.11000061035156,23.959999084472656
2022-06-09,1848.800048828125,121.51000213623047,26.09000015258789
2022-06-10,1871.5,120.66999816894531,27.75
2022-06-13,1828.0,120.93000030517578,34.02000045776367
2022-06-14,1809.5,118.93000030517578,32.689998626708984
2022-06-15,1815.300048828125,115.30999755859375,29.6200008392334
2022-06-16,1845.699951171875,117.58999633789062,32.95000076293945
2022-06-17,1835.5999755859375,109.55999755859375,31.1299991607666
2022-06-21,1834.5999755859375,110.6500015258789,30.190000534057617
2022-06-22,1834.300048828125,106.19000244140625,28.950000762939453
2022-06-23,1825.699951171875,104.2699966430664,29.049999237060547
2022-06-24,1826.5,107.62000274658203,27.229999542236328
2022-06-27,1820.9000244140625,109.56999969482422,26.950000762939453
2022-06-28,1817.5,111.76000213623047,28.360000610351562
2022-06-29,1813.699951171875,109.77999877929688,28.15999984741211
2022-06-30,1804.0999755859375,105.76000213623047,28.709999084472656
2022-07-01,1798.9000244140625,108.43000030517578,26.700000762939453
2022-07-05,1761.800048828125,99.5,27.540000915527344
2022-07-06,1734.9000244140625,98.52999877929688,26.729999542236328
2022-07-07,1737.9000244140625,102.7300033569336,26.079999923706055
2022-07-08,1740.5999755859375,104.79000091552734,24.639999389648438
2022-07-11,1730.0,104.08999633789062,26.170000076293945
2022-07-12,1723.300048828125,95.83999633789062,27.290000915527344
2022-07-13,1734.199951171875,96.30000305175781,26.81999969482422
2022-07-14,1704.5,95.77999877929688,26.399999618530273
2022-07-15,1702.4000244140625,97.58999633789062,24.229999542236328
2022-07-18,1709.199951171875,102.5999984741211,25.299999237060547
2022-07-19,1710.0,104.22000122070312,24.5
2022-07-20,1699.5,102.26000213623047,23.8799991607666
2022-07-21,1712.699951171875,96.3499984741211,23.110000610351562
2022-07-22,1727.0999755859375,94.69999694824219,23.030000686645508
2022-07-25,1719.0,96.69999694824219,23.360000610351562
2022-07-26,1717.699951171875,94.9800033569336,24.690000534057617
2022-07-27,1719.0999755859375,97.26000213623047,23.239999771118164
2022-07-28,1750.300048828125,96.41999816894531,22.329999923706055
2022-07-29,1762.9000244140625,98.62000274658203,21.329999923706055
2022-08-01,1769.0,93.88999938964844,22.84000015258789
2022-08-02,1771.0999755859375,94.41999816894531,23.93000030517578
2022-08-03,1758.0,90.66000366210938,21.950000762939453
2022-08-04,1788.5,88.54000091552734,21.440000534057617
2022-08-05,1772.9000244140625,89.01000213623047,21.149999618530273
2022-08-08,1786.800048828125,90.76000213623047,21.290000915527344
2022-08-09,1794.0,90.5,21.770000457763672
2022-08-10,1795.5999755859375,91.93000030517578,19.739999771118164
2022-08-11,1789.699951171875,94.33999633789062,20.200000762939453
2022-08-12,1798.5999755859375,92.08999633789062,19.530000686645508
2022-08-15,1781.4000244140625,89.41000366210938,19.950000762939453
2022-08-16,1773.199951171875,86.52999877929688,19.690000534057617
2022-08-17,1760.300048828125,88.11000061035156,19.899999618530273
2022-08-18,1755.300048828125,90.5,19.559999465942383
2022-08-19,1747.5999755859375,90.7699966430664,20.600000381469727
2022-08-22,1734.0,90.2300033569336,23.799999237060547
2022-08-23,1746.800048828125,93.73999786376953,24.110000610351562
2022-08-24,1747.800048828125,94.88999938964844,22.81999969482422
2022-08-25,1757.699951171875,92.5199966430664,21.780000686645508
2022-08-26,1736.0999755859375,93.05999755859375,25.559999465942383
2022-08-29,1736.5999755859375,97.01000213623047,26.209999084472656
2022-08-30,1723.199951171875,91.63999938964844,26.209999084472656
2022-08-31,1712.800048828125,89.55000305175781,25.8700008392334
2022-09-01,1696.5999755859375,86.61000061035156,25.559999465942383
2022-09-02,1709.800048828125,86.87000274658203,25.469999313354492
2022-09-06,1700.4000244140625,86.87999725341797,26.90999984741211
2022-09-07,1715.300048828125,81.94000244140625,24.639999389648438
2022-09-08,1708.0,83.54000091552734,23.610000610351562
2022-09-09,1716.199951171875,86.79000091552734,22.790000915527344
2022-09-12,1728.0999755859375,87.77999877929688,23.8700008392334
2022-09-13,1705.0,87.30999755859375,27.270000457763672
2022-09-14,1696.5,88.4800033569336,26.15999984741211
2022-09-15,1665.4000244140625,85.0999984741211,26.270000457763672
2022-09-16,1671.699951171875,85.11000061035156,26.299999237060547
2022-09-19,1666.199951171875,85.7300033569336,25.760000228881836
2022-09-20,1659.699951171875,84.44999694824219,27.15999984741211
2022-09-21,1664.5999755859375,82.94000244140625,27.989999771118164
2022-09-22,1670.800048828125,83.48999786376953,27.350000381469727
2022-09-23,1645.300048828125,78.73999786376953,29.920000076293945
2022-09-26,1623.300048828125,76.70999908447266,32.2599983215332
2022-09-27,1626.699951171875,78.5,32.599998474121094
2022-09-28,1660.4000244140625,82.1500015258789,30.18000030517578
2022-09-29,1658.5,81.2300033569336,31.84000015258789
2022-09-30,1662.4000244140625,79.48999786376953,31.6200008392334
2022-10-03,1692.9000244140625,83.62999725341797,30.100000381469727
2022-10-04,1721.0999755859375,86.5199966430664,29.06999969482422
2022-10-05,1711.4000244140625,87.76000213623047,28.549999237060547
2022-10-06,1711.699951171875,88.44999694824219,30.520000457763672
2022-10-07,1700.5,92.63999938964844,31.360000610351562
2022-10-10,1667.300048828125,91.12999725341797,32.45000076293945
2022-10-11,1678.699951171875,89.3499984741211,33.630001068115234
2022-10-12,1670.300048828125,87.2699966430664,33.56999969482422
2022-10-13,1670.0,89.11000061035156,31.940000534057617
2022-10-14,1641.699951171875,85.61000061035156,32.02000045776367
2022-10-17,1657.0,85.45999908447266,31.3700008392334
2022-10-18,1649.0,82.81999969482422,30.5
2022-10-19,1627.5,85.55000305175781,30.760000228881836
2022-10-20,1630.800048828125,85.9800033569336,29.979999542236328
2022-10-21,1651.0,85.05000305175781,29.690000534057617
2022-10-24,1648.699951171875,84.58000183105469,29.850000381469727
2022-10-25,1652.800048828125,85.31999969482422,28.459999084472656
2022-10-26,1664.0,87.91000366210938,27.280000686645508
2022-10-27,1660.699951171875,89.08000183105469,27.389999389648438
2022-10-28,1639.5999755859375,87.9000015258789,25.75
2022-10-31,1635.9000244140625,86.52999877929688,25.8799991607666
2022-11-01,1645.0,88.37000274658203,25.809999465942383
2022-11-02,1645.699951171875,90.0,25.860000610351562
2022-11-03,1627.300048828125,88.16999816894531,25.299999237060547
2022-11-04,1672.5,92.61000061035156,24.549999237060547
2022-11-07,1676.5,91.79000091552734,24.350000381469727
2022-11-08,1712.0999755859375,88.91000366210938,25.540000915527344
2022-11-09,1710.0999755859375,85.83000183105469,26.09000015258789
2022-11-10,1750.300048828125,86.47000122070312,23.530000686645508
2022-11-11,1766.0,88.95999908447266,22.520000457763672
2022-11-14,1773.5999755859375,85.87000274658203,23.729999542236328
2022-11-15,1773.800048828125,86.91999816894531,24.540000915527344
2022-11-16,1773.0,85.58999633789062,24.110000610351562
2022-11-17,1760.800048828125,81.63999938964844,23.93000030517578
2022-11-18,1751.9000244140625,80.08000183105469,23.1200008392334
2022-11-21,1737.4000244140625,79.7300033569336,22.360000610351562
2022-11-22,1738.300048828125,80.94999694824219,21.290000915527344
2022-11-23,1744.9000244140625,77.94000244140625,20.350000381469727
2022-11-25,1753.300048828125,76.27999877929688,20.5
2022-11-28,1740.0999755859375,77.23999786376953,22.209999084472656
2022-11-29,1748.4000244140625,78.19999694824219,21.889999389648438
2022-11-30,1746.0,80.55000305175781,20.579999923706055
2022-12-01,1801.0999755859375,81.22000122070312,19.84000015258789
2022-12-02,1795.9000244140625,79.9800033569336,19.059999465942383
2022-12-05,1767.4000244140625,76.93000030517578,20.75
2022-12-06,1769.300048828125,74.25,22.170000076293945
2022-12-07,1785.5,72.01000213623047,22.68000030517578
2022-12-08,1788.699951171875,71.45999908447266,22.290000915527344
2022-12-09,1798.0999755859375,71.0199966430664,22.829999923706055
2022-12-12,1780.5,73.16999816894531,25.0
2022-12-13,1813.9000244140625,75.38999938964844,22.549999237060547
2022-12-14,1807.5,77.27999877929688,21.139999389648438
2022-12-15,1777.199951171875,76.11000061035156,22.829999923706055
2022-12-16,1790.0,74.29000091552734,22.6200008392334
2022-12-19,1787.699951171875,75.19000244140625,22.420000076293945
2022-12-20,1815.9000244140625,76.08999633789062,21.479999542236328
2022-12-21,1815.9000244140625,78.29000091552734,20.06999969482422
2022-12-22,1787.0,77.48999786376953,21.969999313354492
2022-12-23,1795.9000244140625,79.55999755859375,20.8700008392334
2022-12-27,1814.800048828125,79.52999877929688,21.649999618530273
2022-12-28,1807.9000244140625,78.95999908447266,22.139999389648438
2022-12-29,1819.5,78.4000015258789,21.440000534057617
2022-12-30,1819.699951171875,80.26000213623047,21.670000076293945
2023-01-03,1839.699951171875,76.93000030517578,22.899999618530273
2023-01-04,1852.800048828125,72.83999633789062,22.010000228881836
2023-01-05,1834.800048828125,73.66999816894531,22.459999084472656
2023-01-06,1864.199951171875,73.7699966430664,21.1299991607666
2023-01-09,1872.699951171875,74.62999725341797,21.969999313354492
2023-01-10,1871.5999755859375,75.12000274658203,20.579999923706055
2023-01-11,1874.5999755859375,77.41000366210938,21.09000015258789
2023-01-12,1895.5,78.38999938964844,18.829999923706055
2023-01-13,1918.4000244140625,79.86000061035156,18.350000381469727
2023-01-17,1907.199951171875,80.18000030517578,19.360000610351562
2023-01-18,1904.4000244140625,79.4800033569336,20.34000015258789
2023-01-19,1922.0999755859375,80.33000183105469,20.520000457763672
2023-01-20,1926.4000244140625,81.30999755859375,19.850000381469727
2023-01-23,1927.0999755859375,81.62000274658203,19.809999465942383
2023-01-24,1933.9000244140625,80.12999725341797,19.200000762939453
2023-01-25,1941.199951171875,80.1500015258789,19.079999923706055
2023-01-26,1929.0999755859375,81.01000213623047,18.729999542236328
2023-01-27,1928.5999755859375,79.68000030517578,18.510000228881836
2023-01-30,1922.9000244140625,77.9000015258789,19.940000534057617
2023-01-31,1929.5,78.87000274658203,19.399999618530273
2023-02-01,1927.800048828125,76.41000366210938,17.8700008392334
2023-02-02,1916.300048828125,75.87999725341797,18.729999542236328
2023-02-03,1862.9000244140625,73.38999938964844,18.329999923706055
2023-02-06,1866.199951171875,74.11000061035156,19.43000030517578
2023-02-07,1871.699951171875,77.13999938964844,18.65999984741211
2023-02-08,1877.4000244140625,78.47000122070312,19.6299991607666
2023-02-09,1866.199951171875,78.05999755859375,20.709999084472656
2023-02-10,1862.800048828125,79.72000122070312,20.530000686645508
2023-02-13,1851.9000244140625,80.13999938964844,20.34000015258789
2023-02-14,1854.0,79.05999755859375,18.90999984741211
2023-02-15,1834.199951171875,78.58999633789062,18.229999542236328
2023-02-16,1842.0,78.48999786376953,20.170000076293945
2023-02-17,1840.4000244140625,76.33999633789062,20.020000457763672
2023-02-21,1833.0,76.16000366210938,22.8700008392334
2023-02-22,1832.0,73.94999694824219,22.290000915527344
2023-02-23,1818.0,75.38999938964844,21.139999389648438
2023-02-24,1808.800048828125,76.31999969482422,21.670000076293945
2023-02-27,1817.0,75.68000030517578,20.950000762939453
2023-02-28,1828.9000244140625,77.05000305175781,20.700000762939453
2023-03-01,1837.699951171875,77.69000244140625,20.579999923706055
2023-03-02,1833.5,78.16000366210938,19.59000015258789
2023-03-03,1847.699951171875,79.68000030517578,18.489999771118164
2023-03-06,1847.9000244140625,80.45999908447266,18.610000610351562
2023-03-07,1813.9000244140625,77.58000183105469,19.59000015258789
2023-03-08,1812.699951171875,76.66000366210938,19.110000610351562
2023-03-09,1829.300048828125,75.72000122070312,22.610000610351562
2023-03-10,1862.0,76.68000030517578,24.799999237060547
2023-03-13,1911.699951171875,74.80000305175781,26.520000457763672
2023-03-14,1906.199951171875,71.33000183105469,23.729999542236328
2023-03-15,1926.5999755859375,67.61000061035156,26.139999389648438
2023-03-16,1919.0,68.3499984741211,22.989999771118164
2023-03-17,1969.800048828125,66.73999786376953,25.510000228881836
2023-03-20,1979.199951171875,67.63999938964844,24.149999618530273
2023-03-21,1938.0,69.33000183105469,21.3799991607666
2023-03-22,1946.800048828125,70.9000015258789,22.260000228881836
2023-03-23,1993.800048828125,69.95999908447266,22.610000610351562
2023-03-24,1982.0999755859375,69.26000213623047,21.739999771118164
2023-03-27,1952.4000244140625,72.80999755859375,20.600000381469727
2023-03-28,1972.4000244140625,73.19999694824219,19.969999313354492
2023-03-29,1966.0999755859375,72.97000122070312,19.1200008392334
2023-03-30,1980.300048828125,74.37000274658203,19.020000457763672
2023-03-31,1969.0,75.66999816894531,18.700000762939453
2023-04-03,1983.9000244140625,80.41999816894531,18.549999237060547
2023-04-04,2022.199951171875,80.70999908447266,19.0
2023-04-05,2020.9000244140625,80.61000061035156,19.079999923706055
2023-04-06,2011.9000244140625,80.69999694824219,18.399999618530273
2023-04-10,1989.0999755859375,79.73999786376953,18.969999313354492
2023-04-11,2004.800048828125,81.52999877929688,19.100000381469727
2023-04-12,2010.9000244140625,83.26000213623047,19.09000015258789
2023-04-13,2041.300048828125,82.16000366210938,17.799999237060547
2023-04-14,2002.199951171875,82.5199966430664,17.06999969482422
2023-04-17,1994.199951171875,80.83000183105469,16.950000762939453
2023-04-18,2007.4000244140625,80.86000061035156,16.829999923706055
2023-04-19,1995.199951171875,79.16000366210938,16.459999084472656
2023-04-20,2007.5999755859375,77.29000091552734,17.170000076293945
2023-04-21,1979.5,77.87000274658203,16.770000457763672
2023-04-24,1989.0999755859375,78.76000213623047,16.889999389648438
2023-04-25,1994.0,77.06999969482422,18.760000228881836
2023-04-26,1985.699951171875,74.30000305175781,18.84000015258789
2023-04-27,1989.9000244140625,74.76000213623047,17.030000686645508
2023-04-28,1990.0999755859375,76.77999877929688,15.779999732971191
2023-05-01,1983.4000244140625,75.66000366210938,16.079999923706055
2023-05-02,2014.300048828125,71.66000366210938,17.780000686645508
2023-05-03,2028.5999755859375,68.5999984741211,18.34000015258789
2023-05-04,2048.0,68.55999755859375,20.09000015258789
2023-05-05,2017.4000244140625,71.33999633789062,17.190000534057617
2023-05-08,2026.300048828125,73.16000366210938,16.979999542236328
2023-05-09,2036.199951171875,73.70999908447266,17.709999084472656
2023-05-10,2030.5,72.55999755859375,16.940000534057617
2023-05-11,2014.699951171875,70.87000274658203,16.93000030517578
2023-05-12,2014.5,70.04000091552734,17.030000686645508
2023-05-15,2018.0,71.11000061035156,17.1200008392334
2023-05-16,1988.4000244140625,70.86000061035156,17.989999771118164
2023-05-17,1980.699951171875,72.83000183105469,16.8700008392334
2023-05-18,1956.5,71.86000061035156,16.049999237060547
2023-05-19,1978.699951171875,71.55000305175781,16.809999465942383
2023-05-22,1974.800048828125,71.98999786376953,17.209999084472656
2023-05-23,1972.4000244140625,72.91000366210938,18.530000686645508
2023-05-24,1962.800048828125,74.33999633789062,20.030000686645508
2023-05-25,1943.0999755859375,71.83000183105469,19.139999389648438
2023-05-26,1944.0999755859375,72.66999816894531,17.950000762939453
2023-05-30,1958.0,69.45999908447266,17.459999084472656
2023-05-31,1963.9000244140625,68.08999633789062,17.940000534057617
2023-06-01,1978.0,70.0999984741211,15.649999618530273
2023-06-02,1952.4000244140625,71.73999786376953,14.600000381469727
2023-06-05,1958.0,72.1500015258789,14.729999542236328
2023-06-06,1965.5,71.73999786376953,13.960000038146973
2023-06-07,1942.699951171875,72.52999877929688,13.9399995803833
2023-06-08,1963.5999755859375,71.29000091552734,13.649999618530273
2023-06-09,1962.199951171875,70.16999816894531,13.829999923706055
2023-06-12,1955.300048828125,67.12000274658203,15.010000228881836
2023-06-13,1944.5999755859375,69.41999816894531,14.609999656677246
2023-06-14,1955.300048828125,68.2699966430664,13.880000114440918
2023-06-15,1957.800048828125,70.62000274658203,14.5
2023-06-16,1958.4000244140625,71.77999877929688,13.539999961853027
2023-06-20,1935.5,70.5,13.880000114440918
2023-06-21,1933.300048828125,72.52999877929688,13.199999809265137
2023-06-22,1912.699951171875,69.51000213623047,12.90999984741211
2023-06-23,1919.0999755859375,69.16000366210938,13.4399995803833
2023-06-26,1923.699951171875,69.37000274658203,14.25
2023-06-27,1914.0,67.69999694824219,13.739999771118164
2023-06-28,1912.300048828125,69.55999755859375,13.430000305175781
2023-06-29,1909.199951171875,69.86000061035156,13.539999961853027
2023-06-30,1921.0999755859375,70.63999938964844,13.59000015258789
2023-07-03,1921.699951171875,69.79000091552734,13.569999694824219
2023-07-05,1919.5999755859375,71.79000091552734,14.180000305175781
2023-07-06,1908.699951171875,71.80000305175781,15.4399995803833
2023-07-07,1926.199951171875,73.86000061035156,14.829999923706055
2023-07-10,1925.0,72.98999786376953,15.069999694824219
2023-07-11,1931.300048828125,74.83000183105469,14.84000015258789
2023-07-12,1956.199951171875,75.75,13.539999961853027
2023-07-13,1959.199951171875,76.88999938964844,13.609999656677246
2023-07-14,1960.0999755859375,75.41999816894531,13.34000015258789
2023-07-17,1952.4000244140625,74.1500015258789,13.479999542236328
2023-07-18,1977.199951171875,75.75,13.300000190734863
2023-07-19,1977.5,75.3499984741211,13.760000228881836
2023-07-20,1968.300048828125,75.62999725341797,13.989999771118164
2023-07-21,1964.300048828125,77.06999969482422,13.600000381469727
2023-07-24,1960.300048828125,78.73999786376953,13.90999984741211
2023-07-25,1962.0999755859375,79.62999725341797,13.859999656677246
2023-07-26,1968.9000244140625,78.77999877929688,13.1899995803833
2023-07-27,1945.4000244140625,80.08999633789062,14.40999984741211
2023-07-28,1960.4000244140625,80.58000183105469,13.329999923706055
2023-07-31,1970.5,81.80000305175781,13.630000114440918
2023-08-01,1940.699951171875,81.37000274658203,13.930000305175781
2023-08-02,1937.4000244140625,79.48999786376953,16.09000015258789
2023-08-03,1932.0,81.55000305175781,15.920000076293945
2023-08-04,1939.5999755859375,82.81999969482422,17.100000381469727
2023-08-07,1933.5,81.94000244140625,15.770000457763672
2023-08-08,1924.0999755859375,82.91999816894531,15.989999771118164
2023-08-09,1915.4000244140625,84.4000015258789,15.960000038146973
2023-08-10,1914.4000244140625,82.81999969482422,15.850000381469727
2023-08-11,1912.9000244140625,83.19000244140625,14.84000015258789
2023-08-14,1910.5999755859375,82.51000213623047,14.819999694824219
2023-08-15,1902.5,80.98999786376953,16.459999084472656
2023-08-16,1896.0999755859375,79.37999725341797,16.780000686645508
2023-08-17,1884.0999755859375,80.38999938964844,17.889999389648438
2023-08-18,1886.0999755859375,81.25,17.299999237060547
2023-08-21,1893.300048828125,80.72000122070312,17.1299991607666
2023-08-22,1896.4000244140625,80.3499984741211,16.969999313354492
2023-08-23,1918.5,78.88999938964844,15.979999542236328
2023-08-24,1918.199951171875,79.05000305175781,17.200000762939453
2023-08-25,1911.0999755859375,79.83000183105469,15.680000305175781
2023-08-28,1917.9000244140625,80.0999984741211,15.079999923706055
2023-08-29,1936.5,81.16000366210938,14.449999809265137
2023-08-30,1944.300048828125,81.62999725341797,13.880000114440918
2023-08-31,1938.199951171875,83.62999725341797,13.569999694824219
2023-09-01,1939.800048828125,85.55000305175781,13.09000015258789
2023-09-05,1926.199951171875,86.69000244140625,14.010000228881836
2023-09-06,1918.0999755859375,87.54000091552734,14.449999809265137
2023-09-07,1917.5,86.87000274658203,14.399999618530273
2023-09-08,1918.4000244140625,87.51000213623047,13.84000015258789
2023-09-11,1923.300048828125,87.29000091552734,13.800000190734863
2023-09-12,1911.300048828125,88.83999633789062,14.229999542236328
2023-09-13,1909.0999755859375,88.5199966430664,13.479999542236328
2023-09-14,1910.0,90.16000366210938,12.819999694824219
2023-09-15,1923.699951171875,90.7699966430664,13.789999961853027
2023-09-18,1931.5,91.4800033569336,14.0
2023-09-19,1932.0,91.19999694824219,14.109999656677246
2023-09-20,1945.5999755859375,90.27999877929688,15.140000343322754
2023-09-21,1919.199951171875,89.62999725341797,17.540000915527344
2023-09-22,1925.4000244140625,90.02999877929688,17.200000762939453
2023-09-25,1916.5999755859375,89.68000030517578,16.899999618530273
2023-09-26,1900.4000244140625,90.38999938964844,18.940000534057617
2023-09-27,1871.5999755859375,93.68000030517578,18.219999313354492
2023-09-28,1860.4000244140625,91.70999908447266,17.34000015258789
2023-09-29,1848.0999755859375,90.79000091552734,17.520000457763672
2023-10-02,1830.0,88.81999969482422,17.610000610351562
2023-10-03,1824.5999755859375,89.2300033569336,19.780000686645508
2023-10-04,1818.5,84.22000122070312,18.579999923706055
2023-10-05,1816.5999755859375,82.30999755859375,18.489999771118164
2023-10-06,1830.199951171875,82.79000091552734,17.450000762939453
2023-10-09,1849.5,86.37999725341797,17.700000762939453
2023-10-10,1861.0,85.97000122070312,17.030000686645508
2023-10-11,1872.800048828125,83.48999786376953,16.09000015258789
2023-10-12,1869.300048828125,82.91000366210938,16.690000534057617
2023-10-13,1927.4000244140625,87.69000244140625,19.31999969482422
2023-10-16,1921.0999755859375,86.66000366210938,17.209999084472656
2023-10-17,1922.699951171875,86.66000366210938,17.8799991607666
2023-10-18,1955.300048828125,88.31999969482422,19.219999313354492
2023-10-19,1968.4000244140625,89.37000274658203,21.399999618530273
2023-10-20,1982.5,88.75,21.709999084472656
2023-10-23,1976.300048828125,85.48999786376953,20.3700008392334
2023-10-24,1975.0,83.73999786376953,18.969999313354492
2023-10-25,1984.0999755859375,85.38999938964844,20.190000534057617
2023-10-26,1987.199951171875,83.20999908447266,20.68000030517578
2023-10-27,1988.5999755859375,85.54000091552734,21.270000457763672
2023-10-30,1996.199951171875,82.30999755859375,19.75
2023-10-31,1985.199951171875,81.0199966430664,18.139999389648438
2023-11-01,1978.800048828125,80.44000244140625,16.8700008392334
2023-11-02,1985.5999755859375,82.45999908447266,15.65999984741211
2023-11-03,1991.5,80.51000213623047,14.90999984741211
2023-11-06,1981.5999755859375,80.81999969482422,14.890000343322754
2023-11-07,1966.800048828125,77.37000274658203,14.8100004196167
2023-11-08,1951.5,75.33000183105469,14.449999809265137
2023-11-09,1964.199951171875,75.73999786376953,15.289999961853027
2023-11-10,1932.5999755859375,77.16999816894531,14.170000076293945
2023-11-13,1945.5,78.26000213623047,14.760000228881836
2023-11-14,1961.800048828125,78.26000213623047,14.15999984741211
2023-11-15,1960.0999755859375,76.66000366210938,14.180000305175781
2023-11-16,1983.9000244140625,72.9000015258789,14.319999694824219
2023-11-17,1981.5999755859375,75.88999938964844,13.800000190734863
2023-11-20,1977.699951171875,77.5999984741211,13.40999984741211
2023-11-21,1999.300048828125,77.7699966430664,13.350000381469727
2023-11-22,1991.4000244140625,77.0999984741211,12.850000381469727
2023-11-24,2002.199951171875,75.54000091552734,12.460000038146973
2023-11-27,2011.800048828125,74.86000061035156,12.6899995803833
2023-11-28,2039.699951171875,76.41000366210938,12.6899995803833
2023-11-29,2047.0999755859375,77.86000061035156,12.979999542236328
2023-11-30,2038.0999755859375,75.95999908447266,12.920000076293945
2023-12-01,2071.0,74.06999969482422,12.630000114440918
2023-12-04,2024.0999755859375,73.04000091552734,13.079999923706055
2023-12-05,2018.5,72.31999969482422,12.850000381469727
2023-12-06,2030.5,69.37999725341797,12.970000267028809
2023-12-07,2029.9000244140625,69.33999633789062,13.0600004196167
2023-12-08,1998.300048828125,71.2300033569336,12.350000381469727
2023-12-11,1978.0,71.31999969482422,12.630000114440918
2023-12-12,1977.800048828125,68.61000061035156,12.069999694824219
2023-12-13,1982.300048828125,69.47000122070312,12.1899995803833
2023-12-14,2030.199951171875,71.58000183105469,12.479999542236328
2023-12-15,2021.0999755859375,71.43000030517578,12.279999732971191
2023-12-18,2026.300048828125,72.47000122070312,12.5600004196167
2023-12-19,2038.4000244140625,73.44000244140625,12.529999732971191
2023-12-20,2034.5,74.22000122070312,13.670000076293945
2023-12-21,2039.0999755859375,73.88999938964844,13.649999618530273
2023-12-22,2057.10009765625,73.55999755859375,13.029999732971191
2023-12-26,2058.199951171875,75.56999969482422,12.989999771118164
2023-12-27,2081.89990234375,74.11000061035156,12.430000305175781
2023-12-28,2073.89990234375,71.7699966430664,12.470000267028809
2023-12-29,2062.39990234375,71.6500015258789,12.449999809265137
2024-01-02,2064.39990234375,70.37999725341797,13.199999809265137
2024-01-03,2034.199951171875,72.69999694824219,14.039999961853027
2024-01-04,2042.300048828125,72.19000244140625,14.130000114440918
2024-01-05,2042.4000244140625,73.80999755859375,13.350000381469727
2024-01-08,2026.5999755859375,70.7699966430664,13.079999923706055
2024-01-09,2026.4000244140625,72.23999786376953,12.760000228881836
2024-01-10,2021.699951171875,71.37000274658203,12.6899995803833
2024-01-11,2014.300048828125,72.0199966430664,12.4399995803833
2024-01-12,2046.699951171875,72.68000030517578,12.699999809265137
2024-01-16,2026.0,72.4000015258789,13.84000015258789
2024-01-17,2002.5999755859375,72.55999755859375,14.789999961853027
2024-01-18,2018.5999755859375,74.08000183105469,14.130000114440918
2024-01-19,2026.5,73.41000366210938,13.300000190734863
2024-01-22,2019.800048828125,75.19000244140625,13.1899995803833
2024-01-23,2023.699951171875,74.37000274658203,12.550000190734863
2024-01-24,2013.9000244140625,75.08999633789062,13.140000343322754
2024-01-25,2016.9000244140625,77.36000061035156,13.449999809265137
2024-01-26,2016.800048828125,78.01000213623047,13.260000228881836
2024-01-29,2025.199951171875,76.77999877929688,13.600000381469727
2024-01-30,2031.5,77.81999969482422,13.3100004196167
2024-01-31,2048.39990234375,75.8499984741211,14.350000381469727
2024-02-01,2053.0,73.81999969482422,13.880000114440918
2024-02-02,2036.0999755859375,72.27999877929688,13.850000381469727
2024-02-05,2025.699951171875,72.77999877929688,13.670000076293945
2024-02-06,2034.5,73.30999755859375,13.0600004196167
2024-02-07,2035.199951171875,73.86000061035156,12.829999923706055
2024-02-08,2032.199951171875,76.22000122070312,12.789999961853027
2024-02-09,2023.300048828125,76.83999633789062,12.930000305175781
2024-02-12,2018.199951171875,76.91999816894531,13.930000305175781
2024-02-13,1992.9000244140625,77.87000274658203,15.850000381469727
2024-02-14,1990.300048828125,76.63999938964844,14.380000114440918
2024-02-15,2002.0999755859375,78.02999877929688,14.010000228881836
2024-02-16,2011.5,79.19000244140625,14.239999771118164
2024-02-20,2027.5,78.18000030517578,15.420000076293945
2024-02-21,2022.300048828125,77.91000366210938,15.34000015258789
2024-02-22,2019.699951171875,78.61000061035156,14.539999961853027
2024-02-23,2038.5999755859375,76.48999786376953,13.75
2024-02-26,2028.5,77.58000183105469,13.739999771118164
2024-02-27,2034.0,78.87000274658203,13.430000305175781
2024-02-28,2033.0,78.54000091552734,13.84000015258789
2024-02-29,2045.699951171875,78.26000213623047,13.399999618530273
2024-03-01,2086.89990234375,79.97000122070312,13.109999656677246
2024-03-04,2117.699951171875,78.73999786376953,13.489999771118164
2024-03-05,2133.5,78.1500015258789,14.460000038146973
2024-03-06,2150.300048828125,79.12999725341797,14.5
2024-03-07,2158.0,78.93000030517578,14.4399995803833
2024-03-08,2178.60009765625,78.01000213623047,14.739999771118164
2024-03-11,2182.5,77.93000030517578,15.220000267028809
2024-03-12,2160.39990234375,77.55999755859375,13.84000015258789
2024-03-13,2175.39990234375,79.72000122070312,13.75
2024-03-14,2163.0,81.26000213623047,14.399999618530273
2024-03-15,2157.300048828125,81.04000091552734,14.40999984741211
2024-03-18,2160.699951171875,82.72000122070312,14.329999923706055
2024-03-19,2156.300048828125,83.47000122070312,13.819999694824219
2024-03-20,2157.89990234375,81.68000030517578,13.039999961853027
2024-03-21,2182.39990234375,81.06999969482422,12.920000076293945
2024-03-22,2158.10009765625,80.62999725341797,13.0600004196167
2024-03-25,2174.800048828125,81.94999694824219,13.1899995803833
2024-03-26,2175.60009765625,81.62000274658203,13.239999771118164
2024-03-27,2190.60009765625,81.3499984741211,12.779999732971191
2024-03-28,2217.39990234375,83.16999816894531,13.010000228881836
2024-04-01,2236.5,83.70999908447266,13.649999618530273
2024-04-02,2261.0,85.1500015258789,14.609999656677246
2024-04-03,2294.39990234375,85.43000030517578,14.329999923706055
2024-04-04,2288.800048828125,86.58999633789062,16.350000381469727
2024-04-05,2325.699951171875,86.91000366210938,16.030000686645508
2024-04-08,2331.699951171875,86.43000030517578,15.1899995803833
2024-04-09,2343.5,85.2300033569336,14.979999542236328
2024-04-10,2329.60009765625,86.20999908447266,15.800000190734863
2024-04-11,2354.800048828125,85.0199966430664,14.90999984741211
2024-04-12,2356.199951171875,85.66000366210938,17.309999465942383
2024-04-15,2365.800048828125,85.41000366210938,19.229999542236328
2024-04-16,2390.800048828125,85.36000061035156,18.399999618530273
2024-04-17,2371.699951171875,82.69000244140625,18.209999084472656
2024-04-18,2382.300048828125,82.7300033569336,18.0
2024-04-19,2398.39990234375,83.13999938964844,18.709999084472656
2024-04-22,2332.199951171875,82.8499984741211,16.940000534057617
2024-04-23,2327.699951171875,83.36000061035156,15.6899995803833
2024-04-24,2324.5,82.80999755859375,15.970000267028809
2024-04-25,2329.800048828125,83.56999969482422,15.369999885559082
2024-04-26,2334.800048828125,83.8499984741211,15.029999732971191
2024-04-29,2345.39990234375,82.62999725341797,14.670000076293945
2024-04-30,2291.39990234375,81.93000030517578,15.649999618530273
2024-05-01,2299.89990234375,79.0,15.390000343322754
2024-05-02,2299.199951171875,78.94999694824219,14.680000305175781
2024-05-03,2299.0,78.11000061035156,13.489999771118164
2024-05-06,2321.60009765625,78.4800033569336,13.489999771118164
2024-05-07,2315.199951171875,78.37999725341797,13.229999542236328
2024-05-08,2313.60009765625,78.98999786376953,13.0
2024-05-09,2332.10009765625,79.26000213623047,12.6899995803833
2024-05-10,2367.300048828125,78.26000213623047,12.550000190734863
2024-05-13,2336.10009765625,79.12000274658203,13.600000381469727
2024-05-14,2353.39990234375,78.0199966430664,13.420000076293945
2024-05-15,2388.699951171875,78.62999725341797,12.449999809265137
2024-05-16,2380.0,79.2300033569336,12.420000076293945
2024-05-17,2412.199951171875,80.05999755859375,11.989999771118164
2024-05-20,2433.89990234375,79.80000305175781,12.149999618530273
2024-05-21,2421.699951171875,79.26000213623047,11.859999656677246
2024-05-22,2389.199951171875,77.56999969482422,12.289999961853027
2024-05-23,2335.0,76.87000274658203,12.770000457763672
2024-05-24,2332.5,77.72000122070312,11.930000305175781
2024-05-28,2355.199951171875,79.83000183105469,12.920000076293945
2024-05-29,2340.300048828125,79.2300033569336,14.279999732971191
2024-05-30,2342.89990234375,77.91000366210938,14.470000267028809
2024-05-31,2322.89990234375,76.98999786376953,12.920000076293945
2024-06-03,2346.60009765625,74.22000122070312,13.109999656677246
2024-06-04,2325.5,73.25,13.15999984741211
2024-06-05,2354.10009765625,74.06999969482422,12.630000114440918
2024-06-06,2370.300048828125,75.55000305175781,12.579999923706055
2024-06-07,2305.199951171875,75.52999877929688,12.220000267028809
2024-06-10,2307.699951171875,77.73999786376953,12.739999771118164
2024-06-11,2307.5,77.9000015258789,12.850000381469727
2024-06-12,2336.0,78.5,12.039999961853027
2024-06-13,2300.199951171875,78.62000274658203,11.9399995803833
2024-06-14,2331.39990234375,78.44999694824219,12.65999984741211
2024-06-17,2312.39990234375,80.33000183105469,12.75
2024-06-18,2330.39990234375,81.56999969482422,12.300000190734863
2024-06-20,2353.800048828125,82.16999816894531,13.279999732971191
2024-06-21,2316.39990234375,80.7300033569336,13.199999809265137
2024-06-24,2330.0,81.62999725341797,13.329999923706055
2024-06-25,2316.60009765625,80.83000183105469,12.84000015258789
2024-06-26,2299.199951171875,80.9000015258789,12.550000190734863
2024-06-27,2324.5,81.73999786376953,12.239999771118164
2024-06-28,2327.699951171875,81.54000091552734,12.4399995803833
2024-07-01,2327.60009765625,83.37999725341797,12.220000267028809
2024-07-02,2323.0,82.80999755859375,12.029999732971191
2024-07-03,2359.800048828125,83.87999725341797,12.09000015258789
2024-07-05,2388.5,83.16000366210938,12.479999542236328
2024-07-08,2355.199951171875,82.33000183105469,12.369999885559082
2024-07-09,2360.10009765625,81.41000366210938,12.510000228881836
2024-07-10,2372.199951171875,82.0999984741211,12.850000381469727
2024-07-11,2415.0,82.62000274658203,12.920000076293945
2024-07-12,2414.0,82.20999908447266,12.460000038146973
2024-07-15,2422.89990234375,81.91000366210938,13.119999885559082
2024-07-16,2462.39990234375,80.76000213623047,13.1899995803833
2024-07-17,2454.800048828125,82.8499984741211,14.479999542236328
2024-07-18,2451.800048828125,82.81999969482422,15.930000305175781
2024-07-19,2395.5,80.12999725341797,16.520000457763672
2024-07-22,2392.0,79.77999877929688,14.90999984741211
2024-07-23,2404.60009765625,76.95999908447266,14.720000267028809
2024-07-24,2413.300048828125,77.58999633789062,18.040000915527344
2024-07-25,2351.89990234375,78.27999877929688,18.459999084472656
2024-07-26,2380.0,77.16000366210938,16.389999389648438
2024-07-29,2377.300048828125,75.80999755859375,16.600000381469727
2024-07-30,2405.0,74.7300033569336,17.690000534057617
2024-07-31,2426.5,77.91000366210938,16.360000610351562
2024-08-01,2435.0,76.30999755859375,18.59000015258789
2024-08-02,2425.699951171875,73.5199966430664,23.389999389648438
2024-08-05,2401.699951171875,72.94000244140625,38.56999969482422
2024-08-06,2389.10009765625,73.19999694824219,27.709999084472656
2024-08-07,2390.5,75.2300033569336,27.850000381469727
2024-08-08,2422.199951171875,76.19000244140625,23.790000915527344
2024-08-09,2432.10009765625,76.83999633789062,20.3700008392334
2024-08-12,2462.39990234375,80.05999755859375,20.709999084472656
2024-08-13,2466.699951171875,78.3499984741211,18.1200008392334
2024-08-14,2439.39990234375,76.9800033569336,16.190000534057617
2024-08-15,2453.10009765625,78.16000366210938,15.229999542236328
2024-08-16,2498.60009765625,76.6500015258789,14.800000190734863
2024-08-19,2501.800048828125,74.37000274658203,14.649999618530273
2024-08-20,2511.300048828125,74.04000091552734,15.880000114440918
2024-08-21,2508.39990234375,71.93000030517578,16.270000457763672
2024-08-22,2478.89990234375,73.01000213623047,17.549999237060547
2024-08-23,2508.39990234375,74.83000183105469,15.859999656677246
2024-08-26,2517.699951171875,77.41999816894531,16.149999618530273
2024-08-27,2516.0,75.52999877929688,15.430000305175781
2024-08-28,2501.0,74.5199966430664,17.110000610351562
2024-08-29,2525.699951171875,75.91000366210938,15.649999618530273
2024-08-30,2493.800048828125,73.55000305175781,15.0
2024-09-03,2489.89990234375,70.33999633789062,20.719999313354492
2024-09-04,2493.39990234375,69.19999694824219,21.31999969482422
2024-09-05,2511.39990234375,69.1500015258789,19.899999618530273
2024-09-06,2493.5,67.66999816894531,22.3799991607666
2024-09-09,2501.800048828125,68.70999908447266,19.450000762939453
2024-09-10,2512.300048828125,65.75,19.079999923706055
2024-09-11,2512.10009765625,67.30999755859375,17.690000534057617
2024-09-12,2551.199951171875,68.97000122070312,17.06999969482422
2024-09-13,2581.300048828125,68.6500015258789,16.559999465942383
2024-09-16,2580.39990234375,70.08999633789062,17.139999389648438
2024-09-17,2564.300048828125,71.19000244140625,17.610000610351562
2024-09-18,2570.699951171875,70.91000366210938,18.229999542236328
2024-09-19,2588.0,71.94999694824219,16.329999923706055
2024-09-20,2619.89990234375,71.91999816894531,16.149999618530273
2024-09-23,2626.5,70.37000274658203,15.890000343322754
2024-09-24,2651.199951171875,71.55999755859375,15.390000343322754
2024-09-25,2659.199951171875,69.69000244140625,15.40999984741211
2024-09-26,2669.89990234375,67.66999816894531,15.369999885559082
2024-09-27,2644.300048828125,68.18000030517578,16.959999084472656
2024-09-30,2636.10009765625,68.16999816894531,16.729999542236328
2024-10-01,2667.300048828125,69.83000183105469,19.260000228881836
2024-10-02,2647.10009765625,70.0999984741211,18.899999618530273
2024-10-03,2657.10009765625,73.70999908447266,20.489999771118164
2024-10-04,2645.800048828125,74.37999725341797,19.209999084472656
2024-10-07,2644.800048828125,77.13999938964844,22.639999389648438
2024-10-08,2615.0,73.56999969482422,21.420000076293945
2024-10-09,2606.0,73.23999786376953,20.860000610351562
2024-10-10,2620.60009765625,75.8499984741211,20.93000030517578
2024-10-11,2657.60009765625,75.55999755859375,20.459999084472656
2024-10-14,2647.800048828125,73.83000183105469,19.700000762939453
2024-10-15,2661.39990234375,70.58000183105469,20.639999389648438
2024-10-16,2674.0,70.38999938964844,19.579999923706055
2024-10-17,2691.0,70.66999816894531,19.110000610351562
2024-10-18,2713.699951171875,69.22000122070312,18.030000686645508
2024-10-21,2723.10009765625,70.55999755859375,18.3700008392334
2024-10-22,2744.199951171875,72.08999633789062,18.200000762939453
2024-10-23,2714.39990234375,70.7699966430664,19.239999771118164
2024-10-24,2734.89990234375,70.19000244140625,19.079999923706055
2024-10-25,2740.89990234375,71.77999877929688,20.329999923706055
2024-10-28,2742.89990234375,67.37999725341797,19.799999237060547
2024-10-29,2768.39990234375,67.20999908447266,19.34000015258789
2024-10-30,2788.5,68.61000061035156,20.350000381469727
2024-10-31,2738.300048828125,69.26000213623047,23.15999984741211
2024-11-01,2738.60009765625,69.48999786376953,21.8799991607666
2024-11-04,2736.10009765625,71.47000122070312,21.979999542236328
2024-11-05,2740.300048828125,71.98999786376953,20.489999771118164
2024-11-06,2667.60009765625,71.69000244140625,16.270000457763672
2024-11-07,2698.39990234375,72.36000061035156,15.199999809265137
2024-11-08,2687.5,70.37999725341797,14.9399995803833
2024-11-11,2611.199951171875,68.04000091552734,14.970000267028809
2024-11-12,2600.0,68.12000274658203,14.710000038146973
2024-11-13,2580.800048828125,68.43000030517578,14.020000457763672
2024-11-14,2568.199951171875,68.69999694824219,14.3100004196167
2024-11-15,2565.699951171875,67.0199966430664,16.139999389648438
2024-11-18,2610.60009765625,69.16000366210938,15.579999923706055
2024-11-19,2627.10009765625,69.38999938964844,16.350000381469727
2024-11-20,2648.199951171875,68.87000274658203,17.15999984741211
2024-11-21,2672.10009765625,70.0999984741211,16.8700008392334
2024-11-22,2709.89990234375,71.23999786376953,15.239999771118164
2024-11-25,2616.800048828125,68.94000244140625,14.600000381469727
2024-11-26,2620.300048828125,68.7699966430664,14.100000381469727
2024-11-27,2639.89990234375,68.72000122070312,14.100000381469727
2024-11-29,2657.0,68.0,13.510000228881836
2024-12-02,2634.89990234375,68.0999984741211,13.34000015258789
2024-12-03,2644.699951171875,69.94000244140625,13.300000190734863
2024-12-04,2653.800048828125,68.54000091552734,13.449999809265137
2024-12-05,2626.60009765625,68.30000305175781,13.539999961853027
2024-12-06,2638.60009765625,67.19999694824219,12.770000457763672
2024-12-09,2664.89990234375,68.37000274658203,14.1899995803833
2024-12-10,2697.60009765625,68.58999633789062,14.180000305175781
2024-12-11,2733.800048828125,70.29000091552734,13.579999923706055
2024-12-12,2687.5,70.0199966430664,13.920000076293945
2024-12-13,2656.0,71.29000091552734,13.8100004196167
2024-12-16,2651.39990234375,70.70999908447266,14.6899995803833
2024-12-17,2644.39990234375,70.08000183105469,15.869999885559082
2024-12-18,2636.5,70.58000183105469,27.6200008392334
2024-12-19,2592.199951171875,69.91000366210938,24.09000015258789
2024-12-20,2628.699951171875,69.45999908447266,18.360000610351562
2024-12-23,2612.300048828125,69.23999786376953,16.780000686645508
2024-12-24,2620.0,70.0999984741211,14.270000457763672
2024-12-26,2638.800048828125,69.62000274658203,14.729999542236328
2024-12-27,2617.199951171875,70.5999984741211,15.949999809265137
2024-12-30,2606.10009765625,70.98999786376953,17.399999618530273
2024-12-31,2629.199951171875,71.72000122070312,17.350000381469727
2025-01-02,2658.89990234375,73.12999725341797,17.93000030517578
2025-01-03,2645.0,73.95999908447266,16.1299991607666
2025-01-06,2638.39990234375,73.55999755859375,16.040000915527344
2025-01-07,2656.699951171875,74.25,17.81999969482422
2025-01-08,2664.5,73.31999969482422,17.700000762939453
2025-01-09,2683.800048828125,73.91999816894531,17.700000762939453
2025-01-10,2708.5,76.56999969482422,19.540000915527344
2025-01-13,2673.5,78.81999969482422,19.190000534057617
2025-01-14,2677.5,77.5,18.709999084472656
2025-01-15,2712.5,80.04000091552734,16.1200008392334
2025-01-16,2746.39990234375,78.68000030517578,16.600000381469727
2025-01-17,2744.300048828125,77.87999725341797,15.970000267028809
2025-01-21,2755.0,75.88999938964844,15.0600004196167
2025-01-22,2767.60009765625,75.44000244140625,15.100000381469727
2025-01-23,2763.10009765625,74.62000274658203,15.020000457763672
2025-01-24,2777.300048828125,74.66000366210938,14.850000381469727
2025-01-27,2737.5,73.16999816894531,17.899999618530273
2025-01-28,2766.800048828125,73.7699966430664,16.40999984741211
2025-01-29,2769.10009765625,72.62000274658203,16.559999465942383
2025-01-30,2823.0,72.7300033569336,15.84000015258789
2025-01-31,2812.5,72.52999877929688,16.43000030517578
2025-02-03,2833.89990234375,73.16000366210938,18.6200008392334
2025-02-04,2853.300048828125,72.69999694824219,17.209999084472656
2025-02-05,2871.60009765625,71.02999877929688,15.770000457763672
2025-02-06,2856.0,70.61000061035156,15.5
2025-02-07,2867.300048828125,71.0,16.540000915527344
2025-02-10,2914.300048828125,72.31999969482422,15.8100004196167
2025-02-11,2912.5,73.31999969482422,16.020000457763672
2025-02-12,2909.0,71.37000274658203,15.890000343322754
2025-02-13,2925.89990234375,71.29000091552734,15.100000381469727
2025-02-14,2883.60009765625,70.73999786376953,14.770000457763672
2025-02-18,2931.60009765625,71.8499984741211,15.350000381469727
2025-02-19,2919.39990234375,72.25,15.270000457763672
2025-02-20,2940.0,72.56999969482422,15.65999984741211
2025-02-21,2937.60009765625,70.4000015258789,18.209999084472656
2025-02-24,2947.89990234375,70.69999694824219,18.979999542236328
2025-02-25,2904.5,68.93000030517578,19.43000030517578
2025-02-26,2916.800048828125,68.62000274658203,19.100000381469727
2025-02-27,2883.199951171875,70.3499984741211,21.1299991607666
2025-02-28,2836.800048828125,69.76000213623047,19.6299991607666
2025-03-03,2890.199951171875,68.37000274658203,22.780000686645508
2025-03-04,2909.60009765625,68.26000213623047,23.510000228881836
2025-03-05,2915.300048828125,66.30999755859375,21.93000030517578
2025-03-06,2916.60009765625,66.36000061035156,24.8700008392334
2025-03-07,2904.699951171875,67.04000091552734,23.3700008392334
2025-03-10,2891.0,66.02999877929688,27.860000610351562
2025-03-11,2912.89990234375,66.25,26.920000076293945
2025-03-12,2939.10009765625,67.68000030517578,24.229999542236328
2025-03-13,2984.300048828125,66.55000305175781,24.65999984741211
2025-03-14,2994.5,67.18000030517578,21.770000457763672
2025-03-17,3000.0,67.58000183105469,20.510000228881836
2025-03-18,3035.10009765625,66.9000015258789,21.700000762939453
2025-03-19,3035.89990234375,67.16000366210938,19.899999618530273
2025-03-20,3040.0,68.26000213623047,19.799999237060547
2025-03-21,3018.199951171875,68.27999877929688,19.280000686645508
2025-03-24,3013.10009765625,69.11000061035156,17.479999542236328
2025-03-25,3023.699951171875,69.0,17.149999618530273
2025-03-26,3020.89990234375,69.6500015258789,18.329999923706055
2025-03-27,3060.199951171875,69.91999816894531,18.690000534057617
2025-03-28,3086.5,69.36000061035156,21.649999618530273
2025-03-31,3122.800048828125,71.4800033569336,22.280000686645508
2025-04-01,3118.89990234375,71.19999694824219,21.770000457763672
2025-04-02,3139.89990234375,71.70999908447266,21.510000228881836
2025-04-03,3097.0,66.94999694824219,30.020000457763672
2025-04-04,3012.0,61.9900016784668,45.310001373291016
2025-04-07,2951.300048828125,60.70000076293945,46.97999954223633
2025-04-08,2968.39990234375,59.58000183105469,52.33000183105469
2025-04-09,3056.5,62.349998474121094,33.619998931884766
2025-04-10,3155.199951171875,60.06999969482422,40.720001220703125
2025-04-11,3222.199951171875,61.5,37.560001373291016
2025-04-14,3204.800048828125,61.529998779296875,30.889999389648438
2025-04-15,3218.699951171875,61.33000183105469,30.1200008392334
2025-04-16,3326.60009765625,62.470001220703125,32.63999938964844
2025-04-17,3308.699951171875,64.68000030517578,29.649999618530273
2025-04-21,3406.199951171875,63.08000183105469,33.81999969482422
2025-04-22,3400.800048828125,64.30999755859375,30.56999969482422
2025-04-23,3276.300048828125,62.27000045776367,28.450000762939453
2025-04-24,3332.0,62.790000915527344,26.469999313354492
2025-04-25,3282.39990234375,63.02000045776367,24.84000015258789
2025-04-28,3332.5,62.04999923706055,25.149999618530273
2025-04-29,3318.800048828125,60.41999816894531,24.170000076293945
2025-04-30,3305.0,58.209999084472656,24.700000762939453
2025-05-01,3210.0,59.2400016784668,24.600000381469727
2025-05-02,3231.89990234375,58.290000915527344,22.68000030517578
2025-05-05,3311.300048828125,57.130001068115234,23.639999389648438
2025-05-06,3411.39990234375,59.09000015258789,24.760000228881836
2025-05-07,3381.39990234375,58.06999969482422,23.549999237060547
2025-05-08,3296.60009765625,59.90999984741211,22.479999542236328
2025-05-09,3335.39990234375,61.02000045776367,21.899999618530273
2025-05-12,3220.0,61.95000076293945,18.389999389648438
2025-05-13,3240.300048828125,63.66999816894531,18.219999313354492
2025-05-14,3181.39990234375,63.150001525878906,18.6200008392334
2025-05-15,3220.699951171875,61.619998931884766,17.829999923706055
2025-05-16,3182.0,62.4900016784668,17.239999771118164
2025-05-19,3228.89990234375,62.689998626708984,18.139999389648438
2025-05-20,3280.300048828125,62.560001373291016,18.09000015258789
2025-05-21,3309.300048828125,61.56999969482422,20.8700008392334
2025-05-22,3292.300048828125,61.20000076293945,20.280000686645508
2025-05-23,3363.60009765625,61.529998779296875,22.290000915527344
2025-05-27,3299.10009765625,60.88999938964844,18.959999084472656
2025-05-28,3293.60009765625,61.84000015258789,19.309999465942383
2025-05-29,3317.10009765625,60.939998626708984,19.18000030517578
2025-05-30,3288.89990234375,60.790000915527344,18.56999969482422
2025-06-02,3370.60009765625,62.52000045776367,18.360000610351562
2025-06-03,3350.199951171875,63.40999984741211,17.690000534057617
2025-06-04,3373.5,62.849998474121094,17.610000610351562
2025-06-05,3350.699951171875,63.369998931884766,18.479999542236328
2025-06-06,3322.699951171875,64.58000183105469,16.770000457763672
2025-06-09,3332.10009765625,65.29000091552734,17.15999984741211
2025-06-10,3320.89990234375,64.9800033569336,16.950000762939453
2025-06-11,3321.300048828125,68.1500015258789,17.260000228881836
2025-06-12,3380.89990234375,68.04000091552734,18.020000457763672
2025-06-13,3431.199951171875,72.9800033569336,20.81999969482422
2025-06-16,3396.39990234375,71.7699966430664,19.110000610351562
2025-06-17,3386.60009765625,74.83999633789062,21.600000381469727
2025-06-18,3389.800048828125,75.13999938964844,20.139999389648438
2025-06-20,3368.10009765625,74.93000030517578,20.6200008392334
2025-06-23,3377.699951171875,68.51000213623047,19.829999923706055
2025-06-24,3317.39990234375,64.37000274658203,17.479999542236328
2025-06-25,3327.10009765625,64.91999816894531,16.760000228881836
2025-06-26,3333.5,65.23999786376953,16.59000015258789
2025-06-27,3273.699951171875,65.5199966430664,16.31999969482422
2025-06-30,3294.39990234375,65.11000061035156,16.729999542236328
2025-07-01,3336.699951171875,65.44999694824219,16.829999923706055
2025-07-02,3348.0,67.44999694824219,16.639999389648438
2025-07-03,3331.60009765625,67.0,16.3799991607666
2025-07-04,3332.5,66.5,16.3799991607666
2025-07-07,3332.199951171875,67.93000030517578,17.790000915527344
2025-07-08,3307.0,68.33000183105469,16.809999465942383
2025-07-09,3311.60009765625,68.37999725341797,15.9399995803833
2025-07-10,3317.39990234375,66.56999969482422,15.779999732971191
2025-07-11,3356.0,68.44999694824219,16.399999618530273
2025-07-14,3351.5,66.9800033569336,17.200000762939453
2025-07-15,3329.800048828125,66.5199966430664,17.3799991607666
2025-07-16,3352.5,66.37999725341797,17.15999984741211
2025-07-17,3340.10009765625,67.54000091552734,16.520000457763672
2025-07-18,3353.0,67.33999633789062,16.40999984741211
2025-07-21,3401.89990234375,67.19999694824219,16.649999618530273
2025-07-22,3439.199951171875,66.20999908447266,16.5
2025-07-23,3394.10009765625,65.25,15.369999885559082
2025-07-24,3371.0,66.02999877929688,15.390000343322754
2025-07-25,3334.0,65.16000366210938,14.930000305175781
2025-07-28,3309.10009765625,66.70999908447266,15.029999732971191
2025-07-29,3323.39990234375,69.20999908447266,15.979999542236328
2025-07-30,3295.800048828125,70.0,15.479999542236328
2025-07-31,3293.199951171875,69.26000213623047,16.719999313354492
2025-08-01,3347.699951171875,67.33000183105469,20.3799991607666
2025-08-04,3374.39990234375,66.29000091552734,17.520000457763672
2025-08-05,3381.89990234375,65.16000366210938,17.850000381469727
2025-08-06,3380.0,64.3499984741211,16.770000457763672
2025-08-07,3400.300048828125,63.880001068115234,16.56999969482422
2025-08-08,3439.10009765625,63.880001068115234,15.149999618530273
2025-08-11,3353.10009765625,63.959999084472656,16.25
2025-08-12,3348.89990234375,63.16999816894531,14.729999542236328
2025-08-13,3358.699951171875,62.650001525878906,14.489999771118164
2025-08-14,3335.199951171875,63.959999084472656,14.829999923706055
2025-08-15,3336.0,62.79999923706055,15.09000015258789
2025-08-18,3331.699951171875,63.41999816894531,14.989999771118164
2025-08-19,3313.39990234375,62.349998474121094,15.569999694824219
2025-08-20,3343.39990234375,63.209999084472656,15.6899995803833
2025-08-21,3336.89990234375,63.52000045776367,16.600000381469727
2025-08-22,3374.39990234375,63.65999984741211,14.220000267028809
2025-08-25,3373.800048828125,64.80000305175781,14.789999961853027
2025-08-26,3388.60009765625,63.25,14.619999885559082
2025-08-27,3404.60009765625,64.1500015258789,14.850000381469727
2025-08-28,3431.800048828125,64.5999984741211,14.430000305175781
2025-08-29,3473.699951171875,64.01000213623047,15.359999656677246
2025-09-02,3549.39990234375,65.58999633789062,17.170000076293945
2025-09-03,3593.199951171875,63.970001220703125,16.350000381469727
2025-09-04,3565.800048828125,63.47999954223633,15.300000190734863
2025-09-05,3613.199951171875,61.869998931884766,15.180000305175781
2025-09-08,3638.10009765625,62.2599983215332,15.109999656677246
2025-09-09,3643.300048828125,62.630001068115234,15.039999961853027
2025-09-10,3643.60009765625,63.66999816894531,15.350000381469727
2025-09-11,3636.89990234375,62.369998931884766,14.710000038146973
2025-09-12,3649.39990234375,62.689998626708984,14.760000228881836
2025-09-15,3682.199951171875,63.29999923706055,15.6899995803833
2025-09-16,3688.89990234375,64.5199966430664,16.360000610351562
2025-09-17,3681.800048828125,64.05000305175781,15.720000267028809
2025-09-18,3643.699951171875,63.56999969482422,15.699999809265137
2025-09-19,3671.5,62.68000030517578,15.449999809265137
2025-09-22,3740.699951171875,62.63999938964844,16.100000381469727
2025-09-23,3780.60009765625,63.40999984741211,16.639999389648438
2025-09-24,3732.10009765625,64.98999786376953,16.18000030517578
2025-09-25,3736.89990234375,64.9800033569336,16.739999771118164
2025-09-26,3775.300048828125,65.72000122070312,15.289999961853027
2025-09-29,3820.89990234375,63.45000076293945,16.1200008392334
2025-09-30,3840.800048828125,62.369998931884766,16.280000686645508
2025-10-01,3867.5,61.779998779296875,16.290000915527344
2025-10-02,3839.699951171875,60.47999954223633,16.6299991607666
2025-10-03,3880.800048828125,60.880001068115234,16.649999618530273
2025-10-06,3948.5,61.689998626708984,16.3700008392334
2025-10-07,3976.60009765625,61.72999954223633,17.239999771118164
2025-10-08,4043.300048828125,62.54999923706055,16.299999237060547
2025-10-09,3946.300048828125,61.5099983215332,16.43000030517578
2025-10-10,3975.89990234375,58.900001525878906,21.65999984741211
2025-10-13,4108.60009765625,59.4900016784668,19.030000686645508
2025-10-14,4138.7001953125,58.70000076293945,20.809999465942383
2025-10-15,4176.89990234375,58.27000045776367,20.639999389648438
2025-10-16,4280.2001953125,57.459999084472656,25.309999465942383
2025-10-17,4189.89990234375,57.540000915527344,20.780000686645508
2025-10-20,4336.39990234375,57.52000045776367,18.229999542236328
2025-10-21,4087.699951171875,57.81999969482422,17.8700008392334
2025-10-22,4044.39990234375,58.5,18.600000381469727
2025-10-23,4125.5,61.790000915527344,17.299999237060547
2025-10-24,4118.39990234375,61.5,16.3700008392334
2025-10-27,4001.89990234375,61.310001373291016,15.789999961853027
2025-10-28,3966.199951171875,60.150001525878906,16.420000076293945
2025-10-29,3983.699951171875,60.47999954223633,16.920000076293945
2025-10-30,4001.300048828125,60.56999969482422,16.90999984741211
2025-10-31,3982.199951171875,60.97999954223633,17.440000534057617
2025-11-03,4000.300048828125,61.04999923706055,17.170000076293945
2025-11-04,3947.699951171875,60.560001373291016,19.0
2025-11-05,3980.300048828125,59.599998474121094,18.010000228881836
2025-11-06,3979.89990234375,59.43000030517578,19.5
2025-11-07,3999.39990234375,59.75,19.079999923706055
2025-11-10,4111.7998046875,60.130001068115234,17.600000381469727
2025-11-11,4106.7998046875,61.040000915527344,17.280000686645508
2025-11-12,4204.39990234375,58.4900016784668,17.510000228881836
2025-11-13,4186.89990234375,58.689998626708984,20.0
2025-11-14,4087.60009765625,60.09000015258789,19.829999923706055
2025-11-17,4068.300048828125,59.90999984741211,22.3799991607666
2025-11-18,4061.300048828125,60.7400016784668,24.690000534057617
2025-11-19,4077.699951171875,59.439998626708984,23.65999984741211
2025-11-20,4056.5,59.13999938964844,26.420000076293945
2025-11-21,4076.699951171875,58.060001373291016,23.43000030517578
2025-11-24,4091.89990234375,58.84000015258789,20.520000457763672
2025-11-25,4139.2001953125,57.95000076293945,18.559999465942383
2025-11-26,4165.2001953125,58.650001525878906,17.190000534057617
2025-11-28,4218.2998046875,58.54999923706055,16.350000381469727
2025-12-01,4239.2998046875,59.31999969482422,17.239999771118164
2025-12-02,4186.60009765625,58.63999938964844,16.59000015258789
2025-12-03,4199.2998046875,58.95000076293945,16.079999923706055
2025-12-04,4211.7998046875,59.66999816894531,15.779999732971191
2025-12-05,4212.89990234375,60.08000183105469,15.40999984741211
2025-12-08,4187.2001953125,58.880001068115234,16.65999984741211
2025-12-09,4206.7001953125,58.25,16.93000030517578
2025-12-10,4196.39990234375,58.459999084472656,15.770000457763672
2025-12-11,4285.5,57.599998474121094,14.850000381469727
2025-12-12,4300.10009765625,57.439998626708984,15.739999771118164
2025-12-15,4306.7001953125,56.81999969482422,16.5
2025-12-16,4304.5,55.27000045776367,16.479999542236328
2025-12-17,4347.5,55.939998626708984,17.6200008392334
2025-12-18,4339.5,56.150001525878906,16.8700008392334
2025-12-19,4361.39990234375,56.65999984741211,14.90999984741211
2025-12-22,4444.60009765625,58.0099983215332,14.079999923706055
2025-12-23,4482.7998046875,58.380001068115234,14.0
2025-12-24,4480.60009765625,58.349998474121094,13.470000267028809
2025-12-26,4529.10009765625,56.7400016784668,13.600000381469727
2025-12-29,4325.10009765625,58.08000183105469,14.199999809265137
2025-12-30,4370.10009765625,57.95000076293945,14.329999923706055
2025-12-31,4325.60009765625,57.41999816894531,14.949999809265137
2026-01-02,4314.39990234375,57.31999969482422,14.510000228881836
2026-01-05,4436.89990234375,58.31999969482422,14.899999618530273
2026-01-06,4482.2001953125,57.130001068115234,14.75
2026-01-07,4449.2998046875,55.9900016784668,15.380000114440918
2026-01-08,4449.7001953125,57.7599983215332,15.449999809265137
2026-01-09,4490.2998046875,59.119998931884766,14.489999771118164
2026-01-12,4604.2998046875,59.5,15.119999885559082
2026-01-13,4589.2001953125,61.150001525878906,15.979999542236328
2026-01-14,4626.2998046875,62.02000045776367,16.75
2026-01-15,4616.2998046875,59.189998626708984,15.84000015258789
2026-01-16,4588.39990234375,59.439998626708984,15.859999656677246
2026-01-20,4759.60009765625,60.34000015258789,20.09000015258789
2026-01-21,4831.7998046875,60.619998931884766,16.899999618530273
2026-01-22,4908.7998046875,59.36000061035156,15.640000343322754
2026-01-23,4976.2001953125,61.06999969482422,16.09000015258789
2026-01-26,5079.7001953125,60.630001068115234,16.149999618530273
2026-01-27,5079.89990234375,62.38999938964844,16.350000381469727
2026-01-28,5301.60009765625,63.209999084472656,16.350000381469727
2026-01-29,5318.39990234375,65.41999816894531,16.8799991607666
2026-01-30,4713.89990234375,65.20999908447266,17.440000534057617
2026-02-02,4622.5,62.13999938964844,16.34000015258789
2026-02-03,4903.7001953125,63.209999084472656,18.0
2026-02-04,4920.39990234375,65.13999938964844,18.639999389648438
2026-02-05,4861.39990234375,63.290000915527344,21.770000457763672
2026-02-06,4951.2001953125,63.54999923706055,20.3700008392334
2026-02-09,5050.89990234375,64.36000061035156,17.360000610351562
2026-02-10,5003.7998046875,63.959999084472656,17.790000915527344
2026-02-11,5071.60009765625,64.62999725341797,17.649999618530273
2026-02-12,4923.7001953125,62.84000015258789,20.81999969482422
2026-02-13,5022.0,62.88999938964844,20.600000381469727
2026-02-17,4882.89990234375,62.33000183105469,20.290000915527344
2026-02-18,4986.5,65.19000244140625,19.6200008392334
2026-02-19,4975.89990234375,66.43000030517578,20.229999542236328
2026-02-20,5059.2998046875,66.38999938964844,19.09000015258789
2026-02-23,5204.7001953125,66.30999755859375,21.010000228881836
2026-02-24,5155.7998046875,65.62999725341797,19.549999237060547
2026-02-25,5206.39990234375,65.41999816894531,17.93000030517578
2026-02-26,5176.5,65.20999908447266,18.6299991607666
2026-02-27,5230.5,67.0199966430664,19.860000610351562
2026-03-02,5294.39990234375,71.2300033569336,21.440000534057617
2026-03-03,5107.39990234375,74.55999755859375,23.56999969482422
2026-03-04,5120.2001953125,74.66000366210938,21.149999618530273
2026-03-05,5065.2998046875,81.01000213623047,23.75
2026-03-06,5146.10009765625,90.9000015258789,29.489999771118164
2026-03-09,5091.5,94.7699966430664,25.5
2026-03-10,5229.7001953125,83.44999694824219,24.93000030517578
2026-03-11,5167.39990234375,87.25,24.229999542236328
2026-03-12,5115.7998046875,95.7300033569336,27.290000915527344
2026-03-13,5052.5,98.70999908447266,27.190000534057617
2026-03-16,4994.0,93.5,23.510000228881836
2026-03-17,5001.0,96.20999908447266,22.3700008392334
2026-03-18,4889.89990234375,96.31999969482422,25.09000015258789
2026-03-19,4600.7001953125,96.13999938964844,24.059999465942383
2026-03-20,4570.39990234375,98.31999969482422,26.780000686645508
2026-03-23,4404.10009765625,88.12999725341797,26.149999618530273
2026-03-24,4399.2998046875,92.3499984741211,26.950000762939453
2026-03-25,4549.7998046875,90.31999969482422,25.329999923706055
2026-03-26,4375.5,94.4800033569336,27.440000534057617
2026-03-27,4492.0,99.63999938964844,31.049999237060547
2026-03-30,4526.0,102.87999725341797,30.610000610351562
2026-03-31,4647.60009765625,101.37999725341797,25.25
2026-04-01,4783.2001953125,100.12000274658203,24.540000915527344
2026-04-02,4651.5,111.54000091552734,23.8700008392334
2026-04-06,4656.7998046875,112.41000366210938,24.170000076293945
2026-04-07,4657.10009765625,112.94999694824219,25.780000686645508
2026-04-08,4749.5,94.41000366210938,21.040000915527344
2026-04-09,4792.2001953125,97.87000274658203,19.489999771118164
2026-04-10,4761.89990234375,96.56999969482422,19.229999542236328
2026-04-13,4742.39990234375,99.08000183105469,19.1200008392334
2026-04-14,4825.0,91.27999877929688,18.360000610351562
2026-04-15,4800.0,91.29000091552734,18.170000076293945
2026-04-16,4785.39990234375,94.69000244140625,17.940000534057617
2026-04-17,4857.60009765625,83.8499984741211,17.479999542236328
2026-04-20,4806.60009765625,89.61000061035156,18.8700008392334
2026-04-21,4698.39990234375,92.12999725341797,19.5
2026-04-22,4732.5,92.95999908447266,18.920000076293945
2026-04-23,4705.10009765625,95.8499984741211,19.309999465942383
2026-04-24,4722.2998046875,94.4000015258789,18.709999084472656
2026-04-27,4675.39990234375,96.37000274658203,18.020000457763672
2026-04-28,4591.5,99.93000030517578,17.829999923706055
2026-04-29,4545.2001953125,106.87999725341797,18.809999465942383
2026-04-30,4614.7001953125,105.06999969482422,16.889999389648438
2026-05-01,4629.89990234375,101.94000244140625,16.989999771118164
2026-05-04,4519.5,106.41999816894531,18.290000915527344
2026-05-05,4555.7998046875,102.2699966430664,17.3799991607666
2026-05-06,4681.89990234375,95.08000183105469,17.389999389648438
2026-05-07,4699.7998046875,94.80999755859375,17.079999923706055
2026-05-08,4720.39990234375,95.41999816894531,17.190000534057617
2026-05-11,4718.7001953125,98.06999969482422,18.3799991607666
2026-05-12,4677.60009765625,102.18000030517578,17.989999771118164
2026-05-13,4697.7001953125,101.0199966430664,17.8700008392334
2026-05-14,4678.10009765625,101.16999816894531,17.260000228881836
2026-05-15,4555.7998046875,105.41999816894531,18.43000030517578
2026-05-18,4552.5,108.66000366210938,17.81999969482422
2026-05-19,4506.2998046875,107.7699966430664,18.059999465942383
2026-05-20,4531.2998046875,98.26000213623047,17.440000534057617
2026-05-21,4539.7998046875,96.3499984741211,16.760000228881836
2026-05-22,4521.0,96.5999984741211,16.700000762939453
2026-05-25,4521.0,96.5999984741211,16.59000015258789
2026-05-26,4500.39990234375,93.88999938964844,17.010000228881836
2026-05-27,4447.5,88.68000030517578,16.290000915527344
2026-05-28,4499.2998046875,88.9000015258789,15.739999771118164
2026-05-29,4560.5,87.36000061035156,15.319999694824219
2026-06-01,4475.2001953125,92.16000366210938,16.049999237060547
2026-06-02,4489.10009765625,93.76000213623047,15.770000457763672
2026-06-03,4436.7001953125,96.0199966430664,16.059999465942383
2026-06-04,4475.7998046875,93.04000091552734,15.399999618530273
2026-06-05,4337.10009765625,90.54000091552734,21.510000228881836
2026-06-08,4335.89990234375,91.30000305175781,18.920000076293945
2026-06-09,4260.0,88.19999694824219,19.8700008392334
2026-06-10,4108.2001953125,90.02999877929688,22.219999313354492
2026-06-11,4090.300048828125,87.70999908447266,19.440000534057617
2026-06-12,4215.0,84.87999725341797,17.68000030517578
2026-06-15,4328.0,80.75,16.200000762939453
2026-06-16,4330.89990234375,76.05000305175781,16.40999984741211
2026-06-17,4358.89990234375,76.79000091552734,18.440000534057617
2026-06-18,4224.10009765625,76.5999984741211,16.399999618530273
2026-06-22,4181.89990234375,74.81999969482422,17.280000686645508
2026-06-23,4129.89990234375,73.20999908447266,19.489999771118164
2026-06-24,3990.300048828125,70.33999633789062,18.6299991607666
2026-06-25,4030.5,71.91999816894531,18.889999389648438
2026-06-26,4078.699951171875,69.2300033569336,18.40999984741211
2026-06-29,4022.300048828125,70.75,17.649999618530273
2026-06-30,4022.89990234375,69.5,16.450000762939453
2026-07-01,4068.300048828125,68.58000183105469,16.59000015258789
2026-07-02,4112.7001953125,68.69000244140625,16.149999618530273
2026-07-06,4155.10009765625,68.55000305175781,15.569999694824219
2026-07-07,4145.2998046875,70.44000244140625,16.1299991607666
2026-07-08,4070.89990234375,73.5199966430664,16.899999618530273
2026-07-09,4130.60009765625,72.08000183105469,15.84000015258789
2026-07-10,4104.10009765625,71.41000366210938,15.029999732971191
2026-07-13,3997.0,78.13999938964844,17.15999984741211
2026-07-14,4061.10009765625,79.33999633789062,16.5
2026-07-15,4044.0,79.5999984741211,15.670000076293945
2026-07-16,3985.60009765625,78.94999694824219,16.729999542236328
2026-07-17,4012.699951171875,82.48999786376953,18.770000457763672
2026-07-20,4010.300048828125,83.2300033569336,18.649999618530273
2026-07-21,4071.10009765625,84.91000366210938,17.049999237060547
2026-07-22,4146.89990234375,86.83000183105469,16.639999389648438
2026-07-23,4046.60009765625,92.19000244140625,18.700000762939453
2026-07-24,4067.60009765625,89.30999755859375,18.579999923706055
2026-07-27,4074.5,82.61000061035156,18.670000076293945
2026-07-28,4036.300048828125,79.26000213623047,18.209999084472656
2026-07-29,4034.699951171875,84.45999908447266,20.65999984741211
2026-07-30,4100.10009765625,83.58999633789062,17.09000015258789
2026-07-31,4049.10009765625,84.66999816894531,15.989999771118164
2026-08-03,4033.699951171875,80.33999633789062,15.859999656677246
2026-08-04,4095.39990234375,75.7699966430664,16.5
2026-08-05,4245.7998046875,75.22000122070312,15.8100004196167
2026-08-06,4242.0,77.29000091552734,15.149999618530273
2026-08-07,4340.7001953125,78.18000030517578,14.899999618530273
2026-08-10,4361.7998046875,82.12999725341797,15.460000038146973
2026-08-11,4383.0,83.19999694824219,15.279999732971191
2026-08-12,4408.89990234375,83.2699966430664,14.550000190734863
2026-08-13,4363.60009765625,81.25,14.630000114440918
2026-08-14,4380.39990234375,82.4000015258789,14.25
2026-08-17,4417.7998046875,84.5,15.1899995803833
2026-08-18,4366.0,84.94000244140625,15.84000015258789
2026-08-19,4489.39990234375,85.83000183105469,14.890000343322754
2026-08-20,4516.2998046875,87.83000183105469,16.010000228881836
2026-08-21,4624.10009765625,87.05999755859375,15.130000114440918
2026-08-24,4640.7998046875,85.01000213623047,15.850000381469727
2026-08-25,4638.10009765625,82.36000061035156,15.449999809265137
2026-08-26,4598.2001953125,82.2300033569336,15.210000038146973
2026-08-27,4609.7001953125,83.52999877929688,14.510000228881836
2026-08-28,4478.10009765625,83.4000015258789,14.510000228881836
2026-08-31,4477.7998046875,85.55999755859375,15.170000076293945
