Symbol,Date,Close,Volume
"BIL.N0000","2012-02-23",3.65217217,3291630
"BIL.N0000","2012-02-24",3.65217217,472764
"BIL.N0000","2012-02-27",3.37825926,304808
"BIL.N0000","2012-03-05",3.19565065,211600
"BIL.N0000","2012-03-06",3.19565065,72395
"BIL.N0000","2012-03-08",3.19565065,162424
"BIL.N0000","2012-03-09",3.19565065,156182
"BIL.N0000","2012-03-13",3.10434635,446069
"BIL.N0000","2012-03-14",3.10434635,209300
"BIL.N0000","2012-03-15",3.19565065,501729
"BIL.N0000","2012-03-16",3.19565065,448346
"BIL.N0000","2012-03-19",3.28695496,478634
"BIL.N0000","2012-03-20",3.28695496,390431
"BIL.N0000","2012-03-21",3.19565065,333282
"BIL.N0000","2012-03-22",3.01304204,742736
"BIL.N0000","2012-03-23",3.19565065,123519
"BIL.N0000","2012-03-26",3.19565065,136711
"BIL.N0000","2012-03-27",3.19565065,466025
"BIL.N0000","2012-03-28",3.10434635,34171
"BIL.N0000","2012-03-29",3.01304204,107361
"BIL.N0000","2012-03-30",3.01304204,177819
"BIL.N0000","2012-04-02",3.01304204,19275
"BIL.N0000","2012-04-03",3.01304204,269046
"BIL.N0000","2012-04-04",3.01304204,78825
"BIL.N0000","2012-04-05",3.01304204,75477
"BIL.N0000","2012-04-09",2.92173774,46879
"BIL.N0000","2012-04-10",2.92173774,131000
"BIL.N0000","2012-04-11",3.01304204,35814
"BIL.N0000","2012-04-16",3.01304204,19714
"BIL.N0000","2012-04-17",3.01304204,22618
"BIL.N0000","2012-04-18",2.92173774,75786
"BIL.N0000","2012-04-19",3.01304204,170563
"BIL.N0000","2012-04-20",3.01304204,121216
"BIL.N0000","2012-04-23",2.92173774,175647
"BIL.N0000","2012-04-24",2.92173774,110915
"BIL.N0000","2012-04-25",2.83043343,332295
"BIL.N0000","2012-04-26",2.83043343,342404
"BIL.N0000","2012-04-27",2.83043343,133044
"BIL.N0000","2012-04-30",2.83043343,97653
"BIL.N0000","2012-05-02",2.73912913,187507
"BIL.N0000","2012-05-03",2.83043343,88720
"BIL.N0000","2012-05-04",2.73912913,128701
"BIL.N0000","2012-05-08",2.73912913,310434
"BIL.N0000","2012-05-09",2.55652052,626896
"BIL.N0000","2012-05-10",2.46521622,138898
"BIL.N0000","2012-05-11",2.55652052,219354
"BIL.N0000","2012-05-14",2.55652052,100160
"BIL.N0000","2012-05-15",2.46521622,230053
"BIL.N0000","2012-05-16",2.73912913,379411
"BIL.N0000","2012-05-17",2.64782483,119498
"BIL.N0000","2012-05-18",2.64782483,104431
"BIL.N0000","2012-05-21",2.64782483,21907
"BIL.N0000","2012-05-22",2.46521622,447340
"BIL.N0000","2012-05-23",2.37391191,380730
"BIL.N0000","2012-05-24",2.37391191,39924
"BIL.N0000","2012-05-25",2.37391191,67468
"BIL.N0000","2012-05-28",2.1913033,402176
"BIL.N0000","2012-05-29",2.0086947,410093
"BIL.N0000","2012-05-30",2.099999,414166
"BIL.N0000","2012-05-31",2.0086947,730127
"BIL.N0000","2012-06-01",2.0086947,84685
"BIL.N0000","2012-06-05",1.91739039,86383
"BIL.N0000","2012-06-06",1.82608609,251985
"BIL.N0000","2012-06-07",1.82608609,163575
"BIL.N0000","2012-06-08",2.0086947,58256
"BIL.N0000","2012-06-11",1.91739039,41356
"BIL.N0000","2012-06-12",1.91739039,105461
"BIL.N0000","2012-06-13",2.099999,453488
"BIL.N0000","2012-06-14",2.28260761,787696
"BIL.N0000","2012-06-15",2.37391191,1306902
"BIL.N0000","2012-06-18",2.37391191,373762
"BIL.N0000","2012-06-19",2.46521622,329895
"BIL.N0000","2012-06-20",2.73912913,2098523
"BIL.N0000","2012-06-21",2.64782483,438655
"BIL.N0000","2012-06-22",2.64782483,90392
"BIL.N0000","2012-06-25",2.55652052,396411
"BIL.N0000","2012-06-26",2.46521622,163104
"BIL.N0000","2012-06-27",2.55652052,295119
"BIL.N0000","2012-06-28",2.46521622,60289
"BIL.N0000","2012-06-29",2.46521622,216096
"BIL.N0000","2012-07-02",2.55652052,471367
"BIL.N0000","2012-07-04",2.46521622,128278
"BIL.N0000","2012-07-05",2.46521622,17273
"BIL.N0000","2012-07-06",2.46521622,781808
"BIL.N0000","2012-07-09",2.46521622,100886
"BIL.N0000","2012-07-10",2.55652052,309143
"BIL.N0000","2012-07-11",2.46521622,50515
"BIL.N0000","2012-07-12",2.46521622,235177
"BIL.N0000","2012-07-13",2.46521622,94740
"BIL.N0000","2012-07-16",2.55652052,728126
"BIL.N0000","2012-07-17",2.46521622,292412
"BIL.N0000","2012-07-18",2.37391191,119032
"BIL.N0000","2012-07-19",2.55652052,593783
"BIL.N0000","2012-07-20",2.46521622,101420
"BIL.N0000","2012-07-23",2.46521622,50687
"BIL.N0000","2012-07-24",2.46521622,28620
"BIL.N0000","2012-07-25",2.55652052,133905
"BIL.N0000","2012-07-26",2.55652052,47424
"BIL.N0000","2012-07-27",2.64782483,387344
"BIL.N0000","2012-07-30",2.64782483,138438
"BIL.N0000","2012-07-31",2.55652052,151746
"BIL.N0000","2012-08-02",2.64782483,27759
"BIL.N0000","2012-08-03",2.55652052,207553
"BIL.N0000","2012-08-06",2.55652052,10209
"BIL.N0000","2012-08-07",2.46521622,285462
"BIL.N0000","2012-08-08",2.46521622,104838
"BIL.N0000","2012-08-09",2.46521622,4285
"BIL.N0000","2012-08-10",2.46521622,36034
"BIL.N0000","2012-08-13",2.55652052,605331
"BIL.N0000","2012-08-14",2.55652052,42173
"BIL.N0000","2012-08-15",2.55652052,59961
"BIL.N0000","2012-08-16",2.46521622,7184
"BIL.N0000","2012-08-17",2.55652052,351368
"BIL.N0000","2012-08-20",2.46521622,123983
"BIL.N0000","2012-08-21",2.55652052,79237
"BIL.N0000","2012-08-22",3.01304204,4852561
"BIL.N0000","2012-08-23",2.92173774,3102979
"BIL.N0000","2012-08-24",2.92173774,701891
"BIL.N0000","2012-08-27",3.10434635,612024
"BIL.N0000","2012-08-28",3.10434635,1504484
"BIL.N0000","2012-08-29",3.10434635,996350
"BIL.N0000","2012-08-30",3.19565065,697234
"BIL.N0000","2012-09-03",3.28695496,1200630
"BIL.N0000","2012-09-04",3.37825926,1635591
"BIL.N0000","2012-09-05",3.56086787,3096369
"BIL.N0000","2012-09-06",3.56086787,1023910
"BIL.N0000","2012-09-07",3.74347648,3001475
"BIL.N0000","2012-09-10",3.92608509,3247852
"BIL.N0000","2012-09-11",4.01738939,5136158
"BIL.N0000","2012-09-12",4.01738939,943946
"BIL.N0000","2012-09-13",3.92608509,1244629
"BIL.N0000","2012-09-14",4.01738939,4314547
"BIL.N0000","2012-09-17",3.92608509,1411804
"BIL.N0000","2012-09-18",3.83478078,992452
"BIL.N0000","2012-09-19",3.74347648,1194882
"BIL.N0000","2012-09-20",3.83478078,334938
"BIL.N0000","2012-09-21",3.74347648,238910
"BIL.N0000","2012-09-24",3.74347648,505559
"BIL.N0000","2012-09-25",3.74347648,352462
"BIL.N0000","2012-09-26",3.65217217,452009
"BIL.N0000","2012-09-27",3.56086787,528551
"BIL.N0000","2012-09-28",3.65217217,174358
"BIL.N0000","2012-10-01",3.65217217,511039
"BIL.N0000","2012-10-02",3.65217217,509988
"BIL.N0000","2012-10-03",3.56086787,109413
"BIL.N0000","2012-10-04",3.56086787,46778
"BIL.N0000","2012-10-05",3.65217217,665114
"BIL.N0000","2012-10-08",3.56086787,93984
"BIL.N0000","2012-10-09",3.56086787,213411
"BIL.N0000","2012-10-10",3.46956357,181858
"BIL.N0000","2012-10-11",3.37825926,368934
"BIL.N0000","2012-10-12",3.56086787,391771
"BIL.N0000","2012-10-15",3.46956357,193186
"BIL.N0000","2012-10-16",3.37825926,210203
"BIL.N0000","2012-10-17",3.28695496,203275
"BIL.N0000","2012-10-18",3.56086787,244951
"BIL.N0000","2012-10-19",3.37825926,399707
"BIL.N0000","2012-10-22",3.28695496,268032
"BIL.N0000","2012-10-23",3.28695496,361691
"BIL.N0000","2012-10-24",3.28695496,37906
"BIL.N0000","2012-10-25",3.28695496,715092
"BIL.N0000","2012-10-26",3.19565065,842855
"BIL.N0000","2012-10-30",3.28695496,63413
"BIL.N0000","2012-10-31",3.28695496,562730
"BIL.N0000","2012-11-01",3.19565065,191668
"BIL.N0000","2012-11-02",3.19565065,167030
"BIL.N0000","2012-11-05",3.19565065,39607
"BIL.N0000","2012-11-06",3.28695496,125174
"BIL.N0000","2012-11-07",3.19565065,232599
"BIL.N0000","2012-11-08",3.28695496,148400
"BIL.N0000","2012-11-09",3.37825926,346089
"BIL.N0000","2012-11-12",3.83478078,1148148
"BIL.N0000","2012-11-14",3.65217217,1400793
"BIL.N0000","2012-11-15",3.83478078,4348425
"BIL.N0000","2012-11-16",3.83478078,1495983
"BIL.N0000","2012-11-19",3.65217217,3885994
"BIL.N0000","2012-11-20",3.28695496,1855294
"BIL.N0000","2012-11-21",3.19565065,1012838
"BIL.N0000","2012-11-22",3.28695496,530344
"BIL.N0000","2012-11-23",3.28695496,228846
"BIL.N0000","2012-11-26",3.28695496,623370
"BIL.N0000","2012-11-28",3.28695496,2229197
"BIL.N0000","2012-11-29",3.28695496,487612
"BIL.N0000","2012-11-30",3.28695496,493295
"BIL.N0000","2012-12-03",3.28695496,129095
"BIL.N0000","2012-12-04",3.37825926,611212
"BIL.N0000","2012-12-05",3.28695496,53616
"BIL.N0000","2012-12-06",3.28695496,382654
"BIL.N0000","2012-12-07",3.28695496,138801
"BIL.N0000","2012-12-10",3.28695496,379712
"BIL.N0000","2012-12-11",3.28695496,91018
"BIL.N0000","2012-12-12",3.46956357,598610
"BIL.N0000","2012-12-13",3.56086787,686885
"BIL.N0000","2012-12-14",3.46956357,260373
"BIL.N0000","2012-12-17",3.37825926,92991
"BIL.N0000","2012-12-18",3.37825926,58270
"BIL.N0000","2012-12-19",3.37825926,254754
"BIL.N0000","2012-12-20",3.37825926,216088
"BIL.N0000","2012-12-21",3.37825926,35050
"BIL.N0000","2012-12-24",3.46956357,6683
"BIL.N0000","2012-12-26",3.46956357,170585
"BIL.N0000","2012-12-28",3.65217217,2162430
"BIL.N0000","2012-12-31",3.56086787,112930
"BIL.N0000","2013-01-02",3.56086787,20650
"BIL.N0000","2013-01-03",3.65217217,1103930
"BIL.N0000","2013-01-04",3.56086787,877400
"BIL.N0000","2013-01-07",3.56086787,167736
"BIL.N0000","2013-01-08",3.56086787,105512
"BIL.N0000","2013-01-09",3.56086787,188785
"BIL.N0000","2013-01-10",3.56086787,150152
"BIL.N0000","2013-01-11",3.46956357,64569
"BIL.N0000","2013-01-15",3.46956357,73156
"BIL.N0000","2013-01-16",3.56086787,206948
"BIL.N0000","2013-01-17",3.56086787,92134
"BIL.N0000","2013-01-18",3.46956357,132650
"BIL.N0000","2013-01-21",3.46956357,254976
"BIL.N0000","2013-01-22",3.46956357,1780288
"BIL.N0000","2013-01-23",3.46956357,375233
"BIL.N0000","2013-01-24",3.37825926,269102
"BIL.N0000","2013-01-28",3.28695496,640615
"BIL.N0000","2013-01-29",3.19565065,1553642
"BIL.N0000","2013-01-30",3.19565065,185427
"BIL.N0000","2013-01-31",3.10434635,265211
"BIL.N0000","2013-02-01",3.19565065,626804
"BIL.N0000","2013-02-05",3.19565065,59971
"BIL.N0000","2013-02-06",3.19565065,148935
"BIL.N0000","2013-02-07",3.19565065,382009
"BIL.N0000","2013-02-08",3.19565065,524130
"BIL.N0000","2013-02-11",3.10434635,99106
"BIL.N0000","2013-02-12",3.10434635,68947
"BIL.N0000","2013-02-13",3.28695496,4149584
"BIL.N0000","2013-02-14",3.19565065,92759
"BIL.N0000","2013-02-15",3.10434635,176435
"BIL.N0000","2013-02-18",3.10434635,204215
"BIL.N0000","2013-02-19",3.10434635,232957
"BIL.N0000","2013-02-20",3.19565065,367943
"BIL.N0000","2013-02-21",3.19565065,606993
"BIL.N0000","2013-02-22",3.19565065,520900
"BIL.N0000","2013-02-26",3.19565065,1547008
"BIL.N0000","2013-02-27",3.19565065,159323
"BIL.N0000","2013-02-28",3.19565065,2223685
"BIL.N0000","2013-03-01",3.19565065,60738
"BIL.N0000","2013-03-04",3.19565065,458047
"BIL.N0000","2013-03-05",3.19565065,871286
"BIL.N0000","2013-03-06",3.19565065,161512
"BIL.N0000","2013-03-07",3.19565065,236892
"BIL.N0000","2013-03-08",3.19565065,59471
"BIL.N0000","2013-03-11",3.19565065,394751
"BIL.N0000","2013-03-12",3.19565065,896212
"BIL.N0000","2013-03-13",3.10434635,11525
"BIL.N0000","2013-03-14",3.01304204,222833
"BIL.N0000","2013-03-15",3.01304204,21158
"BIL.N0000","2013-03-18",3.01304204,23637
"BIL.N0000","2013-03-19",3.01304204,78106
"BIL.N0000","2013-03-20",3.01304204,85696
"BIL.N0000","2013-03-21",3.10434635,52717
"BIL.N0000","2013-03-22",3.10434635,20197
"BIL.N0000","2013-03-25",3.01304204,194301
"BIL.N0000","2013-03-27",2.92173774,70484
"BIL.N0000","2013-03-28",3.01304204,636086
"BIL.N0000","2013-04-01",2.92173774,44273
"BIL.N0000","2013-04-02",2.92173774,114157
"BIL.N0000","2013-04-03",2.92173774,43592
"BIL.N0000","2013-04-04",3.01304204,79515
"BIL.N0000","2013-04-05",3.01304204,51609
"BIL.N0000","2013-04-08",3.01304204,340064
"BIL.N0000","2013-04-09",2.92173774,247748
"BIL.N0000","2013-04-10",2.92173774,95348
"BIL.N0000","2013-04-11",3.01304204,1043056
"BIL.N0000","2013-04-12",3.19565065,1341297
"BIL.N0000","2013-04-16",3.28695496,468974
"BIL.N0000","2013-04-17",3.28695496,605438
"BIL.N0000","2013-04-18",3.19565065,164313
"BIL.N0000","2013-04-19",3.19565065,1508206
"BIL.N0000","2013-04-22",3.28695496,33044
"BIL.N0000","2013-04-23",3.28695496,86128
"BIL.N0000","2013-04-24",3.28695496,75356
"BIL.N0000","2013-04-26",3.28695496,802571
"BIL.N0000","2013-04-29",3.28695496,345179
"BIL.N0000","2013-04-30",3.19565065,121072
"BIL.N0000","2013-05-02",3.28695496,234028
"BIL.N0000","2013-05-03",3.19565065,540766
"BIL.N0000","2013-05-06",3.28695496,142825
"BIL.N0000","2013-05-07",3.28695496,108925
"BIL.N0000","2013-05-08",3.19565065,111917
"BIL.N0000","2013-05-09",3.28695496,262027
"BIL.N0000","2013-05-10",3.28695496,182742
"BIL.N0000","2013-05-13",3.19565065,25929
"BIL.N0000","2013-05-14",3.19565065,393056
"BIL.N0000","2013-05-15",3.19565065,53431
"BIL.N0000","2013-05-16",3.19565065,846212
"BIL.N0000","2013-05-17",3.19565065,136287
"BIL.N0000","2013-05-20",3.28695496,36312
"BIL.N0000","2013-05-21",3.19565065,528411
"BIL.N0000","2013-05-22",3.19565065,144661
"BIL.N0000","2013-05-23",3.19565065,223211
"BIL.N0000","2013-05-27",3.19565065,142250
"BIL.N0000","2013-05-28",3.10434635,15773
"BIL.N0000","2013-05-29",3.19565065,17142
"BIL.N0000","2013-05-30",3.10434635,73280
"BIL.N0000","2013-05-31",3.19565065,129176
"BIL.N0000","2013-06-03",3.19565065,146150
"BIL.N0000","2013-06-04",3.10434635,120097
"BIL.N0000","2013-06-05",3.01304204,568203
"BIL.N0000","2013-06-06",3.01304204,347365
"BIL.N0000","2013-06-07",3.01304204,323398
"BIL.N0000","2013-06-10",3.01304204,63224
"BIL.N0000","2013-06-11",3.01304204,91563
"BIL.N0000","2013-06-12",2.92173774,759438
"BIL.N0000","2013-06-13",2.83043343,93911
"BIL.N0000","2013-06-14",2.92173774,141645
"BIL.N0000","2013-06-17",2.92173774,113889
"BIL.N0000","2013-06-18",2.73912913,724242
"BIL.N0000","2013-06-19",2.83043343,28708
"BIL.N0000","2013-06-20",2.73912913,70755
"BIL.N0000","2013-06-21",2.73912913,67716
"BIL.N0000","2013-06-24",2.73912913,16941
"BIL.N0000","2013-06-25",2.73912913,140402
"BIL.N0000","2013-06-26",2.73912913,363459
"BIL.N0000","2013-06-27",2.73912913,713939
"BIL.N0000","2013-06-28",2.73912913,25190
"BIL.N0000","2013-07-01",2.73912913,263843
"BIL.N0000","2013-07-02",2.73912913,107665
"BIL.N0000","2013-07-03",2.64782483,44328
"BIL.N0000","2013-07-04",2.73912913,107356
"BIL.N0000","2013-07-05",2.64782483,247202
"BIL.N0000","2013-07-08",2.64782483,526712
"BIL.N0000","2013-07-09",2.55652052,191987
"BIL.N0000","2013-07-10",2.73912913,230359
"BIL.N0000","2013-07-11",2.64782483,139950
"BIL.N0000","2013-07-12",2.55652052,223160
"BIL.N0000","2013-07-15",2.55652052,131162
"BIL.N0000","2013-07-16",2.55652052,31380
"BIL.N0000","2013-07-17",2.55652052,48137
"BIL.N0000","2013-07-18",2.64782483,322966
"BIL.N0000","2013-07-19",2.64782483,146099
"BIL.N0000","2013-07-23",2.64782483,21230
"BIL.N0000","2013-07-24",2.55652052,208104
"BIL.N0000","2013-07-25",2.55652052,409489
"BIL.N0000","2013-07-26",2.55652052,96657
"BIL.N0000","2013-07-29",2.55652052,20448
"BIL.N0000","2013-07-30",2.55652052,10501
"BIL.N0000","2013-07-31",2.46521622,376409
"BIL.N0000","2013-08-01",2.55652052,76649
"BIL.N0000","2013-08-02",2.46521622,30305
"BIL.N0000","2013-08-05",2.37391191,138933
"BIL.N0000","2013-08-06",2.37391191,472731
"BIL.N0000","2013-08-07",2.46521622,69346
"BIL.N0000","2013-08-08",2.46521622,122277
"BIL.N0000","2013-08-12",2.46521622,26167
"BIL.N0000","2013-08-13",2.37391191,54452
"BIL.N0000","2013-08-14",2.46521622,402431
"BIL.N0000","2013-08-15",2.46521622,299275
"BIL.N0000","2013-08-16",2.46521622,111025
"BIL.N0000","2013-08-19",2.37391191,34742
"BIL.N0000","2013-08-21",2.37391191,492035
"BIL.N0000","2013-08-22",2.28260761,17425
"BIL.N0000","2013-08-23",2.28260761,89530
"BIL.N0000","2013-08-26",2.28260761,168533
"BIL.N0000","2013-08-27",2.1913033,22377
"BIL.N0000","2013-08-28",2.099999,431124
"BIL.N0000","2013-08-29",2.099999,151639
"BIL.N0000","2013-08-30",2.099999,173362
"BIL.N0000","2013-09-02",2.099999,168937
"BIL.N0000","2013-09-03",1.91739039,245262
"BIL.N0000","2013-09-04",2.0086947,124851
"BIL.N0000","2013-09-05",1.91739039,35179
"BIL.N0000","2013-09-06",2.099999,184559
"BIL.N0000","2013-09-09",2.0086947,79186
"BIL.N0000","2013-09-10",2.1913033,174721
"BIL.N0000","2013-09-11",2.099999,284325
"BIL.N0000","2013-09-12",2.099999,106780
"BIL.N0000","2013-09-13",2.28260761,553347
"BIL.N0000","2013-09-16",2.28260761,49110
"BIL.N0000","2013-09-17",2.28260761,2209
"BIL.N0000","2013-09-18",2.28260761,114377
"BIL.N0000","2013-09-20",2.46521622,315899
"BIL.N0000","2013-09-23",2.28260761,29803
"BIL.N0000","2013-09-24",2.37391191,71576
"BIL.N0000","2013-09-25",2.37391191,237714
"BIL.N0000","2013-09-26",2.1913033,802591
"BIL.N0000","2013-09-27",2.28260761,597194
"BIL.N0000","2013-09-30",2.37391191,80642
"BIL.N0000","2013-10-01",2.1913033,257677
"BIL.N0000","2013-10-02",2.28260761,155735
"BIL.N0000","2013-10-03",2.28260761,418820
"BIL.N0000","2013-10-04",2.28260761,116434
"BIL.N0000","2013-10-07",2.28260761,149995
"BIL.N0000","2013-10-08",2.28260761,144828
"BIL.N0000","2013-10-09",2.28260761,662355
"BIL.N0000","2013-10-10",2.55652052,7255488
"BIL.N0000","2013-10-11",2.46521622,1949199
"BIL.N0000","2013-10-14",2.46521622,495553
"BIL.N0000","2013-10-15",2.37391191,634521
"BIL.N0000","2013-10-17",2.37391191,42570
"BIL.N0000","2013-10-21",2.37391191,215620
"BIL.N0000","2013-10-22",2.37391191,362101
"BIL.N0000","2013-10-23",2.1913033,908757
"BIL.N0000","2013-10-24",2.28260761,516630
"BIL.N0000","2013-10-25",2.28260761,50312
"BIL.N0000","2013-10-28",2.28260761,93867
"BIL.N0000","2013-10-29",2.28260761,217061
"BIL.N0000","2013-10-30",2.28260761,78694
"BIL.N0000","2013-10-31",2.28260761,241228
"BIL.N0000","2013-11-01",2.28260761,48851
"BIL.N0000","2013-11-04",2.1913033,48424
"BIL.N0000","2013-11-05",2.1913033,287363
"BIL.N0000","2013-11-06",2.28260761,357160
"BIL.N0000","2013-11-07",2.28260761,570668
"BIL.N0000","2013-11-08",2.1913033,197643
"BIL.N0000","2013-11-11",2.1913033,60896
"BIL.N0000","2013-11-12",2.1913033,67228
"BIL.N0000","2013-11-13",2.28260761,79364
"BIL.N0000","2013-11-14",2.1913033,76999
"BIL.N0000","2013-11-15",2.099999,143430
"BIL.N0000","2013-11-18",2.1913033,154378
"BIL.N0000","2013-11-19",2.1913033,130278
"BIL.N0000","2013-11-20",2.1913033,26286
"BIL.N0000","2013-11-21",2.1913033,17032
"BIL.N0000","2013-11-22",2.099999,227331
"BIL.N0000","2013-11-25",2.099999,7120
"BIL.N0000","2013-11-26",2.099999,35490
"BIL.N0000","2013-11-27",2.099999,11721
"BIL.N0000","2013-11-28",2.1913033,403026
"BIL.N0000","2013-11-29",2.099999,1098866
"BIL.N0000","2013-12-02",2.099999,30015
"BIL.N0000","2013-12-03",2.1913033,95439
"BIL.N0000","2013-12-04",2.099999,22240
"BIL.N0000","2013-12-05",2.099999,9224
"BIL.N0000","2013-12-06",2.099999,41354
"BIL.N0000","2013-12-09",2.099999,142411
"BIL.N0000","2013-12-10",2.099999,25936
"BIL.N0000","2013-12-11",2.099999,6573
"BIL.N0000","2013-12-12",2.099999,70415
"BIL.N0000","2013-12-13",2.099999,63299
"BIL.N0000","2013-12-17",2.099999,17195
"BIL.N0000","2013-12-18",2.099999,34794
"BIL.N0000","2013-12-19",2.099999,26724
"BIL.N0000","2013-12-20",2.099999,78673
"BIL.N0000","2013-12-23",2.1913033,17414
"BIL.N0000","2013-12-26",2.1913033,69493
"BIL.N0000","2013-12-27",2.099999,175169
"BIL.N0000","2013-12-30",2.099999,269142
"BIL.N0000","2013-12-31",2.099999,212093
"BIL.N0000","2014-01-02",2.1913033,304178
"BIL.N0000","2014-01-03",2.1913033,782216
"BIL.N0000","2014-01-06",2.1913033,120808
"BIL.N0000","2014-01-07",2.1913033,3506
"BIL.N0000","2014-01-08",2.28260761,376275
"BIL.N0000","2014-01-09",2.1913033,40090
"BIL.N0000","2014-01-10",2.28260761,230747
"BIL.N0000","2014-01-13",2.28260761,452654
"BIL.N0000","2014-01-16",2.28260761,181447
"BIL.N0000","2014-01-17",2.1913033,481989
"BIL.N0000","2014-01-20",2.1913033,156731
"BIL.N0000","2014-01-21",2.1913033,263008
"BIL.N0000","2014-01-22",2.28260761,150665
"BIL.N0000","2014-01-23",2.1913033,66883
"BIL.N0000","2014-01-24",2.28260761,3301626
"BIL.N0000","2014-01-27",2.28260761,345482
"BIL.N0000","2014-01-28",2.37391191,75133
"BIL.N0000","2014-01-29",2.28260761,219263
"BIL.N0000","2014-01-30",2.28260761,594003
"BIL.N0000","2014-01-31",2.28260761,130962
"BIL.N0000","2014-02-03",2.28260761,93096
"BIL.N0000","2014-02-05",2.1913033,11720
"BIL.N0000","2014-02-06",2.1913033,78433
"BIL.N0000","2014-02-07",2.1913033,71519
"BIL.N0000","2014-02-10",2.1913033,198784
"BIL.N0000","2014-02-11",2.099999,116643
"BIL.N0000","2014-02-12",2.099999,134824
"BIL.N0000","2014-02-13",2.099999,4771
"BIL.N0000","2014-02-17",2.099999,220144
"BIL.N0000","2014-02-18",2.0086947,121670
"BIL.N0000","2014-02-19",2.0086947,27708
"BIL.N0000","2014-02-20",2.0086947,328659
"BIL.N0000","2014-02-21",2.0086947,17140
"BIL.N0000","2014-02-24",2.0086947,181706
"BIL.N0000","2014-02-25",1.91739039,575630
"BIL.N0000","2014-02-26",2.0086947,684355
"BIL.N0000","2014-02-28",2.0086947,31266
"BIL.N0000","2014-03-03",2.0086947,18373
"BIL.N0000","2014-03-04",2.0086947,34387
"BIL.N0000","2014-03-05",2.0086947,1835
"BIL.N0000","2014-03-06",2.099999,364825
"BIL.N0000","2014-03-07",2.0086947,129431
"BIL.N0000","2014-03-10",2.0086947,28389
"BIL.N0000","2014-03-11",2.099999,1533
"BIL.N0000","2014-03-12",2.0086947,433077
"BIL.N0000","2014-03-13",2.099999,1783686
"BIL.N0000","2014-03-14",2.099999,119149
"BIL.N0000","2014-03-17",2.099999,124178
"BIL.N0000","2014-03-18",2.0086947,86655
"BIL.N0000","2014-03-19",2.0086947,278986
"BIL.N0000","2014-03-20",2.0086947,57567
"BIL.N0000","2014-03-21",2.099999,573834
"BIL.N0000","2014-03-24",2.1913033,322631
"BIL.N0000","2014-03-25",2.099999,185266
"BIL.N0000","2014-03-26",2.0086947,139208
"BIL.N0000","2014-03-27",2.099999,824097
"BIL.N0000","2014-03-28",2.0086947,18445
"BIL.N0000","2014-03-31",2.099999,41611
"BIL.N0000","2014-04-01",2.099999,28511
"BIL.N0000","2014-04-02",2.1913033,56512
"BIL.N0000","2014-04-03",2.1913033,124200
"BIL.N0000","2014-04-04",2.1913033,17197
"BIL.N0000","2014-04-07",2.1913033,13181
"BIL.N0000","2014-04-08",2.099999,423671
"BIL.N0000","2014-04-09",2.099999,249167
"BIL.N0000","2014-04-10",2.099999,110616
"BIL.N0000","2014-04-11",2.099999,38782
"BIL.N0000","2014-04-16",2.099999,2519
"BIL.N0000","2014-04-17",2.1913033,19714
"BIL.N0000","2014-04-21",2.099999,410928
"BIL.N0000","2014-04-22",2.099999,173486
"BIL.N0000","2014-04-23",2.0086947,165906
"BIL.N0000","2014-04-24",2.099999,866335
"BIL.N0000","2014-04-25",2.099999,136357
"BIL.N0000","2014-04-28",2.099999,205796
"BIL.N0000","2014-04-29",2.0086947,45562
"BIL.N0000","2014-04-30",2.099999,486464
"BIL.N0000","2014-05-02",2.1913033,660812
"BIL.N0000","2014-05-05",2.1913033,1579597
"BIL.N0000","2014-05-06",2.1913033,180230
"BIL.N0000","2014-05-07",2.1913033,1994321
"BIL.N0000","2014-05-08",2.1913033,280764
"BIL.N0000","2014-05-09",2.1913033,226988
"BIL.N0000","2014-05-12",2.1913033,757255
"BIL.N0000","2014-05-13",2.099999,1076178
"BIL.N0000","2014-05-16",2.1913033,6681
"BIL.N0000","2014-05-19",2.099999,70614
"BIL.N0000","2014-05-20",2.099999,1382133
"BIL.N0000","2014-05-21",2.099999,97187
"BIL.N0000","2014-05-22",2.099999,66716
"BIL.N0000","2014-05-23",2.0086947,53128
"BIL.N0000","2014-05-26",2.099999,183075
"BIL.N0000","2014-05-27",2.099999,100347
"BIL.N0000","2014-05-28",2.099999,43702
"BIL.N0000","2014-05-29",2.099999,130389
"BIL.N0000","2014-05-30",2.099999,224475
"BIL.N0000","2014-06-02",2.099999,88276
"BIL.N0000","2014-06-03",2.099999,4655
"BIL.N0000","2014-06-04",2.0086947,269103
"BIL.N0000","2014-06-05",2.0086947,61114
"BIL.N0000","2014-06-06",2.0086947,1623910
"BIL.N0000","2014-06-09",2.0086947,663793
"BIL.N0000","2014-06-10",1.64347748,7901746
"BIL.N0000","2014-06-11",1.64347748,1115657
"BIL.N0000","2014-06-13",1.55217317,1029107
"BIL.N0000","2014-06-16",1.55217317,729243
"BIL.N0000","2014-06-17",1.64347748,481732
"BIL.N0000","2014-06-18",1.55217317,670520
"BIL.N0000","2014-06-19",1.55217317,524885
"BIL.N0000","2014-06-20",1.55217317,35467
"BIL.N0000","2014-06-23",1.55217317,96033
"BIL.N0000","2014-06-24",1.55217317,87561
"BIL.N0000","2014-06-25",1.46086887,582261
"BIL.N0000","2014-06-26",1.46086887,317422
"BIL.N0000","2014-06-27",1.46086887,559438
"BIL.N0000","2014-06-30",1.46086887,143724
"BIL.N0000","2014-07-01",1.46086887,207589
"BIL.N0000","2014-07-02",1.55217317,28240
"BIL.N0000","2014-07-03",1.55217317,2151117
"BIL.N0000","2014-07-04",1.64347748,325886
"BIL.N0000","2014-07-07",1.64347748,150140
"BIL.N0000","2014-07-08",1.55217317,375048
"BIL.N0000","2014-07-09",1.64347748,2342459
"BIL.N0000","2014-07-10",1.64347748,1734520
"BIL.N0000","2014-07-11",1.64347748,881908
"BIL.N0000","2014-07-14",1.64347748,1483760
"BIL.N0000","2014-07-15",1.73478178,626750
"BIL.N0000","2014-07-16",1.64347748,662811
"BIL.N0000","2014-07-17",1.64347748,260345
"BIL.N0000","2014-07-18",1.64347748,526675
"BIL.N0000","2014-07-21",1.64347748,176768
"BIL.N0000","2014-07-22",1.64347748,146004
"BIL.N0000","2014-07-23",1.55217317,393151
"BIL.N0000","2014-07-24",1.64347748,3011375
"BIL.N0000","2014-07-25",1.64347748,107776
"BIL.N0000","2014-07-28",1.64347748,255315
"BIL.N0000","2014-07-30",1.64347748,131614
"BIL.N0000","2014-07-31",1.64347748,4737284
"BIL.N0000","2014-08-01",1.55217317,9641874
"BIL.N0000","2014-08-04",1.36956457,3555881
"BIL.N0000","2014-08-05",1.27826026,2937656
"BIL.N0000","2014-08-06",1.27826026,3994615
"BIL.N0000","2014-08-07",1.27826026,6475855
"BIL.N0000","2014-08-08",1.27826026,6480486
"BIL.N0000","2014-08-11",1.27826026,3926413
"BIL.N0000","2014-08-12",1.27826026,312533
"BIL.N0000","2014-08-13",1.27826026,5689260
"BIL.N0000","2014-08-14",1.27826026,1872057
"BIL.N0000","2014-08-15",1.27826026,639577
"BIL.N0000","2014-08-18",1.27826026,466932
"BIL.N0000","2014-08-19",1.36956457,373417
"BIL.N0000","2014-08-20",1.36956457,3383287
"BIL.N0000","2014-08-21",1.36956457,2986625
"BIL.N0000","2014-08-22",1.55217317,4374875
"BIL.N0000","2014-08-25",1.46086887,5385558
"BIL.N0000","2014-08-26",1.55217317,9629424
"BIL.N0000","2014-08-27",1.46086887,2616677
"BIL.N0000","2014-08-28",1.46086887,399917
"BIL.N0000","2014-08-29",1.55217317,6901767
"BIL.N0000","2014-09-01",1.55217317,808179
"BIL.N0000","2014-09-02",1.55217317,550369
"BIL.N0000","2014-09-03",1.46086887,457523
"BIL.N0000","2014-09-04",1.46086887,1217645
"BIL.N0000","2014-09-05",1.46086887,1853586
"BIL.N0000","2014-09-09",1.46086887,873858
"BIL.N0000","2014-09-10",1.55217317,2976815
"BIL.N0000","2014-09-11",1.46086887,1502541
"BIL.N0000","2014-09-12",1.55217317,6649060
"BIL.N0000","2014-09-15",1.64347748,3444988
"BIL.N0000","2014-09-16",1.55217317,2256604
"BIL.N0000","2014-09-17",1.55217317,3681492
"BIL.N0000","2014-09-18",1.55217317,5590385
"BIL.N0000","2014-09-19",1.64347748,2752434
"BIL.N0000","2014-09-22",1.64347748,3136820
"BIL.N0000","2014-09-23",1.64347748,1835494
"BIL.N0000","2014-09-24",1.64347748,10495030
"BIL.N0000","2014-09-25",1.73478178,2199091
"BIL.N0000","2014-09-26",1.82608609,3856798
"BIL.N0000","2014-09-29",1.73478178,4388626
"BIL.N0000","2014-09-30",1.73478178,1308369
"BIL.N0000","2014-10-01",1.82608609,2225299
"BIL.N0000","2014-10-02",1.82608609,1779715
"BIL.N0000","2014-10-03",1.82608609,10343122
"BIL.N0000","2014-10-07",1.82608609,6311374
"BIL.N0000","2014-10-09",1.82608609,3285409
"BIL.N0000","2014-10-10",1.82608609,7792461
"BIL.N0000","2014-10-13",1.64347748,3138664
"BIL.N0000","2014-10-14",1.73478178,5849474
"BIL.N0000","2014-10-15",1.73478178,3861060
"BIL.N0000","2014-10-16",1.73478178,1806157
"BIL.N0000","2014-10-17",1.64347748,68869
"BIL.N0000","2014-10-20",1.64347748,5078876
"BIL.N0000","2014-10-21",1.64347748,589304
"BIL.N0000","2014-10-23",1.64347748,3143744
"BIL.N0000","2014-10-24",1.64347748,49838
"BIL.N0000","2014-10-27",1.64347748,1561622
"BIL.N0000","2014-10-28",1.73478178,1539353
"BIL.N0000","2014-10-29",1.73478178,266584
"BIL.N0000","2014-10-30",1.73478178,1971857
"BIL.N0000","2014-10-31",1.73478178,10357766
"BIL.N0000","2014-11-03",1.73478178,3350160
"BIL.N0000","2014-11-04",1.73478178,2180716
"BIL.N0000","2014-11-05",1.73478178,3311021
"BIL.N0000","2014-11-07",1.73478178,988812
"BIL.N0000","2014-11-10",1.73478178,453999
"BIL.N0000","2014-11-11",1.73478178,448161
"BIL.N0000","2014-11-12",1.73478178,199721
"BIL.N0000","2014-11-13",1.73478178,724009
"BIL.N0000","2014-11-14",1.64347748,141319
"BIL.N0000","2014-11-17",1.64347748,408994
"BIL.N0000","2014-11-18",1.73478178,8483976
"BIL.N0000","2014-11-19",1.73478178,1638647
"BIL.N0000","2014-11-20",1.73478178,1796441
"BIL.N0000","2014-11-21",1.64347748,909958
"BIL.N0000","2014-11-24",1.64347748,1314621
"BIL.N0000","2014-11-25",1.55217317,579956
"BIL.N0000","2014-11-26",1.55217317,3422545
"BIL.N0000","2014-11-27",1.55217317,1796183
"BIL.N0000","2014-11-28",1.64347748,1104452
"BIL.N0000","2014-12-01",1.64347748,5312043
"BIL.N0000","2014-12-02",1.64347748,749303
"BIL.N0000","2014-12-03",1.73478178,304736
"BIL.N0000","2014-12-04",1.64347748,340040
"BIL.N0000","2014-12-05",1.64347748,1526840
"BIL.N0000","2014-12-08",1.64347748,827071
"BIL.N0000","2014-12-09",1.64347748,146523
"BIL.N0000","2014-12-10",1.64347748,212749
"BIL.N0000","2014-12-11",1.64347748,562143
"BIL.N0000","2014-12-12",1.64347748,417835
"BIL.N0000","2014-12-15",1.64347748,1241124
"BIL.N0000","2014-12-16",1.64347748,3167893
"BIL.N0000","2014-12-17",1.64347748,129797
"BIL.N0000","2014-12-18",1.64347748,535048
"BIL.N0000","2014-12-19",1.73478178,5933306
"BIL.N0000","2014-12-22",1.73478178,3520595
"BIL.N0000","2014-12-23",1.73478178,1113605
"BIL.N0000","2014-12-24",1.73478178,3777949
"BIL.N0000","2014-12-26",1.73478178,374218
"BIL.N0000","2014-12-29",1.73478178,2205720
"BIL.N0000","2014-12-30",1.73478178,587317
"BIL.N0000","2014-12-31",1.73478178,841335
"BIL.N0000","2015-01-02",1.82608609,1151990
"BIL.N0000","2015-01-06",1.82608609,754060
"BIL.N0000","2015-01-07",1.73478178,51579
"BIL.N0000","2015-01-08",1.82608609,470846
"BIL.N0000","2015-01-09",1.82608609,2946724
"BIL.N0000","2015-01-12",1.73478178,2409300
"BIL.N0000","2015-01-13",1.73478178,1067232
"BIL.N0000","2015-01-16",1.73478178,309497
"BIL.N0000","2015-01-19",1.64347748,4791398
"BIL.N0000","2015-01-20",1.64347748,2036671
"BIL.N0000","2015-01-21",1.64347748,1407492
"BIL.N0000","2015-01-22",1.55217317,6430340
"BIL.N0000","2015-01-23",1.64347748,2848614
"BIL.N0000","2015-01-26",1.64347748,73644
"BIL.N0000","2015-01-27",1.64347748,242719
"BIL.N0000","2015-01-28",1.73478178,699066
"BIL.N0000","2015-01-29",1.64347748,900227
"BIL.N0000","2015-01-30",1.64347748,218336
"BIL.N0000","2015-02-02",1.55217317,2664411
"BIL.N0000","2015-02-05",1.64347748,1550181
"BIL.N0000","2015-02-06",1.64347748,1454132
"BIL.N0000","2015-02-09",1.64347748,113960
"BIL.N0000","2015-02-10",1.73478178,2443712
"BIL.N0000","2015-02-11",1.73478178,292767
"BIL.N0000","2015-02-12",1.55217317,59343
"BIL.N0000","2015-02-13",1.64347748,70237
"BIL.N0000","2015-02-16",1.64347748,364959
"BIL.N0000","2015-02-18",1.55217317,2985
"BIL.N0000","2015-02-19",1.64347748,80416
"BIL.N0000","2015-02-20",1.64347748,255113
"BIL.N0000","2015-02-23",1.55217317,648894
"BIL.N0000","2015-02-24",1.55217317,699047
"BIL.N0000","2015-02-25",1.55217317,291935
"BIL.N0000","2015-02-26",1.64347748,236807
"BIL.N0000","2015-02-27",1.64347748,222156
"BIL.N0000","2015-03-02",1.55217317,1173408
"BIL.N0000","2015-03-03",1.55217317,458484
"BIL.N0000","2015-03-06",1.55217317,533655
"BIL.N0000","2015-03-09",1.55217317,351580
"BIL.N0000","2015-03-11",1.55217317,113012
"BIL.N0000","2015-03-12",1.55217317,3108209
"BIL.N0000","2015-03-13",1.55217317,432198
"BIL.N0000","2015-03-16",1.55217317,7248520
"BIL.N0000","2015-03-17",1.55217317,4206778
"BIL.N0000","2015-03-18",1.55217317,110630
"BIL.N0000","2015-03-19",1.55217317,620016
"BIL.N0000","2015-03-20",1.55217317,30787
"BIL.N0000","2015-03-23",1.46086887,456057
"BIL.N0000","2015-03-24",1.46086887,50710
"BIL.N0000","2015-03-25",1.46086887,1677681
"BIL.N0000","2015-03-26",1.55217317,1097889
"BIL.N0000","2015-03-27",1.55217317,555091
"BIL.N0000","2015-03-30",1.46086887,1551201
"BIL.N0000","2015-03-31",1.46086887,901173
"BIL.N0000","2015-04-01",1.55217317,3331716
"BIL.N0000","2015-04-02",1.55217317,501097
"BIL.N0000","2015-04-06",1.55217317,2303443
"BIL.N0000","2015-04-07",1.64347748,1485694
"BIL.N0000","2015-04-08",1.55217317,69444
"BIL.N0000","2015-04-09",1.55217317,159203
"BIL.N0000","2015-04-10",1.55217317,3346
"BIL.N0000","2015-04-15",1.55217317,4493
"BIL.N0000","2015-04-16",1.55217317,40764
"BIL.N0000","2015-04-17",1.64347748,438
"BIL.N0000","2015-04-20",1.55217317,109147
"BIL.N0000","2015-04-21",1.55217317,59143
"BIL.N0000","2015-04-22",1.55217317,1695691
"BIL.N0000","2015-04-23",1.64347748,33626
"BIL.N0000","2015-04-24",1.64347748,48702
"BIL.N0000","2015-04-27",1.55217317,6681
"BIL.N0000","2015-04-29",1.55217317,2458652
"BIL.N0000","2015-04-30",1.55217317,52758
"BIL.N0000","2015-05-05",1.55217317,109601
"BIL.N0000","2015-05-06",1.55217317,549624
"BIL.N0000","2015-05-07",1.64347748,17087
"BIL.N0000","2015-05-08",1.55217317,75847
"BIL.N0000","2015-05-12",1.55217317,572481
"BIL.N0000","2015-05-13",1.55217317,20043
"BIL.N0000","2015-05-14",1.64347748,171569
"BIL.N0000","2015-05-15",1.64347748,114245
"BIL.N0000","2015-05-18",1.55217317,345111
"BIL.N0000","2015-05-19",1.46086887,433394
"BIL.N0000","2015-05-20",1.55217317,439618
"BIL.N0000","2015-05-21",1.55217317,1806818
"BIL.N0000","2015-05-22",1.55217317,464479
"BIL.N0000","2015-05-25",1.55217317,1591263
"BIL.N0000","2015-05-26",1.64347748,123214
"BIL.N0000","2015-05-27",1.55217317,1640802
"BIL.N0000","2015-05-28",1.46086887,641095
"BIL.N0000","2015-05-29",1.46086887,381806
"BIL.N0000","2015-06-01",1.55217317,2571510
"BIL.N0000","2015-06-03",1.46086887,35332
"BIL.N0000","2015-06-04",1.46086887,102527
"BIL.N0000","2015-06-05",1.46086887,7886
"BIL.N0000","2015-06-08",1.46086887,44171
"BIL.N0000","2015-06-09",1.46086887,156569
"BIL.N0000","2015-06-10",1.46086887,2154356
"BIL.N0000","2015-06-11",1.46086887,5914
"BIL.N0000","2015-06-12",1.46086887,65386
"BIL.N0000","2015-06-15",1.46086887,15134
"BIL.N0000","2015-06-16",1.46086887,116095
"BIL.N0000","2015-06-17",1.46086887,3069898
"BIL.N0000","2015-06-18",1.46086887,249223
"BIL.N0000","2015-06-19",1.46086887,913114
"BIL.N0000","2015-06-22",1.46086887,470977
"BIL.N0000","2015-06-23",1.46086887,116932
"BIL.N0000","2015-06-25",1.46086887,233051
"BIL.N0000","2015-06-26",1.46086887,3176
"BIL.N0000","2015-06-29",1.46086887,613455
"BIL.N0000","2015-06-30",1.46086887,28593
"BIL.N0000","2015-07-02",1.46086887,8784
"BIL.N0000","2015-07-03",1.46086887,14129
"BIL.N0000","2015-07-06",1.46086887,1312493
"BIL.N0000","2015-07-07",1.46086887,289519
"BIL.N0000","2015-07-09",1.36956457,146324
"BIL.N0000","2015-07-10",1.46086887,388733
"BIL.N0000","2015-07-13",1.46086887,26834
"BIL.N0000","2015-07-15",1.46086887,44631
"BIL.N0000","2015-07-16",1.46086887,250346
"BIL.N0000","2015-07-20",1.46086887,20808
"BIL.N0000","2015-07-21",1.46086887,637703
"BIL.N0000","2015-07-22",1.46086887,151910
"BIL.N0000","2015-07-23",1.46086887,5736
"BIL.N0000","2015-07-24",1.55217317,4006131
"BIL.N0000","2015-07-27",1.46086887,186467
"BIL.N0000","2015-07-28",1.55217317,456181
"BIL.N0000","2015-07-29",1.46086887,926606
"BIL.N0000","2015-07-30",1.55217317,53152
"BIL.N0000","2015-08-03",1.55217317,35588
"BIL.N0000","2015-08-04",1.46086887,38359
"BIL.N0000","2015-08-05",1.55217317,27232
"BIL.N0000","2015-08-06",1.55217317,813648
"BIL.N0000","2015-08-07",1.46086887,127010
"BIL.N0000","2015-08-10",1.46086887,1005125
"BIL.N0000","2015-08-11",1.46086887,1914243
"BIL.N0000","2015-08-12",1.55217317,3163051
"BIL.N0000","2015-08-13",1.55217317,650298
"BIL.N0000","2015-08-14",1.55217317,628149
"BIL.N0000","2015-08-18",1.55217317,412467
"BIL.N0000","2015-08-19",1.55217317,536598
"BIL.N0000","2015-08-20",1.55217317,9857
"BIL.N0000","2015-08-21",1.55217317,4092328
"BIL.N0000","2015-08-24",1.46086887,2792630
"BIL.N0000","2015-08-25",1.46086887,2567743
"BIL.N0000","2015-08-26",1.55217317,1507094
"BIL.N0000","2015-08-27",1.55217317,193629
"BIL.N0000","2015-08-28",1.55217317,71082
"BIL.N0000","2015-08-31",1.55217317,10222
"BIL.N0000","2015-09-01",1.55217317,19005
"BIL.N0000","2015-09-02",1.46086887,308424
"BIL.N0000","2015-09-03",1.55217317,8081
"BIL.N0000","2015-09-04",1.46086887,186311
"BIL.N0000","2015-09-07",1.46086887,28473
"BIL.N0000","2015-09-08",1.36956457,85267
"BIL.N0000","2015-09-09",1.36956457,69548
"BIL.N0000","2015-09-10",1.46086887,610048
"BIL.N0000","2015-09-11",1.46086887,131041
"BIL.N0000","2015-09-14",1.36956457,62987
"BIL.N0000","2015-09-15",1.46086887,234119
"BIL.N0000","2015-09-16",1.36956457,87218
"BIL.N0000","2015-09-17",1.36956457,743938
"BIL.N0000","2015-09-18",1.36956457,22124
"BIL.N0000","2015-09-21",1.46086887,12550
"BIL.N0000","2015-09-22",1.36956457,125854
"BIL.N0000","2015-09-23",1.36956457,2293595
"BIL.N0000","2015-09-25",1.36956457,703902
"BIL.N0000","2015-09-28",1.36956457,20974
"BIL.N0000","2015-09-29",1.36956457,165689
"BIL.N0000","2015-09-30",1.36956457,155911
"BIL.N0000","2015-10-01",1.46086887,946194
"BIL.N0000","2015-10-02",1.36956457,313462
"BIL.N0000","2015-10-05",1.36956457,66850
"BIL.N0000","2015-10-06",1.27826026,20182
"BIL.N0000","2015-10-07",1.36956457,42869
"BIL.N0000","2015-10-09",1.27826026,70219
"BIL.N0000","2015-10-12",1.27826026,518490
"BIL.N0000","2015-10-13",1.27826026,126495
"BIL.N0000","2015-10-14",1.36956457,178069
"BIL.N0000","2015-10-16",1.36956457,896314
"BIL.N0000","2015-10-19",1.27826026,1956011
"BIL.N0000","2015-10-20",1.36956457,5184600
"BIL.N0000","2015-10-21",1.36956457,598553
"BIL.N0000","2015-10-22",1.27826026,307287
"BIL.N0000","2015-10-23",1.36956457,64473
"BIL.N0000","2015-10-26",1.27826026,11938
"BIL.N0000","2015-10-28",1.27826026,61775
"BIL.N0000","2015-10-30",1.27826026,359244
"BIL.N0000","2015-11-03",1.27826026,20601
"BIL.N0000","2015-11-04",1.27826026,60313
"BIL.N0000","2015-11-05",1.36956457,123796
"BIL.N0000","2015-11-06",1.27826026,1400769
"BIL.N0000","2015-11-09",1.27826026,46146
"BIL.N0000","2015-11-11",1.27826026,119838
"BIL.N0000","2015-11-12",1.36956457,549865
"BIL.N0000","2015-11-16",1.27826026,1246477
"BIL.N0000","2015-11-17",1.27826026,29680
"BIL.N0000","2015-11-19",1.27826026,146859
"BIL.N0000","2015-11-20",1.27826026,243691
"BIL.N0000","2015-11-23",1.36956457,1254048
"BIL.N0000","2015-11-25",1.27826026,491542
"BIL.N0000","2015-11-27",1.36956457,76116
"BIL.N0000","2015-11-30",1.36956457,314215
"BIL.N0000","2015-12-01",1.27826026,294484
"BIL.N0000","2015-12-02",1.27826026,13532
"BIL.N0000","2015-12-03",1.27826026,32638
"BIL.N0000","2015-12-07",1.27826026,53339
"BIL.N0000","2015-12-08",1.27826026,290876
"BIL.N0000","2015-12-09",1.27826026,139496
"BIL.N0000","2015-12-10",1.27826026,604583
"BIL.N0000","2015-12-14",1.27826026,21905
"BIL.N0000","2015-12-16",1.27826026,280304
"BIL.N0000","2015-12-17",1.27826026,6027
"BIL.N0000","2015-12-18",1.27826026,30836
"BIL.N0000","2015-12-22",1.36956457,76106
"BIL.N0000","2015-12-23",1.36956457,160398
"BIL.N0000","2015-12-28",1.27826026,3402
"BIL.N0000","2015-12-30",1.27826026,660256
"BIL.N0000","2015-12-31",1.36956457,5498
"BIL.N0000","2016-01-04",1.27826026,9371
"BIL.N0000","2016-01-05",1.36956457,259682
"BIL.N0000","2016-01-06",1.27826026,229103
"BIL.N0000","2016-01-08",1.18695596,38661
"BIL.N0000","2016-01-11",1.18695596,163462
"BIL.N0000","2016-01-12",1.18695596,1237293
"BIL.N0000","2016-01-13",1.27826026,9805
"BIL.N0000","2016-01-14",1.18695596,7459
"BIL.N0000","2016-01-18",1.09565165,770492
"BIL.N0000","2016-01-19",1.09565165,3380355
"BIL.N0000","2016-01-20",1.18695596,1182201
"BIL.N0000","2016-01-21",1.18695596,81399
"BIL.N0000","2016-01-25",1.18695596,6024
"BIL.N0000","2016-01-27",1.09565165,100421
"BIL.N0000","2016-01-29",1.18695596,107232
"BIL.N0000","2016-02-01",1.18695596,436274
"BIL.N0000","2016-02-02",1.18695596,161712
"BIL.N0000","2016-02-04",1.18695596,26395
"BIL.N0000","2016-02-09",1.18695596,11117
"BIL.N0000","2016-02-10",1.18695596,311157
"BIL.N0000","2016-02-11",1.27826026,280322
"BIL.N0000","2016-02-12",1.27826026,251960
"BIL.N0000","2016-02-15",1.27826026,104415
"BIL.N0000","2016-02-16",1.18695596,422818
"BIL.N0000","2016-02-17",1.18695596,1859818
"BIL.N0000","2016-02-18",1.09565165,469082
"BIL.N0000","2016-02-23",1.18695596,172354
"BIL.N0000","2016-02-24",1.18695596,79076
"BIL.N0000","2016-02-25",1.09565165,1127176
"BIL.N0000","2016-02-29",1.09565165,294838
"BIL.N0000","2016-03-01",1.00434735,1465748
"BIL.N0000","2016-03-02",1.09565165,2577332
"BIL.N0000","2016-03-03",1.09565165,713012
"BIL.N0000","2016-03-08",1.09565165,937012
"BIL.N0000","2016-03-09",1.09565165,4968715
"BIL.N0000","2016-03-10",1.18695596,466802
"BIL.N0000","2016-03-11",1.09565165,657925
"BIL.N0000","2016-03-14",1.09565165,1993275
"BIL.N0000","2016-03-15",1.09565165,2224430
"BIL.N0000","2016-03-16",1.18695596,3798
"BIL.N0000","2016-03-18",1.09565165,35732
"BIL.N0000","2016-03-23",1.09565165,1533
"BIL.N0000","2016-03-28",1.09565165,7667
"BIL.N0000","2016-03-29",1.09565165,119710
"BIL.N0000","2016-03-30",1.09565165,243653
"BIL.N0000","2016-03-31",1.09565165,728591
"BIL.N0000","2016-04-01",1.18695596,51148
"BIL.N0000","2016-04-04",1.09565165,43563
"BIL.N0000","2016-04-05",1.09565165,21467
"BIL.N0000","2016-04-06",1.09565165,44283
"BIL.N0000","2016-04-08",1.18695596,275851
"BIL.N0000","2016-04-11",1.18695596,113686
"BIL.N0000","2016-04-15",1.18695596,387825
"BIL.N0000","2016-04-18",1.18695596,163383
"BIL.N0000","2016-04-19",1.27826026,1426239
"BIL.N0000","2016-04-20",1.27826026,650468
"BIL.N0000","2016-04-22",1.27826026,169753
"BIL.N0000","2016-04-26",1.18695596,661975
"BIL.N0000","2016-04-27",1.18695596,35498
"BIL.N0000","2016-04-28",1.27826026,19189
"BIL.N0000","2016-04-29",1.27826026,657
"BIL.N0000","2016-05-03",1.27826026,126961
"BIL.N0000","2016-05-04",1.27826026,2357464
"BIL.N0000","2016-05-05",1.18695596,120917
"BIL.N0000","2016-05-06",1.27826026,2820133
"BIL.N0000","2016-05-09",1.27826026,2190151
"BIL.N0000","2016-05-10",1.36956457,214563
"BIL.N0000","2016-05-11",1.27826026,2040888
"BIL.N0000","2016-05-12",1.27826026,17799
"BIL.N0000","2016-05-13",1.27826026,4517
"BIL.N0000","2016-05-16",1.27826026,268062
"BIL.N0000","2016-05-17",1.27826026,208848
"BIL.N0000","2016-05-18",1.27826026,674122
"BIL.N0000","2016-05-19",1.27826026,97762
"BIL.N0000","2016-05-20",1.27826026,1505777
"BIL.N0000","2016-05-24",1.27826026,1523597
"BIL.N0000","2016-05-25",1.36956457,44082
"BIL.N0000","2016-05-26",1.27826026,1717868
"BIL.N0000","2016-05-27",1.18695596,170936
"BIL.N0000","2016-05-30",1.27826026,1188534
"BIL.N0000","2016-05-31",1.36956457,872420
"BIL.N0000","2016-06-01",1.27826026,634344
"BIL.N0000","2016-06-02",1.27826026,1427864
"BIL.N0000","2016-06-03",1.27826026,51372
"BIL.N0000","2016-06-06",1.27826026,21785
"BIL.N0000","2016-06-08",1.27826026,145604
"BIL.N0000","2016-06-09",1.27826026,97788
"BIL.N0000","2016-06-10",1.27826026,11894
"BIL.N0000","2016-06-13",1.27826026,1684739
"BIL.N0000","2016-06-14",1.27826026,1191624
"BIL.N0000","2016-06-15",1.18695596,2764
"BIL.N0000","2016-06-16",1.18695596,583981
"BIL.N0000","2016-06-17",1.27826026,2570339
"BIL.N0000","2016-06-20",1.27826026,784351
"BIL.N0000","2016-06-21",1.36956457,7898
"BIL.N0000","2016-06-22",1.27826026,321952
"BIL.N0000","2016-06-23",1.18695596,17524
"BIL.N0000","2016-06-24",1.27826026,2524635
"BIL.N0000","2016-06-27",1.27826026,1395406
"BIL.N0000","2016-06-29",1.18695596,59187
"BIL.N0000","2016-06-30",1.27826026,2281898
"BIL.N0000","2016-07-01",1.27826026,269801
"BIL.N0000","2016-07-04",1.27826026,2245911
"BIL.N0000","2016-07-06",1.27826026,4271
"BIL.N0000","2016-07-07",1.27826026,3586
"BIL.N0000","2016-07-11",1.27826026,50658
"BIL.N0000","2016-07-12",1.27826026,16429
"BIL.N0000","2016-07-13",1.27826026,510952
"BIL.N0000","2016-07-14",1.27826026,31921
"BIL.N0000","2016-07-15",1.27826026,148021
"BIL.N0000","2016-07-18",1.27826026,1314
"BIL.N0000","2016-07-20",1.27826026,4381
"BIL.N0000","2016-07-21",1.27826026,1643
"BIL.N0000","2016-07-22",1.18695596,66752
"BIL.N0000","2016-07-25",1.27826026,110
"BIL.N0000","2016-07-26",1.27826026,28969
"BIL.N0000","2016-07-28",1.27826026,416451
"BIL.N0000","2016-07-29",1.27826026,1378648
"BIL.N0000","2016-08-01",1.27826026,9029
"BIL.N0000","2016-08-02",1.18695596,51821
"BIL.N0000","2016-08-03",1.27826026,32857
"BIL.N0000","2016-08-04",1.18695596,71856
"BIL.N0000","2016-08-05",1.27826026,576645
"BIL.N0000","2016-08-08",1.27826026,79952
"BIL.N0000","2016-08-09",1.18695596,63568
"BIL.N0000","2016-08-10",1.27826026,66720
"BIL.N0000","2016-08-11",1.27826026,892203
"BIL.N0000","2016-08-12",1.27826026,37988
"BIL.N0000","2016-08-15",1.27826026,890137
"BIL.N0000","2016-08-16",1.36956457,1945550
"BIL.N0000","2016-08-18",1.18695596,5038
"BIL.N0000","2016-08-19",1.18695596,1209
"BIL.N0000","2016-08-23",1.27826026,12
"BIL.N0000","2016-08-24",1.27826026,31115
"BIL.N0000","2016-08-25",1.18695596,5914
"BIL.N0000","2016-08-29",1.27826026,344
"BIL.N0000","2016-08-31",1.18695596,113129
"BIL.N0000","2016-09-01",1.27826026,7125003
"BIL.N0000","2016-09-02",1.27826026,2563
"BIL.N0000","2016-09-05",1.27826026,57796
"BIL.N0000","2016-09-06",1.27826026,134606
"BIL.N0000","2016-09-07",1.27826026,553001
"BIL.N0000","2016-09-08",1.18695596,42829
"BIL.N0000","2016-09-09",1.27826026,219
"BIL.N0000","2016-09-12",1.18695596,13362
"BIL.N0000","2016-09-14",1.27826026,219
"BIL.N0000","2016-09-15",1.18695596,201744
"BIL.N0000","2016-09-19",1.27826026,558939
"BIL.N0000","2016-09-20",1.18695596,2367
"BIL.N0000","2016-09-21",1.27826026,4557
"BIL.N0000","2016-09-22",1.18695596,15172
"BIL.N0000","2016-09-23",1.27826026,6578
"BIL.N0000","2016-09-26",1.18695596,68343
"BIL.N0000","2016-09-27",1.27826026,81321
"BIL.N0000","2016-09-28",1.18695596,395140
"BIL.N0000","2016-09-29",1.27826026,35055
"BIL.N0000","2016-10-03",1.18695596,56690
"BIL.N0000","2016-10-04",1.18695596,513614
"BIL.N0000","2016-10-05",1.27826026,2098034
"BIL.N0000","2016-10-06",1.36956457,1236593
"BIL.N0000","2016-10-07",1.27826026,1320077
"BIL.N0000","2016-10-10",1.27826026,63205
"BIL.N0000","2016-10-11",1.27826026,136248
"BIL.N0000","2016-10-12",1.27826026,3943
"BIL.N0000","2016-10-13",1.27826026,675775
"BIL.N0000","2016-10-14",1.36956457,550102
"BIL.N0000","2016-10-17",1.27826026,21960
"BIL.N0000","2016-10-18",1.27826026,17746
"BIL.N0000","2016-10-19",1.18695596,39177
"BIL.N0000","2016-10-20",1.18695596,4381
"BIL.N0000","2016-10-24",1.18695596,9058
"BIL.N0000","2016-10-25",1.18695596,182088
"BIL.N0000","2016-10-27",1.18695596,1113
"BIL.N0000","2016-10-31",1.27826026,2307011
"BIL.N0000","2016-11-01",1.18695596,1748
"BIL.N0000","2016-11-03",1.27826026,5809
"BIL.N0000","2016-11-08",1.18695596,59910
"BIL.N0000","2016-11-09",1.18695596,459234
"BIL.N0000","2016-11-11",1.18695596,4469
"BIL.N0000","2016-11-14",1.18695596,2135
"BIL.N0000","2016-11-16",1.18695596,23220680
"BIL.N0000","2016-11-22",1.18695596,38581
"BIL.N0000","2016-11-23",1.18695596,192427
"BIL.N0000","2016-11-24",1.27826026,35880
"BIL.N0000","2016-11-25",1.18695596,42791
"BIL.N0000","2016-11-28",1.18695596,57594
"BIL.N0000","2016-11-30",1.18695596,17852
"BIL.N0000","2016-12-01",1.27826026,20
"BIL.N0000","2016-12-05",1.18695596,137562
"BIL.N0000","2016-12-07",1.27826026,1084
"BIL.N0000","2016-12-08",1.27826026,60041
"BIL.N0000","2016-12-09",1.27826026,976
"BIL.N0000","2016-12-13",1.27826026,110
"BIL.N0000","2016-12-14",1.18695596,33029
"BIL.N0000","2016-12-15",1.18695596,190181
"BIL.N0000","2016-12-20",1.18695596,665303
"BIL.N0000","2016-12-21",1.18695596,15359
"BIL.N0000","2016-12-22",1.18695596,22124
"BIL.N0000","2016-12-23",1.18695596,7667
"BIL.N0000","2016-12-26",1.18695596,25410
"BIL.N0000","2016-12-28",1.27826026,72048
"BIL.N0000","2016-12-29",1.27826026,43274
"BIL.N0000","2016-12-30",1.18695596,48853
"BIL.N0000","2017-01-02",1.18695596,29352
"BIL.N0000","2017-01-03",1.18695596,109201
"BIL.N0000","2017-01-05",1.18695596,40744
"BIL.N0000","2017-01-06",1.27826026,242722
"BIL.N0000","2017-01-09",1.27826026,115195
"BIL.N0000","2017-01-11",1.27826026,558704
"BIL.N0000","2017-01-12",1.18695596,882434
"BIL.N0000","2017-01-16",1.18695596,85512
"BIL.N0000","2017-01-18",1.18695596,107607
"BIL.N0000","2017-01-19",1.09565165,31183
"BIL.N0000","2017-01-23",1.18695596,11054
"BIL.N0000","2017-01-24",1.18695596,35049
"BIL.N0000","2017-01-25",1.27826026,19907
"BIL.N0000","2017-01-26",1.18695596,54762
"BIL.N0000","2017-01-31",1.18695596,135594
"BIL.N0000","2017-02-01",1.18695596,7448
"BIL.N0000","2017-02-03",1.18695596,312982
"BIL.N0000","2017-02-06",1.09565165,16319
"BIL.N0000","2017-02-08",1.18695596,184968
"BIL.N0000","2017-02-09",1.09565165,55940
"BIL.N0000","2017-02-13",1.09565165,8871
"BIL.N0000","2017-02-15",1.09565165,1752
"BIL.N0000","2017-02-16",1.18695596,273810
"BIL.N0000","2017-02-20",1.09565165,121761
"BIL.N0000","2017-02-22",1.18695596,468121
"BIL.N0000","2017-02-27",1.09565165,509287
"BIL.N0000","2017-02-28",1.09565165,2192
"BIL.N0000","2017-03-02",1.09565165,158480
"BIL.N0000","2017-03-03",1.09565165,26785
"BIL.N0000","2017-03-06",1.09565165,2190
"BIL.N0000","2017-03-07",1.09565165,40195
"BIL.N0000","2017-03-08",1.18695596,549
"BIL.N0000","2017-03-09",1.09565165,13313
"BIL.N0000","2017-03-13",1.09565165,767
"BIL.N0000","2017-03-15",1.18695596,15996
"BIL.N0000","2017-03-16",1.09565165,88714
"BIL.N0000","2017-03-17",1.09565165,137342
"BIL.N0000","2017-03-20",1.18695596,614445
"BIL.N0000","2017-03-21",1.18695596,209055
"BIL.N0000","2017-03-22",1.18695596,7667
"BIL.N0000","2017-03-24",1.18695596,1035538
"BIL.N0000","2017-03-28",1.18695596,312581
"BIL.N0000","2017-03-30",1.27826026,4963015
"BIL.N0000","2017-04-03",1.27826026,19180
"BIL.N0000","2017-04-04",1.18695596,61607
"BIL.N0000","2017-04-05",1.27826026,274
"BIL.N0000","2017-04-06",1.27826026,2683
"BIL.N0000","2017-04-07",1.27826026,623811
"BIL.N0000","2017-04-11",1.27826026,8871
"BIL.N0000","2017-04-12",1.55217317,3400727
"BIL.N0000","2017-04-17",1.46086887,1811864
"BIL.N0000","2017-04-18",1.46086887,1287335
"BIL.N0000","2017-04-19",1.46086887,1644807
"BIL.N0000","2017-04-20",1.46086887,2481261
"BIL.N0000","2017-04-21",1.46086887,248963
"BIL.N0000","2017-04-24",1.55217317,1092073
"BIL.N0000","2017-04-25",1.46086887,166736
"BIL.N0000","2017-04-27",1.46086887,495076
"BIL.N0000","2017-04-28",1.55217317,1993846
"BIL.N0000","2017-05-02",1.55217317,1326999
"BIL.N0000","2017-05-03",1.55217317,74319
"BIL.N0000","2017-05-05",1.64347748,2413577
"BIL.N0000","2017-05-08",1.64347748,1196653
"BIL.N0000","2017-05-09",1.64347748,164149
"BIL.N0000","2017-05-12",1.64347748,1806905
"BIL.N0000","2017-05-15",1.64347748,403705
"BIL.N0000","2017-05-16",1.82608609,22036650
"BIL.N0000","2017-05-17",1.73478178,781211
"BIL.N0000","2017-05-18",1.73478178,602742
"BIL.N0000","2017-05-19",2.099999,25901397
"BIL.N0000","2017-05-22",2.0086947,803402
"BIL.N0000","2017-05-23",1.91739039,576402
"BIL.N0000","2017-05-24",2.0086947,1509814
"BIL.N0000","2017-05-25",2.1913033,2973785
"BIL.N0000","2017-05-26",2.1913033,699990
"BIL.N0000","2017-05-29",2.28260761,3473825
"BIL.N0000","2017-05-30",2.1913033,2403069
"BIL.N0000","2017-05-31",2.1913033,774490
"BIL.N0000","2017-06-01",2.1913033,7854068
"BIL.N0000","2017-06-02",2.46521622,11337965
"BIL.N0000","2017-06-05",2.37391191,18831270
"BIL.N0000","2017-06-06",2.55652052,2964700
"BIL.N0000","2017-06-07",2.55652052,6462615
"BIL.N0000","2017-06-09",2.46521622,253541
"BIL.N0000","2017-06-12",2.55652052,1869373
"BIL.N0000","2017-06-13",2.55652052,1768631
"BIL.N0000","2017-06-14",2.55652052,1362970
"BIL.N0000","2017-06-15",2.55652052,2031406
"BIL.N0000","2017-06-16",2.55652052,2287544
"BIL.N0000","2017-06-19",2.64782483,3684200
"BIL.N0000","2017-06-20",2.55652052,127050
"BIL.N0000","2017-06-21",2.55652052,592160
"BIL.N0000","2017-06-22",2.55652052,903792
"BIL.N0000","2017-06-23",2.64782483,4893870
"BIL.N0000","2017-06-27",2.64782483,1081187
"BIL.N0000","2017-06-28",2.64782483,2212083
"BIL.N0000","2017-06-29",2.64782483,1173957
"BIL.N0000","2017-06-30",2.73912913,8453599
"BIL.N0000","2017-07-03",2.92173774,7740049
"BIL.N0000","2017-07-04",3.10434635,13938883
"BIL.N0000","2017-07-05",3.01304204,2300701
"BIL.N0000","2017-07-06",3.10434635,3848865
"BIL.N0000","2017-07-07",3.10434635,6273480
"BIL.N0000","2017-07-10",3.10434635,2681310
"BIL.N0000","2017-07-11",3.10434635,3062063
"BIL.N0000","2017-07-12",3.01304204,645691
"BIL.N0000","2017-07-13",3.01304204,467943
"BIL.N0000","2017-07-14",3.01304204,773290
"BIL.N0000","2017-07-17",2.92173774,1608041
"BIL.N0000","2017-07-18",3.01304204,1094039
"BIL.N0000","2017-07-19",3.10434635,886861
"BIL.N0000","2017-07-20",3.01304204,197911
"BIL.N0000","2017-07-21",3.01304204,709151
"BIL.N0000","2017-07-24",2.92173774,77302
"BIL.N0000","2017-07-25",2.92173774,1188928
"BIL.N0000","2017-07-26",2.92173774,366345
"BIL.N0000","2017-07-27",2.92173774,381910
"BIL.N0000","2017-07-28",2.92173774,199841
"BIL.N0000","2017-07-31",2.92173774,946527
"BIL.N0000","2017-08-01",2.83043343,111126
"BIL.N0000","2017-08-02",2.73912913,35486
"BIL.N0000","2017-08-03",2.83043343,117223
"BIL.N0000","2017-08-04",2.83043343,672335
"BIL.N0000","2017-08-08",2.83043343,142601
"BIL.N0000","2017-08-09",2.73912913,909449
"BIL.N0000","2017-08-10",2.73912913,350016
"BIL.N0000","2017-08-11",2.73912913,245598
"BIL.N0000","2017-08-14",2.64782483,295339
"BIL.N0000","2017-08-15",2.64782483,28030
"BIL.N0000","2017-08-16",2.73912913,411187
"BIL.N0000","2017-08-17",2.83043343,1316770
"BIL.N0000","2017-08-18",2.83043343,1678520
"BIL.N0000","2017-08-21",2.83043343,1106672
"BIL.N0000","2017-08-22",2.73912913,1539302
"BIL.N0000","2017-08-23",2.73912913,904014
"BIL.N0000","2017-08-24",2.64782483,76230
"BIL.N0000","2017-08-25",2.83043343,1162383
"BIL.N0000","2017-08-28",2.92173774,629334
"BIL.N0000","2017-08-29",2.83043343,440881
"BIL.N0000","2017-08-30",2.83043343,106574
"BIL.N0000","2017-08-31",2.73912913,304977
"BIL.N0000","2017-09-04",2.73912913,779933
"BIL.N0000","2017-09-06",2.73912913,141193
"BIL.N0000","2017-09-07",2.83043343,1331731
"BIL.N0000","2017-09-08",3.10434635,5412290
"BIL.N0000","2017-09-11",3.01304204,733290
"BIL.N0000","2017-09-12",3.01304204,636532
"BIL.N0000","2017-09-13",3.01304204,332388
"BIL.N0000","2017-09-14",2.92173774,473601
"BIL.N0000","2017-09-15",3.01304204,1432365
"BIL.N0000","2017-09-18",3.01304204,133512
"BIL.N0000","2017-09-19",3.01304204,381001
"BIL.N0000","2017-09-20",2.92173774,105854
"BIL.N0000","2017-09-21",2.92173774,107769
"BIL.N0000","2017-09-22",2.92173774,64915
"BIL.N0000","2017-09-25",2.73912913,742441
"BIL.N0000","2017-09-26",2.73912913,81221
"BIL.N0000","2017-09-27",3.10434635,4738149
"BIL.N0000","2017-09-28",3.01304204,3147273
"BIL.N0000","2017-09-29",2.92173774,860396
"BIL.N0000","2017-10-02",2.92173774,1788737
"BIL.N0000","2017-10-03",2.92173774,384183
"BIL.N0000","2017-10-04",3.01304204,655466
"BIL.N0000","2017-10-06",2.92173774,192774
"BIL.N0000","2017-10-09",2.92173774,159839
"BIL.N0000","2017-10-10",2.92173774,498481
"BIL.N0000","2017-10-11",3.01304204,245548
"BIL.N0000","2017-10-12",2.92173774,396502
"BIL.N0000","2017-10-13",2.92173774,119535
"BIL.N0000","2017-10-16",2.92173774,616608
"BIL.N0000","2017-10-19",2.92173774,24424
"BIL.N0000","2017-10-20",2.83043343,193878
"BIL.N0000","2017-10-23",2.83043343,457504
"BIL.N0000","2017-10-24",2.83043343,949981
"BIL.N0000","2017-10-25",2.73912913,132855
"BIL.N0000","2017-10-26",2.83043343,82801
"BIL.N0000","2017-10-27",2.73912913,80630
"BIL.N0000","2017-10-30",2.83043343,402477
"BIL.N0000","2017-10-31",2.83043343,2149101
"BIL.N0000","2017-11-01",2.73912913,98305
"BIL.N0000","2017-11-02",2.73912913,2038
"BIL.N0000","2017-11-06",2.73912913,124748
"BIL.N0000","2017-11-07",2.73912913,55513
"BIL.N0000","2017-11-08",2.73912913,398679
"BIL.N0000","2017-11-09",2.73912913,13165
"BIL.N0000","2017-11-10",2.73912913,11746
"BIL.N0000","2017-11-14",2.64782483,473384
"BIL.N0000","2017-11-16",2.55652052,845126
"BIL.N0000","2017-11-17",2.64782483,38943
"BIL.N0000","2017-11-20",2.55652052,133130
"BIL.N0000","2017-11-21",2.55652052,105986
"BIL.N0000","2017-11-22",2.64782483,136753
"BIL.N0000","2017-11-23",2.55652052,119644
"BIL.N0000","2017-11-24",2.46521622,199552
"BIL.N0000","2017-11-27",2.46521622,23659
"BIL.N0000","2017-11-28",2.46521622,27611
"BIL.N0000","2017-11-29",2.55652052,36237
"BIL.N0000","2017-11-30",2.46521622,92012
"BIL.N0000","2017-12-05",2.46521622,336950
"BIL.N0000","2017-12-06",2.28260761,369698
"BIL.N0000","2017-12-07",2.37391191,119983
"BIL.N0000","2017-12-11",2.28260761,88817
"BIL.N0000","2017-12-12",2.37391191,593425
"BIL.N0000","2017-12-14",2.46521622,745650
"BIL.N0000","2017-12-15",2.46521622,182324
"BIL.N0000","2017-12-18",2.37391191,5914
"BIL.N0000","2017-12-19",2.37391191,143073
"BIL.N0000","2017-12-20",2.37391191,555
"BIL.N0000","2017-12-21",2.37391191,55241
"BIL.N0000","2017-12-22",2.37391191,154897
"BIL.N0000","2017-12-25",2.37391191,42714
"BIL.N0000","2017-12-26",2.37391191,1096
"BIL.N0000","2017-12-28",2.37391191,24095
"BIL.N0000","2018-01-02",2.46521622,126336
"BIL.N0000","2018-01-04",2.37391191,3367
"BIL.N0000","2018-01-05",2.46521622,202596
"BIL.N0000","2018-01-08",2.37391191,1095
"BIL.N0000","2018-01-09",2.37391191,73742
"BIL.N0000","2018-01-10",2.46521622,1425
"BIL.N0000","2018-01-12",2.46521622,171773
"BIL.N0000","2018-01-15",2.28260761,167528
"BIL.N0000","2018-01-16",2.28260761,3527
"BIL.N0000","2018-01-18",2.37391191,132495
"BIL.N0000","2018-01-19",2.37391191,37791
"BIL.N0000","2018-01-23",2.37391191,55454
"BIL.N0000","2018-01-24",2.28260761,15268
"BIL.N0000","2018-01-25",2.28260761,236642
"BIL.N0000","2018-01-26",2.28260761,53803
"BIL.N0000","2018-01-30",2.28260761,10427
"BIL.N0000","2018-01-31",2.46521622,72792
"BIL.N0000","2018-02-02",2.28260761,685960
"BIL.N0000","2018-02-06",2.37391191,250929
"BIL.N0000","2018-02-07",2.37391191,639510
"BIL.N0000","2018-02-08",2.55652052,745682
"BIL.N0000","2018-02-09",2.46521622,811917
"BIL.N0000","2018-02-12",2.46521622,538125
"BIL.N0000","2018-02-14",2.46521622,418036
"BIL.N0000","2018-02-15",2.37391191,47216
"BIL.N0000","2018-02-16",2.37391191,46952
"BIL.N0000","2018-02-19",2.37391191,193912
"BIL.N0000","2018-02-20",2.28260761,751569
"BIL.N0000","2018-02-21",2.1913033,385283
"BIL.N0000","2018-02-22",2.28260761,24993
"BIL.N0000","2018-02-26",2.28260761,372114
"BIL.N0000","2018-02-27",2.1913033,52163
"BIL.N0000","2018-02-28",2.28260761,187292
"BIL.N0000","2018-03-02",2.099999,53475
"BIL.N0000","2018-03-05",2.28260761,223165
"BIL.N0000","2018-03-06",2.1913033,64296
"BIL.N0000","2018-03-07",2.28260761,41818
"BIL.N0000","2018-03-08",2.1913033,68941
"BIL.N0000","2018-03-09",2.37391191,2286676
"BIL.N0000","2018-03-12",2.46521622,827155
"BIL.N0000","2018-03-13",2.46521622,6706311
"BIL.N0000","2018-03-14",2.46521622,462480
"BIL.N0000","2018-03-15",2.37391191,110409
"BIL.N0000","2018-03-16",2.28260761,413012
"BIL.N0000","2018-03-19",2.37391191,73252
"BIL.N0000","2018-03-20",2.46521622,10058
"BIL.N0000","2018-03-21",2.46521622,169798
"BIL.N0000","2018-03-22",2.37391191,1151582
"BIL.N0000","2018-03-23",2.46521622,381580
"BIL.N0000","2018-03-26",2.55652052,5064510
"BIL.N0000","2018-03-27",2.46521622,640866
"BIL.N0000","2018-03-28",2.46521622,188569
"BIL.N0000","2018-03-29",2.46521622,1294944
"BIL.N0000","2018-04-02",2.46521622,229452
"BIL.N0000","2018-04-03",2.55652052,653942
"BIL.N0000","2018-04-04",2.46521622,144626
"BIL.N0000","2018-04-05",2.64782483,3778934
"BIL.N0000","2018-04-06",2.64782483,1757740
"BIL.N0000","2018-04-09",2.55652052,119074
"BIL.N0000","2018-04-10",2.64782483,4036668
"BIL.N0000","2018-04-11",2.64782483,315776
"BIL.N0000","2018-04-12",2.55652052,1563588
"BIL.N0000","2018-04-16",2.55652052,144047
"BIL.N0000","2018-04-17",2.55652052,411878
"BIL.N0000","2018-04-18",2.55652052,582996
"BIL.N0000","2018-04-19",2.55652052,414353
"BIL.N0000","2018-04-23",2.64782483,193023
"BIL.N0000","2018-04-24",2.64782483,3029572
"BIL.N0000","2018-04-25",2.73912913,3008337
"BIL.N0000","2018-04-26",2.73912913,4439594
"BIL.N0000","2018-04-27",2.73912913,7941411
"BIL.N0000","2018-05-01",2.73912913,173065
"BIL.N0000","2018-05-02",2.73912913,2163279
"BIL.N0000","2018-05-03",2.73912913,199364
"BIL.N0000","2018-05-04",2.73912913,817990
"BIL.N0000","2018-05-08",2.64782483,253548
"BIL.N0000","2018-05-09",2.83043343,3116865
"BIL.N0000","2018-05-10",2.92173774,21626248
"BIL.N0000","2018-05-11",2.83043343,1962761
"BIL.N0000","2018-05-14",2.83043343,4129131
"BIL.N0000","2018-05-15",2.73912913,406273
"BIL.N0000","2018-05-16",2.83043343,295224
"BIL.N0000","2018-05-17",2.73912913,476067
"BIL.N0000","2018-05-18",2.73912913,424460
"BIL.N0000","2018-05-21",2.64782483,1104859
"BIL.N0000","2018-05-22",2.64782483,137617
"BIL.N0000","2018-05-23",2.73912913,3355466
"BIL.N0000","2018-05-24",2.55652052,1511122
"BIL.N0000","2018-05-25",2.55652052,69154
"BIL.N0000","2018-05-28",2.55652052,853149
"BIL.N0000","2018-05-30",2.46521622,662619
"BIL.N0000","2018-05-31",2.46521622,34459
"BIL.N0000","2018-06-01",2.46521622,54225
"BIL.N0000","2018-06-04",2.46521622,20645
"BIL.N0000","2018-06-05",2.46521622,155360
"BIL.N0000","2018-06-06",2.37391191,229064
"BIL.N0000","2018-06-07",2.28260761,1834152
"BIL.N0000","2018-06-08",2.28260761,373266
"BIL.N0000","2018-06-11",2.28260761,70660
"BIL.N0000","2018-06-12",2.28260761,30241
"BIL.N0000","2018-06-13",2.37391191,1588
"BIL.N0000","2018-06-14",2.28260761,82653
"BIL.N0000","2018-06-18",2.28260761,253000
"BIL.N0000","2018-06-19",2.37391191,485196
"BIL.N0000","2018-06-20",2.28260761,36433
"BIL.N0000","2018-06-21",2.28260761,251943
"BIL.N0000","2018-06-22",2.37391191,33973
"BIL.N0000","2018-06-25",2.28260761,5148
"BIL.N0000","2018-06-28",2.1913033,162448
"BIL.N0000","2018-06-29",2.1913033,126704
"BIL.N0000","2018-07-02",2.1913033,115524
"BIL.N0000","2018-07-03",2.1913033,151450
"BIL.N0000","2018-07-04",2.099999,105571
"BIL.N0000","2018-07-05",2.28260761,611310
"BIL.N0000","2018-07-09",2.1913033,39225
"BIL.N0000","2018-07-10",2.1913033,380713
"BIL.N0000","2018-07-11",2.1913033,156511
"BIL.N0000","2018-07-12",2.1913033,339131
"BIL.N0000","2018-07-13",2.37391191,4465443
"BIL.N0000","2018-07-16",2.28260761,406504
"BIL.N0000","2018-07-17",2.28260761,117634
"BIL.N0000","2018-07-18",2.1913033,69096
"BIL.N0000","2018-07-19",2.099999,322103
"BIL.N0000","2018-07-20",2.099999,458687
"BIL.N0000","2018-07-23",2.099999,464863
"BIL.N0000","2018-07-24",2.0086947,431493
"BIL.N0000","2018-07-25",1.91739039,269482
"BIL.N0000","2018-07-26",1.91739039,114025
"BIL.N0000","2018-07-30",1.91739039,59004
"BIL.N0000","2018-07-31",2.0086947,172476
"BIL.N0000","2018-08-01",1.91739039,600776
"BIL.N0000","2018-08-02",1.91739039,153264
"BIL.N0000","2018-08-03",2.0086947,4943
"BIL.N0000","2018-08-06",1.91739039,9104
"BIL.N0000","2018-08-07",1.91739039,147233
"BIL.N0000","2018-08-08",1.91739039,27611
"BIL.N0000","2018-08-09",1.91739039,6966
"BIL.N0000","2018-08-10",1.91739039,110605
"BIL.N0000","2018-08-13",1.91739039,109801
"BIL.N0000","2018-08-14",1.91739039,613119
"BIL.N0000","2018-08-15",1.82608609,130563
"BIL.N0000","2018-08-16",1.73478178,101770
"BIL.N0000","2018-08-17",1.82608609,422214
"BIL.N0000","2018-08-20",1.73478178,528144
"BIL.N0000","2018-08-21",1.64347748,15498
"BIL.N0000","2018-08-23",1.82608609,368923
"BIL.N0000","2018-08-27",1.82608609,109852
"BIL.N0000","2018-08-28",1.73478178,12365
"BIL.N0000","2018-08-30",2.0086947,209924
"BIL.N0000","2018-08-31",2.0086947,769553
"BIL.N0000","2018-09-03",2.0086947,285036
"BIL.N0000","2018-09-04",2.0086947,140468
"BIL.N0000","2018-09-05",2.0086947,102916
"BIL.N0000","2018-09-06",1.91739039,820016
"BIL.N0000","2018-09-07",1.91739039,65380
"BIL.N0000","2018-09-11",1.91739039,97477
"BIL.N0000","2018-09-12",1.82608609,233809
"BIL.N0000","2018-09-13",1.82608609,18071
"BIL.N0000","2018-09-17",1.82608609,175382
"BIL.N0000","2018-09-18",1.82608609,164152
"BIL.N0000","2018-09-19",1.82608609,193571
"BIL.N0000","2018-09-20",1.82608609,12162
"BIL.N0000","2018-09-21",1.82608609,331937
"BIL.N0000","2018-09-25",1.82608609,567226
"BIL.N0000","2018-09-26",1.82608609,176238
"BIL.N0000","2018-09-27",1.73478178,64575
"BIL.N0000","2018-09-28",1.73478178,18319
"BIL.N0000","2018-10-01",1.64347748,36201
"BIL.N0000","2018-10-02",1.73478178,115061
"BIL.N0000","2018-10-03",1.73478178,49178
"BIL.N0000","2018-10-04",1.73478178,117174
"BIL.N0000","2018-10-05",1.82608609,430367
"BIL.N0000","2018-10-08",1.73478178,56807
"BIL.N0000","2018-10-09",1.73478178,36844
"BIL.N0000","2018-10-10",1.82608609,2
"BIL.N0000","2018-10-12",1.64347748,111714
"BIL.N0000","2018-10-15",1.73478178,63351
"BIL.N0000","2018-10-16",1.73478178,6034
"BIL.N0000","2018-10-17",1.64347748,6571
"BIL.N0000","2018-10-18",1.73478178,131
"BIL.N0000","2018-10-23",1.64347748,118498
"BIL.N0000","2018-10-25",1.64347748,27556
"BIL.N0000","2018-10-26",1.73478178,235639
"BIL.N0000","2018-10-29",1.82608609,731753
"BIL.N0000","2018-10-30",1.91739039,279551
"BIL.N0000","2018-10-31",1.82608609,66371
"BIL.N0000","2018-11-01",2.099999,857715
"BIL.N0000","2018-11-02",2.0086947,348632
"BIL.N0000","2018-11-06",1.91739039,174670
"BIL.N0000","2018-11-08",1.82608609,1248490
"BIL.N0000","2018-11-09",1.91739039,134453
"BIL.N0000","2018-11-12",1.82608609,297365
"BIL.N0000","2018-11-13",1.91739039,230
"BIL.N0000","2018-11-14",1.82608609,92602
"BIL.N0000","2018-11-15",1.82608609,219
"BIL.N0000","2018-11-19",1.73478178,3287
"BIL.N0000","2018-11-20",1.73478178,292976
"BIL.N0000","2018-11-23",1.82608609,3560
"BIL.N0000","2018-11-26",1.73478178,91829
"BIL.N0000","2018-11-27",1.82608609,21467
"BIL.N0000","2018-11-28",1.82608609,3836
"BIL.N0000","2018-11-30",1.82608609,34504
"BIL.N0000","2018-12-03",1.82608609,5492
"BIL.N0000","2018-12-04",1.82608609,1870
"BIL.N0000","2018-12-05",1.73478178,20838
"BIL.N0000","2018-12-06",1.82608609,150052
"BIL.N0000","2018-12-07",1.82608609,5279
"BIL.N0000","2018-12-10",1.82608609,388981
"BIL.N0000","2018-12-11",1.82608609,11178
"BIL.N0000","2018-12-12",1.73478178,120038
"BIL.N0000","2018-12-14",1.64347748,114481
"BIL.N0000","2018-12-18",1.64347748,74286
"BIL.N0000","2018-12-19",1.73478178,34021
"BIL.N0000","2018-12-20",1.73478178,115013
"BIL.N0000","2018-12-26",1.73478178,10748
"BIL.N0000","2018-12-28",1.64347748,67484
"BIL.N0000","2018-12-31",1.73478178,13526
"BIL.N0000","2019-01-02",1.64347748,63846
"BIL.N0000","2019-01-04",1.73478178,3067
"BIL.N0000","2019-01-08",1.73478178,517
"BIL.N0000","2019-01-09",1.64347748,50649
"BIL.N0000","2019-01-10",1.64347748,70152
"BIL.N0000","2019-01-11",1.64347748,36920
"BIL.N0000","2019-01-14",1.64347748,121724
"BIL.N0000","2019-01-16",1.55217317,229663
"BIL.N0000","2019-01-17",1.64347748,250242
"BIL.N0000","2019-01-18",1.55217317,96994
"BIL.N0000","2019-01-21",1.55217317,1193472
"BIL.N0000","2019-01-22",1.55217317,126475
"BIL.N0000","2019-01-24",1.55217317,340656
"BIL.N0000","2019-01-25",1.64347748,320220
"BIL.N0000","2019-01-29",1.73478178,107325308
"BIL.N0000","2019-01-30",1.82608609,483928
"BIL.N0000","2019-01-31",1.73478178,33683
"BIL.N0000","2019-02-01",1.73478178,29268
"BIL.N0000","2019-02-05",1.73478178,121663
"BIL.N0000","2019-02-06",1.73478178,8105
"BIL.N0000","2019-02-07",1.64347748,47942
"BIL.N0000","2019-02-12",1.64347748,122072
"BIL.N0000","2019-02-13",1.73478178,38293
"BIL.N0000","2019-02-15",1.73478178,3888
"BIL.N0000","2019-02-20",1.55217317,241632
"BIL.N0000","2019-02-21",1.64347748,105746
"BIL.N0000","2019-02-25",1.64347748,81247
"BIL.N0000","2019-02-26",1.64347748,987
"BIL.N0000","2019-02-27",1.55217317,290891
"BIL.N0000","2019-03-01",1.55217317,11511
"BIL.N0000","2019-03-05",1.55217317,132912
"BIL.N0000","2019-03-07",1.55217317,226167
"BIL.N0000","2019-03-08",1.46086887,351484
"BIL.N0000","2019-03-11",1.55217317,30355
"BIL.N0000","2019-03-12",1.46086887,30750
"BIL.N0000","2019-03-13",1.46086887,39024
"BIL.N0000","2019-03-14",1.46086887,128143
"BIL.N0000","2019-03-15",1.46086887,129832
"BIL.N0000","2019-03-18",1.55217317,275
"BIL.N0000","2019-03-19",1.55217317,214557
"BIL.N0000","2019-03-20",1.36956457,8214
"BIL.N0000","2019-03-22",1.46086887,167049
"BIL.N0000","2019-03-25",1.46086887,6650
"BIL.N0000","2019-03-26",1.46086887,281897
"BIL.N0000","2019-03-27",1.46086887,155775
"BIL.N0000","2019-03-28",1.55217317,338973
"BIL.N0000","2019-03-29",1.36956457,50073
"BIL.N0000","2019-04-01",1.46086887,34765
"BIL.N0000","2019-04-02",1.55217317,14245
"BIL.N0000","2019-04-03",1.55217317,4382
"BIL.N0000","2019-04-04",1.55217317,7887
"BIL.N0000","2019-04-08",1.55217317,1797
"BIL.N0000","2019-04-10",1.46086887,15664
"BIL.N0000","2019-04-11",1.46086887,557490
"BIL.N0000","2019-04-16",1.46086887,10422
"BIL.N0000","2019-04-17",1.46086887,1
"BIL.N0000","2019-04-18",1.46086887,17867
"BIL.N0000","2019-04-23",1.27826026,153797
"BIL.N0000","2019-04-24",1.46086887,49974
"BIL.N0000","2019-04-25",1.46086887,1220
"BIL.N0000","2019-04-26",1.46086887,6024
"BIL.N0000","2019-04-29",1.36956457,890386
"BIL.N0000","2019-04-30",1.46086887,7821
"BIL.N0000","2019-05-02",1.36956457,291267
"BIL.N0000","2019-05-03",1.46086887,47883
"BIL.N0000","2019-05-06",1.36956457,384607
"BIL.N0000","2019-05-07",1.27826026,152129
"BIL.N0000","2019-05-08",1.18695596,13154
"BIL.N0000","2019-05-09",1.27826026,35600
"BIL.N0000","2019-05-10",1.27826026,112285
"BIL.N0000","2019-05-13",1.27826026,10843
"BIL.N0000","2019-05-14",1.18695596,109319
"BIL.N0000","2019-05-15",1.18695596,342438
"BIL.N0000","2019-05-16",1.18695596,57694
"BIL.N0000","2019-05-17",1.27826026,34063
"BIL.N0000","2019-05-21",1.27826026,3220
"BIL.N0000","2019-05-22",1.18695596,241984
"BIL.N0000","2019-05-23",1.18695596,218013
"BIL.N0000","2019-05-24",1.36956457,792523
"BIL.N0000","2019-05-27",1.46086887,3143675
"BIL.N0000","2019-05-28",1.46086887,506216
"BIL.N0000","2019-05-29",1.46086887,137055
"BIL.N0000","2019-05-30",1.55217317,220147
"BIL.N0000","2019-05-31",1.46086887,317183
"BIL.N0000","2019-06-03",1.46086887,153883
"BIL.N0000","2019-06-04",1.36956457,43282
"BIL.N0000","2019-06-06",1.46086887,73491
"BIL.N0000","2019-06-07",1.36956457,208478
"BIL.N0000","2019-06-10",1.36956457,13395
"BIL.N0000","2019-06-11",1.36956457,20822
"BIL.N0000","2019-06-12",1.36956457,378668
"BIL.N0000","2019-06-13",1.46086887,216436
"BIL.N0000","2019-06-14",1.46086887,348437
"BIL.N0000","2019-06-17",1.46086887,79744
"BIL.N0000","2019-06-18",1.36956457,284395
"BIL.N0000","2019-06-19",1.36956457,140520
"BIL.N0000","2019-06-20",1.36956457,9443
"BIL.N0000","2019-06-21",1.36956457,45344
"BIL.N0000","2019-06-24",1.36956457,186249
"BIL.N0000","2019-06-25",1.36956457,208851
"BIL.N0000","2019-06-27",1.46086887,34091
"BIL.N0000","2019-06-28",1.36956457,346970
"BIL.N0000","2019-07-01",1.36956457,215149
"BIL.N0000","2019-07-03",1.46086887,31675
"BIL.N0000","2019-07-04",1.36956457,56314
"BIL.N0000","2019-07-05",1.46086887,2226913
"BIL.N0000","2019-07-08",1.55217317,1954649
"BIL.N0000","2019-07-09",1.55217317,2247849
"BIL.N0000","2019-07-10",1.55217317,160722
"BIL.N0000","2019-07-11",1.64347748,3796430
"BIL.N0000","2019-07-12",1.55217317,272168
"BIL.N0000","2019-07-15",1.64347748,772886
"BIL.N0000","2019-07-17",1.82608609,5044612
"BIL.N0000","2019-07-18",2.099999,16664353
"BIL.N0000","2019-07-19",2.28260761,35110890
"BIL.N0000","2019-07-22",2.1913033,8819814
"BIL.N0000","2019-07-23",2.099999,1038568
"BIL.N0000","2019-07-24",2.1913033,3030661
"BIL.N0000","2019-07-25",2.099999,1485944
"BIL.N0000","2019-07-26",2.099999,5405756
"BIL.N0000","2019-07-29",2.1913033,4138586
"BIL.N0000","2019-07-30",2.1913033,3006213
"BIL.N0000","2019-07-31",2.1913033,1915181
"BIL.N0000","2019-08-01",2.1913033,1918148
"BIL.N0000","2019-08-02",2.46521622,18323418
"BIL.N0000","2019-08-05",2.55652052,16354293
"BIL.N0000","2019-08-06",2.73912913,13871658
"BIL.N0000","2019-08-07",2.83043343,23825077
"BIL.N0000","2019-08-08",2.73912913,7403690
"BIL.N0000","2019-08-09",2.73912913,3975307
"BIL.N0000","2019-08-13",2.73912913,8290287
"BIL.N0000","2019-08-15",2.92173774,17982092
"BIL.N0000","2019-08-16",2.83043343,23387860
"BIL.N0000","2019-08-19",2.83043343,3394897
"BIL.N0000","2019-08-20",3.01304204,16539403
"BIL.N0000","2019-08-21",3.01304204,5294870
"BIL.N0000","2019-08-22",3.10434635,2400563
"BIL.N0000","2019-08-23",3.10434635,14775774
"BIL.N0000","2019-08-26",3.01304204,2947439
"BIL.N0000","2019-08-27",3.10434635,5767183
"BIL.N0000","2019-08-28",3.19565065,3041671
"BIL.N0000","2019-08-29",3.19565065,14238308
"BIL.N0000","2019-08-30",3.74347648,39346190
"BIL.N0000","2019-09-02",4.47391091,60314327
"BIL.N0000","2019-09-03",4.47391091,67051310
"BIL.N0000","2019-09-04",4.2913023,25214666
"BIL.N0000","2019-09-05",4.2913023,26711989
"BIL.N0000","2019-09-06",4.2913023,17975034
"BIL.N0000","2019-09-09",4.56521522,18808177
"BIL.N0000","2019-09-10",4.74782383,31816797
"BIL.N0000","2019-09-11",4.47391091,17495955
"BIL.N0000","2019-09-12",4.47391091,2843770
"BIL.N0000","2019-09-16",4.47391091,5519023
"BIL.N0000","2019-09-17",4.38260661,2038629
"BIL.N0000","2019-09-18",4.38260661,2163843
"BIL.N0000","2019-09-19",4.38260661,1440198
"BIL.N0000","2019-09-20",4.2913023,2113601
"BIL.N0000","2019-09-23",4.199998,8547865
"BIL.N0000","2019-09-24",3.83478078,11106376
"BIL.N0000","2019-09-25",3.92608509,3775950
"BIL.N0000","2019-09-26",4.1086937,8587779
"BIL.N0000","2019-09-27",3.92608509,9157992
"BIL.N0000","2019-09-30",3.74347648,10777902
"BIL.N0000","2019-10-01",3.74347648,1134650
"BIL.N0000","2019-10-02",3.46956357,6013712
"BIL.N0000","2019-10-03",3.74347648,7905220
"BIL.N0000","2019-10-07",3.74347648,2076492
"BIL.N0000","2019-10-08",3.83478078,1308485
"BIL.N0000","2019-10-09",4.199998,13328569
"BIL.N0000","2019-10-10",4.199998,14423523
"BIL.N0000","2019-10-11",4.38260661,15166236
"BIL.N0000","2019-10-14",4.2913023,5762905
"BIL.N0000","2019-10-15",4.2913023,5447895
"BIL.N0000","2019-10-16",4.1086937,7586362
"BIL.N0000","2019-10-17",4.199998,4324986
"BIL.N0000","2019-10-18",4.199998,1184659
"BIL.N0000","2019-10-21",4.199998,170094
"BIL.N0000","2019-10-22",4.199998,984779
"BIL.N0000","2019-10-23",4.1086937,2410650
"BIL.N0000","2019-10-24",3.83478078,5531726
"BIL.N0000","2019-10-25",4.01738939,2305656
"BIL.N0000","2019-10-28",4.01738939,1679692
"BIL.N0000","2019-10-29",4.01738939,1258941
"BIL.N0000","2019-10-30",4.1086937,251344
"BIL.N0000","2019-10-31",4.2913023,8952143
"BIL.N0000","2019-11-01",4.199998,1419039
"BIL.N0000","2019-11-04",4.199998,6364849
"BIL.N0000","2019-11-05",4.199998,1317809
"BIL.N0000","2019-11-06",4.199998,3898989
"BIL.N0000","2019-11-07",4.1086937,7966260
"BIL.N0000","2019-11-08",4.199998,12700688
"BIL.N0000","2019-11-13",4.01738939,988890
"BIL.N0000","2019-11-14",4.1086937,2479065
"BIL.N0000","2019-11-15",4.1086937,2054998
"BIL.N0000","2019-11-18",4.1086937,4670924
"BIL.N0000","2019-11-19",4.01738939,1907212
"BIL.N0000","2019-11-20",4.1086937,3234095
"BIL.N0000","2019-11-21",4.1086937,740067
"BIL.N0000","2019-11-22",4.01738939,2753512
"BIL.N0000","2019-11-25",4.01738939,3590215
"BIL.N0000","2019-11-26",4.01738939,3265148
"BIL.N0000","2019-11-27",4.01738939,136572
"BIL.N0000","2019-11-28",3.92608509,4840766
"BIL.N0000","2019-11-29",3.92608509,1390249
"BIL.N0000","2019-12-02",3.83478078,1420067
"BIL.N0000","2019-12-03",4.01738939,2965719
"BIL.N0000","2019-12-04",4.01738939,491882
"BIL.N0000","2019-12-05",3.92608509,1778666
"BIL.N0000","2019-12-06",4.01738939,804754
"BIL.N0000","2019-12-09",3.83478078,2873467
"BIL.N0000","2019-12-10",3.83478078,530062
"BIL.N0000","2019-12-12",4.01738939,2249226
"BIL.N0000","2019-12-13",3.92608509,1109025
"BIL.N0000","2019-12-16",3.92608509,1052057
"BIL.N0000","2019-12-17",4.01738939,500057
"BIL.N0000","2019-12-18",3.92608509,256037
"BIL.N0000","2019-12-19",3.92608509,214705
"BIL.N0000","2019-12-20",4.01738939,5249381
"BIL.N0000","2019-12-23",4.199998,5957271
"BIL.N0000","2019-12-24",4.199998,1692810
"BIL.N0000","2019-12-26",4.2913023,3992171
"BIL.N0000","2019-12-27",4.2913023,7101171
"BIL.N0000","2019-12-30",4.65651952,33870875
"BIL.N0000","2019-12-31",4.56521522,35389643
"BIL.N0000","2020-01-02",5.02173674,44881378
"BIL.N0000","2020-01-03",5.02173674,18967978
"BIL.N0000","2020-01-06",5.02173674,12961957
"BIL.N0000","2020-01-07",5.02173674,9374836
"BIL.N0000","2020-01-08",4.65651952,15042009
"BIL.N0000","2020-01-09",5.02173674,15625395
"BIL.N0000","2020-01-13",5.29564965,20318490
"BIL.N0000","2020-01-14",5.02173674,11452756
"BIL.N0000","2020-01-16",4.93043243,6035960
"BIL.N0000","2020-01-17",5.02173674,2758366
"BIL.N0000","2020-01-20",5.02173674,5158772
"BIL.N0000","2020-01-21",5.02173674,4182536
"BIL.N0000","2020-01-22",4.74782383,5691563
"BIL.N0000","2020-01-23",4.93043243,1416968
"BIL.N0000","2020-01-24",4.83912813,2000778
"BIL.N0000","2020-01-27",4.56521522,7675408
"BIL.N0000","2020-01-28",4.65651952,6468026
"BIL.N0000","2020-01-29",4.74782383,5243157
"BIL.N0000","2020-01-30",4.74782383,1514428
"BIL.N0000","2020-01-31",4.65651952,2458076
"BIL.N0000","2020-02-03",4.65651952,840083
"BIL.N0000","2020-02-05",4.74782383,1285735
"BIL.N0000","2020-02-06",4.83912813,401019
"BIL.N0000","2020-02-07",4.74782383,1875141
"BIL.N0000","2020-02-10",4.65651952,283211
"BIL.N0000","2020-02-11",4.65651952,466229
"BIL.N0000","2020-02-12",4.65651952,908037
"BIL.N0000","2020-02-13",4.74782383,771712
"BIL.N0000","2020-02-14",4.56521522,1065730
"BIL.N0000","2020-02-17",4.47391091,2628253
"BIL.N0000","2020-02-18",4.56521522,4112053
"BIL.N0000","2020-02-19",4.56521522,2277723
"BIL.N0000","2020-02-20",4.56521522,5475926
"BIL.N0000","2020-02-24",4.38260661,1773187
"BIL.N0000","2020-02-25",4.38260661,7691388
"BIL.N0000","2020-02-26",4.199998,3802430
"BIL.N0000","2020-02-27",4.1086937,4568313
"BIL.N0000","2020-02-28",3.83478078,5442504
"BIL.N0000","2020-03-02",4.1086937,3845767
"BIL.N0000","2020-03-03",4.01738939,2057306
"BIL.N0000","2020-03-04",3.83478078,4061906
"BIL.N0000","2020-03-05",3.65217217,8672232
"BIL.N0000","2020-03-06",3.19565065,8594111
"BIL.N0000","2020-03-10",2.92173774,7786689
"BIL.N0000","2020-03-11",3.10434635,6494281
"BIL.N0000","2020-03-12",2.0086947,10290211
"BIL.N0000","2020-03-13",2.099999,5258256
"BIL.N0000","2020-03-19",1.73478178,2532948
"BIL.N0000","2020-05-12",1.73478178,3399505
"BIL.N0000","2020-05-13",1.91739039,6631520
"BIL.N0000","2020-05-14",1.91739039,3083557
"BIL.N0000","2020-05-15",1.91739039,1199567
"BIL.N0000","2020-05-18",2.099999,3393530
"BIL.N0000","2020-05-19",2.46521622,7170471
"BIL.N0000","2020-05-20",2.92173774,20204189
"BIL.N0000","2020-05-21",3.10434635,10701325
"BIL.N0000","2020-05-22",2.92173774,7979145
"BIL.N0000","2020-05-26",2.73912913,5860371
"BIL.N0000","2020-05-27",2.73912913,1712357
"BIL.N0000","2020-05-28",2.83043343,2018573
"BIL.N0000","2020-05-29",2.73912913,300168
"BIL.N0000","2020-06-01",2.64782483,2359151
"BIL.N0000","2020-06-02",2.64782483,1595288
"BIL.N0000","2020-06-03",2.64782483,1905173
"BIL.N0000","2020-06-04",2.64782483,392559
"BIL.N0000","2020-06-08",2.73912913,1434775
"BIL.N0000","2020-06-09",2.73912913,1519622
"BIL.N0000","2020-06-10",2.83043343,4111761
"BIL.N0000","2020-06-11",2.73912913,1704198
"BIL.N0000","2020-06-12",2.73912913,1603875
"BIL.N0000","2020-06-15",2.73912913,1271609
"BIL.N0000","2020-06-16",2.73912913,610912
"BIL.N0000","2020-06-17",2.73912913,626599
"BIL.N0000","2020-06-18",2.73912913,1830983
"BIL.N0000","2020-06-19",2.64782483,3597624
"BIL.N0000","2020-06-22",2.64782483,717756
"BIL.N0000","2020-06-23",2.28260761,22096581
"BIL.N0000","2020-06-24",2.1913033,4275537
"BIL.N0000","2020-06-25",2.28260761,2817685
"BIL.N0000","2020-06-26",2.28260761,1490217
"BIL.N0000","2020-06-29",2.1913033,901235
"BIL.N0000","2020-06-30",2.28260761,942418
"BIL.N0000","2020-07-01",2.28260761,1298121
"BIL.N0000","2020-07-02",2.28260761,2573209
"BIL.N0000","2020-07-03",2.1913033,429869
"BIL.N0000","2020-07-06",2.1913033,267360
"BIL.N0000","2020-07-07",2.1913033,595376
"BIL.N0000","2020-07-08",2.099999,3054886
"BIL.N0000","2020-07-09",2.1913033,891312
"BIL.N0000","2020-07-10",2.099999,2908582
"BIL.N0000","2020-07-13",1.91739039,4145913
"BIL.N0000","2020-07-14",2.0086947,3752870
"BIL.N0000","2020-07-15",1.91739039,908433
"BIL.N0000","2020-07-16",2.0086947,3217961
"BIL.N0000","2020-07-17",2.0086947,1094857
"BIL.N0000","2020-07-20",2.099999,2591001
"BIL.N0000","2020-07-21",2.0086947,255142
"BIL.N0000","2020-07-22",2.0086947,807813
"BIL.N0000","2020-07-23",2.099999,14716912
"BIL.N0000","2020-07-24",2.3,16447223
"BIL.N0000","2020-07-27",2.3,2931865
"BIL.N0000","2020-07-28",2.3,2466365
"BIL.N0000","2020-07-29",2.2,2606380
"BIL.N0000","2020-07-30",2.3,3412276
"BIL.N0000","2020-07-31",2.3,452417
"BIL.N0000","2020-08-04",2.3,13476261
"BIL.N0000","2020-08-06",2.2,5473339
"BIL.N0000","2020-08-07",2.2,7041827
"BIL.N0000","2020-08-10",2.1,4522160
"BIL.N0000","2020-08-11",2.2,1393548
"BIL.N0000","2020-08-12",2.2,15923903
"BIL.N0000","2020-08-13",2.2,6388418
"BIL.N0000","2020-08-14",2.1,5030979
"BIL.N0000","2020-08-17",2.3,4119455
"BIL.N0000","2020-08-18",2.3,4604687
"BIL.N0000","2020-08-19",2.7,89143910
"BIL.N0000","2020-08-20",2.6,38137921
"BIL.N0000","2020-08-21",2.6,9013564
"BIL.N0000","2020-08-24",2.5,21639945
"BIL.N0000","2020-08-25",2.4,12484912
"BIL.N0000","2020-08-26",2.4,2386602
"BIL.N0000","2020-08-27",2.4,5227313
"BIL.N0000","2020-08-28",2.4,3495350
"BIL.N0000","2020-08-31",2.3,31732768
"BIL.N0000","2020-09-02",2.6,45225090
"BIL.N0000","2020-09-03",2.5,17969518
"BIL.N0000","2020-09-04",2.5,8603765
"BIL.N0000","2020-09-07",2.5,6050329
"BIL.N0000","2020-09-08",2.5,2183689
"BIL.N0000","2020-09-09",2.5,7731030
"BIL.N0000","2020-09-10",2.7,35345319
"BIL.N0000","2020-09-11",2.6,22639922
"BIL.N0000","2020-09-14",2.6,10891136
"BIL.N0000","2020-09-15",2.6,10798730
"BIL.N0000","2020-09-16",2.6,6945454
"BIL.N0000","2020-09-17",2.6,7579615
"BIL.N0000","2020-09-18",2.9,55507072
"BIL.N0000","2020-09-21",2.9,79987896
"BIL.N0000","2020-09-22",2.9,8915153
"BIL.N0000","2020-09-23",2.9,19877024
"BIL.N0000","2020-09-24",2.8,9855203
"BIL.N0000","2020-09-25",2.8,5467579
"BIL.N0000","2020-09-28",2.7,5359918
"BIL.N0000","2020-09-29",2.8,10940157
"BIL.N0000","2020-09-30",2.8,4089009
"BIL.N0000","2020-10-02",2.8,18758648
"BIL.N0000","2020-10-05",2.4,63539845
"BIL.N0000","2020-10-06",2.4,22985082
"BIL.N0000","2020-10-07",2.5,18923638
"BIL.N0000","2020-10-08",2.6,6351020
"BIL.N0000","2020-10-09",2.6,31505096
"BIL.N0000","2020-10-12",2.6,12134221
"BIL.N0000","2020-10-13",2.7,76964889
"BIL.N0000","2020-10-14",2.6,23794585
"BIL.N0000","2020-10-15",2.6,17514691
"BIL.N0000","2020-10-16",2.6,1559359
"BIL.N0000","2020-10-19",2.6,18943196
"BIL.N0000","2020-10-20",2.6,20583235
"BIL.N0000","2020-10-21",2.3,33391497
"BIL.N0000","2020-10-22",2.5,27101121
"BIL.N0000","2020-10-23",2.4,5370767
"BIL.N0000","2020-10-26",2.4,12574422
"BIL.N0000","2020-10-27",2.4,6667762
"BIL.N0000","2020-10-28",2.3,10523537
"BIL.N0000","2020-10-29",2.4,5056232
"BIL.N0000","2020-11-02",2.3,1332671
"BIL.N0000","2020-11-03",2.4,3369146
"BIL.N0000","2020-11-04",2.5,21609297
"BIL.N0000","2020-11-05",2.7,88029863
"BIL.N0000","2020-11-06",2.6,37192706
"BIL.N0000","2020-11-09",2.5,30666897
"BIL.N0000","2020-11-10",2.5,11934123
"BIL.N0000","2020-11-11",2.5,10257674
"BIL.N0000","2020-11-12",2.5,5388116
"BIL.N0000","2020-11-13",2.5,11134862
"BIL.N0000","2020-11-16",2.6,11354565
"BIL.N0000","2020-11-17",2.5,19811069
"BIL.N0000","2020-11-18",2.5,5449529
"BIL.N0000","2020-11-19",2.5,7273936
"BIL.N0000","2020-11-20",2.5,4243070
"BIL.N0000","2020-11-23",2.5,1755751
"BIL.N0000","2020-11-24",2.5,1219782
"BIL.N0000","2020-11-25",2.5,2058267
"BIL.N0000","2020-11-26",2.4,8214387
"BIL.N0000","2020-11-27",2.5,10306602
"BIL.N0000","2020-11-30",2.6,8440378
"BIL.N0000","2020-12-01",2.7,32340060
"BIL.N0000","2020-12-02",2.7,37470590
"BIL.N0000","2020-12-03",2.6,4762769
"BIL.N0000","2020-12-04",2.8,47342394
"BIL.N0000","2020-12-07",2.9,29484564
"BIL.N0000","2020-12-08",3.1,205040322
"BIL.N0000","2020-12-09",3.7,443997160
"BIL.N0000","2020-12-10",3.6,357117540
"BIL.N0000","2020-12-11",3.4,118138863
"BIL.N0000","2020-12-14",3.7,56643141
"BIL.N0000","2020-12-15",3.8,70499967
"BIL.N0000","2020-12-16",4.2,291220080
"BIL.N0000","2020-12-17",3.9,514009760
"BIL.N0000","2020-12-18",4,60458759
"BIL.N0000","2020-12-21",3.9,34521623
"BIL.N0000","2020-12-22",4,136982753
"BIL.N0000","2020-12-23",4,37343277
"BIL.N0000","2020-12-24",4,8244780
"BIL.N0000","2020-12-28",4,17797634
"BIL.N0000","2020-12-30",4.2,75254324
"BIL.N0000","2020-12-31",4.3,113866204
"BIL.N0000","2021-01-04",4.8,266077369
"BIL.N0000","2021-01-05",5.1,249717222
"BIL.N0000","2021-01-06",5.8,377869920
"BIL.N0000","2021-01-07",6.8,616204780
"BIL.N0000","2021-01-08",6.5,442454360
"BIL.N0000","2021-01-11",7.4,296394200
"BIL.N0000","2021-01-12",7.6,357308240
"BIL.N0000","2021-01-13",7.5,164174385
"BIL.N0000","2021-01-15",7.5,179876261
"BIL.N0000","2021-01-18",7.3,182730829
"BIL.N0000","2021-01-19",6.9,208374239
"BIL.N0000","2021-01-20",7,80571820
"BIL.N0000","2021-01-21",6.8,88859160
"BIL.N0000","2021-01-22",6.9,79022898
"BIL.N0000","2021-01-25",7,94118043
"BIL.N0000","2021-01-26",6.9,41242324
"BIL.N0000","2021-01-27",7,95236537
"BIL.N0000","2021-01-29",6.7,77139639
"BIL.N0000","2021-02-01",6.8,76421807
"BIL.N0000","2021-02-02",6.5,83093541
"BIL.N0000","2021-02-03",6.5,32565261
"BIL.N0000","2021-02-05",6.5,16218104
"BIL.N0000","2021-02-08",6.4,29326957
"BIL.N0000","2021-02-09",6,49819395
"BIL.N0000","2021-02-10",5.5,44398381
"BIL.N0000","2021-02-11",5.4,90816598
"BIL.N0000","2021-02-12",6,61597082
"BIL.N0000","2021-02-15",5.6,37184617
"BIL.N0000","2021-02-16",5.1,39481254
"BIL.N0000","2021-02-17",5,37783242
"BIL.N0000","2021-02-18",5.8,49291590
"BIL.N0000","2021-02-19",6,127489236
"BIL.N0000","2021-02-22",5.8,87439616
"BIL.N0000","2021-02-23",5.4,52217464
"BIL.N0000","2021-02-24",5.5,24232922
"BIL.N0000","2021-02-25",5.8,34937373
"BIL.N0000","2021-03-01",5.8,23258905
"BIL.N0000","2021-03-02",5.7,21152688
"BIL.N0000","2021-03-03",5.5,31108935
"BIL.N0000","2021-03-04",5.2,56403885
"BIL.N0000","2021-03-05",5.3,20891667
"BIL.N0000","2021-03-08",5.6,38083874
"BIL.N0000","2021-03-09",5.4,35052977
"BIL.N0000","2021-03-10",5.5,13483677
"BIL.N0000","2021-03-12",5.4,6445770
"BIL.N0000","2021-03-15",5.3,5199598
"BIL.N0000","2021-03-16",5.2,31046245
"BIL.N0000","2021-03-17",5.1,9469296
"BIL.N0000","2021-03-18",4.9,19326499
"BIL.N0000","2021-03-19",4.7,19614390
"BIL.N0000","2021-03-22",4.8,19268751
"BIL.N0000","2021-03-23",4.8,5866553
"BIL.N0000","2021-03-24",5.4,30158535
"BIL.N0000","2021-03-25",5.4,86539387
"BIL.N0000","2021-03-26",5.5,24315110
"BIL.N0000","2021-03-29",5.5,15889295
"BIL.N0000","2021-03-30",5.5,5110889
"BIL.N0000","2021-03-31",5.5,7425999
"BIL.N0000","2021-04-01",5.8,28350969
"BIL.N0000","2021-04-05",5.7,10800762
"BIL.N0000","2021-04-06",5.7,7680707
"BIL.N0000","2021-04-07",5.7,15229461
"BIL.N0000","2021-04-08",6,87247746
"BIL.N0000","2021-04-09",6.1,105564593
"BIL.N0000","2021-04-12",6.2,26402190
"BIL.N0000","2021-04-15",6.5,123116382
"BIL.N0000","2021-04-16",6.3,85678723
"BIL.N0000","2021-04-19",6.3,71090830
"BIL.N0000","2021-04-20",6.2,114063976
"BIL.N0000","2021-04-21",6.4,72870915
"BIL.N0000","2021-04-22",6.2,44592395
"BIL.N0000","2021-04-23",6.2,36052571
"BIL.N0000","2021-04-27",6.1,33397201
"BIL.N0000","2021-04-28",6.4,31505893
"BIL.N0000","2021-04-29",6.3,38110930
"BIL.N0000","2021-05-03",6.8,154085562
"BIL.N0000","2021-05-04",6.5,139112453
"BIL.N0000","2021-05-05",6.6,27770268
"BIL.N0000","2021-05-06",6.7,50182682
"BIL.N0000","2021-05-07",6.8,31098953
"BIL.N0000","2021-05-10",6.5,52474445
"BIL.N0000","2021-05-11",6.5,38951081
"BIL.N0000","2021-05-12",6.6,10837858
"BIL.N0000","2021-05-13",6.8,27372166
"BIL.N0000","2021-05-17",6.9,85819436
"BIL.N0000","2021-05-18",6.8,53150694
"BIL.N0000","2021-05-19",6.8,65790579
"BIL.N0000","2021-05-20",6.7,21767586
"BIL.N0000","2021-05-21",6.4,95402543
"BIL.N0000","2021-05-24",6.3,39601382
"BIL.N0000","2021-05-25",6.4,12788313
"BIL.N0000","2021-05-28",6.4,9098898
"BIL.N0000","2021-05-31",6.4,21239123
"BIL.N0000","2021-06-01",6.5,32804382
"BIL.N0000","2021-06-02",6.4,6158629
"BIL.N0000","2021-06-03",6.5,7632409
"BIL.N0000","2021-06-04",6.5,24834845
"BIL.N0000","2021-06-07",6.4,12418131
"BIL.N0000","2021-06-08",6.4,4510172
"BIL.N0000","2021-06-09",6.4,1704228
"BIL.N0000","2021-06-10",6.4,5691450
"BIL.N0000","2021-06-11",6.3,25387028
"BIL.N0000","2021-06-14",6.3,4846104
"BIL.N0000","2021-06-15",6.4,11359492
"BIL.N0000","2021-06-16",6.4,22826204
"BIL.N0000","2021-06-17",6.3,3560687
"BIL.N0000","2021-06-18",6.3,13125609
"BIL.N0000","2021-06-21",6.3,19679668
"BIL.N0000","2021-06-22",6.1,20992902
"BIL.N0000","2021-06-23",6.1,9943537
"BIL.N0000","2021-06-25",6.2,4591834
"BIL.N0000","2021-06-28",6.2,4599627
"BIL.N0000","2021-06-29",6.1,15984621
"BIL.N0000","2021-06-30",6,29301607
"BIL.N0000","2021-07-01",5.9,3350638
"BIL.N0000","2021-07-02",6.1,11056371
"BIL.N0000","2021-07-05",6,3263515
"BIL.N0000","2021-07-06",6,6550273
"BIL.N0000","2021-07-07",6,2789029
"BIL.N0000","2021-07-08",6,1936480
"BIL.N0000","2021-07-09",6.1,5178832
"BIL.N0000","2021-07-12",6.1,4385903
"BIL.N0000","2021-07-13",6.2,2977417
"BIL.N0000","2021-07-14",6.3,29443951
"BIL.N0000","2021-07-15",6.3,8328797
"BIL.N0000","2021-07-16",6.3,4833277
"BIL.N0000","2021-07-19",6.5,50336109
"BIL.N0000","2021-07-20",6.5,12327102
"BIL.N0000","2021-07-22",6.5,13498196
"BIL.N0000","2021-07-26",6.3,18539976
"BIL.N0000","2021-07-27",6.4,11742616
"BIL.N0000","2021-07-28",6.4,6673817
"BIL.N0000","2021-07-29",6.4,8159305
"BIL.N0000","2021-07-30",6.3,7215993
"BIL.N0000","2021-08-02",6.7,69386166
"BIL.N0000","2021-08-03",6.9,101456656
"BIL.N0000","2021-08-04",6.9,120845127
"BIL.N0000","2021-08-05",6.5,62129403
"BIL.N0000","2021-08-06",6.8,58473926
"BIL.N0000","2021-08-09",6.8,50363487
"BIL.N0000","2021-08-10",6.7,20865184
"BIL.N0000","2021-08-11",6.7,5546007
"BIL.N0000","2021-08-12",6.6,11259455
"BIL.N0000","2021-08-13",6.6,9840741
"BIL.N0000","2021-08-16",6.6,4672812
"BIL.N0000","2021-08-17",6.8,9327362
"BIL.N0000","2021-08-18",7.1,83036396
"BIL.N0000","2021-08-19",7.1,104461549
"BIL.N0000","2021-08-20",7,76114460
"BIL.N0000","2021-08-23",7.7,153664511
"BIL.N0000","2021-08-24",7.6,133402728
"BIL.N0000","2021-08-25",7.5,65810709
"BIL.N0000","2021-08-26",7.8,74208914
"BIL.N0000","2021-08-27",9.6,325390550
"BIL.N0000","2021-08-30",10.2,446115200
"BIL.N0000","2021-08-31",10.5,173536330
"BIL.N0000","2021-09-01",11.5,256707623
"BIL.N0000","2021-09-02",11.5,206849725
"BIL.N0000","2021-09-03",11.3,109886581
"BIL.N0000","2021-09-06",11,103671815
"BIL.N0000","2021-09-07",10.3,185107900
"BIL.N0000","2021-09-08",9.3,227089848
"BIL.N0000","2021-09-09",10,129776114
"BIL.N0000","2021-09-10",9.4,101109572
"BIL.N0000","2021-09-13",8.7,94517753
"BIL.N0000","2021-09-14",9,60292978
"BIL.N0000","2021-09-15",9.9,102024294
"BIL.N0000","2021-09-16",9.6,111191687
"BIL.N0000","2021-09-17",9.2,58363791
"BIL.N0000","2021-09-21",9.1,31718749
"BIL.N0000","2021-09-22",9,28438020
"BIL.N0000","2021-09-23",9,21242477
"BIL.N0000","2021-09-24",9.5,43078224
"BIL.N0000","2021-09-27",9.8,67639165
"BIL.N0000","2021-09-28",9.9,95781813
"BIL.N0000","2021-09-29",10.5,137511008
"BIL.N0000","2021-09-30",10.3,88766527
"BIL.N0000","2021-10-01",10.2,27087144
"BIL.N0000","2021-10-04",10.7,47370724
"BIL.N0000","2021-10-05",10.7,64392884
"BIL.N0000","2021-10-06",10.7,30204152
"BIL.N0000","2021-10-07",10.6,35144824
"BIL.N0000","2021-10-08",10.8,43102828
"BIL.N0000","2021-10-11",10.6,9353879
"BIL.N0000","2021-10-12",10.6,18440013
"BIL.N0000","2021-10-13",10.3,51356483
"BIL.N0000","2021-10-14",10.5,12747521
"BIL.N0000","2021-10-15",10.5,14891677
"BIL.N0000","2021-10-18",10.4,7051251
"BIL.N0000","2021-10-21",10.6,30726921
"BIL.N0000","2021-10-22",10.7,36527244
"BIL.N0000","2021-10-25",10.9,36899589
"BIL.N0000","2021-10-26",11.5,114003061
"BIL.N0000","2021-10-27",11.2,66652704
"BIL.N0000","2021-10-28",11.2,14598907
"BIL.N0000","2021-10-29",11.1,22512792
"BIL.N0000","2021-11-01",10.9,22205137
"BIL.N0000","2021-11-02",10.8,20062003
"BIL.N0000","2021-11-03",10.7,29056948
"BIL.N0000","2021-11-05",10.7,36412152
"BIL.N0000","2021-11-08",11.5,77253872
"BIL.N0000","2021-11-09",11.4,215184156
"BIL.N0000","2021-11-10",11.4,27570587
"BIL.N0000","2021-11-11",11.5,46524476
"BIL.N0000","2021-11-12",11.5,26601317
"BIL.N0000","2021-11-15",11.6,36671478
"BIL.N0000","2021-11-16",11.4,63458771
"BIL.N0000","2021-11-17",11.2,32410708
"BIL.N0000","2021-11-19",11,50409497
"BIL.N0000","2021-11-22",11.1,22110852
"BIL.N0000","2021-11-23",11.7,52875820
"BIL.N0000","2021-11-24",11.9,106581572
"BIL.N0000","2021-11-25",13.2,186600519
"BIL.N0000","2021-11-26",13.5,132284710
"BIL.N0000","2021-11-29",13.4,90767757
"BIL.N0000","2021-11-30",14.1,119591651
"BIL.N0000","2021-12-01",14.1,152963945
"BIL.N0000","2021-12-02",14.7,85334446
"BIL.N0000","2021-12-03",14.6,162845822
"BIL.N0000","2021-12-06",14.7,40770787
"BIL.N0000","2021-12-07",14.4,44353318
"BIL.N0000","2021-12-08",14.2,41249619
"BIL.N0000","2021-12-09",14.2,36527664
"BIL.N0000","2021-12-10",14.3,30448072
"BIL.N0000","2021-12-13",14.4,39114423
"BIL.N0000","2021-12-14",14.2,44785983
"BIL.N0000","2021-12-15",14.2,40869505
"BIL.N0000","2021-12-16",14,20080452
"BIL.N0000","2021-12-17",13.9,38563335
"BIL.N0000","2021-12-20",13.9,16413153
"BIL.N0000","2021-12-21",14,21785323
"BIL.N0000","2021-12-22",14,14345855
"BIL.N0000","2021-12-23",14.3,45180649
"BIL.N0000","2021-12-27",14.2,25359766
"BIL.N0000","2021-12-28",14.4,8020094
"BIL.N0000","2021-12-29",14.2,19541236
"BIL.N0000","2021-12-30",14.7,37862970
"BIL.N0000","2021-12-31",16.4,95001009
"BIL.N0000","2022-01-03",17.4,86750555
"BIL.N0000","2022-01-04",17.4,45196033
"BIL.N0000","2022-01-05",18.1,108605046
"BIL.N0000","2022-01-06",18.6,51780379
"BIL.N0000","2022-01-07",18.200001,42422518
"BIL.N0000","2022-01-10",17.5,64218818
"BIL.N0000","2022-01-11",17.200001,39865908
"BIL.N0000","2022-01-12",17,27751134
"BIL.N0000","2022-01-13",17,37818031
"BIL.N0000","2022-01-18",16.9,18712542
"BIL.N0000","2022-01-19",16.9,15902839
"BIL.N0000","2022-01-20",16.9,14283103
"BIL.N0000","2022-01-21",16.9,19953172
"BIL.N0000","2022-01-24",16.799999,20937750
"BIL.N0000","2022-01-25",16.5,20368864
"BIL.N0000","2022-01-26",16.4,22888542
"BIL.N0000","2022-01-27",15.7,46714381
"BIL.N0000","2022-01-28",15.8,30688054
"BIL.N0000","2022-01-31",15.5,17355210
"BIL.N0000","2022-02-01",15.1,26541718
"BIL.N0000","2022-02-02",14.5,35311327
"BIL.N0000","2022-02-03",15.5,31925152
"BIL.N0000","2022-02-07",15.1,14383150
"BIL.N0000","2022-02-08",14.6,19294766
"BIL.N0000","2022-02-09",14.2,26148873
"BIL.N0000","2022-02-10",14.5,17473410
"BIL.N0000","2022-02-11",14.7,14944190
"BIL.N0000","2022-02-14",14.4,6256930
"BIL.N0000","2022-02-15",14.1,16166715
"BIL.N0000","2022-02-17",14.1,19294235
"BIL.N0000","2022-02-18",13.9,15243419
"BIL.N0000","2022-02-21",13,26196571
"BIL.N0000","2022-02-22",13,14982652
"BIL.N0000","2022-02-23",11.3,53027145
"BIL.N0000","2022-02-24",10.3,29655046
"BIL.N0000","2022-02-25",11.1,36782044
"BIL.N0000","2022-02-28",12.7,27479526
"BIL.N0000","2022-03-02",12.2,21418729
"BIL.N0000","2022-03-03",11.6,9356533
"BIL.N0000","2022-03-04",11.9,21579538
"BIL.N0000","2022-03-07",11.3,11964211
"BIL.N0000","2022-03-08",10.3,48213745
"BIL.N0000","2022-03-09",9.7,29697603
"BIL.N0000","2022-03-10",11.7,43259094
"BIL.N0000","2022-03-11",11.3,23196335
"BIL.N0000","2022-03-14",11,9460662
"BIL.N0000","2022-03-15",10.5,11477347
"BIL.N0000","2022-03-16",10.4,19111459
"BIL.N0000","2022-03-18",11.1,17389271
"BIL.N0000","2022-03-21",11.1,10893104
"BIL.N0000","2022-03-22",10.7,8412696
"BIL.N0000","2022-03-23",10.5,13853499
"BIL.N0000","2022-03-24",10.5,11644743
"BIL.N0000","2022-03-25",10.4,5377444
"BIL.N0000","2022-03-28",10.1,11105372
"BIL.N0000","2022-03-29",8.9,21784205
"BIL.N0000","2022-03-30",8.3,35226051
"BIL.N0000","2022-03-31",7.2,9149029
"BIL.N0000","2022-04-01",6.7,4099122
"BIL.N0000","2022-04-04",6.7,22815765
"BIL.N0000","2022-04-05",7.3,12886541
"BIL.N0000","2022-04-06",6.9,13665458
"BIL.N0000","2022-04-07",6,28858944
"BIL.N0000","2022-04-08",6,16206121
"BIL.N0000","2022-04-25",4.8,5048613
"BIL.N0000","2022-04-26",4.1,6520445
"BIL.N0000","2022-04-27",5.6,28477131
"BIL.N0000","2022-04-28",6.4,38941287
"BIL.N0000","2022-04-29",6,53787243
"BIL.N0000","2022-05-04",6,9283420
"BIL.N0000","2022-05-05",5.8,3607928
"BIL.N0000","2022-05-06",5.4,8446594
"BIL.N0000","2022-05-09",5.9,17095683
"BIL.N0000","2022-05-12",6.3,12392736
"BIL.N0000","2022-05-13",6.9,23786389
"BIL.N0000","2022-05-17",8.2,47792690
"BIL.N0000","2022-05-18",8.2,66747534
"BIL.N0000","2022-05-19",7.9,24811285
"BIL.N0000","2022-05-20",8.5,15920506
"BIL.N0000","2022-05-23",9.6,50412709
"BIL.N0000","2022-05-24",9.3,46883080
"BIL.N0000","2022-05-25",9.4,21358916
"BIL.N0000","2022-05-26",10.1,53498324
"BIL.N0000","2022-05-27",10.4,49504508
"BIL.N0000","2022-05-30",10.4,38558918
"BIL.N0000","2022-05-31",10.2,39837819
"BIL.N0000","2022-06-01",9.8,30815695
"BIL.N0000","2022-06-02",9.7,11922469
"BIL.N0000","2022-06-03",9.5,14046995
"BIL.N0000","2022-06-06",8.4,36175409
"BIL.N0000","2022-06-07",8.5,25627592
"BIL.N0000","2022-06-08",8.8,12353752
"BIL.N0000","2022-06-09",9,7847467
"BIL.N0000","2022-06-10",9.1,15519424
"BIL.N0000","2022-06-13",9,12323001
"BIL.N0000","2022-06-15",8.8,16983096
"BIL.N0000","2022-06-16",8.4,17102419
"BIL.N0000","2022-06-17",7.7,13629614
"BIL.N0000","2022-06-20",8,8337144
"BIL.N0000","2022-06-21",8,6225921
"BIL.N0000","2022-06-22",8.1,9579756
"BIL.N0000","2022-06-23",8.5,16902966
"BIL.N0000","2022-06-24",8.5,5328170
"BIL.N0000","2022-06-27",7.6,20381784
"BIL.N0000","2022-06-28",7.3,9541638
"BIL.N0000","2022-06-29",7.6,6352241
"BIL.N0000","2022-06-30",7.3,4087975
"BIL.N0000","2022-07-01",7.7,6344819
"BIL.N0000","2022-07-04",7.3,6438538
"BIL.N0000","2022-07-05",6.8,6857638
"BIL.N0000","2022-07-06",6.3,8905212
"BIL.N0000","2022-07-07",6.3,8302333
"BIL.N0000","2022-07-08",6.3,3021829
"BIL.N0000","2022-07-11",7.6,13861997
"BIL.N0000","2022-07-12",7.6,16412269
"BIL.N0000","2022-07-14",7.4,8755258
"BIL.N0000","2022-07-15",7.9,18527923
"BIL.N0000","2022-07-18",8.1,21454228
"BIL.N0000","2022-07-19",8,9635460
"BIL.N0000","2022-07-20",8.1,21308688
"BIL.N0000","2022-07-21",7.9,31352681
"BIL.N0000","2022-07-22",7.6,19632252
"BIL.N0000","2022-07-25",7.4,11668652
"BIL.N0000","2022-07-26",7.2,4891995
"BIL.N0000","2022-07-27",7.2,3161171
"BIL.N0000","2022-07-28",7.2,7340422
"BIL.N0000","2022-07-29",7.1,9690195
"BIL.N0000","2022-08-01",7,14177196
"BIL.N0000","2022-08-02",7.3,13047577
"BIL.N0000","2022-08-03",7.7,21348180
"BIL.N0000","2022-08-04",7.9,24083317
"BIL.N0000","2022-08-05",7.7,18146499
"BIL.N0000","2022-08-08",7.7,11175326
"BIL.N0000","2022-08-09",7.7,16953338
"BIL.N0000","2022-08-10",7.8,14020392
"BIL.N0000","2022-08-12",8.4,41760588
"BIL.N0000","2022-08-15",8.9,60489653
"BIL.N0000","2022-08-16",8.7,52145414
"BIL.N0000","2022-08-17",8.1,32013389
"BIL.N0000","2022-08-18",8.2,10336035
"BIL.N0000","2022-08-19",8.3,16062914
"BIL.N0000","2022-08-22",8.3,9703007
"BIL.N0000","2022-08-23",8.1,9600219
"BIL.N0000","2022-08-24",7.9,8902891
"BIL.N0000","2022-08-25",7.8,5344769
"BIL.N0000","2022-08-26",7.6,7777741
"BIL.N0000","2022-08-29",7.5,3306812
"BIL.N0000","2022-08-30",7.5,7937600
"BIL.N0000","2022-08-31",7.6,8984422
"BIL.N0000","2022-09-01",7.7,8820107
"BIL.N0000","2022-09-02",8.3,24313388
"BIL.N0000","2022-09-05",8.1,30998723
"BIL.N0000","2022-09-06",8,8722813
"BIL.N0000","2022-09-07",8,8594416
"BIL.N0000","2022-09-08",8,13146895
"BIL.N0000","2022-09-09",8,8676002
"BIL.N0000","2022-09-12",7.9,12453467
"BIL.N0000","2022-09-13",7.7,14879592
"BIL.N0000","2022-09-14",7.9,32178865
"BIL.N0000","2022-09-15",7.9,13446033
"BIL.N0000","2022-09-16",7.9,6674039
"BIL.N0000","2022-09-19",7.8,11656888
"BIL.N0000","2022-09-20",7.7,9552393
"BIL.N0000","2022-09-21",7.5,11299598
"BIL.N0000","2022-09-22",7.9,22663586
"BIL.N0000","2022-09-23",7.7,10991971
"BIL.N0000","2022-09-26",7.8,6881561
"BIL.N0000","2022-09-27",7.8,5928576
"BIL.N0000","2022-09-28",7.7,4732270
"BIL.N0000","2022-09-29",7.6,4225866
"BIL.N0000","2022-09-30",7.6,6581451
"BIL.N0000","2022-10-03",7.1,10595313
"BIL.N0000","2022-10-04",7,13203489
"BIL.N0000","2022-10-05",6.9,12857653
"BIL.N0000","2022-10-06",6.6,10273679
"BIL.N0000","2022-10-07",6.4,16210356
"BIL.N0000","2022-10-11",6,18117426
"BIL.N0000","2022-10-12",6.4,11503406
"BIL.N0000","2022-10-13",6.6,7930102
"BIL.N0000","2022-10-14",6.3,7918569
"BIL.N0000","2022-10-17",6.1,5865220
"BIL.N0000","2022-10-18",6.1,6744870
"BIL.N0000","2022-10-19",6,12741151
"BIL.N0000","2022-10-20",6,6248687
"BIL.N0000","2022-10-21",5.9,6038287
"BIL.N0000","2022-10-25",5.9,9850652
"BIL.N0000","2022-10-26",5.9,7018336
"BIL.N0000","2022-10-27",6.5,23198150
"BIL.N0000","2022-10-28",6.4,12702563
"BIL.N0000","2022-10-31",6,9548438
"BIL.N0000","2022-11-01",6,6226067
"BIL.N0000","2022-11-02",6.1,2552833
"BIL.N0000","2022-11-03",6.1,9951082
"BIL.N0000","2022-11-04",5.9,4885911
"BIL.N0000","2022-11-08",5.8,4690305
"BIL.N0000","2022-11-09",5.8,4408504
"BIL.N0000","2022-11-10",5.8,7590070
"BIL.N0000","2022-11-11",5.8,6609798
"BIL.N0000","2022-11-14",5.7,8032840
"BIL.N0000","2022-11-15",5.6,3912262
"BIL.N0000","2022-11-16",5.2,12514296
"BIL.N0000","2022-11-17",5,9070158
"BIL.N0000","2022-11-18",4.8,7249572
"BIL.N0000","2022-11-21",4.9,5422666
"BIL.N0000","2022-11-22",4.9,4592357
"BIL.N0000","2022-11-23",5.2,11854180
"BIL.N0000","2022-11-24",5,5779567
"BIL.N0000","2022-11-25",5.2,7261093
"BIL.N0000","2022-11-28",6.3,33011991
"BIL.N0000","2022-11-29",6.4,43610618
"BIL.N0000","2022-11-30",7.5,76731703
"BIL.N0000","2022-12-01",7.1,31168503
"BIL.N0000","2022-12-02",7.2,23939190
"BIL.N0000","2022-12-05",7.7,45129449
"BIL.N0000","2022-12-06",8.4,76772711
"BIL.N0000","2022-12-08",8,57750818
"BIL.N0000","2022-12-09",8.1,26751770
"BIL.N0000","2022-12-12",8.1,15096395
"BIL.N0000","2022-12-13",8.2,18652927
"BIL.N0000","2022-12-14",8.2,14717503
"BIL.N0000","2022-12-15",7.9,14522997
"BIL.N0000","2022-12-16",7.6,19440112
"BIL.N0000","2022-12-19",7.1,15661986
"BIL.N0000","2022-12-20",6.8,20639846
"BIL.N0000","2022-12-21",6.7,14753119
"BIL.N0000","2022-12-22",6.6,9724082
"BIL.N0000","2022-12-23",7.1,8442865
"BIL.N0000","2022-12-27",7.1,10044910
"BIL.N0000","2022-12-28",6.9,4880226
"BIL.N0000","2022-12-29",7.1,12253850
"BIL.N0000","2022-12-30",7.1,16398514
"BIL.N0000","2023-01-02",7,12216795
"BIL.N0000","2023-01-03",6.9,10706725
"BIL.N0000","2023-01-04",6.8,4545286
"BIL.N0000","2023-01-05",6.9,10941574
"BIL.N0000","2023-01-09",6.7,8997788
"BIL.N0000","2023-01-10",6.6,8794723
"BIL.N0000","2023-01-11",6.6,5115843
"BIL.N0000","2023-01-12",6.6,9731662
"BIL.N0000","2023-01-13",6.4,5179861
"BIL.N0000","2023-01-17",6.7,17743403
"BIL.N0000","2023-01-18",6.6,10090460
"BIL.N0000","2023-01-19",6.7,8100899
"BIL.N0000","2023-01-20",6.7,11498469
"BIL.N0000","2023-01-23",7.2,28984764
"BIL.N0000","2023-01-24",7,17525255
"BIL.N0000","2023-01-25",7,5346855
"BIL.N0000","2023-01-26",6.9,6049672
"BIL.N0000","2023-01-27",6.8,5254712
"BIL.N0000","2023-01-30",6.7,9941576
"BIL.N0000","2023-01-31",6.6,7407844
"BIL.N0000","2023-02-01",6.6,5584667
"BIL.N0000","2023-02-02",6.5,6343061
"BIL.N0000","2023-02-03",6.5,5221614
"BIL.N0000","2023-02-06",6.2,11054017
"BIL.N0000","2023-02-07",6,13544838
"BIL.N0000","2023-02-08",6.2,8470146
"BIL.N0000","2023-02-09",6.1,4005425
"BIL.N0000","2023-02-10",6.1,3512514
"BIL.N0000","2023-02-13",5.9,5803487
"BIL.N0000","2023-02-14",5.7,7428501
"BIL.N0000","2023-02-15",5.7,9266323
"BIL.N0000","2023-02-16",6.2,10495290
"BIL.N0000","2023-02-17",5.9,3347136
"BIL.N0000","2023-02-20",6,4164844
"BIL.N0000","2023-02-21",6,3826721
"BIL.N0000","2023-02-22",6.1,5836771
"BIL.N0000","2023-02-23",6.3,10673573
"BIL.N0000","2023-02-24",6.2,3589203
"BIL.N0000","2023-02-27",6,7014497
"BIL.N0000","2023-02-28",6,2533980
"BIL.N0000","2023-03-01",6.1,1599437
"BIL.N0000","2023-03-02",6.1,5731628
"BIL.N0000","2023-03-03",6.2,6080806
"BIL.N0000","2023-03-07",6.5,12098199
"BIL.N0000","2023-03-08",6.5,11292955
"BIL.N0000","2023-03-09",6.3,5382992
"BIL.N0000","2023-03-10",6.3,4458773
"BIL.N0000","2023-03-13",6.2,3310029
"BIL.N0000","2023-03-14",6.1,2347729
"BIL.N0000","2023-03-15",6.5,13722059
"BIL.N0000","2023-03-16",6.4,7120872
"BIL.N0000","2023-03-17",6.4,5747783
"BIL.N0000","2023-03-20",7,30832313
"BIL.N0000","2023-03-21",6.8,17158847
"BIL.N0000","2023-03-22",6.7,7585882
"BIL.N0000","2023-03-23",6.6,6131527
"BIL.N0000","2023-03-24",6.5,5199753
"BIL.N0000","2023-03-27",6.4,8268568
"BIL.N0000","2023-03-28",6.2,6240258
"BIL.N0000","2023-03-29",6.1,1917021
"BIL.N0000","2023-03-30",6.2,6225082
"BIL.N0000","2023-03-31",6.1,10449570
"BIL.N0000","2023-04-03",6.1,2019959
"BIL.N0000","2023-04-04",6,2698873
"BIL.N0000","2023-04-06",6,3082223
"BIL.N0000","2023-04-10",6,4220552
"BIL.N0000","2023-04-11",6.1,6640797
"BIL.N0000","2023-04-12",6.2,3358136
"BIL.N0000","2023-04-17",6.1,5650239
"BIL.N0000","2023-04-18",6,5644327
"BIL.N0000","2023-04-19",6,4023143
"BIL.N0000","2023-04-20",6,3977251
"BIL.N0000","2023-04-21",6,5546951
"BIL.N0000","2023-04-24",5.9,2965440
"BIL.N0000","2023-04-25",5.9,7024119
"BIL.N0000","2023-04-26",5.7,2866439
"BIL.N0000","2023-04-27",5.7,7569341
"BIL.N0000","2023-04-28",5.6,8936166
"BIL.N0000","2023-05-02",5.3,13985582
"BIL.N0000","2023-05-03",5.5,6043484
"BIL.N0000","2023-05-04",5.5,2517276
"BIL.N0000","2023-05-08",5.6,10772386
"BIL.N0000","2023-05-09",5.6,4515869
"BIL.N0000","2023-05-10",5.3,3960934
"BIL.N0000","2023-05-11",5.4,5836141
"BIL.N0000","2023-05-12",5.3,4713308
"BIL.N0000","2023-05-15",5.3,2894069
"BIL.N0000","2023-05-16",5.2,4586731
"BIL.N0000","2023-05-17",5.2,3612990
"BIL.N0000","2023-05-18",5.1,4486195
"BIL.N0000","2023-05-19",5,14290527
"BIL.N0000","2023-05-22",5.1,4538488
"BIL.N0000","2023-05-23",5,2488177
"BIL.N0000","2023-05-24",5.1,4268280
"BIL.N0000","2023-05-25",5.1,682058
"BIL.N0000","2023-05-26",5,3230023
"BIL.N0000","2023-05-29",4.8,4343370
"BIL.N0000","2023-05-30",4.9,4981273
"BIL.N0000","2023-05-31",4.9,4647617
"BIL.N0000","2023-06-01",5,7139330
"BIL.N0000","2023-06-02",5.3,8587507
"BIL.N0000","2023-06-05",5.4,5396055
"BIL.N0000","2023-06-06",5.2,2010454
"BIL.N0000","2023-06-07",5.1,1371117
"BIL.N0000","2023-06-08",5.2,962867
"BIL.N0000","2023-06-09",5.4,5964449
"BIL.N0000","2023-06-12",5.8,14945013
"BIL.N0000","2023-06-13",5.8,10035395
"BIL.N0000","2023-06-14",5.9,15286070
"BIL.N0000","2023-06-15",5.7,6785061
"BIL.N0000","2023-06-16",5.7,2620920
"BIL.N0000","2023-06-19",5.5,2629374
"BIL.N0000","2023-06-20",5.6,4284010
"BIL.N0000","2023-06-21",5.7,4507187
"BIL.N0000","2023-06-22",5.5,4382065
"BIL.N0000","2023-06-23",5.5,1824270
"BIL.N0000","2023-06-26",5.4,7040659
"BIL.N0000","2023-06-27",5.5,11846957
"BIL.N0000","2023-06-28",5.9,28472641
"BIL.N0000","2023-07-04",6.6,68487083
"BIL.N0000","2023-07-05",6.4,38877567
"BIL.N0000","2023-07-06",6.3,16557343
"BIL.N0000","2023-07-07",6.4,13059788
"BIL.N0000","2023-07-10",6.5,10183029
"BIL.N0000","2023-07-11",6.7,19360550
"BIL.N0000","2023-07-12",6.7,34573559
"BIL.N0000","2023-07-13",6.7,6931188
"BIL.N0000","2023-07-14",6.7,10120430
"BIL.N0000","2023-07-17",6.8,22192301
"BIL.N0000","2023-07-18",6.7,7817345
"BIL.N0000","2023-07-19",6.7,14800904
"BIL.N0000","2023-07-20",6.7,6994327
"BIL.N0000","2023-07-21",6.7,5571821
"BIL.N0000","2023-07-24",6.6,5376025
"BIL.N0000","2023-07-25",6.5,6375506
"BIL.N0000","2023-07-26",6.4,3000009
"BIL.N0000","2023-07-27",6.8,14694418
"BIL.N0000","2023-07-28",6.8,25744951
"BIL.N0000","2023-07-31",6.7,7980620
"BIL.N0000","2023-08-02",6.7,6521182
"BIL.N0000","2023-08-03",6.7,20399107
"BIL.N0000","2023-08-04",6.6,6393091
"BIL.N0000","2023-08-07",6.6,9074044
"BIL.N0000","2023-08-08",6.5,4094955
"BIL.N0000","2023-08-09",6.4,3069974
"BIL.N0000","2023-08-10",6.5,3983158
"BIL.N0000","2023-08-11",6.5,1313475
"BIL.N0000","2023-08-14",6.2,9874776
"BIL.N0000","2023-08-15",6.2,6260081
"BIL.N0000","2023-08-16",6.3,7619721
"BIL.N0000","2023-08-17",6.1,10156931
"BIL.N0000","2023-08-18",6.1,5611047
"BIL.N0000","2023-08-21",5.9,6007323
"BIL.N0000","2023-08-22",6,2795190
"BIL.N0000","2023-08-23",5.9,6467269
"BIL.N0000","2023-08-24",5.8,4302822
"BIL.N0000","2023-08-25",5.8,3044557
"BIL.N0000","2023-08-28",5.7,2163651
"BIL.N0000","2023-08-29",5.9,3351517
"BIL.N0000","2023-08-31",5.8,4527913
"BIL.N0000","2023-09-01",5.8,1950891
"BIL.N0000","2023-09-04",5.7,3343245
"BIL.N0000","2023-09-05",5.6,5300557
"BIL.N0000","2023-09-06",5.6,2740092
"BIL.N0000","2023-09-07",5.6,8559859
"BIL.N0000","2023-09-08",5.6,2533518
"BIL.N0000","2023-09-11",5.6,2442154
"BIL.N0000","2023-09-12",5.5,2268720
"BIL.N0000","2023-09-13",5.6,1321837
"BIL.N0000","2023-09-14",5.9,6387846
"BIL.N0000","2023-09-15",5.8,1586616
"BIL.N0000","2023-09-18",5.6,2713885
"BIL.N0000","2023-09-19",5.6,1931946
"BIL.N0000","2023-09-20",5.7,2626773
"BIL.N0000","2023-09-21",5.6,1894214
"BIL.N0000","2023-09-22",5.7,2069127
"BIL.N0000","2023-09-25",5.6,3009340
"BIL.N0000","2023-09-26",5.7,3980335
"BIL.N0000","2023-09-27",5.8,3988046
"BIL.N0000","2023-10-02",5.5,2247868
"BIL.N0000","2023-10-03",5.6,2576619
"BIL.N0000","2023-10-04",5.5,2243128
"BIL.N0000","2023-10-05",5.5,1742110
"BIL.N0000","2023-10-06",5.5,727672
"BIL.N0000","2023-10-09",5.3,5151118
"BIL.N0000","2023-10-10",5.4,2972161
"BIL.N0000","2023-10-11",5.3,4076118
"BIL.N0000","2023-10-12",5.4,2546893
"BIL.N0000","2023-10-13",5.4,2234389
"BIL.N0000","2023-10-16",5.3,2103577
"BIL.N0000","2023-10-17",5.2,1759061
"BIL.N0000","2023-10-18",5.1,7706974
"BIL.N0000","2023-10-19",5.1,4216906
"BIL.N0000","2023-10-20",5.5,6496948
"BIL.N0000","2023-10-23",5.2,2812241
"BIL.N0000","2023-10-24",5.2,1763123
"BIL.N0000","2023-10-25",5.2,890875
"BIL.N0000","2023-10-26",5.1,2301203
"BIL.N0000","2023-10-27",5.2,1428447
"BIL.N0000","2023-10-30",5.2,1417676
"BIL.N0000","2023-10-31",5.1,1948338
"BIL.N0000","2023-11-01",5.3,6405618
"BIL.N0000","2023-11-02",5.2,1323071
"BIL.N0000","2023-11-03",5.2,6303536
"BIL.N0000","2023-11-06",5.1,1229903
"BIL.N0000","2023-11-07",5.4,3357258
"BIL.N0000","2023-11-08",5.2,8850311
"BIL.N0000","2023-11-09",5.1,4620388
"BIL.N0000","2023-11-10",5.1,898543
"BIL.N0000","2023-11-13",5.2,3779107
"BIL.N0000","2023-11-14",5,3994282
"BIL.N0000","2023-11-15",5.1,1510387
"BIL.N0000","2023-11-16",5.1,2192853
"BIL.N0000","2023-11-17",4.9,6283119
"BIL.N0000","2023-11-20",4.9,5322909
"BIL.N0000","2023-11-21",4.9,1629721
"BIL.N0000","2023-11-22",4.9,2749154
"BIL.N0000","2023-11-23",5,698539
"BIL.N0000","2023-11-24",4.9,2477781
"BIL.N0000","2023-11-27",5,726620
"BIL.N0000","2023-11-28",5,1953779
"BIL.N0000","2023-11-29",5,3555205
"BIL.N0000","2023-11-30",4.9,22028896
"BIL.N0000","2023-12-01",5,6015474
"BIL.N0000","2023-12-04",4.9,1671063
"BIL.N0000","2023-12-05",4.9,6134714
"BIL.N0000","2023-12-06",4.8,1381265
"BIL.N0000","2023-12-07",4.9,1627080
"BIL.N0000","2023-12-08",4.9,2353366
"BIL.N0000","2023-12-11",4.9,1095219
"BIL.N0000","2023-12-12",4.9,1542946
"BIL.N0000","2023-12-13",4.8,2052223
"BIL.N0000","2023-12-14",4.9,1186309
"BIL.N0000","2023-12-15",4.8,1481043
"BIL.N0000","2023-12-18",4.7,3061570
"BIL.N0000","2023-12-19",4.6,3792055
"BIL.N0000","2023-12-20",4.6,5199056
"BIL.N0000","2023-12-21",4.7,1385244
"BIL.N0000","2023-12-22",4.6,6584877
"BIL.N0000","2023-12-27",4.7,958922
"BIL.N0000","2023-12-28",4.6,1595375
"BIL.N0000","2023-12-29",4.7,2448083
"BIL.N0000","2024-01-02",4.7,815192
"BIL.N0000","2024-01-03",4.7,3487962
"BIL.N0000","2024-01-04",4.6,1337578
"BIL.N0000","2024-01-05",4.6,1899561
"BIL.N0000","2024-01-08",4.5,3202093
"BIL.N0000","2024-01-09",4.7,8982931
"BIL.N0000","2024-01-10",4.6,2428923
"BIL.N0000","2024-01-11",4.6,1633047
"BIL.N0000","2024-01-12",4.6,1389069
"BIL.N0000","2024-01-16",4.5,8141857
"BIL.N0000","2024-01-17",4.4,9061847
"BIL.N0000","2024-01-18",4.5,2108717
"BIL.N0000","2024-01-19",4.5,1760418
"BIL.N0000","2024-01-22",4.4,2251645
"BIL.N0000","2024-01-23",4.3,6060669
"BIL.N0000","2024-01-24",4.3,1634625
"BIL.N0000","2024-01-26",4.3,1998705
"BIL.N0000","2024-01-29",4.3,4660974
"BIL.N0000","2024-01-30",4.1,2331742
"BIL.N0000","2024-01-31",4.2,8111917
"BIL.N0000","2024-02-01",4.2,785829
"BIL.N0000","2024-02-02",4.2,5371893
"BIL.N0000","2024-02-06",4.3,6218407
"BIL.N0000","2024-02-07",4.2,4295860
"BIL.N0000","2024-02-08",4.3,4111419
"BIL.N0000","2024-02-09",4.3,1420142
"BIL.N0000","2024-02-12",4.3,1884740
"BIL.N0000","2024-02-13",4.3,1050117
"BIL.N0000","2024-02-14",4.2,3413371
"BIL.N0000","2024-02-15",4.2,823589
"BIL.N0000","2024-02-16",4.4,9206968
"BIL.N0000","2024-02-19",4.4,681868
"BIL.N0000","2024-02-20",4.2,2489300
"BIL.N0000","2024-02-21",4.3,3561077
"BIL.N0000","2024-02-22",4.3,1239756
"BIL.N0000","2024-02-26",4.2,4182012
"BIL.N0000","2024-02-27",4.2,1690685
"BIL.N0000","2024-02-28",4.2,5419520
"BIL.N0000","2024-02-29",4.2,3305290
"BIL.N0000","2024-03-01",4.6,18293396
"BIL.N0000","2024-03-04",4.8,23368818
"BIL.N0000","2024-03-05",4.7,3969575
"BIL.N0000","2024-03-06",4.8,4010551
"BIL.N0000","2024-03-07",5.4,26332490
"BIL.N0000","2024-03-11",5.6,33371315
"BIL.N0000","2024-03-12",5.7,14703292
"BIL.N0000","2024-03-13",5.7,13937014
"BIL.N0000","2024-03-14",5.5,12654971
"BIL.N0000","2024-03-15",5.4,6220755
"BIL.N0000","2024-03-18",5.3,16540958
"BIL.N0000","2024-03-19",5.3,6746146
"BIL.N0000","2024-03-20",5.3,3397723
"BIL.N0000","2024-03-21",5.1,5686483
"BIL.N0000","2024-03-22",5.2,3970541
"BIL.N0000","2024-03-25",5.3,2313086
"BIL.N0000","2024-03-26",5.4,12786874
"BIL.N0000","2024-03-27",5.5,9809165
"BIL.N0000","2024-03-28",5.5,6491464
"BIL.N0000","2024-04-01",5.4,3556562
"BIL.N0000","2024-04-02",5.3,2928330
"BIL.N0000","2024-04-03",5.4,3351050
"BIL.N0000","2024-04-04",5.3,2760213
"BIL.N0000","2024-04-05",5.4,6920278
"BIL.N0000","2024-04-08",5.5,9596009
"BIL.N0000","2024-04-09",5.4,2284043
"BIL.N0000","2024-04-10",5.7,7853516
"BIL.N0000","2024-04-15",5.8,15117423
"BIL.N0000","2024-04-16",5.5,17855680
"BIL.N0000","2024-04-17",5.6,6323600
"BIL.N0000","2024-04-18",5.6,4119002
"BIL.N0000","2024-04-19",5.6,12933694
"BIL.N0000","2024-04-22",5.8,17751384
"BIL.N0000","2024-04-24",6.2,66052136
"BIL.N0000","2024-04-25",6.3,33416856
"BIL.N0000","2024-04-26",6.6,54614097
"BIL.N0000","2024-04-29",6.4,22573753
"BIL.N0000","2024-04-30",6.7,22605317
"BIL.N0000","2024-05-02",6.4,12958038
"BIL.N0000","2024-05-03",6.4,5126511
"BIL.N0000","2024-05-06",6.7,20999510
"BIL.N0000","2024-05-07",6.8,15826972
"BIL.N0000","2024-05-08",6.7,44031479
"BIL.N0000","2024-05-09",6.6,15083544
"BIL.N0000","2024-05-10",6.7,27492659
"BIL.N0000","2024-05-13",6.7,6544243
"BIL.N0000","2024-05-14",6.5,18023970
"BIL.N0000","2024-05-15",6.4,11659261
"BIL.N0000","2024-05-16",6.5,5856612
"BIL.N0000","2024-05-17",6.4,4598392
"BIL.N0000","2024-05-20",6.3,11204756
"BIL.N0000","2024-05-21",6.4,15046051
"BIL.N0000","2024-05-22",6.5,5393352
"BIL.N0000","2024-05-27",6.3,6461759
"BIL.N0000","2024-05-28",6.3,4851774
"BIL.N0000","2024-05-29",6.3,3572379
"BIL.N0000","2024-05-30",6.3,2239994
"BIL.N0000","2024-05-31",6.2,15250501
"BIL.N0000","2024-06-03",6,12410958
"BIL.N0000","2024-06-04",6.1,2782334
"BIL.N0000","2024-06-05",6.1,1352659
"BIL.N0000","2024-06-06",6.1,5964304
"BIL.N0000","2024-06-07",6.1,2154407
"BIL.N0000","2024-06-10",6.3,4534087
"BIL.N0000","2024-06-11",6.3,13171378
"BIL.N0000","2024-06-12",6.3,4307318
"BIL.N0000","2024-06-13",6.2,2471761
"BIL.N0000","2024-06-14",6.2,2063801
"BIL.N0000","2024-06-18",6.2,2258222
"BIL.N0000","2024-06-19",6,6260851
"BIL.N0000","2024-06-20",6.1,1857036
"BIL.N0000","2024-06-24",6.1,3871388
"BIL.N0000","2024-06-25",6,3702154
"BIL.N0000","2024-06-26",6,1597189
"BIL.N0000","2024-06-27",6,1559767
"BIL.N0000","2024-06-28",5.9,4489968
"BIL.N0000","2024-07-01",6,2172465
"BIL.N0000","2024-07-02",5.9,1375009
"BIL.N0000","2024-07-03",5.9,5907222
"BIL.N0000","2024-07-04",5.8,4849802
"BIL.N0000","2024-07-05",5.8,1806309
"BIL.N0000","2024-07-08",5.7,2664638
"BIL.N0000","2024-07-09",5.6,2581685
"BIL.N0000","2024-07-10",5.8,5996571
"BIL.N0000","2024-07-11",5.7,1791983
"BIL.N0000","2024-07-12",5.8,2904321
"BIL.N0000","2024-07-15",5.9,1094423
"BIL.N0000","2024-07-16",5.7,2546749
"BIL.N0000","2024-07-17",5.7,1872189
"BIL.N0000","2024-07-18",5.7,1841818
"BIL.N0000","2024-07-19",5.6,1850111
"BIL.N0000","2024-07-22",5.5,5376742
"BIL.N0000","2024-07-23",5.6,2325022
"BIL.N0000","2024-07-24",5.6,2283379
"BIL.N0000","2024-07-25",5.5,885253
"BIL.N0000","2024-07-26",5.6,1853859
"BIL.N0000","2024-07-29",5.5,1360751
"BIL.N0000","2024-07-30",5.3,3925905
"BIL.N0000","2024-07-31",5.3,6108975
"BIL.N0000","2024-08-01",5.4,1845528
"BIL.N0000","2024-08-02",5.4,4914516
"BIL.N0000","2024-08-05",5.2,7698917
"BIL.N0000","2024-08-06",5.2,3762946
"BIL.N0000","2024-08-07",5.1,1670601
"BIL.N0000","2024-08-08",5.2,3109292
"BIL.N0000","2024-08-09",5.3,2840511
"BIL.N0000","2024-08-12",5.2,803406
"BIL.N0000","2024-08-13",5.3,916328
"BIL.N0000","2024-08-14",5.4,1964516
"BIL.N0000","2024-08-15",5.4,1976735
"BIL.N0000","2024-08-16",5.3,2271627
"BIL.N0000","2024-08-20",5.3,628653
"BIL.N0000","2024-08-21",5.2,429140
"BIL.N0000","2024-08-22",5.3,543688
"BIL.N0000","2024-08-23",5.2,835662
"BIL.N0000","2024-08-26",5.1,2860771
"BIL.N0000","2024-08-27",5.1,3250950
"BIL.N0000","2024-08-28",5,9364659
"BIL.N0000","2024-08-29",4.9,791704
"BIL.N0000","2024-08-30",4.9,2726913
"BIL.N0000","2024-09-02",4.8,3260245
"BIL.N0000","2024-09-03",4.8,7959249
"BIL.N0000","2024-09-04",5.1,6008384
"BIL.N0000","2024-09-05",5,7470284
"BIL.N0000","2024-09-06",5,411922
"BIL.N0000","2024-09-09",4.9,1636366
"BIL.N0000","2024-09-10",5,1310860
"BIL.N0000","2024-09-11",4.9,1305513
"BIL.N0000","2024-09-12",5,722351
"BIL.N0000","2024-09-13",5.1,10100487
"BIL.N0000","2024-09-18",5.2,4772990
"BIL.N0000","2024-09-19",5.4,5612136
"BIL.N0000","2024-09-20",5.3,6722106
"BIL.N0000","2024-09-23",5.4,9285737
"BIL.N0000","2024-09-24",5.6,9259968
"BIL.N0000","2024-09-25",5.9,20209741
"BIL.N0000","2024-09-26",6,33497522
"BIL.N0000","2024-09-27",6,12130835
"BIL.N0000","2024-09-30",6,10542595
"BIL.N0000","2024-10-01",5.9,5452771
"BIL.N0000","2024-10-02",5.9,7422953
"BIL.N0000","2024-10-03",5.8,3721806
"BIL.N0000","2024-10-04",5.9,2349622
"BIL.N0000","2024-10-07",5.8,5126122
"BIL.N0000","2024-10-08",5.7,4205778
"BIL.N0000","2024-10-09",5.8,4616345
"BIL.N0000","2024-10-10",5.6,6063474
"BIL.N0000","2024-10-11",5.9,5661234
"BIL.N0000","2024-10-14",5.8,2515989
"BIL.N0000","2024-10-15",5.8,4021589
"BIL.N0000","2024-10-16",5.8,4685673
"BIL.N0000","2024-10-18",5.7,3361343
"BIL.N0000","2024-10-21",5.8,2646820
"BIL.N0000","2024-10-22",5.7,5830635
"BIL.N0000","2024-10-23",5.7,7577575
"BIL.N0000","2024-10-24",5.7,5375267
"BIL.N0000","2024-10-25",5.8,3953132
"BIL.N0000","2024-10-28",6.1,30225796
"BIL.N0000","2024-10-29",6,10111256
"BIL.N0000","2024-10-30",5.9,5131033
"BIL.N0000","2024-11-01",6,7770513
"BIL.N0000","2024-11-04",5.9,6180784
"BIL.N0000","2024-11-05",6,2565356
"BIL.N0000","2024-11-06",5.9,5587208
"BIL.N0000","2024-11-07",5.9,1155602
"BIL.N0000","2024-11-08",6,4169929
"BIL.N0000","2024-11-11",6.1,8437328
"BIL.N0000","2024-11-12",6.2,20874750
"BIL.N0000","2024-11-13",6.4,21474736
"BIL.N0000","2024-11-14",6.5,74300869
"BIL.N0000","2024-11-18",6.5,27093807
"BIL.N0000","2024-11-19",6.3,11033089
"BIL.N0000","2024-11-20",6.3,2181796
"BIL.N0000","2024-11-21",6.2,11530873
"BIL.N0000","2024-11-22",6,3976840
"BIL.N0000","2024-11-25",5.9,9585783
"BIL.N0000","2024-11-26",6,3638709
"BIL.N0000","2024-11-27",6,1991182
"BIL.N0000","2024-11-28",6,11219432
"BIL.N0000","2024-11-29",6,5741172
"BIL.N0000","2024-12-02",6.1,7151332
"BIL.N0000","2024-12-03",6,8998272
"BIL.N0000","2024-12-04",6,13468194
"BIL.N0000","2024-12-05",6,4693303
"BIL.N0000","2024-12-06",6,9657186
"BIL.N0000","2024-12-09",6.1,6562825
"BIL.N0000","2024-12-10",6.4,33033324
"BIL.N0000","2024-12-11",6.3,20380996
"BIL.N0000","2024-12-12",6.2,7239567
"BIL.N0000","2024-12-13",6.2,12590512
"BIL.N0000","2024-12-16",6.4,18520157
"BIL.N0000","2024-12-17",6.3,17489849
"BIL.N0000","2024-12-18",6.4,9887573
"BIL.N0000","2024-12-19",6.4,12296711
"BIL.N0000","2024-12-20",6.5,15681617
"BIL.N0000","2024-12-23",6.8,91855699
"BIL.N0000","2024-12-24",6.9,44947184
"BIL.N0000","2024-12-26",7.2,52185804
"BIL.N0000","2024-12-27",7.1,40045599
"BIL.N0000","2024-12-30",7,40605082
"BIL.N0000","2024-12-31",7.1,33929892
"BIL.N0000","2025-01-02",8.1,137916241
"BIL.N0000","2025-01-03",8,128932995
"BIL.N0000","2025-01-06",8,87843650
"BIL.N0000","2025-01-07",8,33164653
"BIL.N0000","2025-01-08",7.8,17396646
"BIL.N0000","2025-01-09",7.7,34178773
"BIL.N0000","2025-01-10",8,41042698
"BIL.N0000","2025-01-15",8.2,36980735
"BIL.N0000","2025-01-16",8.1,16821637
"BIL.N0000","2025-01-17",8.1,15383435
"BIL.N0000","2025-01-20",8,5088908
"BIL.N0000","2025-01-21",8,14156093
"BIL.N0000","2025-01-22",8.7,115209453
"BIL.N0000","2025-01-23",8.8,55301511
"BIL.N0000","2025-01-24",8.7,66547984
"BIL.N0000","2025-01-27",8.6,23369307
"BIL.N0000","2025-01-28",9.1,69417693
"BIL.N0000","2025-01-29",9.3,73795196
"BIL.N0000","2025-01-30",9.2,22973260
"BIL.N0000","2025-01-31",9.2,18412658
"BIL.N0000","2025-02-03",8.9,24902354
"BIL.N0000","2025-02-05",8.6,62290004
"BIL.N0000","2025-02-06",8.6,49246938
"BIL.N0000","2025-02-07",8.7,13246458
"BIL.N0000","2025-02-10",8.5,15587335
"BIL.N0000","2025-02-11",8.3,14191276
"BIL.N0000","2025-02-13",8.4,5483912
"BIL.N0000","2025-02-14",8.8,10460697
"BIL.N0000","2025-02-17",8.5,8698181
"BIL.N0000","2025-02-18",8.6,12517633
"BIL.N0000","2025-02-19",8.5,12970310
"BIL.N0000","2025-02-20",8.3,25328038
"BIL.N0000","2025-02-21",8.2,3541482
"BIL.N0000","2025-02-24",8.1,14183805
"BIL.N0000","2025-02-25",8,13428391
"BIL.N0000","2025-02-27",8,5617301
"BIL.N0000","2025-02-28",8,5909896
"BIL.N0000","2025-03-03",7.8,7871102
"BIL.N0000","2025-03-04",7.6,11663173
"BIL.N0000","2025-03-05",8,8430863
"BIL.N0000","2025-03-06",8,8384111
"BIL.N0000","2025-03-07",8,2999919
"BIL.N0000","2025-03-10",7.8,4324021
"BIL.N0000","2025-03-11",7.7,4507341
"BIL.N0000","2025-03-12",7.8,4446185
"BIL.N0000","2025-03-14",7.8,3501087
"BIL.N0000","2025-03-17",7.6,10178836
"BIL.N0000","2025-03-18",7.2,9206150
"BIL.N0000","2025-03-19",7.1,9900101
"BIL.N0000","2025-03-20",7.5,6722854
"BIL.N0000","2025-03-21",7.3,5860129
"BIL.N0000","2025-03-24",7.4,4177854
"BIL.N0000","2025-03-25",7.6,9008867
"BIL.N0000","2025-03-26",7.3,2219078
"BIL.N0000","2025-03-27",7.3,2631750
"BIL.N0000","2025-03-28",7.3,2554874
"BIL.N0000","2025-04-01",7.5,5723155
"BIL.N0000","2025-04-02",7.5,5373567
"BIL.N0000","2025-04-03",7.4,9670090
"BIL.N0000","2025-04-04",7.2,12900077
"BIL.N0000","2025-04-07",6.7,25723190
"BIL.N0000","2025-04-08",7.1,10081245
"BIL.N0000","2025-04-09",6.9,9867612
"BIL.N0000","2025-04-10",7.3,22067018
"BIL.N0000","2025-04-11",7.2,3630901
"BIL.N0000","2025-04-16",7.4,2521051
"BIL.N0000","2025-04-17",7.3,2565506
"BIL.N0000","2025-04-21",7.3,4687033
"BIL.N0000","2025-04-22",7.5,6722079
"BIL.N0000","2025-04-23",7.5,4473121
"BIL.N0000","2025-04-24",7.7,7802422
"BIL.N0000","2025-04-25",7.8,12145705
"BIL.N0000","2025-04-28",7.9,12714378
"BIL.N0000","2025-04-29",7.8,11640320
"BIL.N0000","2025-04-30",7.8,3426722
"BIL.N0000","2025-05-02",7.6,3649302
"BIL.N0000","2025-05-05",7.8,8158084
"BIL.N0000","2025-05-06",7.9,9816566
"BIL.N0000","2025-05-07",7.8,8668714
"BIL.N0000","2025-05-08",7.8,2501588
"BIL.N0000","2025-05-09",7.7,6939857
"BIL.N0000","2025-05-14",7.9,3744285
"BIL.N0000","2025-05-15",8,5657146
"BIL.N0000","2025-05-16",7.9,3839192
"BIL.N0000","2025-05-19",7.9,2116783
"BIL.N0000","2025-05-20",7.8,1315118
"BIL.N0000","2025-05-21",7.8,2424716
"BIL.N0000","2025-05-22",7.9,4739027
"BIL.N0000","2025-05-23",7.9,15320060
"BIL.N0000","2025-05-26",8,7098262
"BIL.N0000","2025-05-27",8.3,47732378
"BIL.N0000","2025-05-28",8.1,17223483
"BIL.N0000","2025-05-29",8.2,9221567
"BIL.N0000","2025-05-30",8.2,11207242
"BIL.N0000","2025-06-02",8.1,20994212
"BIL.N0000","2025-06-03",8.2,12066926
"BIL.N0000","2025-06-04",8.3,18631081
"BIL.N0000","2025-06-05",8.4,24621376
"BIL.N0000","2025-06-06",8.2,8922373
"BIL.N0000","2025-06-09",8.2,4180370
"BIL.N0000","2025-06-11",8.2,7860468
"BIL.N0000","2025-06-12",8,12549215
"BIL.N0000","2025-06-13",7.9,10769472
"BIL.N0000","2025-06-16",7.8,8362466
"BIL.N0000","2025-06-17",7.6,14268187
"BIL.N0000","2025-06-18",7.5,9180595
"BIL.N0000","2025-06-19",7.6,15276689
"BIL.N0000","2025-06-20",7.6,4103871
"BIL.N0000","2025-06-23",7.4,9506999
"BIL.N0000","2025-06-24",7.7,15577085
"BIL.N0000","2025-06-25",7.7,5154686
"BIL.N0000","2025-06-26",7.7,6772925
"BIL.N0000","2025-06-27",7.7,3680735
"BIL.N0000","2025-06-30",7.7,5036648
"BIL.N0000","2025-07-01",7.6,5662590
"BIL.N0000","2025-07-02",7.5,5737096
"BIL.N0000","2025-07-03",7.5,3209694
"BIL.N0000","2025-07-04",7.5,6089139
"BIL.N0000","2025-07-07",7.3,2257792
"BIL.N0000","2025-07-08",7.3,5266006
"BIL.N0000","2025-07-09",7.4,4881253
"BIL.N0000","2025-07-11",7.5,9324005
"BIL.N0000","2025-07-14",7.5,10155120
"BIL.N0000","2025-07-15",7.8,19392520
"BIL.N0000","2025-07-16",7.8,34794257
"BIL.N0000","2025-07-17",7.8,8157126
"BIL.N0000","2025-07-18",7.7,9152929
"BIL.N0000","2025-07-21",7.8,8858660
"BIL.N0000","2025-07-22",7.8,9280421
"BIL.N0000","2025-07-23",7.9,14984759
"BIL.N0000","2025-07-24",7.9,11150197
"BIL.N0000","2025-07-25",7.8,10932791
"BIL.N0000","2025-07-28",7.8,6547078
"BIL.N0000","2025-07-29",7.7,16423419
"BIL.N0000","2025-07-30",7.8,5793521
"BIL.N0000","2025-07-31",7.9,22545717
"BIL.N0000","2025-08-01",8,5762561
"BIL.N0000","2025-08-04",7.7,11091971
"BIL.N0000","2025-08-05",7.8,2125451
"BIL.N0000","2025-08-06",7.8,2526882
"BIL.N0000","2025-08-07",7.8,1988810
"BIL.N0000","2025-08-11",7.8,10127505
"BIL.N0000","2025-08-12",7.8,3971770
"BIL.N0000","2025-08-13",7.7,4020302
"BIL.N0000","2025-08-14",7.7,2612790
"BIL.N0000","2025-08-15",8,10492653
"BIL.N0000","2025-08-18",7.6,11932630
"BIL.N0000","2025-08-19",7.6,17003558
"BIL.N0000","2025-08-20",7.6,11943060
"BIL.N0000","2025-08-21",7.5,11001280
"BIL.N0000","2025-08-22",7.3,8176947
"BIL.N0000","2025-08-25",7.4,4497458
"BIL.N0000","2025-08-26",7.4,2635796
"BIL.N0000","2025-08-27",7.4,5165188
"BIL.N0000","2025-08-28",7.4,4645339
"BIL.N0000","2025-08-29",7.4,9182554
"BIL.N0000","2025-09-01",7.4,6791108
"BIL.N0000","2025-09-02",7.5,5314817
"BIL.N0000","2025-09-03",7.4,3689960
"BIL.N0000","2025-09-04",7.5,5372707
"BIL.N0000","2025-09-08",7.7,11798377
"BIL.N0000","2025-09-09",7.5,19590993
"BIL.N0000","2025-09-10",7.8,31066645
"BIL.N0000","2025-09-11",7.7,3426424
"BIL.N0000","2025-09-12",7.6,4339507
"BIL.N0000","2025-09-15",7.7,6057798
"BIL.N0000","2025-09-16",7.6,8552744
"BIL.N0000","2025-09-17",7.5,7250220
"BIL.N0000","2025-09-18",7.6,6440629
"BIL.N0000","2025-09-19",7.7,11832625
"BIL.N0000","2025-09-22",7.8,25875883
"BIL.N0000","2025-09-23",8.1,54505011
"BIL.N0000","2025-09-24",7.9,37795886
"BIL.N0000","2025-09-25",7.9,7573059
"BIL.N0000","2025-09-26",7.8,7270380
"BIL.N0000","2025-09-29",7.7,3817742
"BIL.N0000","2025-09-30",7.8,6165645
"BIL.N0000","2025-10-01",7.7,3282563
"BIL.N0000","2025-10-02",7.7,4824147
"BIL.N0000","2025-10-03",7.6,6072973
"BIL.N0000","2025-10-07",7.6,11666715
"BIL.N0000","2025-10-08",7.6,7433378
"BIL.N0000","2025-10-09",7.5,10198921
"BIL.N0000","2025-10-10",7.5,13331536
"BIL.N0000","2025-10-13",7.6,11125103
"BIL.N0000","2025-10-14",7.6,13722287
"BIL.N0000","2025-10-15",7.5,4582333
"BIL.N0000","2025-10-16",7.5,2511557
"BIL.N0000","2025-10-17",7.5,3943463
"BIL.N0000","2025-10-21",7.5,13054713
"BIL.N0000","2025-10-22",7.5,4152221
"BIL.N0000","2025-10-23",7.7,20586115
"BIL.N0000","2025-10-24",7.7,22160231
"BIL.N0000","2025-10-27",7.6,3991929
"BIL.N0000","2025-10-28",7.6,4471980
"BIL.N0000","2025-10-29",7.5,3640599
"BIL.N0000","2025-10-30",7.4,4465938
"BIL.N0000","2025-10-31",7.5,3142384
"BIL.N0000","2025-11-03",7.5,4760836
"BIL.N0000","2025-11-04",7.5,4298045
"BIL.N0000","2025-11-06",7.4,3256132
"BIL.N0000","2025-11-07",7.2,19542808
"BIL.N0000","2025-11-10",7.4,16891606
"BIL.N0000","2025-11-11",7.3,14291229
"BIL.N0000","2025-11-12",7.3,9594264
"BIL.N0000","2025-11-13",7.2,2686793
"BIL.N0000","2025-11-14",7.3,4506966
"BIL.N0000","2025-11-17",7,22444127
"BIL.N0000","2025-11-18",7,11595836
"BIL.N0000","2025-11-19",7,4023577
"BIL.N0000","2025-11-20",6.9,4810306
"BIL.N0000","2025-11-21",6.9,5251597
"BIL.N0000","2025-11-24",6.7,20877182
"BIL.N0000","2025-11-25",7.1,13093032
"BIL.N0000","2025-11-26",6.9,6732537
"BIL.N0000","2025-11-27",6.9,6594346
"BIL.N0000","2025-11-28",7,1895313
"BIL.N0000","2025-12-01",6.7,8741581
"BIL.N0000","2025-12-02",6.7,4320352
"BIL.N0000","2025-12-03",6.6,6665479
"BIL.N0000","2025-12-05",6.4,10216627
"BIL.N0000","2025-12-08",6.5,4766657
"BIL.N0000","2025-12-09",6.6,5318916
"BIL.N0000","2025-12-10",6.8,4120239
"BIL.N0000","2025-12-11",6.8,2717620
"BIL.N0000","2025-12-12",6.7,1078140
"BIL.N0000","2025-12-15",6.7,2865764
"BIL.N0000","2025-12-16",6.6,1635877
"BIL.N0000","2025-12-17",6.9,3739228
"BIL.N0000","2025-12-18",6.9,1230242
"BIL.N0000","2025-12-19",6.8,1545693
"BIL.N0000","2025-12-22",6.8,2091203
"BIL.N0000","2025-12-23",6.7,1456869
"BIL.N0000","2025-12-24",6.7,2091457
"BIL.N0000","2025-12-26",6.7,965654
"BIL.N0000","2025-12-29",6.6,4418757
"BIL.N0000","2025-12-30",6.6,3871472
"BIL.N0000","2025-12-31",6.6,2122803
"BIL.N0000","2026-01-02",6.6,2788629
"BIL.N0000","2026-01-05",6.7,3716992
"BIL.N0000","2026-01-06",6.7,4799632
"BIL.N0000","2026-01-07",6.7,0
"BIL.N0000","2026-01-08",6.7,1875818
"BIL.N0000","2026-01-09",6.9,7749262
"BIL.N0000","2026-01-12",7,13085408
"BIL.N0000","2026-01-13",6.9,3055524
"BIL.N0000","2026-01-14",6.9,4576779
"BIL.N0000","2026-01-16",6.8,1410045
"BIL.N0000","2026-01-19",6.8,5483827
"BIL.N0000","2026-01-20",6.6,1380085
"BIL.N0000","2026-01-21",6.7,2995677
"BIL.N0000","2026-01-22",6.7,2970543
"BIL.N0000","2026-01-23",7,18091406
"BIL.N0000","2026-01-26",7.2,29072843
"BIL.N0000","2026-01-27",7,6569609
"BIL.N0000","2026-01-28",7,2405319
"BIL.N0000","2026-01-29",7.1,4422675
"BIL.N0000","2026-01-30",6.9,3086539
"BIL.N0000","2026-02-02",6.9,2051045
"BIL.N0000","2026-02-03",6.8,12898565
"BIL.N0000","2026-02-05",6.8,2274682
"BIL.N0000","2026-02-06",6.8,3482710
"BIL.N0000","2026-02-09",6.9,5064109
"BIL.N0000","2026-02-10",6.8,964792
"BIL.N0000","2026-02-11",6.7,5310846
"BIL.N0000","2026-02-12",6.8,1751200
"BIL.N0000","2026-02-13",6.8,2059191
"BIL.N0000","2026-02-16",6.6,6114618
"BIL.N0000","2026-02-17",6.7,2695717
"BIL.N0000","2026-02-18",6.7,4431780
"BIL.N0000","2026-02-19",6.6,3070002
"BIL.N0000","2026-02-20",6.6,1580742
"BIL.N0000","2026-02-23",6.5,1466438
"BIL.N0000","2026-02-24",6.6,2230916
"BIL.N0000","2026-02-25",6.6,3698516
"BIL.N0000","2026-02-26",6.5,2481521
"BIL.N0000","2026-02-27",6.5,4985888
"BIL.N0000","2026-03-03",6,24658058
"BIL.N0000","2026-03-04",6.1,4858646
"BIL.N0000","2026-03-05",6.3,1635819
"BIL.N0000","2026-03-06",6.1,2127482
"BIL.N0000","2026-03-09",5.9,11161526
"BIL.N0000","2026-03-10",6,4255824
"BIL.N0000","2026-03-11",5.9,2130938
"BIL.N0000","2026-03-12",5.9,4050657
"BIL.N0000","2026-03-13",5.9,2983192
"BIL.N0000","2026-03-16",5.7,8823654
"BIL.N0000","2026-03-17",5.5,7240560
"BIL.N0000","2026-03-18",5.5,4081818
"BIL.N0000","2026-03-19",5.4,2971176
"BIL.N0000","2026-03-20",5.6,3080939
"BIL.N0000","2026-03-23",5.5,4925166
"BIL.N0000","2026-03-24",5.8,8265053
"BIL.N0000","2026-03-25",6,4734560
"BIL.N0000","2026-03-26",5.7,3855828
"BIL.N0000","2026-03-27",5.8,2187323
"BIL.N0000","2026-03-30",6.1,19700561
"BIL.N0000","2026-03-31",6,4836969
"BIL.N0000","2026-04-02",6,4116417
"BIL.N0000","2026-04-06",6.1,1317080
"BIL.N0000","2026-04-07",6,1352116
"BIL.N0000","2026-04-08",6.4,5715919
"BIL.N0000","2026-04-09",6.2,3304632
"BIL.N0000","2026-04-10",6.4,6408647
"BIL.N0000","2026-04-15",6.4,1970010
"BIL.N0000","2026-04-16",6.6,3931050
"BIL.N0000","2026-04-17",6.8,10756221
"BIL.N0000","2026-04-20",6.5,3574431
"BIL.N0000","2026-04-21",6.5,1871010
"BIL.N0000","2026-04-22",6.4,7896848
"BIL.N0000","2026-04-23",6.5,689991
"BIL.N0000","2026-04-24",6.4,1164105
"BIL.N0000","2026-04-27",6.4,1034479
"BIL.N0000","2026-04-28",6.3,824478
"BIL.N0000","2026-04-29",6.2,1011137
"BIL.N0000","2026-04-30",6.2,1390020
"BIL.N0000","2026-05-04",6.4,2153819
"BIL.N0000","2026-05-05",6.3,1627601
"BIL.N0000","2026-05-06",6.5,1382185
"BIL.N0000","2026-05-07",6.4,3647469
"BIL.N0000","2026-05-08",6.5,2015451
"BIL.N0000","2026-05-11",6.3,1252681
"BIL.N0000","2026-05-12",6.3,2009909
"BIL.N0000","2026-05-13",6.3,1658124
"BIL.N0000","2026-05-14",6.2,593347
"BIL.N0000","2026-05-15",6.3,1988065
"BIL.N0000","2026-05-18",6.1,3246007
"BIL.N0000","2026-05-19",6.1,2916130
"BIL.N0000","2026-05-20",5.9,2923058
"BIL.N0000","2026-05-21",6.1,1038399
"BIL.N0000","2026-05-22",6.1,1446148
"BIL.N0000","2026-05-25",6.2,1248205
"BIL.N0000","2026-05-26",6,972164
"BIL.N0000","2026-05-27",6,985065
"BIL.N0000","2026-05-29",6,1362957
"BIL.N0000","2026-06-01",6,7984962
"BIL.N0000","2026-06-02",5.9,1600209
"BIL.N0000","2026-06-03",5.8,5453617
"BIL.N0000","2026-06-04",5.8,2860015
"BIL.N0000","2026-06-05",5.8,1803922
"BIL.N0000","2026-06-08",5.7,1645903
"BIL.N0000","2026-06-09",5.8,1429827
"BIL.N0000","2026-06-10",5.7,2632534
"BIL.N0000","2026-06-11",5.6,5743851
"BIL.N0000","2026-06-12",5.7,4870348
"BIL.N0000","2026-06-15",5.8,2524769
"BIL.N0000","2026-06-16",5.9,1688735
"BIL.N0000","2026-06-17",5.9,1044881
"BIL.N0000","2026-06-18",5.8,1039273
"BIL.N0000","2026-06-19",5.7,805934
"BIL.N0000","2026-06-22",5.8,1337797
"BIL.N0000","2026-06-23",5.7,2372570
"BIL.N0000","2026-06-24",5.8,529190
"BIL.N0000","2026-06-25",5.8,946095
"BIL.N0000","2026-06-26",5.7,201886
"BIL.N0000","2026-06-30",5.7,1142424
"BIL.N0000","2026-07-01",5.6,439800
"BIL.N0000","2026-07-02",5.7,740684
"BIL.N0000","2026-07-03",5.6,277879
"BIL.N0000","2026-07-06",5.7,2057487
"BIL.N0000","2026-07-07",5.7,697899
"BIL.N0000","2026-07-08",5.6,3642944
"BIL.N0000","2026-07-09",5.4,1124768
"BIL.N0000","2026-07-10",5.4,587347
"BIL.N0000","2026-07-13",5.4,3601031
"BIL.N0000","2026-07-14",5.3,757737
"BIL.N0000","2026-07-15",5.3,1532874
"BIL.N0000","2026-07-16",5.4,1909144
"BIL.N0000","2026-07-17",5.3,1129983
"BIL.N0000","2026-07-20",5.3,2996569
"BIL.N0000","2026-07-21",5.3,5110560
"BIL.N0000","2026-07-22",5.4,1045251
"BIL.N0000","2026-07-23",5.3,695230
"BIL.N0000","2026-07-24",5.2,1341712
"BIL.N0000","2026-07-27",5.4,222628
"BIL.N0000","2026-07-28",5.3,1230834
"BIL.N0000","2026-07-30",5.2,2908715
"BIL.N0000","2026-07-31",5.3,2179668
"BIL.N0000","2026-08-03",5.1,4226811
"BIL.N0000","2026-08-04",5.2,1178357
"BIL.N0000","2026-08-05",5.3,2956506
"BIL.N0000","2026-08-06",5.2,873846
"BIL.N0000","2026-08-07",5.1,1775793
"BIL.N0000","2026-08-10",5.1,850998
"BIL.N0000","2026-08-11",5.2,1255663
"BIL.N0000","2026-08-12",5.1,1432187
"BIL.N0000","2026-08-13",5.1,432376
"BIL.N0000","2026-08-14",5.2,1853943
"BIL.N0000","2026-08-17",5.2,2061768
"BIL.N0000","2026-08-18",5.2,1046837
"BIL.N0000","2026-08-19",5.1,572506
"BIL.N0000","2026-08-20",5,1948980
"BIL.N0000","2026-08-21",5.1,769552
"BIL.N0000","2026-08-24",5.1,2601200
"BIL.N0000","2026-08-25",5,1574246
"BIL.N0000","2026-08-28",5,1950745
"BIL.N0000","2026-08-31",5.3,13293895
"JKH.N0000","2012-02-22",17.351429,13343590
"JKH.N0000","2012-02-23",17.680697,4216350
"JKH.N0000","2012-02-24",17.570941,213490
"JKH.N0000","2012-02-27",17.461185,838810
"JKH.N0000","2012-03-05",18.069832,8686400
"JKH.N0000","2012-03-06",18.62859,3381030
"JKH.N0000","2012-03-08",18.568723,4600910
"JKH.N0000","2012-03-09",18.888013,4406890
"JKH.N0000","2012-03-13",19.356971,13835530
"JKH.N0000","2012-03-14",19.456749,6050960
"JKH.N0000","2012-03-15",19.486682,3981690
"JKH.N0000","2012-03-16",19.466727,76990200
"JKH.N0000","2012-03-19",19.95564,20928880
"JKH.N0000","2012-03-20",19.95564,9735300
"JKH.N0000","2012-03-21",19.456749,1100290
"JKH.N0000","2012-03-22",19.067614,2675300
"JKH.N0000","2012-03-23",19.436793,20877000
"JKH.N0000","2012-03-26",19.935684,7356510
"JKH.N0000","2012-03-27",20.055418,6058660
"JKH.N0000","2012-03-28",20.484464,12185780
"JKH.N0000","2012-03-29",20.793777,5322510
"JKH.N0000","2012-03-30",20.554309,5443240
"JKH.N0000","2012-04-02",20.793777,4012660
"JKH.N0000","2012-04-03",20.853644,6537310
"JKH.N0000","2012-04-04",20.853644,4409860
"JKH.N0000","2012-04-05",20.883577,2586460
"JKH.N0000","2012-04-09",20.863622,408780
"JKH.N0000","2012-04-10",20.853644,260920
"JKH.N0000","2012-04-11",20.893555,205960
"JKH.N0000","2012-04-16",20.923489,5184600
"JKH.N0000","2012-04-17",20.893555,10363940
"JKH.N0000","2012-04-18",20.803755,1334260
"JKH.N0000","2012-04-19",20.604198,2973250
"JKH.N0000","2012-04-20",20.554309,2116730
"JKH.N0000","2012-04-23",20.554309,966320
"JKH.N0000","2012-04-24",20.554309,2905930
"JKH.N0000","2012-04-25",20.484464,2468870
"JKH.N0000","2012-04-26",20.314842,1418560
"JKH.N0000","2012-04-27",20.314842,3462540
"JKH.N0000","2012-04-30",20.264952,5911810
"JKH.N0000","2012-05-02",20.105307,4200000
"JKH.N0000","2012-05-03",20.115285,1068120
"JKH.N0000","2012-05-04",20.155196,2056700
"JKH.N0000","2012-05-08",20.155196,3461140
"JKH.N0000","2012-05-09",19.945662,2767550
"JKH.N0000","2012-05-10",19.746106,4003530
"JKH.N0000","2012-05-11",19.646328,2376990
"JKH.N0000","2012-05-14",19.656305,2376920
"JKH.N0000","2012-05-15",19.766061,7563930
"JKH.N0000","2012-05-16",19.815951,488430
"JKH.N0000","2012-05-17",19.95564,336490
"JKH.N0000","2012-05-18",20.035463,434830
"JKH.N0000","2012-05-21",20.165174,2355730
"JKH.N0000","2012-05-22",20.165174,472340
"JKH.N0000","2012-05-23",19.556527,19124160
"JKH.N0000","2012-05-24",19.646328,6074120
"JKH.N0000","2012-05-25",19.476705,131910
"JKH.N0000","2012-05-28",19.067614,8058400
"JKH.N0000","2012-05-29",18.738346,7964180
"JKH.N0000","2012-05-30",18.458967,21154140
"JKH.N0000","2012-05-31",18.419056,2779960
"JKH.N0000","2012-06-01",18.359189,94700
"JKH.N0000","2012-06-05",17.321496,5484390
"JKH.N0000","2012-06-06",17.690675,641440
"JKH.N0000","2012-06-07",17.870276,7709970
"JKH.N0000","2012-06-08",17.830364,3416130
"JKH.N0000","2012-06-11",17.960076,1471580
"JKH.N0000","2012-06-12",18.029921,1671100
"JKH.N0000","2012-06-13",18.16961,1585140
"JKH.N0000","2012-06-14",18.558745,1225340
"JKH.N0000","2012-06-15",18.788235,670120
"JKH.N0000","2012-06-18",18.937902,309590
"JKH.N0000","2012-06-19",19.027703,741640
"JKH.N0000","2012-06-20",19.356971,553570
"JKH.N0000","2012-06-21",19.556527,2884840
"JKH.N0000","2012-06-22",19.346993,7513740
"JKH.N0000","2012-06-25",18.987791,121610
"JKH.N0000","2012-06-26",18.957858,10179750
"JKH.N0000","2012-06-27",18.85808,37438270
"JKH.N0000","2012-06-28",18.458967,8754950
"JKH.N0000","2012-06-29",18.239455,206760
"JKH.N0000","2012-07-02",18.409078,131590
"JKH.N0000","2012-07-04",18.498878,6236330
"JKH.N0000","2012-07-05",18.379144,157400
"JKH.N0000","2012-07-06",18.448989,57610
"JKH.N0000","2012-07-09",18.3991,160010
"JKH.N0000","2012-07-10",18.299322,1381750
"JKH.N0000","2012-07-11",18.209521,142600
"JKH.N0000","2012-07-12",18.009965,1511080
"JKH.N0000","2012-07-13",17.930143,1378550
"JKH.N0000","2012-07-16",17.950098,425070
"JKH.N0000","2012-07-17",17.780475,780030
"JKH.N0000","2012-07-18",17.660741,963420
"JKH.N0000","2012-07-19",17.960076,3136690
"JKH.N0000","2012-07-20",17.960076,460910
"JKH.N0000","2012-07-23",17.870276,6231530
"JKH.N0000","2012-07-24",17.800431,909730
"JKH.N0000","2012-07-25",17.660741,1710450
"JKH.N0000","2012-07-26",17.750542,262310
"JKH.N0000","2012-07-27",18.349211,3114700
"JKH.N0000","2012-07-30",18.478923,2643120
"JKH.N0000","2012-07-31",18.349211,16346830
"JKH.N0000","2012-08-02",18.458967,20248580
"JKH.N0000","2012-08-03",18.369167,3405160
"JKH.N0000","2012-08-06",18.448989,11633690
"JKH.N0000","2012-08-07",18.448989,5317760
"JKH.N0000","2012-08-08",18.359189,476520
"JKH.N0000","2012-08-09",18.458967,14892200
"JKH.N0000","2012-08-10",18.458967,139350
"JKH.N0000","2012-08-13",18.508856,877310
"JKH.N0000","2012-08-14",19.436793,10944720
"JKH.N0000","2012-08-15",19.855862,35644070
"JKH.N0000","2012-08-16",19.456749,2383400
"JKH.N0000","2012-08-17",19.466727,576930
"JKH.N0000","2012-08-20",19.746106,878280
"JKH.N0000","2012-08-21",19.756084,2643290
"JKH.N0000","2012-08-22",19.855862,6299570
"JKH.N0000","2012-08-23",19.855862,11050660
"JKH.N0000","2012-08-24",19.476705,3797730
"JKH.N0000","2012-08-27",19.696217,1567160
"JKH.N0000","2012-08-28",19.795995,306460
"JKH.N0000","2012-08-29",19.756084,234210
"JKH.N0000","2012-08-30",19.736128,2765160
"JKH.N0000","2012-09-03",19.776039,2534790
"JKH.N0000","2012-09-04",19.855862,361540
"JKH.N0000","2012-09-05",19.666283,1325340
"JKH.N0000","2012-09-06",19.835906,3063550
"JKH.N0000","2012-09-07",19.95564,6302670
"JKH.N0000","2012-09-10",20.424598,3451140
"JKH.N0000","2012-09-11",20.254975,602560
"JKH.N0000","2012-09-12",20.793777,7274250
"JKH.N0000","2012-09-13",21.19289,6600590
"JKH.N0000","2012-09-14",21.751648,17446920
"JKH.N0000","2012-09-17",21.891337,2126950
"JKH.N0000","2012-09-18",21.651869,4595380
"JKH.N0000","2012-09-19",21.751648,10474420
"JKH.N0000","2012-09-20",21.891337,3248910
"JKH.N0000","2012-09-21",21.961182,18837530
"JKH.N0000","2012-09-24",21.951204,2549610
"JKH.N0000","2012-09-25",22.090893,3071170
"JKH.N0000","2012-09-26",22.250539,8141620
"JKH.N0000","2012-09-27",22.450095,9511600
"JKH.N0000","2012-09-28",22.859186,11970250
"JKH.N0000","2012-10-01",22.69954,3496040
"JKH.N0000","2012-10-02",22.460073,392700
"JKH.N0000","2012-10-03",22.120827,14519180
"JKH.N0000","2012-10-04",21.941226,926330
"JKH.N0000","2012-10-05",21.592002,1640240
"JKH.N0000","2012-10-08",21.003311,2745530
"JKH.N0000","2012-10-09",21.332579,2535390
"JKH.N0000","2012-10-10",20.833688,6624610
"JKH.N0000","2012-10-11",20.304864,6648760
"JKH.N0000","2012-10-12",20.494442,4916940
"JKH.N0000","2012-10-15",20.454531,38379640
"JKH.N0000","2012-10-16",20.394664,585770
"JKH.N0000","2012-10-17",20.244997,777950
"JKH.N0000","2012-10-18",20.344775,9060010
"JKH.N0000","2012-10-19",20.554309,552950
"JKH.N0000","2012-10-22",20.654087,1895070
"JKH.N0000","2012-10-23",20.753866,6517300
"JKH.N0000","2012-10-24",20.713954,2294490
"JKH.N0000","2012-10-25",20.753866,221210
"JKH.N0000","2012-10-26",20.763843,935080
"JKH.N0000","2012-10-30",20.634132,1287830
"JKH.N0000","2012-10-31",20.474487,11536290
"JKH.N0000","2012-11-01",20.604198,717000
"JKH.N0000","2012-11-02",20.923489,27594100
"JKH.N0000","2012-11-05",21.113067,2188250
"JKH.N0000","2012-11-06",21.162956,472020
"JKH.N0000","2012-11-07",21.28269,407660
"JKH.N0000","2012-11-08",21.342557,226010
"JKH.N0000","2012-11-09",21.442335,7494460
"JKH.N0000","2012-11-12",21.641892,1236770
"JKH.N0000","2012-11-14",21.751648,3316770
"JKH.N0000","2012-11-15",21.532136,14112860
"JKH.N0000","2012-11-16",21.631914,9448490
"JKH.N0000","2012-11-19",21.552091,997450
"JKH.N0000","2012-11-20",21.352535,768740
"JKH.N0000","2012-11-21",20.9634,16000940
"JKH.N0000","2012-11-22",21.152978,324510
"JKH.N0000","2012-11-23",21.103089,769350
"JKH.N0000","2012-11-26",21.133023,1256560
"JKH.N0000","2012-11-28",20.863622,18614620
"JKH.N0000","2012-11-29",21.123045,16581880
"JKH.N0000","2012-11-30",20.803755,3550240
"JKH.N0000","2012-12-03",20.664065,1196760
"JKH.N0000","2012-12-04",20.863622,7709920
"JKH.N0000","2012-12-05",20.883577,7957880
"JKH.N0000","2012-12-06",21.023267,2463650
"JKH.N0000","2012-12-07",20.953422,304520
"JKH.N0000","2012-12-10",21.0532,4319660
"JKH.N0000","2012-12-11",21.133023,1726330
"JKH.N0000","2012-12-12",21.392446,2097840
"JKH.N0000","2012-12-13",21.691781,1387990
"JKH.N0000","2012-12-14",21.751648,4950260
"JKH.N0000","2012-12-17",21.631914,125730
"JKH.N0000","2012-12-18",21.731692,7141080
"JKH.N0000","2012-12-19",21.651869,356180
"JKH.N0000","2012-12-20",21.751648,26304210
"JKH.N0000","2012-12-21",21.751648,14992200
"JKH.N0000","2012-12-24",21.651869,117630
"JKH.N0000","2012-12-26",21.751648,6947660
"JKH.N0000","2012-12-28",21.891337,28721420
"JKH.N0000","2012-12-31",21.941226,1472330
"JKH.N0000","2013-01-02",21.941226,450240
"JKH.N0000","2013-01-03",21.951204,4326560
"JKH.N0000","2013-01-04",21.941226,24147100
"JKH.N0000","2013-01-07",22.250539,9853300
"JKH.N0000","2013-01-08",22.38025,6925410
"JKH.N0000","2013-01-09",22.350317,847910
"JKH.N0000","2013-01-10",22.310406,7162490
"JKH.N0000","2013-01-11",22.250539,3562890
"JKH.N0000","2013-01-15",22.38025,8153450
"JKH.N0000","2013-01-16",22.450095,7391460
"JKH.N0000","2013-01-17",22.450095,5671280
"JKH.N0000","2013-01-18",22.450095,783410
"JKH.N0000","2013-01-21",22.400206,1651360
"JKH.N0000","2013-01-22",22.400206,984310
"JKH.N0000","2013-01-23",22.410184,779430
"JKH.N0000","2013-01-24",22.400206,1416200
"JKH.N0000","2013-01-28",22.450095,24406480
"JKH.N0000","2013-01-29",22.460073,17370080
"JKH.N0000","2013-01-30",22.769385,3583650
"JKH.N0000","2013-01-31",22.939008,57274770
"JKH.N0000","2013-02-01",22.939008,25760360
"JKH.N0000","2013-02-05",22.859186,3329730
"JKH.N0000","2013-02-06",22.889119,1285190
"JKH.N0000","2013-02-07",22.909075,12167650
"JKH.N0000","2013-02-08",22.948986,7850020
"JKH.N0000","2013-02-11",22.939008,1029970
"JKH.N0000","2013-02-12",23.048764,3411330
"JKH.N0000","2013-02-13",23.048764,6606250
"JKH.N0000","2013-02-14",22.968942,1060120
"JKH.N0000","2013-02-15",22.958964,2614060
"JKH.N0000","2013-02-18",22.958964,15579510
"JKH.N0000","2013-02-19",23.048764,8575620
"JKH.N0000","2013-02-20",23.228365,2970430
"JKH.N0000","2013-02-21",23.447877,13979130
"JKH.N0000","2013-02-22",23.637456,4174380
"JKH.N0000","2013-02-26",23.547655,10047910
"JKH.N0000","2013-02-27",23.5277,940670
"JKH.N0000","2013-02-28",23.348099,2571400
"JKH.N0000","2013-03-01",23.467833,119430
"JKH.N0000","2013-03-04",23.338121,293190
"JKH.N0000","2013-03-05",23.397988,10688150
"JKH.N0000","2013-03-06",23.378032,1047960
"JKH.N0000","2013-03-07",23.358077,3801090
"JKH.N0000","2013-03-08",23.248321,13453590
"JKH.N0000","2013-03-11",23.417944,5776420
"JKH.N0000","2013-03-12",23.697323,14706540
"JKH.N0000","2013-03-13",23.657411,4404970
"JKH.N0000","2013-03-14",23.807079,7120900
"JKH.N0000","2013-03-15",23.946768,11249550
"JKH.N0000","2013-03-18",23.946768,2662620
"JKH.N0000","2013-03-19",24.325925,18347790
"JKH.N0000","2013-03-20",24.894661,8510050
"JKH.N0000","2013-03-21",24.844772,732880
"JKH.N0000","2013-03-22",24.695104,11505730
"JKH.N0000","2013-03-25",24.545437,515920
"JKH.N0000","2013-03-27",24.62526,13622010
"JKH.N0000","2013-03-28",24.645215,3780710
"JKH.N0000","2013-04-01",24.595326,285290
"JKH.N0000","2013-04-02",24.645215,13024630
"JKH.N0000","2013-04-03",24.685127,12301240
"JKH.N0000","2013-04-04",24.764949,1067800
"JKH.N0000","2013-04-05",24.645215,1705060
"JKH.N0000","2013-04-08",24.645215,495840
"JKH.N0000","2013-04-09",24.675149,3219390
"JKH.N0000","2013-04-10",24.685127,418330
"JKH.N0000","2013-04-11",24.675149,256620
"JKH.N0000","2013-04-12",24.725038,794960
"JKH.N0000","2013-04-16",24.794883,1780400
"JKH.N0000","2013-04-17",24.804861,4079020
"JKH.N0000","2013-04-18",24.844772,1754340
"JKH.N0000","2013-04-19",24.824816,627060
"JKH.N0000","2013-04-22",24.824816,539740
"JKH.N0000","2013-04-23",24.834794,1269640
"JKH.N0000","2013-04-24",24.844772,4600010
"JKH.N0000","2013-04-26",24.894661,4585010
"JKH.N0000","2013-04-29",24.934572,1933230
"JKH.N0000","2013-04-30",24.94455,2546000
"JKH.N0000","2013-05-02",24.94455,3980530
"JKH.N0000","2013-05-03",25.223929,9607720
"JKH.N0000","2013-05-06",25.962288,1643760
"JKH.N0000","2013-05-07",26.391334,2199130
"JKH.N0000","2013-05-08",26.930136,3875360
"JKH.N0000","2013-05-09",26.690668,858030
"JKH.N0000","2013-05-10",26.770491,1276790
"JKH.N0000","2013-05-13",26.930136,4613890
"JKH.N0000","2013-05-14",27.239449,3721990
"JKH.N0000","2013-05-15",27.359182,16203930
"JKH.N0000","2013-05-16",27.73834,2483450
"JKH.N0000","2013-05-17",28.426809,3090860
"JKH.N0000","2013-05-20",29.644103,5424370
"JKH.N0000","2013-05-21",29.634125,14916650
"JKH.N0000","2013-05-22",29.444547,567490
"JKH.N0000","2013-05-23",29.314835,329740
"JKH.N0000","2013-05-27",28.825922,3197750
"JKH.N0000","2013-05-28",28.8359,2134850
"JKH.N0000","2013-05-29",28.795989,2035430
"JKH.N0000","2013-05-30",28.626366,1823670
"JKH.N0000","2013-05-31",28.436787,2075020
"JKH.N0000","2013-06-03",28.28712,1575040
"JKH.N0000","2013-06-04",28.107519,3103170
"JKH.N0000","2013-06-05",27.878029,1735400
"JKH.N0000","2013-06-06",27.259404,4074060
"JKH.N0000","2013-06-07",26.441223,976800
"JKH.N0000","2013-06-10",27.219493,2788270
"JKH.N0000","2013-06-11",27.439005,5241630
"JKH.N0000","2013-06-12",27.289338,482060
"JKH.N0000","2013-06-13",26.640779,605350
"JKH.N0000","2013-06-14",26.50109,8259450
"JKH.N0000","2013-06-17",26.3614,1067300
"JKH.N0000","2013-06-18",26.341445,378340
"JKH.N0000","2013-06-19",26.441223,1537240
"JKH.N0000","2013-06-20",26.890225,10501430
"JKH.N0000","2013-06-21",26.451201,1198150
"JKH.N0000","2013-06-24",26.341445,280970
"JKH.N0000","2013-06-25",25.842554,3920250
"JKH.N0000","2013-06-26",24.874705,38268680
"JKH.N0000","2013-06-27",25.074262,26389480
"JKH.N0000","2013-06-28",25.094217,976770
"JKH.N0000","2013-07-01",25.982243,920430
"JKH.N0000","2013-07-02",26.620824,1117740
"JKH.N0000","2013-07-03",25.902421,756410
"JKH.N0000","2013-07-04",25.333685,813940
"JKH.N0000","2013-07-05",24.844772,2154560
"JKH.N0000","2013-07-08",24.046546,4148330
"JKH.N0000","2013-07-09",24.126369,1442600
"JKH.N0000","2013-07-10",24.505526,2220800
"JKH.N0000","2013-07-11",25.273818,1598220
"JKH.N0000","2013-07-12",24.934572,1778020
"JKH.N0000","2013-07-15",24.804861,1484950
"JKH.N0000","2013-07-16",24.565393,13850950
"JKH.N0000","2013-07-17",24.545437,1002910
"JKH.N0000","2013-07-18",24.914617,10415150
"JKH.N0000","2013-07-19",25.942332,12485970
"JKH.N0000","2013-07-23",26.970047,3421390
"JKH.N0000","2013-07-24",26.910181,2453640
"JKH.N0000","2013-07-25",26.640779,2238740
"JKH.N0000","2013-07-26",26.740558,358950
"JKH.N0000","2013-07-29",26.690668,4165950
"JKH.N0000","2013-07-30",26.351423,17625520
"JKH.N0000","2013-07-31",25.982243,22920000
"JKH.N0000","2013-08-01",26.511068,4893070
"JKH.N0000","2013-08-02",26.541001,2413070
"JKH.N0000","2013-08-05",26.73058,478500
"JKH.N0000","2013-08-06",26.860291,6122960
"JKH.N0000","2013-08-07",26.690668,1168830
"JKH.N0000","2013-08-08",26.371378,463690
"JKH.N0000","2013-08-12",26.171822,2561950
"JKH.N0000","2013-08-13",25.942332,3842060
"JKH.N0000","2013-08-14",25.942332,9450050
"JKH.N0000","2013-08-15",25.72282,5623060
"JKH.N0000","2013-08-16",25.623042,8033890
"JKH.N0000","2013-08-19",25.872487,2796020
"JKH.N0000","2013-08-21",24.884683,3821140
"JKH.N0000","2013-08-22",24.744994,8209720
"JKH.N0000","2013-08-23",23.976701,19762030
"JKH.N0000","2013-08-26",23.956746,4621380
"JKH.N0000","2013-08-27",23.108631,7767150
"JKH.N0000","2013-08-28",20.753866,7414640
"JKH.N0000","2013-08-29",21.412402,5240290
"JKH.N0000","2013-08-30",21.432357,4326840
"JKH.N0000","2013-09-02",21.242779,5817070
"JKH.N0000","2013-09-03",21.432357,3055820
"JKH.N0000","2013-09-04",21.252757,4960670
"JKH.N0000","2013-09-05",21.013289,12564280
"JKH.N0000","2013-09-06",20.893555,5996800
"JKH.N0000","2013-09-09",20.59422,7120720
"JKH.N0000","2013-09-10",20.853644,15580010
"JKH.N0000","2013-09-11",20.853644,40572980
"JKH.N0000","2013-09-12",20.943444,5554640
"JKH.N0000","2013-09-13",20.913511,30823130
"JKH.N0000","2013-09-16",21.043222,23704350
"JKH.N0000","2013-09-17",21.133023,32822770
"JKH.N0000","2013-09-18",21.152978,14870690
"JKH.N0000","2013-09-20",21.74167,13774600
"JKH.N0000","2013-09-23",21.951204,3618390
"JKH.N0000","2013-09-24",22.041004,10850920
"JKH.N0000","2013-09-25",22.240561,11982890
"JKH.N0000","2013-09-26",22.220605,1868100
"JKH.N0000","2013-09-27",21.841448,2660210
"JKH.N0000","2013-09-30",21.751648,5075640
"JKH.N0000","2013-10-01",21.851426,10342750
"JKH.N0000","2013-10-02",22.250539,35405780
"JKH.N0000","2013-10-03",21.332579,11177320
"JKH.N0000","2013-10-04",21.60198,871500
"JKH.N0000","2013-10-07",21.851426,10774500
"JKH.N0000","2013-10-08",21.851426,8826270
"JKH.N0000","2013-10-09",21.462291,1747720
"JKH.N0000","2013-10-10",21.452313,3600550
"JKH.N0000","2013-10-11",21.452313,6496130
"JKH.N0000","2013-10-14",21.452313,281970
"JKH.N0000","2013-10-15",21.701758,51325940
"JKH.N0000","2013-10-17",21.681803,10465370
"JKH.N0000","2013-10-21",21.352535,11563980
"JKH.N0000","2013-10-22",21.242779,11202580
"JKH.N0000","2013-10-23",21.252757,6955020
"JKH.N0000","2013-10-24",21.951204,1390520
"JKH.N0000","2013-10-25",22.180694,1014230
"JKH.N0000","2013-10-28",21.761625,231660
"JKH.N0000","2013-10-29",21.941226,857050
"JKH.N0000","2013-10-30",21.941226,54010
"JKH.N0000","2013-10-31",22.310406,8074850
"JKH.N0000","2013-11-01",22.440117,8137620
"JKH.N0000","2013-11-04",22.450095,2589940
"JKH.N0000","2013-11-05",22.340339,183660
"JKH.N0000","2013-11-06",22.330361,2106800
"JKH.N0000","2013-11-07",22.200649,1607670
"JKH.N0000","2013-11-08",21.891337,122630
"JKH.N0000","2013-11-11",21.791559,889530
"JKH.N0000","2013-11-12",20.933466,14240910
"JKH.N0000","2013-11-13",20.813733,11805520
"JKH.N0000","2013-11-14",20.793777,419970
"JKH.N0000","2013-11-15",20.993333,455460
"JKH.N0000","2013-11-18",21.402424,4261190
"JKH.N0000","2013-11-19",21.731692,2886530
"JKH.N0000","2013-11-20",21.751648,1052030
"JKH.N0000","2013-11-21",21.851426,279720
"JKH.N0000","2013-11-22",21.841448,355460
"JKH.N0000","2013-11-25",21.731692,168680
"JKH.N0000","2013-11-26",21.552091,1120860
"JKH.N0000","2013-11-27",21.352535,2270350
"JKH.N0000","2013-11-28",21.152978,3056580
"JKH.N0000","2013-11-29",21.043222,208830
"JKH.N0000","2013-12-02",20.943444,9735890
"JKH.N0000","2013-12-03",20.9634,2775380
"JKH.N0000","2013-12-04",20.953422,5150910
"JKH.N0000","2013-12-05",20.953422,5105560
"JKH.N0000","2013-12-06",21.003311,3208390
"JKH.N0000","2013-12-09",21.452313,4000930
"JKH.N0000","2013-12-10",21.452313,3494570
"JKH.N0000","2013-12-11",21.452313,984430
"JKH.N0000","2013-12-12",21.442335,121900
"JKH.N0000","2013-12-13",21.382468,5912830
"JKH.N0000","2013-12-17",21.552091,35963220
"JKH.N0000","2013-12-18",21.691781,3051190
"JKH.N0000","2013-12-19",22.001093,2856790
"JKH.N0000","2013-12-20",22.250539,4071390
"JKH.N0000","2013-12-23",22.110849,57080
"JKH.N0000","2013-12-24",22.070938,2460
"JKH.N0000","2013-12-26",21.951204,125410
"JKH.N0000","2013-12-27",22.450095,3713240
"JKH.N0000","2013-12-30",22.998875,8744540
"JKH.N0000","2013-12-31",22.679585,4311940
"JKH.N0000","2014-01-02",22.869163,2500330
"JKH.N0000","2014-01-03",22.83923,876630
"JKH.N0000","2014-01-06",22.69954,4191630
"JKH.N0000","2014-01-07",22.729474,4858430
"JKH.N0000","2014-01-08",23.447877,7468030
"JKH.N0000","2014-01-09",23.198431,13148450
"JKH.N0000","2014-01-10",23.128587,5266480
"JKH.N0000","2014-01-13",23.048764,3536780
"JKH.N0000","2014-01-16",23.966724,6182210
"JKH.N0000","2014-01-17",23.747212,39861940
"JKH.N0000","2014-01-20",24.216169,6307280
"JKH.N0000","2014-01-21",24.645215,2631750
"JKH.N0000","2014-01-22",24.894661,9727490
"JKH.N0000","2014-01-23",24.764949,15199290
"JKH.N0000","2014-01-24",24.645215,549880
"JKH.N0000","2014-01-27",23.866945,10140670
"JKH.N0000","2014-01-28",23.537677,3788580
"JKH.N0000","2014-01-29",24.016613,285560
"JKH.N0000","2014-01-30",23.946768,202630
"JKH.N0000","2014-01-31",23.946768,7560890
"JKH.N0000","2014-02-03",23.447877,16055580
"JKH.N0000","2014-02-05",23.168498,10366450
"JKH.N0000","2014-02-06",22.849208,10778990
"JKH.N0000","2014-02-07",22.889119,7989860
"JKH.N0000","2014-02-10",22.83923,22081270
"JKH.N0000","2014-02-11",22.430139,53306790
"JKH.N0000","2014-02-12",22.480028,2626430
"JKH.N0000","2014-02-13",22.15076,8072740
"JKH.N0000","2014-02-17",21.941226,4237690
"JKH.N0000","2014-02-18",21.791559,246820
"JKH.N0000","2014-02-19",21.452313,12643250
"JKH.N0000","2014-02-20",21.392446,3199290
"JKH.N0000","2014-02-21",21.182912,22138630
"JKH.N0000","2014-02-24",20.853644,10332760
"JKH.N0000","2014-02-25",20.584243,4488460
"JKH.N0000","2014-02-26",21.152978,1140670
"JKH.N0000","2014-02-28",22.021049,4599580
"JKH.N0000","2014-03-03",21.801537,258530
"JKH.N0000","2014-03-04",21.961182,858260
"JKH.N0000","2014-03-05",21.951204,386900
"JKH.N0000","2014-03-06",22.440117,1868690
"JKH.N0000","2014-03-07",22.74943,1276800
"JKH.N0000","2014-03-10",22.649651,1289720
"JKH.N0000","2014-03-11",22.450095,2693810
"JKH.N0000","2014-03-12",22.400206,5788690
"JKH.N0000","2014-03-13",22.230583,1929350
"JKH.N0000","2014-03-14",21.951204,3946140
"JKH.N0000","2014-03-17",21.761625,69320
"JKH.N0000","2014-03-18",21.851426,12594240
"JKH.N0000","2014-03-19",21.751648,17425960
"JKH.N0000","2014-03-20",21.761625,2064840
"JKH.N0000","2014-03-21",21.841448,82140
"JKH.N0000","2014-03-24",21.901315,533140
"JKH.N0000","2014-03-25",21.751648,6675860
"JKH.N0000","2014-03-26",21.751648,11314210
"JKH.N0000","2014-03-27",22.230583,3150880
"JKH.N0000","2014-03-28",22.450095,12592160
"JKH.N0000","2014-03-31",22.649651,1370150
"JKH.N0000","2014-04-01",23.178476,1720270
"JKH.N0000","2014-04-02",23.348099,38122150
"JKH.N0000","2014-04-03",23.218387,90246220
"JKH.N0000","2014-04-04",23.218387,18883060
"JKH.N0000","2014-04-07",23.38801,2832190
"JKH.N0000","2014-04-08",23.827034,4824670
"JKH.N0000","2014-04-09",23.93679,3553980
"JKH.N0000","2014-04-10",23.747212,370390
"JKH.N0000","2014-04-11",23.747212,6225740
"JKH.N0000","2014-04-16",23.747212,12330310
"JKH.N0000","2014-04-17",23.747212,985150
"JKH.N0000","2014-04-21",23.84699,6383220
"JKH.N0000","2014-04-22",23.93679,4321390
"JKH.N0000","2014-04-23",23.84699,2556870
"JKH.N0000","2014-04-24",23.697323,13077010
"JKH.N0000","2014-04-25",23.437899,47930
"JKH.N0000","2014-04-28",23.447877,1452210
"JKH.N0000","2014-04-29",23.747212,694840
"JKH.N0000","2014-04-30",23.747212,7515660
"JKH.N0000","2014-05-02",23.647433,343080
"JKH.N0000","2014-05-05",23.447877,2248020
"JKH.N0000","2014-05-06",23.358077,1208250
"JKH.N0000","2014-05-07",23.447877,7442340
"JKH.N0000","2014-05-08",23.407966,2010960
"JKH.N0000","2014-05-09",23.427921,3338450
"JKH.N0000","2014-05-12",23.447877,3592260
"JKH.N0000","2014-05-13",23.397988,59650
"JKH.N0000","2014-05-16",23.447877,36374630
"JKH.N0000","2014-05-19",23.348099,2660920
"JKH.N0000","2014-05-20",23.348099,2129550
"JKH.N0000","2014-05-21",23.308188,3183540
"JKH.N0000","2014-05-22",23.188454,659620
"JKH.N0000","2014-05-23",23.348099,12392860
"JKH.N0000","2014-05-26",23.348099,1645360
"JKH.N0000","2014-05-27",23.258298,230230
"JKH.N0000","2014-05-28",23.248321,143010
"JKH.N0000","2014-05-29",23.348099,13195190
"JKH.N0000","2014-05-30",23.348099,4722820
"JKH.N0000","2014-06-02",23.447877,3631450
"JKH.N0000","2014-06-03",23.447877,137020
"JKH.N0000","2014-06-04",23.447877,21956600
"JKH.N0000","2014-06-05",23.447877,22276690
"JKH.N0000","2014-06-06",23.437899,3454840
"JKH.N0000","2014-06-09",23.427921,32352070
"JKH.N0000","2014-06-10",23.397988,4440600
"JKH.N0000","2014-06-11",23.397988,32860040
"JKH.N0000","2014-06-13",23.348099,6862410
"JKH.N0000","2014-06-16",23.348099,1398630
"JKH.N0000","2014-06-17",23.208409,3605890
"JKH.N0000","2014-06-18",22.659629,695570
"JKH.N0000","2014-06-19",22.160738,7914650
"JKH.N0000","2014-06-20",22.021049,12205280
"JKH.N0000","2014-06-23",21.951204,8460030
"JKH.N0000","2014-06-24",22.130805,14183080
"JKH.N0000","2014-06-25",22.340339,11014450
"JKH.N0000","2014-06-26",22.230583,1382700
"JKH.N0000","2014-06-27",21.961182,17395190
"JKH.N0000","2014-06-30",21.941226,22335820
"JKH.N0000","2014-07-01",22.180694,12465640
"JKH.N0000","2014-07-02",22.559851,2237970
"JKH.N0000","2014-07-03",22.240561,7729180
"JKH.N0000","2014-07-04",22.450095,3438050
"JKH.N0000","2014-07-07",22.659629,10817860
"JKH.N0000","2014-07-08",23.407966,7768920
"JKH.N0000","2014-07-09",23.7073,5182380
"JKH.N0000","2014-07-10",23.946768,24788830
"JKH.N0000","2014-07-11",23.946768,9077930
"JKH.N0000","2014-07-14",23.976701,1189560
"JKH.N0000","2014-07-15",24.186236,5682290
"JKH.N0000","2014-07-16",24.435681,16319420
"JKH.N0000","2014-07-17",24.445659,11416540
"JKH.N0000","2014-07-18",24.445659,9176900
"JKH.N0000","2014-07-21",24.615282,1646360
"JKH.N0000","2014-07-22",24.39577,10894880
"JKH.N0000","2014-07-23",23.93679,2081670
"JKH.N0000","2014-07-24",23.926812,3594470
"JKH.N0000","2014-07-25",23.817056,301780
"JKH.N0000","2014-07-28",23.747212,672470
"JKH.N0000","2014-07-30",23.647433,6165900
"JKH.N0000","2014-07-31",23.627478,3483190
"JKH.N0000","2014-08-01",23.497766,2550570
"JKH.N0000","2014-08-04",23.647433,435070
"JKH.N0000","2014-08-05",23.637456,4765580
"JKH.N0000","2014-08-06",23.747212,13395400
"JKH.N0000","2014-08-07",23.946768,21210120
"JKH.N0000","2014-08-08",23.866945,7279340
"JKH.N0000","2014-08-11",23.896879,3636290
"JKH.N0000","2014-08-12",23.747212,4948130
"JKH.N0000","2014-08-13",23.856968,498120
"JKH.N0000","2014-08-14",23.837012,10964670
"JKH.N0000","2014-08-15",23.747212,74541450
"JKH.N0000","2014-08-18",23.946768,40427840
"JKH.N0000","2014-08-19",24.385792,30354620
"JKH.N0000","2014-08-20",24.445659,2301880
"JKH.N0000","2014-08-21",24.814838,5073540
"JKH.N0000","2014-08-22",24.445659,42626280
"JKH.N0000","2014-08-25",24.246103,11162390
"JKH.N0000","2014-08-26",24.146324,17775300
"JKH.N0000","2014-08-27",24.445659,1566900
"JKH.N0000","2014-08-28",24.834794,1302250
"JKH.N0000","2014-08-29",24.844772,2789620
"JKH.N0000","2014-09-01",24.894661,2440940
"JKH.N0000","2014-09-02",24.705082,36160
"JKH.N0000","2014-09-03",24.894661,7705990
"JKH.N0000","2014-09-04",24.934572,11754070
"JKH.N0000","2014-09-05",24.94455,8897660
"JKH.N0000","2014-09-09",25.553197,13874110
"JKH.N0000","2014-09-10",25.852532,9578390
"JKH.N0000","2014-09-11",25.842554,10761280
"JKH.N0000","2014-09-12",25.892443,1095430
"JKH.N0000","2014-09-15",25.772709,931010
"JKH.N0000","2014-09-16",25.732798,5546780
"JKH.N0000","2014-09-17",25.742776,18601660
"JKH.N0000","2014-09-18",25.72282,11504980
"JKH.N0000","2014-09-19",25.613064,5245920
"JKH.N0000","2014-09-22",25.353641,1857250
"JKH.N0000","2014-09-23",25.333685,19727620
"JKH.N0000","2014-09-24",25.423485,4299490
"JKH.N0000","2014-09-25",25.293774,169550
"JKH.N0000","2014-09-26",25.064284,45361400
"JKH.N0000","2014-09-29",25.044328,85749630
"JKH.N0000","2014-09-30",25.313729,79153840
"JKH.N0000","2014-10-01",25.513286,5471640
"JKH.N0000","2014-10-02",26.002199,15701110
"JKH.N0000","2014-10-03",25.922376,15332270
"JKH.N0000","2014-10-07",25.253862,13738440
"JKH.N0000","2014-10-09",25.144106,10535220
"JKH.N0000","2014-10-10",25.03435,27487880
"JKH.N0000","2014-10-13",24.874705,9470740
"JKH.N0000","2014-10-14",24.655193,4915820
"JKH.N0000","2014-10-15",24.934572,1520110
"JKH.N0000","2014-10-16",24.94455,6172140
"JKH.N0000","2014-10-17",24.744994,1916780
"JKH.N0000","2014-10-20",24.665171,2408450
"JKH.N0000","2014-10-21",24.595326,11333530
"JKH.N0000","2014-10-23",24.924594,14135730
"JKH.N0000","2014-10-24",24.744994,5762960
"JKH.N0000","2014-10-27",24.934572,5497960
"JKH.N0000","2014-10-28",24.85475,30752750
"JKH.N0000","2014-10-29",24.924594,25414870
"JKH.N0000","2014-10-30",25.443441,19435060
"JKH.N0000","2014-10-31",25.662953,9511690
"JKH.N0000","2014-11-03",25.642997,11490410
"JKH.N0000","2014-11-04",25.253862,2108470
"JKH.N0000","2014-11-05",25.443441,19460970
"JKH.N0000","2014-11-07",25.742776,16636270
"JKH.N0000","2014-11-10",25.832576,8966370
"JKH.N0000","2014-11-11",25.742776,14883430
"JKH.N0000","2014-11-12",25.81262,1626040
"JKH.N0000","2014-11-13",25.81262,14922310
"JKH.N0000","2014-11-14",25.732798,72430
"JKH.N0000","2014-11-17",25.443441,63690
"JKH.N0000","2014-11-18",25.243885,1191150
"JKH.N0000","2014-11-19",25.253862,1301670
"JKH.N0000","2014-11-20",25.393552,3935830
"JKH.N0000","2014-11-21",25.26384,5337780
"JKH.N0000","2014-11-24",24.695104,1265610
"JKH.N0000","2014-11-25",24.405748,2945630
"JKH.N0000","2014-11-26",24.146324,16257170
"JKH.N0000","2014-11-27",24.16628,3067050
"JKH.N0000","2014-11-28",24.026591,2404140
"JKH.N0000","2014-12-01",24.455637,2577740
"JKH.N0000","2014-12-02",24.565393,1737560
"JKH.N0000","2014-12-03",25.323707,18963820
"JKH.N0000","2014-12-04",25.323707,1253520
"JKH.N0000","2014-12-05",25.144106,2034110
"JKH.N0000","2014-12-08",24.85475,1124180
"JKH.N0000","2014-12-09",24.984461,4303280
"JKH.N0000","2014-12-10",25.363618,4294540
"JKH.N0000","2014-12-11",25.443441,13827500
"JKH.N0000","2014-12-12",25.253862,419700
"JKH.N0000","2014-12-15",25.144106,2046420
"JKH.N0000","2014-12-16",24.94455,4493300
"JKH.N0000","2014-12-17",24.565393,7516780
"JKH.N0000","2014-12-18",24.645215,7950460
"JKH.N0000","2014-12-19",25.074262,1010570
"JKH.N0000","2014-12-22",24.94455,917330
"JKH.N0000","2014-12-23",24.874705,2282360
"JKH.N0000","2014-12-24",24.94455,2107250
"JKH.N0000","2014-12-26",24.94455,112400
"JKH.N0000","2014-12-29",24.794883,2426320
"JKH.N0000","2014-12-30",24.864727,7807740
"JKH.N0000","2014-12-31",24.94455,3019360
"JKH.N0000","2015-01-02",24.744994,1805490
"JKH.N0000","2015-01-06",24.445659,15202280
"JKH.N0000","2015-01-07",24.365836,2416110
"JKH.N0000","2015-01-08",24.315947,7915650
"JKH.N0000","2015-01-09",24.146324,3963790
"JKH.N0000","2015-01-12",24.096435,9901150
"JKH.N0000","2015-01-13",24.126369,13913190
"JKH.N0000","2015-01-16",24.006635,2832110
"JKH.N0000","2015-01-19",23.657411,2548760
"JKH.N0000","2015-01-20",23.447877,3949730
"JKH.N0000","2015-01-21",22.889119,2444840
"JKH.N0000","2015-01-22",22.569829,8595730
"JKH.N0000","2015-01-23",22.250539,3339550
"JKH.N0000","2015-01-26",22.899097,1647720
"JKH.N0000","2015-01-27",23.437899,11754690
"JKH.N0000","2015-01-28",23.328143,6931770
"JKH.N0000","2015-01-29",22.450095,5866280
"JKH.N0000","2015-01-30",21.342557,6968240
"JKH.N0000","2015-02-02",19.965618,24687670
"JKH.N0000","2015-02-05",20.254975,65359170
"JKH.N0000","2015-02-06",20.833688,30919330
"JKH.N0000","2015-02-09",21.143001,13011060
"JKH.N0000","2015-02-10",21.841448,20786280
"JKH.N0000","2015-02-11",21.941226,9104040
"JKH.N0000","2015-02-12",21.701758,2851620
"JKH.N0000","2015-02-13",21.502202,3387930
"JKH.N0000","2015-02-16",21.252757,1931630
"JKH.N0000","2015-02-18",20.953422,5493780
"JKH.N0000","2015-02-19",20.763843,10023220
"JKH.N0000","2015-02-20",20.753866,7092560
"JKH.N0000","2015-02-23",20.703977,4979260
"JKH.N0000","2015-02-24",20.654087,5710810
"JKH.N0000","2015-02-25",20.554309,7781680
"JKH.N0000","2015-02-26",20.444553,16921840
"JKH.N0000","2015-02-27",20.424598,3889060
"JKH.N0000","2015-03-02",20.454531,4094400
"JKH.N0000","2015-03-03",20.444553,21998740
"JKH.N0000","2015-03-04",20.444553,2910940
"JKH.N0000","2015-03-06",20.444553,13016640
"JKH.N0000","2015-03-09",20.434575,2301860
"JKH.N0000","2015-03-10",20.404642,2584350
"JKH.N0000","2015-03-11",20.404642,4044930
"JKH.N0000","2015-03-12",20.654087,3000950
"JKH.N0000","2015-03-13",20.654087,310470
"JKH.N0000","2015-03-16",20.454531,6665850
"JKH.N0000","2015-03-17",20.444553,10489380
"JKH.N0000","2015-03-18",20.753866,9826040
"JKH.N0000","2015-03-19",20.624154,150830
"JKH.N0000","2015-03-20",20.654087,686900
"JKH.N0000","2015-03-23",20.703977,1122060
"JKH.N0000","2015-03-24",20.50442,415120
"JKH.N0000","2015-03-25",20.444553,1112840
"JKH.N0000","2015-03-26",20.155196,3638960
"JKH.N0000","2015-03-27",20.005529,7486950
"JKH.N0000","2015-03-30",19.656305,1568610
"JKH.N0000","2015-03-31",19.86584,3047880
"JKH.N0000","2015-04-01",20.085352,500600
"JKH.N0000","2015-04-02",20.205086,1767580
"JKH.N0000","2015-04-06",20.155196,124640
"JKH.N0000","2015-04-07",20.155196,5681570
"JKH.N0000","2015-04-08",20.394664,2171120
"JKH.N0000","2015-04-09",20.394664,7208610
"JKH.N0000","2015-04-10",20.205086,589150
"JKH.N0000","2015-04-15",20.64411,6573110
"JKH.N0000","2015-04-16",20.853644,5520570
"JKH.N0000","2015-04-17",20.853644,2891140
"JKH.N0000","2015-04-20",20.753866,4482050
"JKH.N0000","2015-04-21",20.654087,229850
"JKH.N0000","2015-04-22",20.703977,180870
"JKH.N0000","2015-04-23",20.574265,734450
"JKH.N0000","2015-04-24",20.654087,218310
"JKH.N0000","2015-04-27",20.753866,1907310
"JKH.N0000","2015-04-28",20.703977,3959590
"JKH.N0000","2015-04-29",20.654087,4095010
"JKH.N0000","2015-04-30",20.564287,1032430
"JKH.N0000","2015-05-05",20.554309,4479150
"JKH.N0000","2015-05-06",20.614176,1013980
"JKH.N0000","2015-05-07",20.454531,2259050
"JKH.N0000","2015-05-08",20.404642,207330
"JKH.N0000","2015-05-11",20.254975,3933940
"JKH.N0000","2015-05-12",20.205086,2799770
"JKH.N0000","2015-05-13",20.055418,2911560
"JKH.N0000","2015-05-14",19.95564,6169590
"JKH.N0000","2015-05-15",19.95564,2109990
"JKH.N0000","2015-05-18",20.055418,6158130
"JKH.N0000","2015-05-19",20.155196,1993250
"JKH.N0000","2015-05-20",20.444553,1250950
"JKH.N0000","2015-05-21",20.354753,341820
"JKH.N0000","2015-05-22",20.145219,462030
"JKH.N0000","2015-05-25",20.005529,1314240
"JKH.N0000","2015-05-26",19.975596,1409360
"JKH.N0000","2015-05-27",20.005529,1072310
"JKH.N0000","2015-05-28",19.95564,5125270
"JKH.N0000","2015-05-29",19.456749,6746990
"JKH.N0000","2015-06-01",19.356971,7146250
"JKH.N0000","2015-06-03",19.327037,1920120
"JKH.N0000","2015-06-04",19.157414,3723390
"JKH.N0000","2015-06-05",19.456749,947290
"JKH.N0000","2015-06-08",18.957858,6578120
"JKH.N0000","2015-06-09",19.067614,409180
"JKH.N0000","2015-06-10",19.007747,1821240
"JKH.N0000","2015-06-11",19.057636,2562230
"JKH.N0000","2015-06-12",19.40686,1583850
"JKH.N0000","2015-06-15",19.356971,5486690
"JKH.N0000","2015-06-16",19.277148,2842410
"JKH.N0000","2015-06-17",19.656305,2306600
"JKH.N0000","2015-06-18",19.805973,554740
"JKH.N0000","2015-06-19",19.766061,666280
"JKH.N0000","2015-06-22",19.965618,706530
"JKH.N0000","2015-06-23",20.604198,4973270
"JKH.N0000","2015-06-24",20.624154,503690
"JKH.N0000","2015-06-25",20.364731,3773470
"JKH.N0000","2015-06-26",20.354753,762280
"JKH.N0000","2015-07-03",18.159632,3065940
"JKH.N0000","2015-07-06",18.159632,1762680
"JKH.N0000","2015-07-07",17.960076,3489600
"JKH.N0000","2015-07-08",17.471163,2640040
"JKH.N0000","2015-07-09",17.860298,352730
"JKH.N0000","2015-07-10",18.299322,3857930
"JKH.N0000","2015-07-13",18.259411,744920
"JKH.N0000","2015-07-14",18.289344,4427710
"JKH.N0000","2015-07-15",18.359189,2221520
"JKH.N0000","2015-07-16",18.259411,2953170
"JKH.N0000","2015-07-17",18.259411,3169350
"JKH.N0000","2015-07-20",18.419056,742470
"JKH.N0000","2015-07-21",18.548767,747820
"JKH.N0000","2015-07-22",18.927925,5815910
"JKH.N0000","2015-07-23",19.047658,4130540
"JKH.N0000","2015-07-24",19.257193,6076940
"JKH.N0000","2015-07-27",19.40686,6991660
"JKH.N0000","2015-07-28",19.456749,13157660
"JKH.N0000","2015-07-29",19.706195,5515620
"JKH.N0000","2015-07-30",19.686239,4619670
"JKH.N0000","2015-08-03",19.356971,2009280
"JKH.N0000","2015-08-04",19.157414,1203870
"JKH.N0000","2015-08-05",19.157414,2314500
"JKH.N0000","2015-08-06",19.17737,479400
"JKH.N0000","2015-08-07",19.157414,464890
"JKH.N0000","2015-08-10",19.047658,411600
"JKH.N0000","2015-08-11",19.456749,1701480
"JKH.N0000","2015-08-12",19.257193,551260
"JKH.N0000","2015-08-13",19.157414,1733930
"JKH.N0000","2015-08-14",19.137459,946700
"JKH.N0000","2015-08-18",18.957858,1642080
"JKH.N0000","2015-08-19",19.057636,2395320
"JKH.N0000","2015-08-20",19.047658,523730
"JKH.N0000","2015-08-21",18.957858,776990
"JKH.N0000","2015-08-24",18.3093,5608500
"JKH.N0000","2015-08-25",17.950098,11453440
"JKH.N0000","2015-08-26",17.76052,67535120
"JKH.N0000","2015-08-27",17.890231,3609090
"JKH.N0000","2015-08-28",18.329255,3208540
"JKH.N0000","2015-08-31",17.960076,1787400
"JKH.N0000","2015-09-01",17.960076,472550
"JKH.N0000","2015-09-02",17.610852,5385400
"JKH.N0000","2015-09-03",17.660741,3254580
"JKH.N0000","2015-09-04",17.660741,1089310
"JKH.N0000","2015-09-07",17.730586,2924170
"JKH.N0000","2015-09-08",17.421274,5555110
"JKH.N0000","2015-09-09",17.471163,849670
"JKH.N0000","2015-09-10",17.461185,1783430
"JKH.N0000","2015-09-11",17.461185,711330
"JKH.N0000","2015-09-14",17.361407,4693570
"JKH.N0000","2015-09-15",17.431252,1998410
"JKH.N0000","2015-09-16",17.461185,658800
"JKH.N0000","2015-09-17",17.261629,589640
"JKH.N0000","2015-09-18",17.21174,10446740
"JKH.N0000","2015-09-21",17.261629,2921780
"JKH.N0000","2015-09-22",17.560963,6575780
"JKH.N0000","2015-09-23",17.361407,3101240
"JKH.N0000","2015-09-25",17.461185,5429240
"JKH.N0000","2015-09-28",17.261629,6768690
"JKH.N0000","2015-09-29",17.21174,4385180
"JKH.N0000","2015-09-30",16.932361,8163710
"JKH.N0000","2015-10-01",16.962294,5124500
"JKH.N0000","2015-10-02",16.962294,1216060
"JKH.N0000","2015-10-05",16.762738,1648710
"JKH.N0000","2015-10-06",16.952316,783140
"JKH.N0000","2015-10-07",17.07205,4290130
"JKH.N0000","2015-10-08",17.241673,1666030
"JKH.N0000","2015-10-09",16.962294,1839990
"JKH.N0000","2015-10-12",16.962294,1025760
"JKH.N0000","2015-10-13",16.972272,3479100
"JKH.N0000","2015-10-14",16.962294,430170
"JKH.N0000","2015-10-15",17.012183,1659600
"JKH.N0000","2015-10-16",16.962294,2582320
"JKH.N0000","2015-10-19",17.012183,885300
"JKH.N0000","2015-10-20",17.111961,8075140
"JKH.N0000","2015-10-21",17.16185,2686410
"JKH.N0000","2015-10-22",17.461185,1410630
"JKH.N0000","2015-10-23",17.660741,3734670
"JKH.N0000","2015-10-26",17.670719,262970
"JKH.N0000","2015-10-28",17.970054,2316370
"JKH.N0000","2015-10-29",17.960076,3525930
"JKH.N0000","2015-10-30",17.541008,626840
"JKH.N0000","2015-11-02",17.560963,662840
"JKH.N0000","2015-11-03",17.710631,2772860
"JKH.N0000","2015-11-04",17.860298,2369940
"JKH.N0000","2015-11-05",18.119721,3227620
"JKH.N0000","2015-11-06",18.598656,20466290
"JKH.N0000","2015-11-09",18.359189,7398580
"JKH.N0000","2015-11-11",18.359189,9275780
"JKH.N0000","2015-11-12",18.369167,5408180
"JKH.N0000","2015-11-13",18.359189,7269830
"JKH.N0000","2015-11-16",18.259411,1568760
"JKH.N0000","2015-11-17",18.379144,1857970
"JKH.N0000","2015-11-18",18.259411,3633880
"JKH.N0000","2015-11-19",18.508856,3530020
"JKH.N0000","2015-11-20",18.558745,3557060
"JKH.N0000","2015-11-23",18.85808,2324300
"JKH.N0000","2015-11-24",18.808191,7020560
"JKH.N0000","2015-11-26",18.558745,14234520
"JKH.N0000","2015-11-27",18.359189,1404400
"JKH.N0000","2015-11-30",17.960076,21071060
"JKH.N0000","2015-12-01",18.139677,2472000
"JKH.N0000","2015-12-02",17.960076,1154790
"JKH.N0000","2015-12-03",18.099765,3683940
"JKH.N0000","2015-12-04",17.910187,2300960
"JKH.N0000","2015-12-07",17.94012,2039890
"JKH.N0000","2015-12-08",17.950098,3547900
"JKH.N0000","2015-12-09",17.860298,1231100
"JKH.N0000","2015-12-10",17.750542,3575920
"JKH.N0000","2015-12-11",17.550985,1467470
"JKH.N0000","2015-12-14",17.331473,1398340
"JKH.N0000","2015-12-15",17.550985,287570
"JKH.N0000","2015-12-16",17.550985,524600
"JKH.N0000","2015-12-17",17.560963,6849510
"JKH.N0000","2015-12-18",17.950098,1823440
"JKH.N0000","2015-12-21",17.950098,5171340
"JKH.N0000","2015-12-22",17.461185,1480740
"JKH.N0000","2015-12-23",17.740564,1358820
"JKH.N0000","2015-12-28",17.85032,1167400
"JKH.N0000","2015-12-29",17.85032,593540
"JKH.N0000","2015-12-30",17.860298,1053810
"JKH.N0000","2015-12-31",17.810409,1712760
"JKH.N0000","2016-01-04",17.660741,1606780
"JKH.N0000","2016-01-05",17.660741,106040
"JKH.N0000","2016-01-06",17.560963,1337450
"JKH.N0000","2016-01-07",17.261629,1090660
"JKH.N0000","2016-01-08",17.171828,202940
"JKH.N0000","2016-01-11",16.912405,3182160
"JKH.N0000","2016-01-12",16.623048,4811430
"JKH.N0000","2016-01-13",16.75276,2116600
"JKH.N0000","2016-01-14",16.553203,5874900
"JKH.N0000","2016-01-18",16.014401,12272960
"JKH.N0000","2016-01-19",15.964512,1761810
"JKH.N0000","2016-01-20",15.705089,2068790
"JKH.N0000","2016-01-21",15.645222,4822080
"JKH.N0000","2016-01-22",15.814845,1317890
"JKH.N0000","2016-01-25",15.685133,9653120
"JKH.N0000","2016-01-26",15.345887,9985870
"JKH.N0000","2016-01-27",15.365843,3295640
"JKH.N0000","2016-01-28",15.335909,7185740
"JKH.N0000","2016-01-29",15.385798,1141420
"JKH.N0000","2016-02-01",15.665177,2934740
"JKH.N0000","2016-02-02",16.144113,4718560
"JKH.N0000","2016-02-03",15.914623,4696690
"JKH.N0000","2016-02-05",16.263847,2357180
"JKH.N0000","2016-02-08",16.353647,452040
"JKH.N0000","2016-02-09",16.223935,4037820
"JKH.N0000","2016-02-10",16.343669,3217250
"JKH.N0000","2016-02-11",15.874712,1212740
"JKH.N0000","2016-02-12",15.475599,4658950
"JKH.N0000","2016-02-15",15.565399,7361660
"JKH.N0000","2016-02-16",15.745,4439370
"JKH.N0000","2016-02-17",15.665177,7973080
"JKH.N0000","2016-02-18",15.685133,3697410
"JKH.N0000","2016-02-19",15.764956,3197160
"JKH.N0000","2016-02-23",15.954534,3603830
"JKH.N0000","2016-02-24",15.914623,6596670
"JKH.N0000","2016-02-25",15.874712,9772490
"JKH.N0000","2016-02-26",15.874712,40610260
"JKH.N0000","2016-02-29",15.874712,695980
"JKH.N0000","2016-03-01",15.764956,1287130
"JKH.N0000","2016-03-02",15.685133,2759970
"JKH.N0000","2016-03-03",15.365843,1135900
"JKH.N0000","2016-03-04",15.365843,1800650
"JKH.N0000","2016-03-08",15.325932,3184840
"JKH.N0000","2016-03-09",15.066508,13206000
"JKH.N0000","2016-03-10",15.266065,1115430
"JKH.N0000","2016-03-11",15.345887,308630
"JKH.N0000","2016-03-14",15.016619,12209790
"JKH.N0000","2016-03-15",14.996663,1697390
"JKH.N0000","2016-03-16",15.166286,1733810
"JKH.N0000","2016-03-17",15.066508,2301540
"JKH.N0000","2016-03-18",15.016619,382120
"JKH.N0000","2016-03-21",14.976708,11687130
"JKH.N0000","2016-03-23",15.116397,3977260
"JKH.N0000","2016-03-24",15.166286,767240
"JKH.N0000","2016-03-28",15.016619,1050750
"JKH.N0000","2016-03-29",14.767174,1186690
"JKH.N0000","2016-03-30",14.767174,17307900
"JKH.N0000","2016-03-31",14.866952,5116290
"JKH.N0000","2016-04-01",14.866952,4944880
"JKH.N0000","2016-04-04",14.767174,10868650
"JKH.N0000","2016-04-05",14.87693,594880
"JKH.N0000","2016-04-06",14.96673,7625890
"JKH.N0000","2016-04-07",15.166286,704180
"JKH.N0000","2016-04-08",15.116397,298660
"JKH.N0000","2016-04-11",15.066508,11858140
"JKH.N0000","2016-04-12",15.345887,1017180
"JKH.N0000","2016-04-15",15.136353,3579750
"JKH.N0000","2016-04-18",15.176264,10213970
"JKH.N0000","2016-04-19",15.166286,13745350
"JKH.N0000","2016-04-20",15.465621,5301520
"JKH.N0000","2016-04-22",15.485577,4367000
"JKH.N0000","2016-04-25",15.166286,10305130
"JKH.N0000","2016-04-26",15.465621,285120
"JKH.N0000","2016-04-27",15.415732,2012220
"JKH.N0000","2016-04-28",15.365843,836470
"JKH.N0000","2016-04-29",15.51551,5432000
"JKH.N0000","2016-05-03",15.764956,545190
"JKH.N0000","2016-05-04",15.675155,444630
"JKH.N0000","2016-05-05",15.665177,3077820
"JKH.N0000","2016-05-06",15.665177,159830
"JKH.N0000","2016-05-09",15.764956,2564380
"JKH.N0000","2016-05-10",16.114179,34004020
"JKH.N0000","2016-05-11",16.154091,586250
"JKH.N0000","2016-05-12",16.343669,2293970
"JKH.N0000","2016-05-13",16.413514,802240
"JKH.N0000","2016-05-16",16.413514,2102450
"JKH.N0000","2016-05-17",16.194002,3721650
"JKH.N0000","2016-05-18",15.964512,8636050
"JKH.N0000","2016-05-19",15.764956,596490
"JKH.N0000","2016-05-20",15.764956,4505490
"JKH.N0000","2016-05-24",15.705089,930530
"JKH.N0000","2016-05-25",15.764956,5084720
"JKH.N0000","2016-05-26",15.42571,871130
"JKH.N0000","2016-05-27",15.565399,2941560
"JKH.N0000","2016-05-30",15.565399,14461640
"JKH.N0000","2016-05-31",15.565399,21653820
"JKH.N0000","2016-06-01",15.555421,14188880
"JKH.N0000","2016-06-02",15.565399,1785590
"JKH.N0000","2016-06-03",15.615288,800950
"JKH.N0000","2016-06-06",15.565399,1584260
"JKH.N0000","2016-06-07",15.6552,14014410
"JKH.N0000","2016-06-08",15.665177,266940
"JKH.N0000","2016-06-09",15.804867,1027380
"JKH.N0000","2016-06-10",15.864734,1160120
"JKH.N0000","2016-06-13",15.994445,3790980
"JKH.N0000","2016-06-14",16.074268,14933110
"JKH.N0000","2016-06-15",15.874712,2195860
"JKH.N0000","2016-06-16",15.665177,971820
"JKH.N0000","2016-06-17",15.764956,2433000
"JKH.N0000","2016-06-20",15.954534,415780
"JKH.N0000","2016-06-21",15.864734,180180
"JKH.N0000","2016-06-22",15.754978,506720
"JKH.N0000","2016-06-23",15.565399,346950
"JKH.N0000","2016-06-24",15.565399,1344440
"JKH.N0000","2016-06-30",13.470057,8612440
"JKH.N0000","2016-07-01",13.470057,1304960
"JKH.N0000","2016-07-04",13.519946,837450
"JKH.N0000","2016-07-05",13.86917,945600
"JKH.N0000","2016-07-07",13.968948,5734030
"JKH.N0000","2016-07-08",14.038793,1253300
"JKH.N0000","2016-07-11",14.128593,3047940
"JKH.N0000","2016-07-12",14.038793,1489370
"JKH.N0000","2016-07-13",14.038793,544450
"JKH.N0000","2016-07-14",13.968948,523380
"JKH.N0000","2016-07-15",13.968948,1102190
"JKH.N0000","2016-07-18",14.168504,5246230
"JKH.N0000","2016-07-20",14.397994,1511170
"JKH.N0000","2016-07-21",14.358083,702340
"JKH.N0000","2016-07-22",14.268283,189860
"JKH.N0000","2016-07-25",14.228371,80870
"JKH.N0000","2016-07-26",14.018837,463480
"JKH.N0000","2016-07-27",13.978926,827080
"JKH.N0000","2016-07-28",13.968948,2419890
"JKH.N0000","2016-07-29",14.018837,824990
"JKH.N0000","2016-08-01",14.048771,5871230
"JKH.N0000","2016-08-02",14.368061,7935580
"JKH.N0000","2016-08-03",14.41795,17295070
"JKH.N0000","2016-08-04",14.467839,3845080
"JKH.N0000","2016-08-05",14.657418,288260
"JKH.N0000","2016-08-08",14.607528,1505500
"JKH.N0000","2016-08-09",14.96673,3406230
"JKH.N0000","2016-08-10",15.216175,7608860
"JKH.N0000","2016-08-11",15.256087,834560
"JKH.N0000","2016-08-12",15.465621,5161140
"JKH.N0000","2016-08-15",15.505532,1038300
"JKH.N0000","2016-08-16",15.625266,7190690
"JKH.N0000","2016-08-18",15.754978,9166140
"JKH.N0000","2016-08-19",15.764956,8773350
"JKH.N0000","2016-08-22",15.804867,1793390
"JKH.N0000","2016-08-23",15.565399,1271440
"JKH.N0000","2016-08-24",15.51551,1271440
"JKH.N0000","2016-08-25",15.365843,365520
"JKH.N0000","2016-08-26",15.066508,2280180
"JKH.N0000","2016-08-29",15.166286,349520
"JKH.N0000","2016-08-30",15.116397,111150
"JKH.N0000","2016-08-31",15.216175,5881750
"JKH.N0000","2016-09-01",15.325932,3436430
"JKH.N0000","2016-09-02",15.315954,543350
"JKH.N0000","2016-09-05",15.216175,835330
"JKH.N0000","2016-09-06",15.046553,1668300
"JKH.N0000","2016-09-07",14.96673,1882380
"JKH.N0000","2016-09-08",14.906863,1729020
"JKH.N0000","2016-09-09",14.866952,2983000
"JKH.N0000","2016-09-13",14.916841,4919210
"JKH.N0000","2016-09-14",14.906863,2000040
"JKH.N0000","2016-09-15",14.856974,841780
"JKH.N0000","2016-09-19",14.866952,708990
"JKH.N0000","2016-09-20",14.866952,1055910
"JKH.N0000","2016-09-21",15.166286,10720490
"JKH.N0000","2016-09-22",15.166286,1413160
"JKH.N0000","2016-09-23",14.96673,3937800
"JKH.N0000","2016-09-26",15.016619,1790150
"JKH.N0000","2016-09-27",15.166286,3472810
"JKH.N0000","2016-09-28",15.256087,2393980
"JKH.N0000","2016-09-29",15.266065,2185140
"JKH.N0000","2016-09-30",15.365843,1783840
"JKH.N0000","2016-10-03",15.565399,7092080
"JKH.N0000","2016-10-04",15.465621,708400
"JKH.N0000","2016-10-05",15.585355,3244570
"JKH.N0000","2016-10-06",15.675155,3693630
"JKH.N0000","2016-10-07",15.715066,1182740
"JKH.N0000","2016-10-10",15.715066,3044620
"JKH.N0000","2016-10-11",15.545444,820470
"JKH.N0000","2016-10-12",15.415732,990220
"JKH.N0000","2016-10-13",15.236131,1934120
"JKH.N0000","2016-10-14",15.166286,303790
"JKH.N0000","2016-10-17",15.066508,2414900
"JKH.N0000","2016-10-18",14.96673,1008780
"JKH.N0000","2016-10-19",15.066508,9323680
"JKH.N0000","2016-10-20",14.96673,3738560
"JKH.N0000","2016-10-21",15.016619,5435540
"JKH.N0000","2016-10-24",15.016619,2274780
"JKH.N0000","2016-10-25",14.96673,83960
"JKH.N0000","2016-10-26",14.96673,267240
"JKH.N0000","2016-10-27",14.936797,141110
"JKH.N0000","2016-10-28",14.846996,614210
"JKH.N0000","2016-10-31",14.866952,105060
"JKH.N0000","2016-11-01",14.916841,513350
"JKH.N0000","2016-11-02",14.96673,6386790
"JKH.N0000","2016-11-03",15.166286,1716390
"JKH.N0000","2016-11-04",15.096442,3869300
"JKH.N0000","2016-11-07",15.146331,9297100
"JKH.N0000","2016-11-08",15.116397,417710
"JKH.N0000","2016-11-09",14.96673,3189110
"JKH.N0000","2016-11-10",14.926819,667760
"JKH.N0000","2016-11-11",14.916841,166510
"JKH.N0000","2016-11-15",14.717285,12440740
"JKH.N0000","2016-11-16",14.667395,15630880
"JKH.N0000","2016-11-17",14.517728,3447950
"JKH.N0000","2016-11-18",14.567617,1787160
"JKH.N0000","2016-11-21",14.368061,6507350
"JKH.N0000","2016-11-22",14.467839,9903880
"JKH.N0000","2016-11-23",14.567617,1721410
"JKH.N0000","2016-11-24",14.567617,336110
"JKH.N0000","2016-11-25",14.517728,493940
"JKH.N0000","2016-11-28",14.547662,1274970
"JKH.N0000","2016-11-29",14.467839,5751580
"JKH.N0000","2016-11-30",14.96673,7957070
"JKH.N0000","2016-12-01",14.96673,26286570
"JKH.N0000","2016-12-02",15.116397,8704180
"JKH.N0000","2016-12-05",15.156309,29861990
"JKH.N0000","2016-12-06",15.116397,667840
"JKH.N0000","2016-12-07",15.076486,4802070
"JKH.N0000","2016-12-08",15.465621,12742360
"JKH.N0000","2016-12-09",15.355865,5976510
"JKH.N0000","2016-12-14",15.166286,4637580
"JKH.N0000","2016-12-15",14.916841,488100
"JKH.N0000","2016-12-16",14.667395,3383230
"JKH.N0000","2016-12-19",14.657418,2019030
"JKH.N0000","2016-12-20",14.567617,674760
"JKH.N0000","2016-12-21",14.467839,3711380
"JKH.N0000","2016-12-22",14.457861,214320
"JKH.N0000","2016-12-23",14.41795,2309880
"JKH.N0000","2016-12-27",14.27826,1345670
"JKH.N0000","2016-12-28",14.437906,2182940
"JKH.N0000","2016-12-29",14.41795,131460
"JKH.N0000","2016-12-30",14.467839,1408270
"JKH.N0000","2017-01-02",13.968948,12310720
"JKH.N0000","2017-01-03",13.86917,5727970
"JKH.N0000","2017-01-04",14.018837,7085390
"JKH.N0000","2017-01-05",13.968948,14800390
"JKH.N0000","2017-01-06",14.068726,2916570
"JKH.N0000","2017-01-09",14.078704,12110500
"JKH.N0000","2017-01-10",14.068726,870550
"JKH.N0000","2017-01-11",14.148549,62924300
"JKH.N0000","2017-01-13",14.158527,62440
"JKH.N0000","2017-01-16",14.128593,1334780
"JKH.N0000","2017-01-17",14.068726,21260760
"JKH.N0000","2017-01-18",14.068726,124870
"JKH.N0000","2017-01-19",13.968948,22761520
"JKH.N0000","2017-01-23",13.919059,220040
"JKH.N0000","2017-01-24",13.819281,789270
"JKH.N0000","2017-01-25",13.719502,2877550
"JKH.N0000","2017-01-26",13.769392,3389120
"JKH.N0000","2017-01-27",14.058748,13071630
"JKH.N0000","2017-01-30",13.968948,606050
"JKH.N0000","2017-01-31",13.968948,10649200
"JKH.N0000","2017-02-01",14.018837,199540
"JKH.N0000","2017-02-02",14.078704,321960
"JKH.N0000","2017-02-03",14.088682,177930
"JKH.N0000","2017-02-06",14.168504,5971900
"JKH.N0000","2017-02-07",14.368061,2958540
"JKH.N0000","2017-02-08",14.527706,9378050
"JKH.N0000","2017-02-09",14.537684,22987980
"JKH.N0000","2017-02-13",14.956752,6451210
"JKH.N0000","2017-02-14",14.916841,3439060
"JKH.N0000","2017-02-15",14.767174,984380
"JKH.N0000","2017-02-16",14.717285,535780
"JKH.N0000","2017-02-20",14.477817,49320
"JKH.N0000","2017-02-21",14.397994,92070
"JKH.N0000","2017-02-22",14.168504,933840
"JKH.N0000","2017-02-23",14.118615,3390300
"JKH.N0000","2017-02-27",13.968948,21019430
"JKH.N0000","2017-02-28",14.218394,664310
"JKH.N0000","2017-03-01",14.168504,7035130
"JKH.N0000","2017-03-02",14.138571,12390560
"JKH.N0000","2017-03-03",14.138571,379520
"JKH.N0000","2017-03-06",14.118615,889410
"JKH.N0000","2017-03-07",14.09866,68380
"JKH.N0000","2017-03-08",14.148549,728980
"JKH.N0000","2017-03-09",13.968948,2919370
"JKH.N0000","2017-03-10",13.95897,643960
"JKH.N0000","2017-03-13",13.819281,1030830
"JKH.N0000","2017-03-14",13.769392,6988350
"JKH.N0000","2017-03-15",13.769392,1366150
"JKH.N0000","2017-03-16",13.749436,2568490
"JKH.N0000","2017-03-17",13.86917,5165570
"JKH.N0000","2017-03-20",13.769392,7612930
"JKH.N0000","2017-03-21",13.769392,580850
"JKH.N0000","2017-03-22",13.460079,22552000
"JKH.N0000","2017-03-23",13.470057,11731550
"JKH.N0000","2017-03-24",13.470057,3521150
"JKH.N0000","2017-03-27",13.450101,1190390
"JKH.N0000","2017-03-28",13.569835,9638880
"JKH.N0000","2017-03-29",13.669613,598490
"JKH.N0000","2017-03-30",13.669613,10956350
"JKH.N0000","2017-03-31",13.86917,11534960
"JKH.N0000","2017-04-03",13.968948,1912400
"JKH.N0000","2017-04-04",14.358083,11358840
"JKH.N0000","2017-04-05",14.567617,14748810
"JKH.N0000","2017-04-06",14.767174,14526630
"JKH.N0000","2017-04-07",14.866952,99155700
"JKH.N0000","2017-04-11",14.96673,4748290
"JKH.N0000","2017-04-12",15.166286,53607010
"JKH.N0000","2017-04-17",14.976708,3248670
"JKH.N0000","2017-04-18",15.116397,7309970
"JKH.N0000","2017-04-19",15.415732,6635300
"JKH.N0000","2017-04-20",15.465621,11797600
"JKH.N0000","2017-04-21",15.814845,87959370
"JKH.N0000","2017-04-24",15.625266,4627170
"JKH.N0000","2017-04-25",15.465621,10177120
"JKH.N0000","2017-04-26",15.665177,11309300
"JKH.N0000","2017-04-27",15.914623,14780800
"JKH.N0000","2017-04-28",16.06429,28077660
"JKH.N0000","2017-05-02",16.014401,997700
"JKH.N0000","2017-05-03",15.964512,1344510
"JKH.N0000","2017-05-04",16.213958,3853010
"JKH.N0000","2017-05-05",16.263847,2078320
"JKH.N0000","2017-05-08",16.313736,1764230
"JKH.N0000","2017-05-09",16.303758,283200
"JKH.N0000","2017-05-12",16.413514,3648950
"JKH.N0000","2017-05-15",16.393558,4549070
"JKH.N0000","2017-05-16",16.473381,6225440
"JKH.N0000","2017-05-17",16.672937,6359370
"JKH.N0000","2017-05-18",16.563181,2369630
"JKH.N0000","2017-05-19",16.812627,1941210
"JKH.N0000","2017-05-22",16.782693,1217780
"JKH.N0000","2017-05-23",16.762738,2399630
"JKH.N0000","2017-05-24",16.932361,10512410
"JKH.N0000","2017-05-25",16.952316,2049490
"JKH.N0000","2017-05-26",16.782693,145700
"JKH.N0000","2017-05-29",16.672937,100980
"JKH.N0000","2017-05-30",16.662959,877240
"JKH.N0000","2017-05-31",16.802649,6278390
"JKH.N0000","2017-06-01",16.862516,3736420
"JKH.N0000","2017-06-02",16.912405,3745960
"JKH.N0000","2017-06-05",17.052094,6312150
"JKH.N0000","2017-06-06",16.862516,1149220
"JKH.N0000","2017-06-07",16.862516,1289510
"JKH.N0000","2017-06-09",16.762738,216940
"JKH.N0000","2017-06-12",16.762738,2637270
"JKH.N0000","2017-06-13",16.902427,11546030
"JKH.N0000","2017-06-14",17.471163,16859470
"JKH.N0000","2017-06-15",17.780475,14790190
"JKH.N0000","2017-06-16",17.690675,9416440
"JKH.N0000","2017-06-19",17.21174,4595700
"JKH.N0000","2017-06-20",17.261629,24853940
"JKH.N0000","2017-06-21",17.461185,1276810
"JKH.N0000","2017-06-22",17.570941,2622950
"JKH.N0000","2017-06-23",17.810409,4893630
"JKH.N0000","2017-06-27",17.860298,5088770
"JKH.N0000","2017-06-28",17.85032,6754830
"JKH.N0000","2017-06-29",17.76052,133110
"JKH.N0000","2017-06-30",17.840342,6250750
"JKH.N0000","2017-07-03",17.670719,7904660
"JKH.N0000","2017-07-04",17.600874,9797800
"JKH.N0000","2017-07-05",17.511074,16138420
"JKH.N0000","2017-07-06",17.76052,3548370
"JKH.N0000","2017-07-07",17.76052,3419800
"JKH.N0000","2017-07-10",17.770497,2477520
"JKH.N0000","2017-07-11",17.76052,4341760
"JKH.N0000","2017-07-12",17.560963,1376750
"JKH.N0000","2017-07-13",17.461185,1940070
"JKH.N0000","2017-07-14",17.660741,1581020
"JKH.N0000","2017-07-17",17.660741,2716420
"JKH.N0000","2017-07-18",17.560963,3329090
"JKH.N0000","2017-07-19",17.461185,1505470
"JKH.N0000","2017-07-20",17.361407,3778740
"JKH.N0000","2017-07-21",17.21174,15970
"JKH.N0000","2017-07-24",17.181806,16292160
"JKH.N0000","2017-07-25",17.221717,576860
"JKH.N0000","2017-07-26",17.311518,276600
"JKH.N0000","2017-07-27",17.361407,191410
"JKH.N0000","2017-07-28",17.361407,1265060
"JKH.N0000","2017-07-31",17.341451,2470380
"JKH.N0000","2017-08-01",17.16185,5061260
"JKH.N0000","2017-08-02",17.16185,6391070
"JKH.N0000","2017-08-03",17.062072,123330
"JKH.N0000","2017-08-04",16.912405,1239610
"JKH.N0000","2017-08-08",16.463403,4797820
"JKH.N0000","2017-08-09",16.453425,5096960
"JKH.N0000","2017-08-10",16.323714,1790340
"JKH.N0000","2017-08-11",16.263847,8512670
"JKH.N0000","2017-08-14",16.413514,4939580
"JKH.N0000","2017-08-15",16.014401,7136670
"JKH.N0000","2017-08-16",15.964512,4730600
"JKH.N0000","2017-08-17",16.074268,617610
"JKH.N0000","2017-08-18",16.164068,3152710
"JKH.N0000","2017-08-21",16.06429,2175980
"JKH.N0000","2017-08-22",15.954534,8198280
"JKH.N0000","2017-08-23",15.814845,3226320
"JKH.N0000","2017-08-24",15.764956,8108270
"JKH.N0000","2017-08-25",16.154091,983170
"JKH.N0000","2017-08-28",16.233913,278120
"JKH.N0000","2017-08-29",16.134135,4987240
"JKH.N0000","2017-08-30",16.463403,9899030
"JKH.N0000","2017-08-31",16.164068,11076010
"JKH.N0000","2017-09-04",16.164068,3350260
"JKH.N0000","2017-09-06",16.184024,2353280
"JKH.N0000","2017-09-07",16.06429,2489230
"JKH.N0000","2017-09-08",16.004423,13587740
"JKH.N0000","2017-09-11",15.954534,7778120
"JKH.N0000","2017-09-12",16.06429,16462460
"JKH.N0000","2017-09-13",16.074268,9065650
"JKH.N0000","2017-09-14",16.164068,1274650
"JKH.N0000","2017-09-15",16.263847,4740640
"JKH.N0000","2017-09-18",16.463403,3917210
"JKH.N0000","2017-09-19",16.483359,34431060
"JKH.N0000","2017-09-20",16.513292,44910800
"JKH.N0000","2017-09-21",16.513292,7771970
"JKH.N0000","2017-09-22",16.213958,99770
"JKH.N0000","2017-09-25",16.213958,12140700
"JKH.N0000","2017-09-26",16.273824,1338870
"JKH.N0000","2017-09-27",16.263847,1463430
"JKH.N0000","2017-09-28",16.263847,1167610
"JKH.N0000","2017-09-29",16.233913,1696360
"JKH.N0000","2017-10-02",16.363625,835680
"JKH.N0000","2017-10-03",16.463403,2879090
"JKH.N0000","2017-10-04",16.363625,292850
"JKH.N0000","2017-10-06",16.463403,3299580
"JKH.N0000","2017-10-09",16.413514,117150
"JKH.N0000","2017-10-10",16.453425,37990260
"JKH.N0000","2017-10-11",16.263847,7548970
"JKH.N0000","2017-10-12",16.263847,4049300
"JKH.N0000","2017-10-13",16.313736,7570780
"JKH.N0000","2017-10-16",16.233913,2765290
"JKH.N0000","2017-10-17",16.213958,798740
"JKH.N0000","2017-10-19",16.253869,15059420
"JKH.N0000","2017-10-20",16.213958,504490
"JKH.N0000","2017-10-23",16.164068,3633060
"JKH.N0000","2017-10-24",16.094224,235470
"JKH.N0000","2017-10-25",15.954534,1935520
"JKH.N0000","2017-10-26",16.06429,3474840
"JKH.N0000","2017-10-27",16.06429,484650
"JKH.N0000","2017-10-30",16.06429,1046030
"JKH.N0000","2017-10-31",15.864734,2165370
"JKH.N0000","2017-11-01",16.06429,156990
"JKH.N0000","2017-11-02",16.06429,706360
"JKH.N0000","2017-11-06",15.964512,10767860
"JKH.N0000","2017-11-07",16.044335,146540
"JKH.N0000","2017-11-08",15.864734,1995030
"JKH.N0000","2017-11-09",15.854756,4039390
"JKH.N0000","2017-11-10",15.904645,64100
"JKH.N0000","2017-11-13",15.764956,410470
"JKH.N0000","2017-11-14",15.365843,2094180
"JKH.N0000","2017-11-15",15.066508,26417290
"JKH.N0000","2017-11-16",15.016619,19590800
"JKH.N0000","2017-11-17",15.365843,3262970
"JKH.N0000","2017-11-20",15.355865,13507370
"JKH.N0000","2017-11-21",15.166286,6374530
"JKH.N0000","2017-11-22",15.266065,4144970
"JKH.N0000","2017-11-23",15.355865,338190
"JKH.N0000","2017-11-24",15.345887,1774210
"JKH.N0000","2017-11-27",15.355865,1089140
"JKH.N0000","2017-11-28",15.405754,3111580
"JKH.N0000","2017-11-29",15.465621,3424550
"JKH.N0000","2017-11-30",15.465621,1317110
"JKH.N0000","2017-12-04",15.465621,16109780
"JKH.N0000","2017-12-05",15.495554,1685750
"JKH.N0000","2017-12-06",15.415732,9409730
"JKH.N0000","2017-12-07",15.415732,30072870
"JKH.N0000","2017-12-08",15.315954,5980
"JKH.N0000","2017-12-11",14.96673,3569270
"JKH.N0000","2017-12-12",14.866952,3452940
"JKH.N0000","2017-12-13",14.817063,4745330
"JKH.N0000","2017-12-14",14.767174,48276330
"JKH.N0000","2017-12-15",14.866952,947010
"JKH.N0000","2017-12-18",14.866952,9079200
"JKH.N0000","2017-12-19",14.747218,479550
"JKH.N0000","2017-12-20",14.767174,11147730
"JKH.N0000","2017-12-21",14.727262,1922590
"JKH.N0000","2017-12-22",14.747218,1123080
"JKH.N0000","2017-12-26",14.767174,16500
"JKH.N0000","2017-12-27",14.717285,39980
"JKH.N0000","2017-12-28",14.767174,179690
"JKH.N0000","2017-12-29",14.837018,784320
"JKH.N0000","2018-01-02",14.986686,375460
"JKH.N0000","2018-01-03",15.565399,3999530
"JKH.N0000","2018-01-04",15.555421,6300310
"JKH.N0000","2018-01-05",15.964512,10089870
"JKH.N0000","2018-01-08",16.423492,3347910
"JKH.N0000","2018-01-09",16.363625,7662950
"JKH.N0000","2018-01-10",16.014401,2020960
"JKH.N0000","2018-01-11",16.213958,307450
"JKH.N0000","2018-01-12",15.864734,4990600
"JKH.N0000","2018-01-16",15.764956,502050
"JKH.N0000","2018-01-17",15.964512,9936290
"JKH.N0000","2018-01-18",15.964512,19438820
"JKH.N0000","2018-01-19",16.363625,5952960
"JKH.N0000","2018-01-22",16.463403,7774850
"JKH.N0000","2018-01-23",16.473381,15883300
"JKH.N0000","2018-01-24",16.473381,1926570
"JKH.N0000","2018-01-25",16.563181,2859620
"JKH.N0000","2018-01-26",16.553203,3179990
"JKH.N0000","2018-01-29",16.263847,424810
"JKH.N0000","2018-01-30",16.463403,1965530
"JKH.N0000","2018-02-01",16.363625,3672530
"JKH.N0000","2018-02-02",15.964512,2951300
"JKH.N0000","2018-02-06",15.814845,8163340
"JKH.N0000","2018-02-07",15.675155,4710150
"JKH.N0000","2018-02-08",15.804867,604110
"JKH.N0000","2018-02-09",15.814845,667550
"JKH.N0000","2018-02-12",15.475599,836820
"JKH.N0000","2018-02-14",15.665177,2024210
"JKH.N0000","2018-02-15",15.665177,732620
"JKH.N0000","2018-02-16",15.764956,472180
"JKH.N0000","2018-02-19",15.764956,171280
"JKH.N0000","2018-02-20",15.954534,10404150
"JKH.N0000","2018-02-21",15.894667,250910
"JKH.N0000","2018-02-22",15.864734,2064480
"JKH.N0000","2018-02-23",15.964512,3685860
"JKH.N0000","2018-02-26",15.964512,449830
"JKH.N0000","2018-02-27",15.964512,845350
"JKH.N0000","2018-02-28",16.024379,571240
"JKH.N0000","2018-03-02",16.263847,3333530
"JKH.N0000","2018-03-05",16.313736,4064280
"JKH.N0000","2018-03-06",16.253869,2236250
"JKH.N0000","2018-03-07",16.213958,174840
"JKH.N0000","2018-03-08",16.223935,4106920
"JKH.N0000","2018-03-09",16.313736,4225430
"JKH.N0000","2018-03-12",16.263847,325550
"JKH.N0000","2018-03-13",16.06429,4567980
"JKH.N0000","2018-03-14",16.213958,366130
"JKH.N0000","2018-03-15",16.213958,4594090
"JKH.N0000","2018-03-16",16.443447,7970030
"JKH.N0000","2018-03-19",16.213958,290
"JKH.N0000","2018-03-20",15.964512,68510
"JKH.N0000","2018-03-21",15.764956,552830
"JKH.N0000","2018-03-22",15.934579,797780
"JKH.N0000","2018-03-23",15.854756,1914010
"JKH.N0000","2018-03-26",15.964512,3494540
"JKH.N0000","2018-03-27",15.864734,3010970
"JKH.N0000","2018-03-28",15.864734,3042520
"JKH.N0000","2018-03-29",15.964512,103420
"JKH.N0000","2018-04-02",15.894667,87040
"JKH.N0000","2018-04-03",15.914623,804580
"JKH.N0000","2018-04-04",15.964512,119420
"JKH.N0000","2018-04-05",15.914623,2001830
"JKH.N0000","2018-04-06",15.864734,242890
"JKH.N0000","2018-04-09",15.764956,169020
"JKH.N0000","2018-04-10",15.764956,239950
"JKH.N0000","2018-04-11",15.774933,3870
"JKH.N0000","2018-04-12",15.864734,1680
"JKH.N0000","2018-04-16",15.864734,459740
"JKH.N0000","2018-04-17",15.914623,863190
"JKH.N0000","2018-04-18",15.97449,753150
"JKH.N0000","2018-04-19",15.984468,704910
"JKH.N0000","2018-04-23",16.014401,443340
"JKH.N0000","2018-04-24",16.114179,549360
"JKH.N0000","2018-04-25",16.413514,5892650
"JKH.N0000","2018-04-26",16.413514,742300
"JKH.N0000","2018-04-27",16.413514,9085960
"JKH.N0000","2018-05-01",16.413514,14790
"JKH.N0000","2018-05-02",16.38358,2550900
"JKH.N0000","2018-05-03",16.373603,2189280
"JKH.N0000","2018-05-04",16.363625,4701480
"JKH.N0000","2018-05-08",16.353647,3145060
"JKH.N0000","2018-05-09",16.174046,3756460
"JKH.N0000","2018-05-10",16.263847,5525680
"JKH.N0000","2018-05-11",16.164068,5442430
"JKH.N0000","2018-05-14",15.964512,7292430
"JKH.N0000","2018-05-16",15.854756,2379060
"JKH.N0000","2018-05-17",15.745,14191390
"JKH.N0000","2018-05-18",16.164068,10737580
"JKH.N0000","2018-05-21",16.014401,4347710
"JKH.N0000","2018-05-22",15.964512,8451740
"JKH.N0000","2018-05-23",15.914623,36760
"JKH.N0000","2018-05-24",15.814845,3302700
"JKH.N0000","2018-05-25",15.665177,6508020
"JKH.N0000","2018-05-28",15.665177,692060
"JKH.N0000","2018-05-30",15.266065,8396610
"JKH.N0000","2018-05-31",15.206198,89317670
"JKH.N0000","2018-06-01",15.465621,7403240
"JKH.N0000","2018-06-04",15.565399,1889450
"JKH.N0000","2018-06-05",15.854756,6424980
"JKH.N0000","2018-06-06",15.754978,1896510
"JKH.N0000","2018-06-07",15.665177,2629780
"JKH.N0000","2018-06-08",15.615288,1422680
"JKH.N0000","2018-06-11",15.665177,83920
"JKH.N0000","2018-06-12",15.615288,1263180
"JKH.N0000","2018-06-13",15.575377,1124770
"JKH.N0000","2018-06-14",15.565399,1491180
"JKH.N0000","2018-06-18",15.555421,5117710
"JKH.N0000","2018-06-19",14.96673,827300
"JKH.N0000","2018-06-20",15.116397,5423510
"JKH.N0000","2018-06-21",14.956752,4181440
"JKH.N0000","2018-06-22",15.116397,1939510
"JKH.N0000","2018-06-25",14.96673,829290
"JKH.N0000","2018-06-26",14.767174,1490840
"JKH.N0000","2018-06-28",14.667395,4274800
"JKH.N0000","2018-06-29",14.707307,3820690
"JKH.N0000","2018-07-02",14.457861,1221390
"JKH.N0000","2018-07-03",13.86917,13232900
"JKH.N0000","2018-07-04",13.749436,7341850
"JKH.N0000","2018-07-05",14.158527,7424120
"JKH.N0000","2018-07-06",14.168504,18751810
"JKH.N0000","2018-07-09",14.158527,1591380
"JKH.N0000","2018-07-10",14.168504,2241250
"JKH.N0000","2018-07-11",14.158527,1546210
"JKH.N0000","2018-07-12",14.118615,6591950
"JKH.N0000","2018-07-13",14.168504,4098410
"JKH.N0000","2018-07-16",14.457861,4354040
"JKH.N0000","2018-07-17",14.866952,3250350
"JKH.N0000","2018-07-18",14.767174,1042940
"JKH.N0000","2018-07-19",14.916841,13032010
"JKH.N0000","2018-07-20",14.767174,1317090
"JKH.N0000","2018-07-23",14.667395,155570
"JKH.N0000","2018-07-24",14.567617,3152110
"JKH.N0000","2018-07-25",14.457861,163890
"JKH.N0000","2018-07-26",14.168504,2696810
"JKH.N0000","2018-07-30",13.968948,4570390
"JKH.N0000","2018-07-31",13.929037,695690
"JKH.N0000","2018-08-01",13.619724,4527470
"JKH.N0000","2018-08-02",13.819281,924650
"JKH.N0000","2018-08-03",13.769392,2635180
"JKH.N0000","2018-08-06",13.769392,3231090
"JKH.N0000","2018-08-07",13.619724,19927610
"JKH.N0000","2018-08-08",14.068726,2690400
"JKH.N0000","2018-08-09",14.41795,3681800
"JKH.N0000","2018-08-10",14.447883,4226460
"JKH.N0000","2018-08-13",14.158527,1155730
"JKH.N0000","2018-08-14",14.018837,7636630
"JKH.N0000","2018-08-15",13.95897,11087780
"JKH.N0000","2018-08-16",13.769392,5733580
"JKH.N0000","2018-08-17",13.769392,12370310
"JKH.N0000","2018-08-20",13.739458,2542250
"JKH.N0000","2018-08-21",13.879148,10181880
"JKH.N0000","2018-08-23",13.968948,8762620
"JKH.N0000","2018-08-24",13.86917,2529860
"JKH.N0000","2018-08-27",13.86917,415480
"JKH.N0000","2018-08-28",13.819281,202790
"JKH.N0000","2018-08-29",13.968948,19625120
"JKH.N0000","2018-08-30",13.968948,4191200
"JKH.N0000","2018-08-31",13.95897,3869880
"JKH.N0000","2018-09-03",13.95897,434800
"JKH.N0000","2018-09-04",13.719502,2791540
"JKH.N0000","2018-09-05",13.719502,8525290
"JKH.N0000","2018-09-07",13.779369,7148050
"JKH.N0000","2018-09-10",13.689569,13850920
"JKH.N0000","2018-09-11",13.689569,230560
"JKH.N0000","2018-09-12",13.569835,3006090
"JKH.N0000","2018-09-13",13.470057,3596450
"JKH.N0000","2018-09-14",13.470057,7828130
"JKH.N0000","2018-09-17",13.470057,419170
"JKH.N0000","2018-09-18",13.160745,25448560
"JKH.N0000","2018-09-19",13.270501,9418070
"JKH.N0000","2018-09-20",12.871388,21867170
"JKH.N0000","2018-09-21",12.971166,12532990
"JKH.N0000","2018-09-25",12.781587,3374220
"JKH.N0000","2018-09-26",13.250545,366370
"JKH.N0000","2018-09-27",13.170722,7431270
"JKH.N0000","2018-09-28",13.130811,25370350
"JKH.N0000","2018-10-01",13.120833,41190
"JKH.N0000","2018-10-02",13.120833,4653180
"JKH.N0000","2018-10-03",13.32039,1639230
"JKH.N0000","2018-10-04",13.270501,3116660
"JKH.N0000","2018-10-05",13.32039,9447190
"JKH.N0000","2018-10-08",13.32039,1509400
"JKH.N0000","2018-10-09",13.340345,14499380
"JKH.N0000","2018-10-10",13.140789,1336290
"JKH.N0000","2018-10-11",12.971166,275520
"JKH.N0000","2018-10-12",12.691787,1886740
"JKH.N0000","2018-10-15",12.671831,6886250
"JKH.N0000","2018-10-16",12.881366,16955820
"JKH.N0000","2018-10-17",12.971166,5396360
"JKH.N0000","2018-10-18",13.110855,5674870
"JKH.N0000","2018-10-19",13.021055,721590
"JKH.N0000","2018-10-22",13.170722,4480580
"JKH.N0000","2018-10-23",13.360301,6917200
"JKH.N0000","2018-10-25",13.569835,5049500
"JKH.N0000","2018-10-26",13.968948,4299000
"JKH.N0000","2018-10-29",14.158527,14735680
"JKH.N0000","2018-10-30",14.767174,9326110
"JKH.N0000","2018-10-31",15.066508,17713240
"JKH.N0000","2018-11-01",15.415732,13617220
"JKH.N0000","2018-11-02",15.066508,12562160
"JKH.N0000","2018-11-05",14.96673,227704000
"JKH.N0000","2018-11-07",14.467839,9534230
"JKH.N0000","2018-11-08",14.368061,49423570
"JKH.N0000","2018-11-09",14.467839,36354420
"JKH.N0000","2018-11-12",15.066508,7489850
"JKH.N0000","2018-11-13",15.206198,2257780
"JKH.N0000","2018-11-14",15.176264,1933240
"JKH.N0000","2018-11-15",15.186242,1588510
"JKH.N0000","2018-11-16",15.266065,3707060
"JKH.N0000","2018-11-19",15.276042,622340
"JKH.N0000","2018-11-21",15.365843,9817980
"JKH.N0000","2018-11-23",15.465621,7023160
"JKH.N0000","2018-11-26",15.565399,9786180
"JKH.N0000","2018-11-27",15.774933,7976830
"JKH.N0000","2018-11-28",15.764956,4260840
"JKH.N0000","2018-11-29",15.864734,9617550
"JKH.N0000","2018-11-30",16.06429,24571050
"JKH.N0000","2018-12-03",16.06429,8705630
"JKH.N0000","2018-12-04",15.984468,5540610
"JKH.N0000","2018-12-05",15.964512,22738170
"JKH.N0000","2018-12-06",16.06429,5812420
"JKH.N0000","2018-12-07",16.06429,14681300
"JKH.N0000","2018-12-10",15.964512,20371040
"JKH.N0000","2018-12-11",15.964512,7850520
"JKH.N0000","2018-12-12",15.964512,18846030
"JKH.N0000","2018-12-13",15.97449,852360
"JKH.N0000","2018-12-14",16.014401,3294620
"JKH.N0000","2018-12-17",16.06429,4090380
"JKH.N0000","2018-12-18",15.97449,3821760
"JKH.N0000","2018-12-19",16.044335,7279310
"JKH.N0000","2018-12-20",15.954534,16139810
"JKH.N0000","2018-12-21",15.764956,9321920
"JKH.N0000","2018-12-24",15.665177,61770
"JKH.N0000","2018-12-26",15.565399,130980
"JKH.N0000","2018-12-27",15.465621,958190
"JKH.N0000","2018-12-28",15.565399,4723340
"JKH.N0000","2018-12-31",15.864734,2057660
"JKH.N0000","2019-01-02",15.764956,22270
"JKH.N0000","2019-01-03",15.665177,10188070
"JKH.N0000","2019-01-07",15.465621,12852400
"JKH.N0000","2019-01-08",15.365843,12081430
"JKH.N0000","2019-01-09",15.266065,561860
"JKH.N0000","2019-01-10",15.266065,14023520
"JKH.N0000","2019-01-11",15.266065,11517560
"JKH.N0000","2019-01-14",15.236131,21089070
"JKH.N0000","2019-01-16",15.266065,73320
"JKH.N0000","2019-01-17",15.415732,2806780
"JKH.N0000","2019-01-18",15.415732,11013280
"JKH.N0000","2019-01-21",15.415732,25082160
"JKH.N0000","2019-01-22",15.216175,673860
"JKH.N0000","2019-01-23",15.266065,78110
"JKH.N0000","2019-01-24",15.365843,3341810
"JKH.N0000","2019-01-25",15.415732,17610270
"JKH.N0000","2019-01-28",15.665177,1240230
"JKH.N0000","2019-01-29",15.814845,912750
"JKH.N0000","2019-01-30",15.794889,7700470
"JKH.N0000","2019-01-31",15.745,2193900
"JKH.N0000","2019-02-01",15.565399,12668570
"JKH.N0000","2019-02-05",15.565399,16319230
"JKH.N0000","2019-02-06",15.764956,77310
"JKH.N0000","2019-02-07",15.565399,7825490
"JKH.N0000","2019-02-08",15.715066,5046070
"JKH.N0000","2019-02-11",15.754978,537570
"JKH.N0000","2019-02-12",15.415732,165920
"JKH.N0000","2019-02-13",15.415732,205220
"JKH.N0000","2019-02-14",15.315954,112610
"JKH.N0000","2019-02-15",15.266065,9466190
"JKH.N0000","2019-02-18",15.266065,374420
"JKH.N0000","2019-02-20",15.276042,2629580
"JKH.N0000","2019-02-21",15.266065,95350
"JKH.N0000","2019-02-22",15.565399,1886560
"JKH.N0000","2019-02-25",15.565399,6398180
"JKH.N0000","2019-02-26",15.465621,1154620
"JKH.N0000","2019-02-27",15.764956,1463880
"JKH.N0000","2019-02-28",15.914623,50684710
"JKH.N0000","2019-03-01",15.465621,149640
"JKH.N0000","2019-03-05",15.764956,45382190
"JKH.N0000","2019-03-06",15.615288,20092220
"JKH.N0000","2019-03-07",15.615288,27538420
"JKH.N0000","2019-03-08",15.475599,176190
"JKH.N0000","2019-03-11",15.465621,3118370
"JKH.N0000","2019-03-12",15.365843,2332980
"JKH.N0000","2019-03-13",14.976708,786370
"JKH.N0000","2019-03-14",15.166286,8405660
"JKH.N0000","2019-03-15",15.066508,17148040
"JKH.N0000","2019-03-18",15.026597,1446450
"JKH.N0000","2019-03-19",15.116397,3267560
"JKH.N0000","2019-03-21",15.016619,145230
"JKH.N0000","2019-03-22",15.016619,2281040
"JKH.N0000","2019-03-25",14.96673,4940800
"JKH.N0000","2019-03-26",14.96673,4714300
"JKH.N0000","2019-03-27",15.266065,1232760
"JKH.N0000","2019-03-28",15.565399,11293000
"JKH.N0000","2019-03-29",15.595333,5787840
"JKH.N0000","2019-04-01",15.435688,18557190
"JKH.N0000","2019-04-02",15.415732,2413300
"JKH.N0000","2019-04-03",15.415732,8070950
"JKH.N0000","2019-04-04",15.465621,14105880
"JKH.N0000","2019-04-05",15.365843,1198010
"JKH.N0000","2019-04-08",15.206198,6369050
"JKH.N0000","2019-04-09",15.266065,8130
"JKH.N0000","2019-04-10",15.166286,4526940
"JKH.N0000","2019-04-11",15.266065,6343430
"JKH.N0000","2019-04-16",15.266065,2123150
"JKH.N0000","2019-04-17",15.216175,7930
"JKH.N0000","2019-04-18",15.166286,1070580
"JKH.N0000","2019-04-23",14.467839,7806040
"JKH.N0000","2019-04-24",14.268283,118439140
"JKH.N0000","2019-04-25",13.968948,21804420
"JKH.N0000","2019-04-26",14.308194,66090
"JKH.N0000","2019-04-29",14.617506,2868800
"JKH.N0000","2019-04-30",14.936797,2078790
"JKH.N0000","2019-05-02",14.567617,1812900
"JKH.N0000","2019-05-03",14.467839,247190
"JKH.N0000","2019-05-06",13.919059,12964260
"JKH.N0000","2019-05-07",13.819281,1793560
"JKH.N0000","2019-05-08",13.769392,6193270
"JKH.N0000","2019-05-09",13.759414,855820
"JKH.N0000","2019-05-10",13.719502,2489890
"JKH.N0000","2019-05-13",13.569835,3643680
"JKH.N0000","2019-05-14",13.470057,15560450
"JKH.N0000","2019-05-15",13.519946,9855140
"JKH.N0000","2019-05-16",13.619724,31619060
"JKH.N0000","2019-05-17",13.569835,50994640
"JKH.N0000","2019-05-21",13.769392,696920
"JKH.N0000","2019-05-22",13.86917,972990
"JKH.N0000","2019-05-23",13.809303,150230
"JKH.N0000","2019-05-24",13.769392,3037350
"JKH.N0000","2019-05-27",13.719502,7014760
"JKH.N0000","2019-05-28",13.86917,5505600
"JKH.N0000","2019-05-29",13.86917,3081090
"JKH.N0000","2019-05-30",13.769392,2992700
"JKH.N0000","2019-05-31",13.689569,1081790
"JKH.N0000","2019-06-03",13.569835,7427530
"JKH.N0000","2019-06-04",13.579813,491890
"JKH.N0000","2019-06-06",13.589791,733990
"JKH.N0000","2019-06-07",13.86917,423130
"JKH.N0000","2019-06-10",14.068726,140950
"JKH.N0000","2019-06-11",14.018837,596750
"JKH.N0000","2019-06-12",13.968948,406250
"JKH.N0000","2019-06-13",13.95897,242640
"JKH.N0000","2019-06-14",13.948992,56610
"JKH.N0000","2019-06-17",13.86917,322920
"JKH.N0000","2019-06-18",13.968948,1758420
"JKH.N0000","2019-06-19",14.048771,11614540
"JKH.N0000","2019-06-20",13.719502,1494130
"JKH.N0000","2019-06-21",13.968948,48650
"JKH.N0000","2019-06-24",13.939015,369840
"JKH.N0000","2019-06-25",13.819281,271520
"JKH.N0000","2019-06-26",13.86917,3000
"JKH.N0000","2019-06-27",13.769392,2101620
"JKH.N0000","2019-06-28",13.829259,1286530
"JKH.N0000","2019-07-01",14.068726,254710
"JKH.N0000","2019-07-02",14.118615,127070
"JKH.N0000","2019-07-03",14.318172,631460
"JKH.N0000","2019-07-04",14.517728,3211960
"JKH.N0000","2019-07-05",14.557639,890270
"JKH.N0000","2019-07-08",14.268283,2016600
"JKH.N0000","2019-07-09",13.968948,1734580
"JKH.N0000","2019-07-10",13.978926,6848950
"JKH.N0000","2019-07-11",14.467839,3118070
"JKH.N0000","2019-07-12",14.467839,2450870
"JKH.N0000","2019-07-15",14.467839,631250
"JKH.N0000","2019-07-17",14.747218,3884310
"JKH.N0000","2019-07-18",15.026597,1394680
"JKH.N0000","2019-07-19",15.066508,1271780
"JKH.N0000","2019-07-22",14.667395,676420
"JKH.N0000","2019-07-23",15.066508,1129630
"JKH.N0000","2019-07-24",15.166286,2375220
"JKH.N0000","2019-07-25",15.066508,921570
"JKH.N0000","2019-07-26",14.866952,2450140
"JKH.N0000","2019-07-29",15.066508,637190
"JKH.N0000","2019-07-30",15.066508,49995440
"JKH.N0000","2019-07-31",15.066508,6879710
"JKH.N0000","2019-08-01",14.916841,224380
"JKH.N0000","2019-08-02",14.667395,11671780
"JKH.N0000","2019-08-05",14.667395,5787830
"JKH.N0000","2019-08-06",14.517728,3840250
"JKH.N0000","2019-08-07",14.667395,1259090
"JKH.N0000","2019-08-08",14.767174,1469350
"JKH.N0000","2019-08-09",14.96673,3954250
"JKH.N0000","2019-08-13",15.156309,101132930
"JKH.N0000","2019-08-15",14.866952,40143950
"JKH.N0000","2019-08-16",14.976708,604060
"JKH.N0000","2019-08-19",14.976708,2875650
"JKH.N0000","2019-08-20",15.166286,1525090
"JKH.N0000","2019-08-21",15.266065,1785750
"JKH.N0000","2019-08-22",15.166286,742510
"JKH.N0000","2019-08-23",15.28602,425800
"JKH.N0000","2019-08-26",15.365843,1019160
"JKH.N0000","2019-08-27",15.565399,10092780
"JKH.N0000","2019-08-28",15.764956,4530630
"JKH.N0000","2019-08-29",15.535466,9207530
"JKH.N0000","2019-08-30",15.365843,2662910
"JKH.N0000","2019-09-02",15.166286,873550
"JKH.N0000","2019-09-03",15.166286,639070
"JKH.N0000","2019-09-04",15.166286,4013180
"JKH.N0000","2019-09-05",15.126375,71900
"JKH.N0000","2019-09-06",15.116397,622500
"JKH.N0000","2019-09-09",15.315954,303180
"JKH.N0000","2019-09-10",15.365843,574930
"JKH.N0000","2019-09-11",15.375821,2645500
"JKH.N0000","2019-09-12",15.465621,6575530
"JKH.N0000","2019-09-16",15.166286,11720430
"JKH.N0000","2019-09-17",15.066508,792190
"JKH.N0000","2019-09-18",15.066508,1701610
"JKH.N0000","2019-09-19",15.066508,1411250
"JKH.N0000","2019-09-20",14.976708,1715180
"JKH.N0000","2019-09-23",15.096442,103200
"JKH.N0000","2019-09-24",15.266065,44060
"JKH.N0000","2019-09-25",15.365843,20170
"JKH.N0000","2019-09-26",15.455643,1727040
"JKH.N0000","2019-09-27",15.51551,3941830
"JKH.N0000","2019-09-30",15.365843,9434190
"JKH.N0000","2019-10-01",15.365843,24000
"JKH.N0000","2019-10-02",15.266065,1664640
"JKH.N0000","2019-10-03",15.116397,3466890
"JKH.N0000","2019-10-07",15.166286,1449800
"JKH.N0000","2019-10-08",15.355865,1161700
"JKH.N0000","2019-10-09",15.645222,3557820
"JKH.N0000","2019-10-10",15.565399,5641380
"JKH.N0000","2019-10-11",15.565399,284330
"JKH.N0000","2019-10-14",15.665177,1553250
"JKH.N0000","2019-10-15",15.665177,356000
"JKH.N0000","2019-10-16",15.764956,864330
"JKH.N0000","2019-10-17",15.764956,1967680
"JKH.N0000","2019-10-18",15.874712,6775290
"JKH.N0000","2019-10-21",15.924601,22381170
"JKH.N0000","2019-10-22",15.904645,10035250
"JKH.N0000","2019-10-23",15.764956,35450
"JKH.N0000","2019-10-24",15.814845,2741040
"JKH.N0000","2019-10-25",15.665177,519070
"JKH.N0000","2019-10-28",15.665177,1614580
"JKH.N0000","2019-10-29",15.715066,545570
"JKH.N0000","2019-10-30",15.764956,684820
"JKH.N0000","2019-10-31",15.665177,7847450
"JKH.N0000","2019-11-01",15.665177,11981850
"JKH.N0000","2019-11-04",15.465621,13858890
"JKH.N0000","2019-11-05",15.365843,32664060
"JKH.N0000","2019-11-06",15.365843,18283230
"JKH.N0000","2019-11-07",15.315954,1988050
"JKH.N0000","2019-11-08",15.365843,3793060
"JKH.N0000","2019-11-13",15.475599,3595150
"JKH.N0000","2019-11-14",15.465621,1547450
"JKH.N0000","2019-11-15",15.814845,1779360
"JKH.N0000","2019-11-18",16.393558,7475870
"JKH.N0000","2019-11-19",16.373603,2568670
"JKH.N0000","2019-11-20",15.97449,16189340
"JKH.N0000","2019-11-21",15.97449,13526730
"JKH.N0000","2019-11-22",16.06429,1127130
"JKH.N0000","2019-11-25",16.06429,2418540
"JKH.N0000","2019-11-26",16.114179,3057730
"JKH.N0000","2019-11-27",16.313736,538290
"JKH.N0000","2019-11-28",16.662959,8793320
"JKH.N0000","2019-11-29",16.862516,7398170
"JKH.N0000","2019-12-02",16.862516,777700
"JKH.N0000","2019-12-03",16.962294,7898680
"JKH.N0000","2019-12-04",16.862516,1741070
"JKH.N0000","2019-12-05",16.812627,14998540
"JKH.N0000","2019-12-06",16.762738,3387230
"JKH.N0000","2019-12-09",16.463403,1335270
"JKH.N0000","2019-12-10",15.964512,6730050
"JKH.N0000","2019-12-12",16.213958,934630
"JKH.N0000","2019-12-13",16.194002,26660
"JKH.N0000","2019-12-16",16.194002,1720720
"JKH.N0000","2019-12-17",16.223935,3264480
"JKH.N0000","2019-12-18",16.463403,260070
"JKH.N0000","2019-12-19",16.413514,1143960
"JKH.N0000","2019-12-20",16.413514,10338030
"JKH.N0000","2019-12-23",16.423492,1276690
"JKH.N0000","2019-12-24",16.43347,152500
"JKH.N0000","2019-12-26",16.463403,195590
"JKH.N0000","2019-12-27",16.463403,270000
"JKH.N0000","2019-12-30",16.662959,6855330
"JKH.N0000","2019-12-31",16.662959,1560260
"JKH.N0000","2020-01-02",16.363625,855360
"JKH.N0000","2020-01-03",16.463403,198910
"JKH.N0000","2020-01-06",16.164068,1008050
"JKH.N0000","2020-01-07",16.253869,4346350
"JKH.N0000","2020-01-08",16.06429,1617280
"JKH.N0000","2020-01-09",16.463403,4414680
"JKH.N0000","2020-01-13",16.353647,17592880
"JKH.N0000","2020-01-14",16.563181,2768740
"JKH.N0000","2020-01-16",16.463403,276740
"JKH.N0000","2020-01-17",16.263847,3648700
"JKH.N0000","2020-01-20",16.273824,346070
"JKH.N0000","2020-01-21",16.473381,937560
"JKH.N0000","2020-01-22",16.732804,4677070
"JKH.N0000","2020-01-23",16.662959,747180
"JKH.N0000","2020-01-24",16.61307,1605580
"JKH.N0000","2020-01-27",16.353647,223230
"JKH.N0000","2020-01-28",16.014401,3299770
"JKH.N0000","2020-01-29",16.164068,6718040
"JKH.N0000","2020-01-30",16.263847,1193810
"JKH.N0000","2020-01-31",16.174046,1954130
"JKH.N0000","2020-02-03",16.114179,2828130
"JKH.N0000","2020-02-05",16.06429,1097840
"JKH.N0000","2020-02-06",16.014401,1857300
"JKH.N0000","2020-02-07",16.114179,678980
"JKH.N0000","2020-02-10",15.954534,842870
"JKH.N0000","2020-02-11",15.725044,2498820
"JKH.N0000","2020-02-12",15.6552,3888020
"JKH.N0000","2020-02-13",15.555421,7615610
"JKH.N0000","2020-02-14",15.465621,9488970
"JKH.N0000","2020-02-17",15.465621,2062550
"JKH.N0000","2020-02-18",15.665177,1463530
"JKH.N0000","2020-02-19",15.585355,25460
"JKH.N0000","2020-02-20",15.505532,1870590
"JKH.N0000","2020-02-24",15.246109,784580
"JKH.N0000","2020-02-25",14.956752,6985860
"JKH.N0000","2020-02-26",14.827041,1662040
"JKH.N0000","2020-02-27",14.866952,2133700
"JKH.N0000","2020-02-28",14.667395,3303360
"JKH.N0000","2020-03-02",14.817063,79180
"JKH.N0000","2020-03-03",14.96673,3257970
"JKH.N0000","2020-03-04",14.767174,2508500
"JKH.N0000","2020-03-05",14.467839,2362500
"JKH.N0000","2020-03-06",14.018837,10336540
"JKH.N0000","2020-03-10",13.270501,17710550
"JKH.N0000","2020-03-11",13.669613,1980890
"JKH.N0000","2020-03-12",13.070944,5060960
"JKH.N0000","2020-03-13",12.621942,13031630
"JKH.N0000","2020-03-19",11.374715,6191850
"JKH.N0000","2020-05-12",9.129705,5837290
"JKH.N0000","2020-05-13",8.97006,17212760
"JKH.N0000","2020-05-14",8.580925,9643660
"JKH.N0000","2020-05-15",8.171835,101324620
"JKH.N0000","2020-05-18",8.870282,20867450
"JKH.N0000","2020-05-19",9.379151,13026400
"JKH.N0000","2020-05-20",9.628596,10518650
"JKH.N0000","2020-05-21",10.466733,12162360
"JKH.N0000","2020-05-22",10.466733,18690960
"JKH.N0000","2020-05-26",10.66629,39644050
"JKH.N0000","2020-05-27",11.065402,9040200
"JKH.N0000","2020-05-28",11.584249,29139850
"JKH.N0000","2020-05-29",11.015513,59076800
"JKH.N0000","2020-06-01",10.786023,16834670
"JKH.N0000","2020-06-02",10.975602,17365430
"JKH.N0000","2020-06-03",10.975602,8809240
"JKH.N0000","2020-06-04",10.975602,15565900
"JKH.N0000","2020-06-08",11.464515,1453740
"JKH.N0000","2020-06-09",11.783805,4403840
"JKH.N0000","2020-06-10",11.644116,5152840
"JKH.N0000","2020-06-11",11.574271,2075600
"JKH.N0000","2020-06-12",11.474493,2861240
"JKH.N0000","2020-06-15",11.39467,4217510
"JKH.N0000","2020-06-16",11.723939,7682660
"JKH.N0000","2020-06-17",11.873606,5949860
"JKH.N0000","2020-06-18",11.85365,2022770
"JKH.N0000","2020-06-19",11.723939,5740410
"JKH.N0000","2020-06-22",11.913517,2211150
"JKH.N0000","2020-06-23",12.013295,6621790
"JKH.N0000","2020-06-24",12.911299,12085990
"JKH.N0000","2020-06-25",12.971166,4802100
"JKH.N0000","2020-06-26",12.871388,3992530
"JKH.N0000","2020-06-29",12.472275,5063710
"JKH.N0000","2020-06-30",12.272719,36872870
"JKH.N0000","2020-07-01",12.113073,10987780
"JKH.N0000","2020-07-02",11.913517,44357410
"JKH.N0000","2020-07-03",11.524382,21180770
"JKH.N0000","2020-07-06",11.274937,30460070
"JKH.N0000","2020-07-07",11.474493,29623340
"JKH.N0000","2020-07-08",11.254981,21378630
"JKH.N0000","2020-07-09",11.39467,5393330
"JKH.N0000","2020-07-10",11.025491,45356530
"JKH.N0000","2020-07-13",10.776046,13123540
"JKH.N0000","2020-07-14",10.716179,34065320
"JKH.N0000","2020-07-15",10.726156,6236110
"JKH.N0000","2020-07-16",10.975602,996960
"JKH.N0000","2020-07-17",11.125269,3265080
"JKH.N0000","2020-07-20",11.314848,12021830
"JKH.N0000","2020-07-21",11.274937,5521440
"JKH.N0000","2020-07-22",11.165181,9289890
"JKH.N0000","2020-07-23",11.175158,2679090
"JKH.N0000","2020-07-24",11.175158,4015370
"JKH.N0000","2020-07-27",11.175158,2658930
"JKH.N0000","2020-07-28",11.165181,3183620
"JKH.N0000","2020-07-29",11.105314,3642300
"JKH.N0000","2020-07-30",10.975602,15595290
"JKH.N0000","2020-07-31",11.065402,5361170
"JKH.N0000","2020-08-04",11.294892,10028940
"JKH.N0000","2020-08-06",11.374715,2676330
"JKH.N0000","2020-08-07",11.464515,23657140
"JKH.N0000","2020-08-10",11.44456,1601150
"JKH.N0000","2020-08-11",11.564293,31245430
"JKH.N0000","2020-08-12",11.923495,10862310
"JKH.N0000","2020-08-13",11.923495,21111070
"JKH.N0000","2020-08-14",12.432364,21649440
"JKH.N0000","2020-08-17",12.731698,26651560
"JKH.N0000","2020-08-18",12.911299,23244130
"JKH.N0000","2020-08-19",13.380257,20286160
"JKH.N0000","2020-08-20",13.300434,7742440
"JKH.N0000","2020-08-21",13.370279,38251650
"JKH.N0000","2020-08-24",13.420168,26933070
"JKH.N0000","2020-08-25",13.270501,3507530
"JKH.N0000","2020-08-26",13.390234,7770380
"JKH.N0000","2020-08-27",13.290456,18043890
"JKH.N0000","2020-08-28",13.370279,1985240
"JKH.N0000","2020-08-31",13.599769,12552800
"JKH.N0000","2020-09-02",13.420168,11166510
"JKH.N0000","2020-09-03",13.370279,1028660
"JKH.N0000","2020-09-04",13.220611,3031270
"JKH.N0000","2020-09-07",13.220611,1381820
"JKH.N0000","2020-09-08",13.32039,2340480
"JKH.N0000","2020-09-09",13.470057,40514910
"JKH.N0000","2020-09-10",13.569835,5678800
"JKH.N0000","2020-09-11",13.539902,7805620
"JKH.N0000","2020-09-14",13.559857,4625170
"JKH.N0000","2020-09-15",13.689569,3064290
"JKH.N0000","2020-09-16",13.609746,11162650
"JKH.N0000","2020-09-17",13.699547,3684780
"JKH.N0000","2020-09-18",13.759414,3854550
"JKH.N0000","2020-09-21",13.679591,2378130
"JKH.N0000","2020-09-22",13.669613,4079340
"JKH.N0000","2020-09-23",13.719502,3383970
"JKH.N0000","2020-09-24",13.579813,2119830
"JKH.N0000","2020-09-25",13.569835,1642250
"JKH.N0000","2020-09-28",13.759414,4125290
"JKH.N0000","2020-09-29",13.569835,4116290
"JKH.N0000","2020-09-30",13.400212,4194830
"JKH.N0000","2020-10-02",13.420168,3010200
"JKH.N0000","2020-10-05",12.871388,17468580
"JKH.N0000","2020-10-06",12.961188,14957830
"JKH.N0000","2020-10-07",12.961188,17019770
"JKH.N0000","2020-10-08",13.170722,13211620
"JKH.N0000","2020-10-09",13.270501,3917790
"JKH.N0000","2020-10-12",13.080922,742080
"JKH.N0000","2020-10-13",12.961188,1777320
"JKH.N0000","2020-10-14",13.270501,54188110
"JKH.N0000","2020-10-15",13.370279,1900580
"JKH.N0000","2020-10-16",13.270501,606480
"JKH.N0000","2020-10-19",13.559857,9963760
"JKH.N0000","2020-10-20",13.619724,5739410
"JKH.N0000","2020-10-21",13.130811,20012730
"JKH.N0000","2020-10-22",13.1807,10965460
"JKH.N0000","2020-10-23",13.170722,467880
"JKH.N0000","2020-10-26",12.871388,2578990
"JKH.N0000","2020-10-27",12.991122,486990
"JKH.N0000","2020-10-28",13.070944,2143800
"JKH.N0000","2020-10-29",13.160745,4463070
"JKH.N0000","2020-11-02",13.070944,1569010
"JKH.N0000","2020-11-03",13.380257,8319400
"JKH.N0000","2020-11-04",13.509968,3611990
"JKH.N0000","2020-11-05",13.569835,1476050
"JKH.N0000","2020-11-06",13.579813,5363950
"JKH.N0000","2020-11-09",13.669613,5311790
"JKH.N0000","2020-11-10",13.759414,17331730
"JKH.N0000","2020-11-11",14.078704,10210510
"JKH.N0000","2020-11-12",13.988904,4162310
"JKH.N0000","2020-11-13",14.068726,2542590
"JKH.N0000","2020-11-16",14.068726,1369610
"JKH.N0000","2020-11-17",14.088682,1299070
"JKH.N0000","2020-11-18",14.068726,3234690
"JKH.N0000","2020-11-19",14.068726,3345570
"JKH.N0000","2020-11-20",14.128593,11436860
"JKH.N0000","2020-11-23",14.128593,1564290
"JKH.N0000","2020-11-24",14.517728,20274530
"JKH.N0000","2020-11-25",14.767174,5397800
"JKH.N0000","2020-11-26",14.667395,1755830
"JKH.N0000","2020-11-27",14.767174,6931380
"JKH.N0000","2020-11-30",14.797107,8852390
"JKH.N0000","2020-12-01",14.896885,6492560
"JKH.N0000","2020-12-02",14.896885,11201250
"JKH.N0000","2020-12-03",14.916841,9470800
"JKH.N0000","2020-12-04",14.96673,15965600
"JKH.N0000","2020-12-07",15.116397,13109230
"JKH.N0000","2020-12-08",15.166286,31937590
"JKH.N0000","2020-12-09",15.166286,13771340
"JKH.N0000","2020-12-10",15.216175,4802940
"JKH.N0000","2020-12-11",15.216175,8462740
"JKH.N0000","2020-12-14",15.226153,13829750
"JKH.N0000","2020-12-15",15.106419,4473700
"JKH.N0000","2020-12-16",14.96673,31589540
"JKH.N0000","2020-12-17",14.96673,2100130
"JKH.N0000","2020-12-18",14.96673,3033130
"JKH.N0000","2020-12-21",14.846996,17028470
"JKH.N0000","2020-12-22",14.767174,12436240
"JKH.N0000","2020-12-23",14.767174,18645430
"JKH.N0000","2020-12-24",14.717285,2351670
"JKH.N0000","2020-12-28",14.866952,1098990
"JKH.N0000","2020-12-30",14.96673,50701210
"JKH.N0000","2020-12-31",14.936797,12348020
"JKH.N0000","2021-01-04",14.936797,8253730
"JKH.N0000","2021-01-05",14.986686,11963860
"JKH.N0000","2021-01-06",14.946774,4538380
"JKH.N0000","2021-01-07",14.87693,1152430
"JKH.N0000","2021-01-08",14.96673,3591110
"JKH.N0000","2021-01-11",15.465621,3348230
"JKH.N0000","2021-01-12",15.266065,4184190
"JKH.N0000","2021-01-13",15.390787,3184550
"JKH.N0000","2021-01-15",15.989457,14088020
"JKH.N0000","2021-01-18",16.164068,9121480
"JKH.N0000","2021-01-19",15.715066,38979260
"JKH.N0000","2021-01-20",15.665177,68129380
"JKH.N0000","2021-01-21",16.164068,37578640
"JKH.N0000","2021-01-22",16.762738,28796310
"JKH.N0000","2021-01-25",18.059854,62721980
"JKH.N0000","2021-01-26",17.261629,26938220
"JKH.N0000","2021-01-27",17.16185,74312550
"JKH.N0000","2021-01-29",16.812627,16494130
"JKH.N0000","2021-02-01",16.762738,11002360
"JKH.N0000","2021-02-02",15.465621,24581370
"JKH.N0000","2021-02-03",15.864734,15843520
"JKH.N0000","2021-02-05",15.764956,21311360
"JKH.N0000","2021-02-08",15.764956,7387490
"JKH.N0000","2021-02-09",15.415732,20998500
"JKH.N0000","2021-02-10",15.365843,22802770
"JKH.N0000","2021-02-11",15.166286,23489000
"JKH.N0000","2021-02-12",15.465621,7175400
"JKH.N0000","2021-02-15",16.014401,35150720
"JKH.N0000","2021-02-16",15.465621,17857990
"JKH.N0000","2021-02-17",15.864734,1058020
"JKH.N0000","2021-02-18",15.964512,13859120
"JKH.N0000","2021-02-19",15.964512,10280730
"JKH.N0000","2021-02-22",15.51551,936560
"JKH.N0000","2021-02-23",15.166286,4479210
"JKH.N0000","2021-02-24",15.166286,2891530
"JKH.N0000","2021-02-25",15.166286,13476740
"JKH.N0000","2021-03-01",15.390787,42617340
"JKH.N0000","2021-03-02",15.340898,1673160
"JKH.N0000","2021-03-03",15.141342,2281590
"JKH.N0000","2021-03-04",14.767174,16661790
"JKH.N0000","2021-03-05",14.866952,9778320
"JKH.N0000","2021-03-08",15.041564,12667990
"JKH.N0000","2021-03-09",14.96673,8620120
"JKH.N0000","2021-03-10",14.767174,547940
"JKH.N0000","2021-03-12",14.866952,9605430
"JKH.N0000","2021-03-15",14.767174,4222580
"JKH.N0000","2021-03-16",14.96673,2843280
"JKH.N0000","2021-03-17",14.866952,5115670
"JKH.N0000","2021-03-18",14.767174,8827760
"JKH.N0000","2021-03-19",14.742229,2586930
"JKH.N0000","2021-03-22",14.96673,9282440
"JKH.N0000","2021-03-23",14.96673,16132190
"JKH.N0000","2021-03-24",14.96673,12368410
"JKH.N0000","2021-03-25",14.866952,4947200
"JKH.N0000","2021-03-26",14.866952,1644930
"JKH.N0000","2021-03-29",14.96673,8102400
"JKH.N0000","2021-03-30",14.96673,12138610
"JKH.N0000","2021-03-31",14.817063,884790
"JKH.N0000","2021-04-01",14.96673,8919550
"JKH.N0000","2021-04-05",14.96673,7735510
"JKH.N0000","2021-04-06",14.941785,2906060
"JKH.N0000","2021-04-07",14.866952,4702530
"JKH.N0000","2021-04-08",14.866952,9265120
"JKH.N0000","2021-04-09",14.991675,13654480
"JKH.N0000","2021-04-12",15.066508,19301970
"JKH.N0000","2021-04-15",14.941785,8932840
"JKH.N0000","2021-04-16",14.96673,2504130
"JKH.N0000","2021-04-19",14.866952,9065840
"JKH.N0000","2021-04-20",14.667395,3169910
"JKH.N0000","2021-04-21",14.567617,2021580
"JKH.N0000","2021-04-22",14.567617,4904160
"JKH.N0000","2021-04-23",14.517728,704620
"JKH.N0000","2021-04-27",14.318172,1321180
"JKH.N0000","2021-04-28",14.318172,1999700
"JKH.N0000","2021-04-29",14.14356,3234780
"JKH.N0000","2021-05-03",13.968948,2067890
"JKH.N0000","2021-05-04",13.744447,2674060
"JKH.N0000","2021-05-05",13.470057,14009360
"JKH.N0000","2021-05-06",13.345334,6815790
"JKH.N0000","2021-05-07",13.495002,10870190
"JKH.N0000","2021-05-10",13.519946,5453810
"JKH.N0000","2021-05-11",13.470057,12446730
"JKH.N0000","2021-05-12",13.619724,747800
"JKH.N0000","2021-05-13",13.569835,1144010
"JKH.N0000","2021-05-17",13.968948,2012490
"JKH.N0000","2021-05-18",14.018837,754050
"JKH.N0000","2021-05-19",13.968948,2100190
"JKH.N0000","2021-05-20",13.968948,4660380
"JKH.N0000","2021-05-21",13.819281,2244530
"JKH.N0000","2021-05-24",13.719502,1572540
"JKH.N0000","2021-05-25",13.669613,11467750
"JKH.N0000","2021-05-28",13.769392,1847270
"JKH.N0000","2021-05-31",13.919059,5654070
"JKH.N0000","2021-06-01",13.968948,5299530
"JKH.N0000","2021-06-02",13.944003,4931080
"JKH.N0000","2021-06-03",13.769392,1086570
"JKH.N0000","2021-06-04",13.919059,8265550
"JKH.N0000","2021-06-07",13.894114,2440290
"JKH.N0000","2021-06-08",13.86917,561350
"JKH.N0000","2021-06-09",13.86917,838730
"JKH.N0000","2021-06-10",13.769392,5370850
"JKH.N0000","2021-06-11",13.769392,5559840
"JKH.N0000","2021-06-14",13.719502,1426640
"JKH.N0000","2021-06-15",13.59478,2734970
"JKH.N0000","2021-06-16",13.619724,849970
"JKH.N0000","2021-06-17",13.569835,1982860
"JKH.N0000","2021-06-18",13.569835,4051000
"JKH.N0000","2021-06-21",13.495002,2933220
"JKH.N0000","2021-06-22",13.395223,4942010
"JKH.N0000","2021-06-23",13.59478,998390
"JKH.N0000","2021-06-25",13.769392,6996250
"JKH.N0000","2021-06-28",13.769392,5689920
"JKH.N0000","2021-06-29",13.569835,1271130
"JKH.N0000","2021-06-30",13.519946,6003410
"JKH.N0000","2021-07-01",13.445112,911650
"JKH.N0000","2021-07-02",13.470057,1056770
"JKH.N0000","2021-07-05",13.370279,1456150
"JKH.N0000","2021-07-06",13.070944,7862750
"JKH.N0000","2021-07-07",13.120833,20679590
"JKH.N0000","2021-07-08",13.470057,2765670
"JKH.N0000","2021-07-09",13.569835,5543890
"JKH.N0000","2021-07-12",13.470057,5002910
"JKH.N0000","2021-07-13",13.470057,4366610
"JKH.N0000","2021-07-14",13.619724,1875550
"JKH.N0000","2021-07-15",13.968948,7433530
"JKH.N0000","2021-07-16",13.844225,899270
"JKH.N0000","2021-07-19",14.093671,7331800
"JKH.N0000","2021-07-20",13.993893,3947590
"JKH.N0000","2021-07-22",13.86917,1865960
"JKH.N0000","2021-07-26",13.794336,2829730
"JKH.N0000","2021-07-27",13.694558,838280
"JKH.N0000","2021-07-28",13.769392,1312760
"JKH.N0000","2021-07-29",13.744447,4349230
"JKH.N0000","2021-07-30",13.819281,3794320
"JKH.N0000","2021-08-02",13.519946,4198530
"JKH.N0000","2021-08-03",13.819281,2671200
"JKH.N0000","2021-08-04",13.919059,29716380
"JKH.N0000","2021-08-05",13.819281,1729820
"JKH.N0000","2021-08-06",13.744447,1590280
"JKH.N0000","2021-08-09",13.569835,2114870
"JKH.N0000","2021-08-10",13.59478,327320
"JKH.N0000","2021-08-11",13.719502,3264540
"JKH.N0000","2021-08-12",13.470057,5993300
"JKH.N0000","2021-08-13",13.420168,1169130
"JKH.N0000","2021-08-16",13.220611,1966020
"JKH.N0000","2021-08-17",13.270501,6672650
"JKH.N0000","2021-08-18",13.370279,2924200
"JKH.N0000","2021-08-19",13.270501,1306670
"JKH.N0000","2021-08-20",13.195667,7021710
"JKH.N0000","2021-08-23",13.170722,4228800
"JKH.N0000","2021-08-24",13.170722,6293300
"JKH.N0000","2021-08-25",13.370279,5338460
"JKH.N0000","2021-08-26",13.370279,8540450
"JKH.N0000","2021-08-27",13.120833,9892030
"JKH.N0000","2021-08-30",13.046,10042340
"JKH.N0000","2021-08-31",12.971166,8024020
"JKH.N0000","2021-09-01",13.145778,5144600
"JKH.N0000","2021-09-02",13.270501,2991670
"JKH.N0000","2021-09-03",13.170722,3003290
"JKH.N0000","2021-09-06",13.095889,1659340
"JKH.N0000","2021-09-07",13.046,3768620
"JKH.N0000","2021-09-08",13.070944,4299160
"JKH.N0000","2021-09-09",13.070944,1770950
"JKH.N0000","2021-09-10",13.070944,4075530
"JKH.N0000","2021-09-13",12.871388,4789100
"JKH.N0000","2021-09-14",13.021055,732630
"JKH.N0000","2021-09-15",12.971166,3251110
"JKH.N0000","2021-09-16",13.046,1842500
"JKH.N0000","2021-09-17",13.021055,46631010
"JKH.N0000","2021-09-21",13.021055,1369480
"JKH.N0000","2021-09-22",13.370279,10671360
"JKH.N0000","2021-09-23",13.420168,5185710
"JKH.N0000","2021-09-24",13.470057,3307420
"JKH.N0000","2021-09-27",13.694558,12536600
"JKH.N0000","2021-09-28",13.919059,23813030
"JKH.N0000","2021-09-29",14.717285,32149790
"JKH.N0000","2021-09-30",15.166286,28714780
"JKH.N0000","2021-10-01",15.141342,31028100
"JKH.N0000","2021-10-04",15.116397,9103510
"JKH.N0000","2021-10-05",15.041564,7183380
"JKH.N0000","2021-10-06",15.216175,4997490
"JKH.N0000","2021-10-07",15.266065,6743120
"JKH.N0000","2021-10-08",15.216175,4637550
"JKH.N0000","2021-10-11",15.041564,3804040
"JKH.N0000","2021-10-12",14.96673,1901030
"JKH.N0000","2021-10-13",14.717285,6547530
"JKH.N0000","2021-10-14",14.717285,2748990
"JKH.N0000","2021-10-15",14.617506,6710780
"JKH.N0000","2021-10-18",14.442894,4165840
"JKH.N0000","2021-10-21",14.243338,6879270
"JKH.N0000","2021-10-22",14.068726,7189280
"JKH.N0000","2021-10-25",14.168504,12923270
"JKH.N0000","2021-10-26",14.368061,2900680
"JKH.N0000","2021-10-27",14.467839,4320500
"JKH.N0000","2021-10-28",14.642451,4298210
"JKH.N0000","2021-10-29",14.792118,23177070
"JKH.N0000","2021-11-01",14.667395,4361390
"JKH.N0000","2021-11-02",14.96673,7032760
"JKH.N0000","2021-11-03",14.991675,15136960
"JKH.N0000","2021-11-05",14.96673,15199570
"JKH.N0000","2021-11-08",14.817063,6693330
"JKH.N0000","2021-11-09",14.617506,6799780
"JKH.N0000","2021-11-10",14.817063,7376910
"JKH.N0000","2021-11-11",14.96673,7974950
"JKH.N0000","2021-11-12",14.96673,3548980
"JKH.N0000","2021-11-15",15.016619,6282690
"JKH.N0000","2021-11-16",14.96673,5371260
"JKH.N0000","2021-11-17",14.96673,2719090
"JKH.N0000","2021-11-19",15.440676,10896680
"JKH.N0000","2021-11-22",15.415732,8159040
"JKH.N0000","2021-11-23",15.465621,3974700
"JKH.N0000","2021-11-24",15.315954,3038350
"JKH.N0000","2021-11-25",15.166286,4791450
"JKH.N0000","2021-11-26",14.96673,8257340
"JKH.N0000","2021-11-29",14.717285,3169370
"JKH.N0000","2021-11-30",14.368061,30928740
"JKH.N0000","2021-12-01",14.517728,4322250
"JKH.N0000","2021-12-02",14.567617,1350200
"JKH.N0000","2021-12-03",14.517728,1743860
"JKH.N0000","2021-12-06",14.492784,916830
"JKH.N0000","2021-12-07",14.467839,4436010
"JKH.N0000","2021-12-08",14.467839,11209160
"JKH.N0000","2021-12-09",14.467839,6111560
"JKH.N0000","2021-12-10",14.492784,7354850
"JKH.N0000","2021-12-13",14.368061,12046940
"JKH.N0000","2021-12-14",14.293227,3588790
"JKH.N0000","2021-12-15",14.343116,4483600
"JKH.N0000","2021-12-16",14.268283,1895430
"JKH.N0000","2021-12-17",14.717285,1889690
"JKH.N0000","2021-12-20",14.467839,2087840
"JKH.N0000","2021-12-21",14.567617,1976680
"JKH.N0000","2021-12-22",14.96673,6274700
"JKH.N0000","2021-12-23",15.016619,6079620
"JKH.N0000","2021-12-27",15.016619,1832210
"JKH.N0000","2021-12-28",15.141342,1975640
"JKH.N0000","2021-12-29",15.016619,1682210
"JKH.N0000","2021-12-30",15.016619,664250
"JKH.N0000","2021-12-31",15.016619,2440960
"JKH.N0000","2022-01-03",15.166286,8013710
"JKH.N0000","2022-01-04",14.96673,3180170
"JKH.N0000","2022-01-05",15.016619,10588840
"JKH.N0000","2022-01-06",15.166286,3192450
"JKH.N0000","2022-01-07",15.640233,14749640
"JKH.N0000","2022-01-10",15.465621,4324930
"JKH.N0000","2022-01-11",15.764956,3167870
"JKH.N0000","2022-01-12",15.665177,1242440
"JKH.N0000","2022-01-13",16.513292,12831160
"JKH.N0000","2022-01-18",16.363625,5026920
"JKH.N0000","2022-01-19",16.33868,1950320
"JKH.N0000","2022-01-20",16.164068,1721540
"JKH.N0000","2022-01-21",16.06429,12126630
"JKH.N0000","2022-01-24",16.164068,4950910
"JKH.N0000","2022-01-25",15.989457,1931290
"JKH.N0000","2022-01-26",15.964512,3033360
"JKH.N0000","2022-01-27",15.964512,5541050
"JKH.N0000","2022-01-28",15.939567,4902520
"JKH.N0000","2022-01-31",15.964512,8466340
"JKH.N0000","2022-02-01",15.964512,2160730
"JKH.N0000","2022-02-02",15.764956,2454620
"JKH.N0000","2022-02-03",15.864734,2889880
"JKH.N0000","2022-02-07",15.715066,6065410
"JKH.N0000","2022-02-08",15.665177,12187280
"JKH.N0000","2022-02-09",15.565399,5014180
"JKH.N0000","2022-02-10",15.565399,6560410
"JKH.N0000","2022-02-11",15.665177,2460620
"JKH.N0000","2022-02-14",15.565399,1270620
"JKH.N0000","2022-02-15",15.864734,4230090
"JKH.N0000","2022-02-17",15.764956,939550
"JKH.N0000","2022-02-18",15.490566,1700300
"JKH.N0000","2022-02-21",14.891896,4676810
"JKH.N0000","2022-02-22",14.941785,2280300
"JKH.N0000","2022-02-23",14.866952,4167890
"JKH.N0000","2022-02-24",14.467839,2611110
"JKH.N0000","2022-02-25",14.667395,3274480
"JKH.N0000","2022-02-28",14.866952,3548060
"JKH.N0000","2022-03-02",14.916841,1405750
"JKH.N0000","2022-03-03",14.567617,1541340
"JKH.N0000","2022-03-04",14.467839,3468960
"JKH.N0000","2022-03-07",14.368061,10642120
"JKH.N0000","2022-03-08",14.243338,3976000
"JKH.N0000","2022-03-09",14.093671,7139660
"JKH.N0000","2022-03-10",14.991675,1509300
"JKH.N0000","2022-03-11",15.041564,3908200
"JKH.N0000","2022-03-14",14.817063,757360
"JKH.N0000","2022-03-15",14.567617,332260
"JKH.N0000","2022-03-16",14.96673,3923330
"JKH.N0000","2022-03-18",15.565399,2378010
"JKH.N0000","2022-03-21",15.665177,4789340
"JKH.N0000","2022-03-22",15.665177,689950
"JKH.N0000","2022-03-23",15.665177,23980860
"JKH.N0000","2022-03-24",15.565399,7420920
"JKH.N0000","2022-03-25",15.665177,23303070
"JKH.N0000","2022-03-28",15.465621,4013090
"JKH.N0000","2022-03-29",15.365843,5979660
"JKH.N0000","2022-03-30",14.567617,8411090
"JKH.N0000","2022-03-31",12.347552,677010
"JKH.N0000","2022-04-04",14.667395,1707320
"JKH.N0000","2022-04-05",14.467839,13243960
"JKH.N0000","2022-04-06",14.168504,384500
"JKH.N0000","2022-04-07",13.968948,3485750
"JKH.N0000","2022-04-25",11.973384,337020
"JKH.N0000","2022-04-26",12.472275,1866270
"JKH.N0000","2022-04-27",12.147996,8600180
"JKH.N0000","2022-04-28",12.147996,594210
"JKH.N0000","2022-05-04",12.871388,7956240
"JKH.N0000","2022-05-05",12.44733,274120
"JKH.N0000","2022-05-11",12.397441,1513000
"JKH.N0000","2022-05-12",12.746665,1356280
"JKH.N0000","2022-05-17",13.495002,858750
"JKH.N0000","2022-05-18",13.370279,578790
"JKH.N0000","2022-05-19",13.519946,238170
"JKH.N0000","2022-05-23",13.270501,1100650
"JKH.N0000","2022-05-24",13.120833,2847090
"JKH.N0000","2022-05-25",12.821499,851660
"JKH.N0000","2022-05-26",12.572053,5328520
"JKH.N0000","2022-05-30",12.347552,3033060
"JKH.N0000","2022-05-31",12.372497,1375850
"JKH.N0000","2022-06-01",12.572053,193690
"JKH.N0000","2022-06-02",12.44733,362760
"JKH.N0000","2022-06-06",12.671831,5126060
"JKH.N0000","2022-06-07",12.472275,6986450
"JKH.N0000","2022-06-08",12.522164,88110
"JKH.N0000","2022-06-09",12.372497,3011170
"JKH.N0000","2022-06-15",12.372497,3505700
"JKH.N0000","2022-06-16",12.098107,2423170
"JKH.N0000","2022-06-20",12.023273,1279110
"JKH.N0000","2022-06-21",12.472275,586960
"JKH.N0000","2022-06-22",12.123051,2311780
"JKH.N0000","2022-06-23",12.347552,7171950
"JKH.N0000","2022-06-27",12.322608,271020
"JKH.N0000","2022-06-28",12.17294,770270
"JKH.N0000","2022-06-29",12.17294,205030
"JKH.N0000","2022-06-30",12.197885,6396020
"JKH.N0000","2022-07-04",12.023273,279050
"JKH.N0000","2022-07-05",12.272719,6278620
"JKH.N0000","2022-07-06",12.17294,3357160
"JKH.N0000","2022-07-07",12.17294,85330
"JKH.N0000","2022-07-11",12.272719,705990
"JKH.N0000","2022-07-14",12.123051,3108430
"JKH.N0000","2022-07-18",12.17294,2274360
"JKH.N0000","2022-07-19",12.023273,525300
"JKH.N0000","2022-07-20",12.048218,3645530
"JKH.N0000","2022-07-21",12.023273,1557080
"JKH.N0000","2022-07-25",11.998329,229010
"JKH.N0000","2022-07-26",12.023273,319890
"JKH.N0000","2022-07-27",11.973384,1064970
"JKH.N0000","2022-07-28",11.998329,840720
"JKH.N0000","2022-08-01",11.89855,7007870
"JKH.N0000","2022-08-02",11.873606,6322940
"JKH.N0000","2022-08-03",11.973384,5655300
"JKH.N0000","2022-08-04",11.873606,18280530
"JKH.N0000","2022-08-08",11.89855,21231380
"JKH.N0000","2022-08-09",12.372497,17111790
"JKH.N0000","2022-08-15",12.971166,8275780
"JKH.N0000","2022-08-16",12.77161,975210
"JKH.N0000","2022-08-17",12.796554,2305220
"JKH.N0000","2022-08-18",12.77161,5558560
"JKH.N0000","2022-08-22",12.472275,25963990
"JKH.N0000","2022-08-23",12.472275,439870
"JKH.N0000","2022-08-24",12.272719,1106780
"JKH.N0000","2022-08-25",12.372497,719000
"JKH.N0000","2022-08-29",12.621942,1662480
"JKH.N0000","2022-08-30",12.671831,3336290
"JKH.N0000","2022-08-31",12.77161,4514520
"JKH.N0000","2022-09-01",12.796554,2282850
"JKH.N0000","2022-09-05",12.472275,1471770
"JKH.N0000","2022-09-06",12.472275,442740
"JKH.N0000","2022-09-07",12.572053,11467320
"JKH.N0000","2022-09-08",13.170722,24183990
"JKH.N0000","2022-09-12",13.295445,4197600
"JKH.N0000","2022-09-13",14.168504,9720700
"JKH.N0000","2022-09-14",15.24112,36677520
"JKH.N0000","2022-09-15",14.667395,12502420
"JKH.N0000","2022-09-19",14.343116,9721880
"JKH.N0000","2022-09-20",14.368061,5957890
"JKH.N0000","2022-09-21",14.318172,5714680
"JKH.N0000","2022-09-22",14.243338,9124910
"JKH.N0000","2022-09-26",13.769392,2475230
"JKH.N0000","2022-09-27",13.719502,1269860
"JKH.N0000","2022-09-28",13.719502,1616030
"JKH.N0000","2022-09-29",13.719502,2778850
"JKH.N0000","2022-10-03",12.971166,10676420
"JKH.N0000","2022-10-04",12.971166,11701230
"JKH.N0000","2022-10-05",12.871388,3671110
"JKH.N0000","2022-10-06",12.921277,5466380
"JKH.N0000","2022-10-11",12.821499,5392190
"JKH.N0000","2022-10-12",13.070944,4335880
"JKH.N0000","2022-10-13",13.170722,894900
"JKH.N0000","2022-10-17",13.070944,5043880
"JKH.N0000","2022-10-18",13.070944,1006040
"JKH.N0000","2022-10-19",12.971166,3416620
"JKH.N0000","2022-10-20",12.846443,5815590
"JKH.N0000","2022-10-25",12.971166,7855350
"JKH.N0000","2022-10-26",13.270501,2710450
"JKH.N0000","2022-10-27",13.370279,1846400
"JKH.N0000","2022-11-01",13.070944,4247320
"JKH.N0000","2022-11-02",13.021055,3114960
"JKH.N0000","2022-11-03",12.971166,458910
"JKH.N0000","2022-11-04",12.896332,262030
"JKH.N0000","2022-11-08",13.569835,6672090
"JKH.N0000","2022-11-09",13.944003,6287830
"JKH.N0000","2022-11-10",13.86917,2628420
"JKH.N0000","2022-11-14",14.218394,4860730
"JKH.N0000","2022-11-15",14.018837,3368690
"JKH.N0000","2022-11-16",13.844225,2562120
"JKH.N0000","2022-11-17",13.669613,2277800
"JKH.N0000","2022-11-21",13.819281,1127960
"JKH.N0000","2022-11-22",13.968948,952590
"JKH.N0000","2022-11-23",13.919059,4607300
"JKH.N0000","2022-11-24",13.944003,2352970
"JKH.N0000","2022-11-28",13.968948,3889130
"JKH.N0000","2022-11-29",13.968948,3499000
"JKH.N0000","2022-11-30",13.919059,408190
"JKH.N0000","2022-12-01",13.993893,5721150
"JKH.N0000","2022-12-06",14.667395,3945950
"JKH.N0000","2022-12-08",14.866952,9675460
"JKH.N0000","2022-12-09",14.617506,1818870
"JKH.N0000","2022-12-12",14.318172,2921800
"JKH.N0000","2022-12-13",14.068726,6506380
"JKH.N0000","2022-12-14",14.168504,578170
"JKH.N0000","2022-12-15",14.068726,1025990
"JKH.N0000","2022-12-16",14.068726,984290
"JKH.N0000","2022-12-19",13.968948,2634970
"JKH.N0000","2022-12-20",13.919059,1595070
"JKH.N0000","2022-12-21",13.919059,2733720
"JKH.N0000","2022-12-22",13.769392,10846330
"JKH.N0000","2022-12-23",13.569835,1325360
"JKH.N0000","2022-12-27",13.669613,130510
"JKH.N0000","2022-12-28",13.569835,56110
"JKH.N0000","2022-12-29",13.519946,3429860
"JKH.N0000","2022-12-30",13.544891,5826940
"JKH.N0000","2023-01-02",13.519946,7000050
"JKH.N0000","2023-01-03",13.669613,3788220
"JKH.N0000","2023-01-04",13.819281,1391260
"JKH.N0000","2023-01-05",13.769392,8428880
"JKH.N0000","2023-01-09",13.519946,189670
"JKH.N0000","2023-01-10",13.519946,1044580
"JKH.N0000","2023-01-11",13.519946,1324520
"JKH.N0000","2023-01-12",13.569835,5772230
"JKH.N0000","2023-01-13",13.619724,984070
"JKH.N0000","2023-01-17",13.644669,274200
"JKH.N0000","2023-01-18",13.669613,127510
"JKH.N0000","2023-01-19",13.59478,8631930
"JKH.N0000","2023-01-20",13.719502,4931120
"JKH.N0000","2023-01-23",13.769392,600390
"JKH.N0000","2023-01-24",13.769392,2859080
"JKH.N0000","2023-01-25",13.769392,2655150
"JKH.N0000","2023-01-26",13.669613,2986700
"JKH.N0000","2023-01-27",13.919059,5015870
"JKH.N0000","2023-01-30",13.968948,9000840
"JKH.N0000","2023-01-31",13.86917,9000740
"JKH.N0000","2023-02-01",13.968948,17157940
"JKH.N0000","2023-02-02",14.318172,16655560
"JKH.N0000","2023-02-03",14.41795,38911680
"JKH.N0000","2023-02-06",14.567617,21160780
"JKH.N0000","2023-02-07",14.467839,49614850
"JKH.N0000","2023-02-08",14.318172,13217110
"JKH.N0000","2023-02-09",14.41795,14076230
"JKH.N0000","2023-02-10",14.343116,7036800
"JKH.N0000","2023-02-13",14.068726,475170
"JKH.N0000","2023-02-14",13.968948,22857220
"JKH.N0000","2023-02-15",13.968948,7576780
"JKH.N0000","2023-02-16",13.968948,15390650
"JKH.N0000","2023-02-17",13.919059,3063940
"JKH.N0000","2023-02-20",13.769392,7359940
"JKH.N0000","2023-02-21",13.769392,46116870
"JKH.N0000","2023-02-22",13.769392,22481050
"JKH.N0000","2023-02-23",13.86917,5293310
"JKH.N0000","2023-02-24",13.819281,5513100
"JKH.N0000","2023-02-27",13.569835,3286280
"JKH.N0000","2023-02-28",13.544891,9940440
"JKH.N0000","2023-03-01",13.719502,4386310
"JKH.N0000","2023-03-02",13.769392,1390990
"JKH.N0000","2023-03-03",13.919059,3802170
"JKH.N0000","2023-03-07",13.968948,8986080
"JKH.N0000","2023-03-08",14.068726,12209860
"JKH.N0000","2023-03-09",14.218394,8337160
"JKH.N0000","2023-03-10",14.093671,12509810
"JKH.N0000","2023-03-13",14.118615,2345030
"JKH.N0000","2023-03-14",14.14356,5915520
"JKH.N0000","2023-03-15",14.318172,9354750
"JKH.N0000","2023-03-16",14.442894,8646140
"JKH.N0000","2023-03-17",14.393005,1272580
"JKH.N0000","2023-03-20",14.467839,5855140
"JKH.N0000","2023-03-21",14.368061,492750
"JKH.N0000","2023-03-22",14.442894,1771190
"JKH.N0000","2023-03-23",14.268283,1985260
"JKH.N0000","2023-03-24",14.368061,1603720
"JKH.N0000","2023-03-27",14.168504,1255300
"JKH.N0000","2023-03-28",13.968948,2359530
"JKH.N0000","2023-03-29",14.068726,660070
"JKH.N0000","2023-03-30",13.968948,2116000
"JKH.N0000","2023-03-31",13.944003,2444040
"JKH.N0000","2023-04-03",13.844225,540960
"JKH.N0000","2023-04-04",13.919059,3078830
"JKH.N0000","2023-04-06",13.819281,1021410
"JKH.N0000","2023-04-10",13.769392,3902140
"JKH.N0000","2023-04-11",13.86917,1763140
"JKH.N0000","2023-04-12",13.719502,2702500
"JKH.N0000","2023-04-17",13.495002,8419430
"JKH.N0000","2023-04-18",13.470057,5907960
"JKH.N0000","2023-04-19",13.819281,76430
"JKH.N0000","2023-04-20",13.669613,7776240
"JKH.N0000","2023-04-21",13.794336,3154900
"JKH.N0000","2023-04-24",13.86917,8116320
"JKH.N0000","2023-04-25",13.844225,1091460
"JKH.N0000","2023-04-26",13.769392,662560
"JKH.N0000","2023-04-27",13.794336,2035510
"JKH.N0000","2023-04-28",13.769392,4142980
"JKH.N0000","2023-05-02",13.519946,2007710
"JKH.N0000","2023-05-03",13.519946,7302340
"JKH.N0000","2023-05-04",13.59478,8420
"JKH.N0000","2023-05-08",13.794336,481480
"JKH.N0000","2023-05-09",13.844225,662890
"JKH.N0000","2023-05-10",13.694558,340650
"JKH.N0000","2023-05-11",13.819281,979870
"JKH.N0000","2023-05-12",13.844225,592050
"JKH.N0000","2023-05-15",13.919059,855130
"JKH.N0000","2023-05-16",13.919059,9101370
"JKH.N0000","2023-05-17",13.819281,1164510
"JKH.N0000","2023-05-18",13.644669,3445100
"JKH.N0000","2023-05-19",13.519946,875520
"JKH.N0000","2023-05-22",13.619724,508420
"JKH.N0000","2023-05-23",13.769392,133680
"JKH.N0000","2023-05-24",13.769392,171890
"JKH.N0000","2023-05-25",13.944003,5221200
"JKH.N0000","2023-05-26",13.619724,728440
"JKH.N0000","2023-05-29",13.744447,679470
"JKH.N0000","2023-05-30",13.619724,1729060
"JKH.N0000","2023-05-31",13.694558,2665600
"JKH.N0000","2023-06-01",13.86917,39436020
"JKH.N0000","2023-06-02",13.819281,1364600
"JKH.N0000","2023-06-05",13.968948,15175650
"JKH.N0000","2023-06-06",13.944003,6881030
"JKH.N0000","2023-06-07",13.844225,1022490
"JKH.N0000","2023-06-08",13.86917,4484540
"JKH.N0000","2023-06-09",14.018837,36259950
"JKH.N0000","2023-06-12",14.043782,6420600
"JKH.N0000","2023-06-13",14.093671,989000
"JKH.N0000","2023-06-14",14.14356,7554200
"JKH.N0000","2023-06-15",14.018837,2954970
"JKH.N0000","2023-06-16",14.118615,5312170
"JKH.N0000","2023-06-19",14.093671,850000
"JKH.N0000","2023-06-20",14.268283,462220
"JKH.N0000","2023-06-21",14.268283,16953200
"JKH.N0000","2023-06-22",14.293227,538820
"JKH.N0000","2023-06-23",14.492784,4251370
"JKH.N0000","2023-06-26",14.96673,8385890
"JKH.N0000","2023-06-27",14.96673,13670770
"JKH.N0000","2023-06-28",14.941785,20852660
"JKH.N0000","2023-07-04",15.864734,6477370
"JKH.N0000","2023-07-05",15.914623,9357410
"JKH.N0000","2023-07-06",15.540455,1223830
"JKH.N0000","2023-07-07",15.565399,6682020
"JKH.N0000","2023-07-10",15.715066,839650
"JKH.N0000","2023-07-11",15.814845,1758260
"JKH.N0000","2023-07-12",15.764956,16432920
"JKH.N0000","2023-07-13",15.839789,4706790
"JKH.N0000","2023-07-14",15.715066,2112700
"JKH.N0000","2023-07-17",15.814845,1394540
"JKH.N0000","2023-07-18",15.690122,1704020
"JKH.N0000","2023-07-19",15.690122,3651620
"JKH.N0000","2023-07-20",15.864734,5230940
"JKH.N0000","2023-07-21",15.814845,8818440
"JKH.N0000","2023-07-24",15.690122,3530960
"JKH.N0000","2023-07-25",15.690122,22927890
"JKH.N0000","2023-07-26",15.864734,4761980
"JKH.N0000","2023-07-27",16.762738,23461300
"JKH.N0000","2023-07-28",16.687904,19859530
"JKH.N0000","2023-07-31",16.812627,13402740
"JKH.N0000","2023-08-02",16.912405,21281530
"JKH.N0000","2023-08-03",17.461185,23123410
"JKH.N0000","2023-08-04",18.359189,57165490
"JKH.N0000","2023-08-07",19.556527,20518500
"JKH.N0000","2023-08-08",19.880806,21859420
"JKH.N0000","2023-08-09",19.581472,10648120
"JKH.N0000","2023-08-10",19.356971,3912080
"JKH.N0000","2023-08-11",19.082581,14060500
"JKH.N0000","2023-08-14",18.059854,70299820
"JKH.N0000","2023-08-15",18.3093,3060330
"JKH.N0000","2023-08-16",19.307082,28774100
"JKH.N0000","2023-08-17",19.107525,16293430
"JKH.N0000","2023-08-18",18.907969,2238740
"JKH.N0000","2023-08-21",19.207304,10476610
"JKH.N0000","2023-08-22",19.032692,14076190
"JKH.N0000","2023-08-23",18.907969,3001090
"JKH.N0000","2023-08-24",18.758302,2482050
"JKH.N0000","2023-08-25",18.159632,11429470
"JKH.N0000","2023-08-28",18.159632,5320870
"JKH.N0000","2023-08-29",17.960076,5198400
"JKH.N0000","2023-08-31",17.810409,4768030
"JKH.N0000","2023-09-01",17.960076,1715070
"JKH.N0000","2023-09-04",18.708412,4555770
"JKH.N0000","2023-09-05",19.032692,12682830
"JKH.N0000","2023-09-06",18.758302,642430
"JKH.N0000","2023-09-07",18.558745,16691120
"JKH.N0000","2023-09-08",18.758302,850880
"JKH.N0000","2023-09-11",18.85808,3426660
"JKH.N0000","2023-09-12",18.85808,1166560
"JKH.N0000","2023-09-13",18.907969,8629130
"JKH.N0000","2023-09-14",19.007747,7749190
"JKH.N0000","2023-09-15",18.957858,1318310
"JKH.N0000","2023-09-18",18.883024,962480
"JKH.N0000","2023-09-19",18.608634,1832170
"JKH.N0000","2023-09-20",18.608634,1484860
"JKH.N0000","2023-09-21",18.758302,9730580
"JKH.N0000","2023-09-22",18.957858,4324380
"JKH.N0000","2023-09-25",19.057636,3929890
"JKH.N0000","2023-09-26",19.207304,8762490
"JKH.N0000","2023-09-27",19.207304,11288950
"JKH.N0000","2023-10-02",18.982803,8651830
"JKH.N0000","2023-10-03",19.057636,14904120
"JKH.N0000","2023-10-04",18.957858,8904390
"JKH.N0000","2023-10-05",19.007747,6060330
"JKH.N0000","2023-10-06",19.032692,4873600
"JKH.N0000","2023-10-09",18.85808,5321460
"JKH.N0000","2023-10-10",18.758302,3068470
"JKH.N0000","2023-10-11",18.808191,3747220
"JKH.N0000","2023-10-12",19.082581,7619130
"JKH.N0000","2023-10-13",19.282137,8875310
"JKH.N0000","2023-10-16",19.282137,12952560
"JKH.N0000","2023-10-17",18.957858,5876190
"JKH.N0000","2023-10-18",18.982803,3392090
"JKH.N0000","2023-10-19",19.157414,4492100
"JKH.N0000","2023-10-20",19.057636,5094180
"JKH.N0000","2023-10-23",19.082581,4038590
"JKH.N0000","2023-10-24",19.157414,9293250
"JKH.N0000","2023-10-25",19.207304,9140660
"JKH.N0000","2023-10-26",19.107525,8395100
"JKH.N0000","2023-10-27",19.207304,6020750
"JKH.N0000","2023-10-30",19.207304,2479370
"JKH.N0000","2023-10-31",19.182359,8289880
"JKH.N0000","2023-11-01",19.182359,4585850
"JKH.N0000","2023-11-02",19.207304,9165430
"JKH.N0000","2023-11-03",19.232248,8138630
"JKH.N0000","2023-11-06",19.207304,16738180
"JKH.N0000","2023-11-07",19.381915,28567020
"JKH.N0000","2023-11-08",19.556527,32252970
"JKH.N0000","2023-11-09",19.68125,20017000
"JKH.N0000","2023-11-10",19.656305,8237870
"JKH.N0000","2023-11-13",19.356971,1609370
"JKH.N0000","2023-11-14",19.157414,7811160
"JKH.N0000","2023-11-15",19.107525,935960
"JKH.N0000","2023-11-16",18.932913,3167140
"JKH.N0000","2023-11-17",18.957858,829220
"JKH.N0000","2023-11-20",18.957858,1007210
"JKH.N0000","2023-11-21",18.932913,1665510
"JKH.N0000","2023-11-22",18.733357,4992900
"JKH.N0000","2023-11-23",18.708412,203090
"JKH.N0000","2023-11-24",18.758302,1176110
"JKH.N0000","2023-11-27",18.533801,99340
"JKH.N0000","2023-11-28",18.683468,2237560
"JKH.N0000","2023-11-29",18.608634,4028410
"JKH.N0000","2023-11-30",19.182359,40443260
"JKH.N0000","2023-12-01",19.207304,2320440
"JKH.N0000","2023-12-04",19.157414,1009260
"JKH.N0000","2023-12-05",19.282137,5768070
"JKH.N0000","2023-12-06",19.182359,2532820
"JKH.N0000","2023-12-07",19.057636,1157660
"JKH.N0000","2023-12-08",18.957858,2326310
"JKH.N0000","2023-12-11",19.157414,1827400
"JKH.N0000","2023-12-12",19.207304,2836530
"JKH.N0000","2023-12-13",19.207304,2236280
"JKH.N0000","2023-12-14",19.232248,1704470
"JKH.N0000","2023-12-15",19.057636,800290
"JKH.N0000","2023-12-18",19.057636,1557480
"JKH.N0000","2023-12-19",18.85808,1573610
"JKH.N0000","2023-12-20",18.808191,785640
"JKH.N0000","2023-12-21",18.982803,1468920
"JKH.N0000","2023-12-22",18.85808,1448450
"JKH.N0000","2023-12-27",19.13247,1311910
"JKH.N0000","2023-12-28",19.107525,565370
"JKH.N0000","2023-12-29",19.057636,4551770
"JKH.N0000","2024-01-02",19.057636,279290
"JKH.N0000","2024-01-03",18.982803,3395320
"JKH.N0000","2024-01-04",19.007747,1960500
"JKH.N0000","2024-01-05",18.907969,2968880
"JKH.N0000","2024-01-08",18.85808,1845140
"JKH.N0000","2024-01-09",18.708412,1592290
"JKH.N0000","2024-01-10",18.708412,7480360
"JKH.N0000","2024-01-11",18.558745,6276030
"JKH.N0000","2024-01-12",18.558745,4340820
"JKH.N0000","2024-01-16",18.608634,2002280
"JKH.N0000","2024-01-17",18.458967,3733450
"JKH.N0000","2024-01-18",18.334244,1713370
"JKH.N0000","2024-01-19",18.3093,4092290
"JKH.N0000","2024-01-22",18.084799,2145190
"JKH.N0000","2024-01-23",17.960076,11724640
"JKH.N0000","2024-01-24",17.860298,5968630
"JKH.N0000","2024-01-26",18.159632,11074630
"JKH.N0000","2024-01-29",18.109743,7633770
"JKH.N0000","2024-01-30",17.810409,597120
"JKH.N0000","2024-01-31",17.910187,2853700
"JKH.N0000","2024-02-01",17.960076,3757140
"JKH.N0000","2024-02-02",17.860298,4722960
"JKH.N0000","2024-02-06",18.3093,6478550
"JKH.N0000","2024-02-07",18.284355,11060900
"JKH.N0000","2024-02-08",18.359189,5550500
"JKH.N0000","2024-02-09",18.533801,6882770
"JKH.N0000","2024-02-12",18.633579,2163560
"JKH.N0000","2024-02-13",18.783246,4374970
"JKH.N0000","2024-02-14",18.783246,2969420
"JKH.N0000","2024-02-15",18.808191,2458750
"JKH.N0000","2024-02-16",18.907969,2283750
"JKH.N0000","2024-02-19",18.957858,5388390
"JKH.N0000","2024-02-20",19.107525,4332090
"JKH.N0000","2024-02-21",19.232248,3737950
"JKH.N0000","2024-02-22",19.356971,6812940
"JKH.N0000","2024-02-26",18.957858,1799080
"JKH.N0000","2024-02-27",18.883024,1059400
"JKH.N0000","2024-02-28",18.758302,1240410
"JKH.N0000","2024-02-29",18.658523,9863620
"JKH.N0000","2024-03-01",18.508856,4409100
"JKH.N0000","2024-03-04",18.85808,3617150
"JKH.N0000","2024-03-05",18.758302,2975710
"JKH.N0000","2024-03-06",18.58369,541400
"JKH.N0000","2024-03-07",18.957858,3714510
"JKH.N0000","2024-03-11",19.007747,110780
"JKH.N0000","2024-03-12",19.057636,465050
"JKH.N0000","2024-03-13",19.107525,1838190
"JKH.N0000","2024-03-14",18.957858,2408100
"JKH.N0000","2024-03-15",19.157414,1474390
"JKH.N0000","2024-03-18",19.207304,973110
"JKH.N0000","2024-03-19",19.057636,1374030
"JKH.N0000","2024-03-20",18.957858,1383820
"JKH.N0000","2024-03-21",18.758302,963690
"JKH.N0000","2024-03-22",18.957858,3167670
"JKH.N0000","2024-03-25",19.007747,4427180
"JKH.N0000","2024-03-26",19.107525,404330
"JKH.N0000","2024-03-27",19.157414,1346050
"JKH.N0000","2024-03-28",19.381915,6741430
"JKH.N0000","2024-04-01",19.381915,358660
"JKH.N0000","2024-04-02",19.656305,3657760
"JKH.N0000","2024-04-03",19.830917,5290680
"JKH.N0000","2024-04-04",19.805973,8347140
"JKH.N0000","2024-04-05",19.855862,1956620
"JKH.N0000","2024-04-08",19.855862,10371950
"JKH.N0000","2024-04-09",19.95564,1954430
"JKH.N0000","2024-04-10",19.980585,2280470
"JKH.N0000","2024-04-15",20.23003,4250960
"JKH.N0000","2024-04-16",20.080363,1546150
"JKH.N0000","2024-04-17",20.180141,908640
"JKH.N0000","2024-04-18",20.354753,4300150
"JKH.N0000","2024-04-19",20.354753,1165700
"JKH.N0000","2024-04-22",20.454531,1461290
"JKH.N0000","2024-04-24",20.454531,1915170
"JKH.N0000","2024-04-25",20.953422,6163060
"JKH.N0000","2024-04-26",20.803755,8206670
"JKH.N0000","2024-04-29",20.878588,9161330
"JKH.N0000","2024-04-30",20.903533,10937450
"JKH.N0000","2024-05-02",20.853644,11577790
"JKH.N0000","2024-05-03",20.454531,5996860
"JKH.N0000","2024-05-06",20.205086,5096970
"JKH.N0000","2024-05-07",20.205086,12235420
"JKH.N0000","2024-05-08",20.454531,3639090
"JKH.N0000","2024-05-09",20.554309,3752130
"JKH.N0000","2024-05-10",20.853644,7955120
"JKH.N0000","2024-05-13",20.703977,3428550
"JKH.N0000","2024-05-14",20.429586,14709040
"JKH.N0000","2024-05-15",20.155196,6913350
"JKH.N0000","2024-05-16",20.304864,12097230
"JKH.N0000","2024-05-17",20.629143,1785820
"JKH.N0000","2024-05-20",20.554309,538870
"JKH.N0000","2024-05-21",20.604198,4106430
"JKH.N0000","2024-05-22",20.853644,3888700
"JKH.N0000","2024-05-27",20.828699,796940
"JKH.N0000","2024-05-28",20.679032,613850
"JKH.N0000","2024-05-29",20.50442,1926460
"JKH.N0000","2024-05-30",20.629143,860110
"JKH.N0000","2024-05-31",20.654087,5184240
"JKH.N0000","2024-06-03",20.404642,331910
"JKH.N0000","2024-06-04",20.354753,223130
"JKH.N0000","2024-06-05",20.23003,2849910
"JKH.N0000","2024-06-06",20.429586,520860
"JKH.N0000","2024-06-07",20.554309,1693220
"JKH.N0000","2024-06-10",20.329808,8826650
"JKH.N0000","2024-06-11",20.354753,6857670
"JKH.N0000","2024-06-12",20.354753,2779960
"JKH.N0000","2024-06-13",20.254975,1476120
"JKH.N0000","2024-06-14",20.454531,2517340
"JKH.N0000","2024-06-18",20.354753,20684610
"JKH.N0000","2024-06-19",20.254975,1046780
"JKH.N0000","2024-06-20",20.180141,7631310
"JKH.N0000","2024-06-24",20.50442,9217200
"JKH.N0000","2024-06-25",20.554309,7416670
"JKH.N0000","2024-06-26",20.50442,2897220
"JKH.N0000","2024-06-27",20.254975,241990
"JKH.N0000","2024-06-28",20.354753,1688170
"JKH.N0000","2024-07-01",20.354753,283710
"JKH.N0000","2024-07-02",20.454531,1444490
"JKH.N0000","2024-07-03",20.304864,1065120
"JKH.N0000","2024-07-04",20.304864,2144040
"JKH.N0000","2024-07-05",20.304864,201670
"JKH.N0000","2024-07-08",20.155196,271270
"JKH.N0000","2024-07-09",19.930695,3013510
"JKH.N0000","2024-07-10",19.855862,1526650
"JKH.N0000","2024-07-11",19.456749,4687200
"JKH.N0000","2024-07-12",19.456749,3774390
"JKH.N0000","2024-07-15",19.40686,8176690
"JKH.N0000","2024-07-16",19.456749,1602640
"JKH.N0000","2024-07-17",19.356971,810730
"JKH.N0000","2024-07-18",19.356971,10663030
"JKH.N0000","2024-07-19",19.356971,345370
"JKH.N0000","2024-07-22",19.157414,4145220
"JKH.N0000","2024-07-23",19.032692,1254680
"JKH.N0000","2024-07-24",19.356971,1374750
"JKH.N0000","2024-07-25",19.207304,714160
"JKH.N0000","2024-07-26",19.107525,2394560
"JKH.N0000","2024-07-29",19.082581,1811450
"JKH.N0000","2024-07-30",18.833135,3042880
"JKH.N0000","2024-07-31",17.087017,21215170
"JKH.N0000","2024-08-01",17.461185,9467520
"JKH.N0000","2024-08-02",18.059854,9183790
"JKH.N0000","2024-08-05",17.735575,3006940
"JKH.N0000","2024-08-06",17.935131,8985620
"JKH.N0000","2024-08-07",17.860298,2959810
"JKH.N0000","2024-08-08",17.960076,5170140
"JKH.N0000","2024-08-09",17.935131,2405640
"JKH.N0000","2024-08-12",17.860298,736370
"JKH.N0000","2024-08-13",17.910187,4297770
"JKH.N0000","2024-08-14",18.009965,16203520
"JKH.N0000","2024-08-15",18.159632,847070
"JKH.N0000","2024-08-16",18.059854,1164130
"JKH.N0000","2024-08-20",18.234466,4702910
"JKH.N0000","2024-08-21",18.159632,1298330
"JKH.N0000","2024-08-22",18.059854,920490
"JKH.N0000","2024-08-23",17.960076,2963170
"JKH.N0000","2024-08-26",17.710631,954700
"JKH.N0000","2024-08-27",17.411296,2715210
"JKH.N0000","2024-08-28",17.261629,1668980
"JKH.N0000","2024-08-29",17.16185,1194570
"JKH.N0000","2024-08-30",16.862516,2876860
"JKH.N0000","2024-09-02",16.687904,5661090
"JKH.N0000","2024-09-03",16.662959,4854810
"JKH.N0000","2024-09-04",16.662959,4881730
"JKH.N0000","2024-09-05",16.61307,1635140
"JKH.N0000","2024-09-06",16.563181,2876180
"JKH.N0000","2024-09-09",16.363625,4004610
"JKH.N0000","2024-09-10",16.275,5692130
"JKH.N0000","2024-09-11",16.1,9834920
"JKH.N0000","2024-09-12",16,6916330
"JKH.N0000","2024-09-13",16.275,11420170
"JKH.N0000","2024-09-18",16.45,1067510
"JKH.N0000","2024-09-19",16.5,1430780
"JKH.N0000","2024-09-20",16.8,1983940
"JKH.N0000","2024-09-23",16.875,1189290
"JKH.N0000","2024-09-24",16.9,6836950
"JKH.N0000","2024-09-25",17,11775630
"JKH.N0000","2024-09-26",17.125,2439300
"JKH.N0000","2024-09-27",17.3,10398700
"JKH.N0000","2024-09-30",17.9,8711390
"JKH.N0000","2024-10-01",18.4,5779570
"JKH.N0000","2024-10-02",18.125,2104580
"JKH.N0000","2024-10-03",18.1,2342010
"JKH.N0000","2024-10-04",18.65,6632190
"JKH.N0000","2024-10-07",18.9,5310060
"JKH.N0000","2024-10-08",19.6,5897110
"JKH.N0000","2024-10-09",19.85,18454350
"JKH.N0000","2024-10-10",19.75,6122730
"JKH.N0000","2024-10-11",19.7,5593980
"JKH.N0000","2024-10-14",19.7,2570450
"JKH.N0000","2024-10-15",19.6,4250190
"JKH.N0000","2024-10-16",19.6,1103800
"JKH.N0000","2024-10-18",19.7,1844690
"JKH.N0000","2024-10-21",19.7,4042400
"JKH.N0000","2024-10-22",19.9,24253820
"JKH.N0000","2024-10-23",20.35,20301650
"JKH.N0000","2024-10-24",21.075,25542200
"JKH.N0000","2024-10-25",21.4,20639140
"JKH.N0000","2024-10-28",21.25,12791430
"JKH.N0000","2024-11-06",21.3,47791392
"JKH.N0000","2024-11-07",21.5,24499227
"JKH.N0000","2024-11-08",21.1,5870648
"JKH.N0000","2024-11-11",20.9,7702034
"JKH.N0000","2024-11-12",21.3,5347420
"JKH.N0000","2024-11-13",21.6,10579170
"JKH.N0000","2024-11-14",21.5,6800338
"JKH.N0000","2024-11-18",21.3,18559148
"JKH.N0000","2024-11-19",20.7,53606929
"JKH.N0000","2024-11-20",20.7,10268328
"JKH.N0000","2024-11-21",20,23124918
"JKH.N0000","2024-11-22",19.9,4385177
"JKH.N0000","2024-11-25",19.3,16876087
"JKH.N0000","2024-11-26",19.9,5511501
"JKH.N0000","2024-11-27",19.9,3276977
"JKH.N0000","2024-11-28",20,9192126
"JKH.N0000","2024-11-29",19.8,7491186
"JKH.N0000","2024-12-02",19.9,3927502
"JKH.N0000","2024-12-03",20,3832565
"JKH.N0000","2024-12-04",20.6,8596838
"JKH.N0000","2024-12-05",20.8,6513198
"JKH.N0000","2024-12-06",20.8,7719798
"JKH.N0000","2024-12-09",20.8,5046921
"JKH.N0000","2024-12-10",21,9420467
"JKH.N0000","2024-12-11",21.2,24090524
"JKH.N0000","2024-12-12",21.4,31975329
"JKH.N0000","2024-12-13",21.5,7808627
"JKH.N0000","2024-12-16",21.8,15740274
"JKH.N0000","2024-12-17",22.3,25499707
"JKH.N0000","2024-12-18",22.5,11000895
"JKH.N0000","2024-12-19",22.6,16916259
"JKH.N0000","2024-12-20",22.5,11034917
"JKH.N0000","2024-12-23",22.4,6517961
"JKH.N0000","2024-12-24",22.4,6628564
"JKH.N0000","2024-12-26",22.3,7103263
"JKH.N0000","2024-12-27",22.3,10082428
"JKH.N0000","2024-12-30",22.7,22130283
"JKH.N0000","2024-12-31",22.6,10771499
"JKH.N0000","2025-01-02",23.7,28712730
"JKH.N0000","2025-01-03",24,36656278
"JKH.N0000","2025-01-06",23.8,33480877
"JKH.N0000","2025-01-07",23.9,8086657
"JKH.N0000","2025-01-08",24,12300418
"JKH.N0000","2025-01-09",23.8,17832514
"JKH.N0000","2025-01-10",23.9,7429437
"JKH.N0000","2025-01-15",24.1,10065533
"JKH.N0000","2025-01-16",24,9709337
"JKH.N0000","2025-01-17",24,8822574
"JKH.N0000","2025-01-20",23.9,3771421
"JKH.N0000","2025-01-21",23.7,7809073
"JKH.N0000","2025-01-22",24,17255666
"JKH.N0000","2025-01-23",24,7006933
"JKH.N0000","2025-01-24",23.6,12861164
"JKH.N0000","2025-01-27",23.1,19584982
"JKH.N0000","2025-01-28",22.9,16984151
"JKH.N0000","2025-01-29",22.7,17594371
"JKH.N0000","2025-01-30",22.7,39164432
"JKH.N0000","2025-01-31",22.9,4908822
"JKH.N0000","2025-02-03",22.7,14043942
"JKH.N0000","2025-02-05",22.1,22174251
"JKH.N0000","2025-02-06",22.3,4511388
"JKH.N0000","2025-02-07",22.8,2151403
"JKH.N0000","2025-02-10",22.6,2266035
"JKH.N0000","2025-02-11",22.5,3014623
"JKH.N0000","2025-02-13",22.5,7688736
"JKH.N0000","2025-02-14",22.9,6576175
"JKH.N0000","2025-02-17",22.7,1553698
"JKH.N0000","2025-02-18",22.2,9238830
"JKH.N0000","2025-02-19",22.2,4730460
"JKH.N0000","2025-02-20",22.3,7383126
"JKH.N0000","2025-02-21",22.4,5605223
"JKH.N0000","2025-02-24",22.3,4348410
"JKH.N0000","2025-02-25",22.1,3418677
"JKH.N0000","2025-02-27",21.4,5243635
"JKH.N0000","2025-02-28",21.3,3520788
"JKH.N0000","2025-03-03",21.1,3411584
"JKH.N0000","2025-03-04",21,4607791
"JKH.N0000","2025-03-05",21,4989213
"JKH.N0000","2025-03-06",21,10933706
"JKH.N0000","2025-03-07",21,4474180
"JKH.N0000","2025-03-10",20.9,900211
"JKH.N0000","2025-03-11",20.6,2375440
"JKH.N0000","2025-03-12",20.7,7207362
"JKH.N0000","2025-03-14",20.6,705626
"JKH.N0000","2025-03-17",20.5,3600836
"JKH.N0000","2025-03-18",20.2,3676755
"JKH.N0000","2025-03-19",20.2,1835017
"JKH.N0000","2025-03-20",20.5,3919720
"JKH.N0000","2025-03-21",20.6,3480425
"JKH.N0000","2025-03-24",20.5,1418056
"JKH.N0000","2025-03-25",20.4,2928551
"JKH.N0000","2025-03-26",20.2,2660659
"JKH.N0000","2025-03-27",20.3,4637644
"JKH.N0000","2025-03-28",20.2,8494513
"JKH.N0000","2025-04-01",20.4,3368976
"JKH.N0000","2025-04-02",20.2,14936000
"JKH.N0000","2025-04-03",20,14031323
"JKH.N0000","2025-04-04",19.6,11257544
"JKH.N0000","2025-04-07",18.8,39320184
"JKH.N0000","2025-04-08",19.6,7117015
"JKH.N0000","2025-04-09",19.3,30609724
"JKH.N0000","2025-04-10",20.1,17342645
"JKH.N0000","2025-04-11",20,2124511
"JKH.N0000","2025-04-16",20,1298763
"JKH.N0000","2025-04-17",20.1,1421364
"JKH.N0000","2025-04-21",19.9,2007506
"JKH.N0000","2025-04-22",19.7,5994259
"JKH.N0000","2025-04-23",20,2368878
"JKH.N0000","2025-04-24",20,2001104
"JKH.N0000","2025-04-25",20.1,6174992
"JKH.N0000","2025-04-28",20.7,5756710
"JKH.N0000","2025-04-29",20.8,2642815
"JKH.N0000","2025-04-30",20.7,8309777
"JKH.N0000","2025-05-02",20.4,3297924
"JKH.N0000","2025-05-05",20.7,13686127
"JKH.N0000","2025-05-06",20.6,513725
"JKH.N0000","2025-05-07",20.1,7647345
"JKH.N0000","2025-05-08",20.2,2729235
"JKH.N0000","2025-05-09",20.2,2302452
"JKH.N0000","2025-05-14",20.5,7274579
"JKH.N0000","2025-05-15",20.6,8525368
"JKH.N0000","2025-05-16",21.2,10084655
"JKH.N0000","2025-05-19",21.3,5323828
"JKH.N0000","2025-05-20",21.1,4412423
"JKH.N0000","2025-05-21",21.2,3325351
"JKH.N0000","2025-05-22",21.6,9043485
"JKH.N0000","2025-05-23",21.3,2541405
"JKH.N0000","2025-05-26",21.2,2899314
"JKH.N0000","2025-05-27",21.2,3790651
"JKH.N0000","2025-05-28",20.8,6945949
"JKH.N0000","2025-05-29",21.2,2381105
"JKH.N0000","2025-05-30",21,9536172
"JKH.N0000","2025-06-02",21,4005217
"JKH.N0000","2025-06-03",21.2,6432303
"JKH.N0000","2025-06-04",21.5,6962613
"JKH.N0000","2025-06-05",21.8,8478135
"JKH.N0000","2025-06-06",21.8,8880375
"JKH.N0000","2025-06-09",21.9,2814562
"JKH.N0000","2025-06-11",22.5,7835679
"JKH.N0000","2025-06-12",22.4,5148870
"JKH.N0000","2025-06-13",22,8083167
"JKH.N0000","2025-06-16",21.9,8547070
"JKH.N0000","2025-06-17",21.7,11449217
"JKH.N0000","2025-06-18",21.5,6159332
"JKH.N0000","2025-06-19",21.4,4373229
"JKH.N0000","2025-06-20",21.5,3258166
"JKH.N0000","2025-06-23",21.2,4624124
"JKH.N0000","2025-06-24",21.6,14931949
"JKH.N0000","2025-06-25",22,19950194
"JKH.N0000","2025-06-26",21.8,3585064
"JKH.N0000","2025-06-27",22.2,26037098
"JKH.N0000","2025-06-30",22.4,16504357
"JKH.N0000","2025-07-01",22.9,12765492
"JKH.N0000","2025-07-02",23,14557276
"JKH.N0000","2025-07-03",23.4,25915392
"JKH.N0000","2025-07-04",23.6,15646002
"JKH.N0000","2025-07-07",23.6,6099963
"JKH.N0000","2025-07-08",23.3,12369943
"JKH.N0000","2025-07-09",23.5,3840679
"JKH.N0000","2025-07-11",24.2,20348970
"JKH.N0000","2025-07-14",25.2,29424724
"JKH.N0000","2025-07-15",26,34616923
"JKH.N0000","2025-07-16",25.7,12013534
"JKH.N0000","2025-07-17",25.3,12118102
"JKH.N0000","2025-07-18",25.5,10823279
"JKH.N0000","2025-07-21",25.3,3882114
"JKH.N0000","2025-07-22",25.1,13160233
"JKH.N0000","2025-07-23",24.9,8944413
"JKH.N0000","2025-07-24",25.1,10473170
"JKH.N0000","2025-07-25",25.1,9521713
"JKH.N0000","2025-07-28",25,6386049
"JKH.N0000","2025-07-29",24.5,18897748
"JKH.N0000","2025-07-30",24.3,16189493
"JKH.N0000","2025-07-31",23.9,15692262
"JKH.N0000","2025-08-01",24.6,13016859
"JKH.N0000","2025-08-04",24,9815785
"JKH.N0000","2025-08-05",23.7,11754160
"JKH.N0000","2025-08-06",23.7,9198999
"JKH.N0000","2025-08-07",23.5,7622160
"JKH.N0000","2025-08-11",23.4,4090531
"JKH.N0000","2025-08-12",23,8507391
"JKH.N0000","2025-08-13",22.9,6893668
"JKH.N0000","2025-08-14",22.9,3798074
"JKH.N0000","2025-08-15",23.1,11083563
"JKH.N0000","2025-08-18",23.5,3794402
"JKH.N0000","2025-08-19",23.1,8603374
"JKH.N0000","2025-08-20",23.8,8043278
"JKH.N0000","2025-08-21",23.9,6643869
"JKH.N0000","2025-08-22",23.9,4453351
"JKH.N0000","2025-08-25",23.6,3416392
"JKH.N0000","2025-08-26",23.5,4196374
"JKH.N0000","2025-08-27",23.2,8188540
"JKH.N0000","2025-08-28",23.1,4773830
"JKH.N0000","2025-08-29",23.4,5760710
"JKH.N0000","2025-09-01",22.9,6369636
"JKH.N0000","2025-09-02",22.7,6841908
"JKH.N0000","2025-09-03",22.7,6335168
"JKH.N0000","2025-09-04",22.7,3113454
"JKH.N0000","2025-09-08",22.5,7414475
"JKH.N0000","2025-09-09",22.2,6541553
"JKH.N0000","2025-09-10",22.3,7418684
"JKH.N0000","2025-09-11",22,6827773
"JKH.N0000","2025-09-12",22,5539581
"JKH.N0000","2025-09-15",22,6999235
"JKH.N0000","2025-09-16",22.1,7205334
"JKH.N0000","2025-09-17",22,8507074
"JKH.N0000","2025-09-18",22.6,3986643
"JKH.N0000","2025-09-19",22.9,10915399
"JKH.N0000","2025-09-22",23.4,11536179
"JKH.N0000","2025-09-23",23,4792689
"JKH.N0000","2025-09-24",22.5,9437076
"JKH.N0000","2025-09-25",22.2,8830968
"JKH.N0000","2025-09-26",22.2,10926207
"JKH.N0000","2025-09-29",22.4,3277834
"JKH.N0000","2025-09-30",22.1,5954525
"JKH.N0000","2025-10-01",22.3,3121223
"JKH.N0000","2025-10-02",22.1,3500428
"JKH.N0000","2025-10-03",21.9,12495339
"JKH.N0000","2025-10-07",21.7,9561616
"JKH.N0000","2025-10-08",21.5,12397599
"JKH.N0000","2025-10-09",21,18731818
"JKH.N0000","2025-10-10",21.8,12556997
"JKH.N0000","2025-10-13",21.8,3428717
"JKH.N0000","2025-10-14",21.7,3677821
"JKH.N0000","2025-10-15",21.6,5292112
"JKH.N0000","2025-10-16",21.6,3356267
"JKH.N0000","2025-10-17",21.7,5569387
"JKH.N0000","2025-10-21",21.6,3981572
"JKH.N0000","2025-10-22",21.4,7263886
"JKH.N0000","2025-10-23",21.3,5919523
"JKH.N0000","2025-10-24",21.4,5653323
"JKH.N0000","2025-10-27",21.3,6038440
"JKH.N0000","2025-10-28",21,13521393
"JKH.N0000","2025-10-29",20.8,7947321
"JKH.N0000","2025-10-30",20.7,17921542
"JKH.N0000","2025-10-31",21.1,8937730
"JKH.N0000","2025-11-03",21.5,7889347
"JKH.N0000","2025-11-04",21.5,6404475
"JKH.N0000","2025-11-06",21.7,11973740
"JKH.N0000","2025-11-07",22.1,10938363
"JKH.N0000","2025-11-10",22.4,7045088
"JKH.N0000","2025-11-11",22.5,10861997
"JKH.N0000","2025-11-12",22.8,15465544
"JKH.N0000","2025-11-13",22.5,7599450
"JKH.N0000","2025-11-14",22.5,3352156
"JKH.N0000","2025-11-17",22.5,1633702
"JKH.N0000","2025-11-18",22.6,6466493
"JKH.N0000","2025-11-19",22.8,8377927
"JKH.N0000","2025-11-20",22.9,8293604
"JKH.N0000","2025-11-21",22.9,5538674
"JKH.N0000","2025-11-24",22.6,8417296
"JKH.N0000","2025-11-25",22.5,4018731
"JKH.N0000","2025-11-26",22.5,1408754
"JKH.N0000","2025-11-27",22.4,3213431
"JKH.N0000","2025-11-28",22.2,9473832
"JKH.N0000","2025-12-01",21.9,6277710
"JKH.N0000","2025-12-02",21.9,4335546
"JKH.N0000","2025-12-03",21.6,5828335
"JKH.N0000","2025-12-05",21,5594013
"JKH.N0000","2025-12-08",20.9,2687108
"JKH.N0000","2025-12-09",21.1,3550852
"JKH.N0000","2025-12-10",20.9,5379703
"JKH.N0000","2025-12-11",21.1,22392960
"JKH.N0000","2025-12-12",21.3,6155799
"JKH.N0000","2025-12-15",21.2,3086559
"JKH.N0000","2025-12-16",21.1,1643733
"JKH.N0000","2025-12-17",21.1,5201280
"JKH.N0000","2025-12-18",21.3,2474205
"JKH.N0000","2025-12-19",21.2,4286241
"JKH.N0000","2025-12-22",21,4149134
"JKH.N0000","2025-12-23",21,7172477
"JKH.N0000","2025-12-24",21.1,13503435
"JKH.N0000","2025-12-26",21.1,1214105
"JKH.N0000","2025-12-29",21,4080538
"JKH.N0000","2025-12-30",21.2,3354003
"JKH.N0000","2025-12-31",21.6,3574843
"JKH.N0000","2026-01-02",21.5,1616287
"JKH.N0000","2026-01-05",21.6,2714528
"JKH.N0000","2026-01-06",22.1,4271638
"JKH.N0000","2026-01-07",22.3,140610
"JKH.N0000","2026-01-08",22.5,4692341
"JKH.N0000","2026-01-09",22.8,5400248
"JKH.N0000","2026-01-12",22.8,6107803
"JKH.N0000","2026-01-13",22.4,1659201
"JKH.N0000","2026-01-14",22.7,2181040
"JKH.N0000","2026-01-16",22.3,1481041
"JKH.N0000","2026-01-19",22.4,4258346
"JKH.N0000","2026-01-20",22.1,1926258
"JKH.N0000","2026-01-21",22,5037279
"JKH.N0000","2026-01-22",22,3842745
"JKH.N0000","2026-01-23",22.1,1479652
"JKH.N0000","2026-01-26",22.1,1990624
"JKH.N0000","2026-01-27",22.7,6134838
"JKH.N0000","2026-01-28",22.9,28307333
"JKH.N0000","2026-01-29",22.7,2824707
"JKH.N0000","2026-01-30",22.7,2089194
"JKH.N0000","2026-02-02",22.5,2468555
"JKH.N0000","2026-02-03",22.5,3407636
"JKH.N0000","2026-02-05",22.7,4905341
"JKH.N0000","2026-02-06",22.8,6467917
"JKH.N0000","2026-02-09",22.3,3893129
"JKH.N0000","2026-02-10",22.5,2847760
"JKH.N0000","2026-02-11",22.5,2954469
"JKH.N0000","2026-02-12",22.3,1914041
"JKH.N0000","2026-02-13",22.1,1647892
"JKH.N0000","2026-02-16",22.4,2723901
"JKH.N0000","2026-02-17",22.5,3291461
"JKH.N0000","2026-02-18",22.6,5094853
"JKH.N0000","2026-02-19",22.7,10849064
"JKH.N0000","2026-02-20",22.7,1846182
"JKH.N0000","2026-02-23",22.7,1133031
"JKH.N0000","2026-02-24",22.1,4188751
"JKH.N0000","2026-02-25",22.5,1830781
"JKH.N0000","2026-02-26",22.8,8423848
"JKH.N0000","2026-02-27",22.3,9044860
"JKH.N0000","2026-03-03",21.1,11295085
"JKH.N0000","2026-03-04",21.2,4505094
"JKH.N0000","2026-03-05",21.6,1807138
"JKH.N0000","2026-03-06",21,4286447
"JKH.N0000","2026-03-09",20.1,10817802
"JKH.N0000","2026-03-10",20.7,5056496
"JKH.N0000","2026-03-11",20.6,2138678
"JKH.N0000","2026-03-12",20.2,7811985
"JKH.N0000","2026-03-13",20,4869947
"JKH.N0000","2026-03-16",19.3,20514813
"JKH.N0000","2026-03-17",18.9,8856912
"JKH.N0000","2026-03-18",18.9,13581314
"JKH.N0000","2026-03-19",17.9,26183352
"JKH.N0000","2026-03-20",18.1,29185599
"JKH.N0000","2026-03-23",18.1,8569975
"JKH.N0000","2026-03-24",18.8,11473454
"JKH.N0000","2026-03-25",19.3,12895211
"JKH.N0000","2026-03-26",19.1,4454024
"JKH.N0000","2026-03-27",18.4,10735453
"JKH.N0000","2026-03-30",18,16559615
"JKH.N0000","2026-03-31",18.3,37717138
"JKH.N0000","2026-04-02",18.5,4798990
"JKH.N0000","2026-04-06",18.7,13236590
"JKH.N0000","2026-04-07",18.6,2642368
"JKH.N0000","2026-04-08",19.8,18436256
"JKH.N0000","2026-04-09",19.7,7989681
"JKH.N0000","2026-04-10",20.1,11196500
"JKH.N0000","2026-04-15",20.2,3515006
"JKH.N0000","2026-04-16",20.5,3766575
"JKH.N0000","2026-04-17",20.5,2753047
"JKH.N0000","2026-04-20",20.4,6744539
"JKH.N0000","2026-04-21",20.3,3839305
"JKH.N0000","2026-04-22",20.2,1293286
"JKH.N0000","2026-04-23",20.1,3306503
"JKH.N0000","2026-04-24",20.2,1016365
"JKH.N0000","2026-04-27",20.4,1927337
"JKH.N0000","2026-04-28",20.5,5861871
"JKH.N0000","2026-04-29",20.6,5533466
"JKH.N0000","2026-04-30",20.4,10589366
"JKH.N0000","2026-05-04",20.4,1401383
"JKH.N0000","2026-05-05",20.4,1911630
"JKH.N0000","2026-05-06",20.6,6166755
"JKH.N0000","2026-05-07",20.7,6268465
"JKH.N0000","2026-05-08",20.6,1284988
"JKH.N0000","2026-05-11",20.5,933266
"JKH.N0000","2026-05-12",20.7,1333063
"JKH.N0000","2026-05-13",20.6,3068366
"JKH.N0000","2026-05-14",20.8,4910206
"JKH.N0000","2026-05-15",20.7,2367933
"JKH.N0000","2026-05-18",20.3,6133401
"JKH.N0000","2026-05-19",20.4,2233251
"JKH.N0000","2026-05-20",19.9,6624555
"JKH.N0000","2026-05-21",20,2668583
"JKH.N0000","2026-05-22",20.2,11317183
"JKH.N0000","2026-05-25",20.4,1558659
"JKH.N0000","2026-05-26",20.4,2287455
"JKH.N0000","2026-05-27",20.2,3238861
"JKH.N0000","2026-05-29",20.2,5444023
"JKH.N0000","2026-06-01",20,2684952
"JKH.N0000","2026-06-02",20.1,1121000
"JKH.N0000","2026-06-03",20.1,4048446
"JKH.N0000","2026-06-04",19.9,3709528
"JKH.N0000","2026-06-05",20,5310339
"JKH.N0000","2026-06-08",19.9,4074960
"JKH.N0000","2026-06-09",19.8,2692447
"JKH.N0000","2026-06-10",19.8,2853578
"JKH.N0000","2026-06-11",19.7,2884685
"JKH.N0000","2026-06-12",20,3163380
"JKH.N0000","2026-06-15",20.5,3624133
"JKH.N0000","2026-06-16",20.5,3260678
"JKH.N0000","2026-06-17",20.4,910670
"JKH.N0000","2026-06-18",20.5,1790522
"JKH.N0000","2026-06-19",20.4,3053730
"JKH.N0000","2026-06-22",20.3,1204598
"JKH.N0000","2026-06-23",20.2,2952961
"JKH.N0000","2026-06-24",20.2,718232
"JKH.N0000","2026-06-25",20.6,3081621
"JKH.N0000","2026-06-26",20.5,1809426
"JKH.N0000","2026-06-30",20.3,2113732
"JKH.N0000","2026-07-01",20.3,747346
"JKH.N0000","2026-07-02",20.4,2258944
"JKH.N0000","2026-07-03",20.2,1680208
"JKH.N0000","2026-07-06",20.2,2172802
"JKH.N0000","2026-07-07",20.1,2133161
"JKH.N0000","2026-07-08",20,2598095
"JKH.N0000","2026-07-09",19.8,1619632
"JKH.N0000","2026-07-10",20,3052893
"JKH.N0000","2026-07-13",20,1089506
"JKH.N0000","2026-07-14",19.9,947538
"JKH.N0000","2026-07-15",20,2838312
"JKH.N0000","2026-07-16",20,1819037
"JKH.N0000","2026-07-17",20,1631636
"JKH.N0000","2026-07-20",19.8,5524178
"JKH.N0000","2026-07-21",19.8,489792
"JKH.N0000","2026-07-22",19.7,714166
"JKH.N0000","2026-07-23",19.7,2444719
"JKH.N0000","2026-07-24",19.7,1208744
"JKH.N0000","2026-07-27",19.9,2659192
"JKH.N0000","2026-07-28",20,1591248
"JKH.N0000","2026-07-30",19.8,1819649
"JKH.N0000","2026-07-31",20,1446809
"JKH.N0000","2026-08-03",20,5868112
"JKH.N0000","2026-08-04",19.9,7610175
"JKH.N0000","2026-08-05",20.1,6547250
"JKH.N0000","2026-08-06",20.1,5942393
"JKH.N0000","2026-08-07",20.2,2508160
"JKH.N0000","2026-08-10",20,2737827
"JKH.N0000","2026-08-11",20,1730164
"JKH.N0000","2026-08-12",20,1827272
"JKH.N0000","2026-08-13",19.9,3562353
"JKH.N0000","2026-08-14",20.1,1577810
"JKH.N0000","2026-08-17",20.1,2380209
"JKH.N0000","2026-08-18",20,1447246
"JKH.N0000","2026-08-19",19.9,609802
"JKH.N0000","2026-08-20",19.9,231661
"JKH.N0000","2026-08-21",19.8,1168121
"JKH.N0000","2026-08-24",19.9,5095443
"JKH.N0000","2026-08-25",19.9,465306
"JKH.N0000","2026-08-28",19.9,1680918
"JKH.N0000","2026-08-31",19.9,895194
