date,symbol,open,high,low,close,volume,source,return_1d,log_return_1d,range_pct,volume_20d_ma,volume_ratio_20d
2012-02-23,BIL.N0000,3.37825926,3.74347648,3.28695496,3.65217217,3291630,tradingview_cselk_fallback,,,0.1249999996577379,,
2012-02-24,BIL.N0000,3.37825926,3.74347648,3.37825926,3.65217217,472764,tradingview_cselk_fallback,0.0,0.0,0.10000000082142893,,
2012-02-27,BIL.N0000,3.37825926,3.56086787,3.28695496,3.37825926,304808,tradingview_cselk_fallback,-0.07499999924702339,-0.07796154065568309,0.08108108020105004,,
2012-03-05,BIL.N0000,3.19565065,3.37825926,3.10434635,3.19565065,211600,tradingview_cselk_fallback,-0.05405405445406819,-0.05556985157768285,0.08571428482021336,,
2012-03-06,BIL.N0000,3.19565065,3.28695496,3.19565065,3.19565065,72395,tradingview_cselk_fallback,0.0,0.0,0.028571430359573234,870639.4,0.08315153208090513
2012-03-08,BIL.N0000,3.19565065,3.19565065,3.10434635,3.19565065,162424,tradingview_cselk_fallback,0.0,0.0,0.02857142723032006,752603.5,0.21581616349113444
2012-03-09,BIL.N0000,3.19565065,3.28695496,3.19565065,3.19565065,156182,tradingview_cselk_fallback,0.0,0.0,0.028571430359573234,667400.4285714285,0.2340154325856634
2012-03-13,BIL.N0000,3.10434635,3.10434635,3.01304204,3.10434635,446069,tradingview_cselk_fallback,-0.028571427230320023,-0.028987535492699373,0.029411766506015007,639734.0,0.6972726164312042
2012-03-14,BIL.N0000,3.10434635,3.19565065,3.01304204,3.10434635,209300,tradingview_cselk_fallback,0.0,0.0,0.05882352979073999,591908.0,0.3536022489981551
2012-03-15,BIL.N0000,3.19565065,3.28695496,3.10434635,3.19565065,501729,tradingview_cselk_fallback,0.029411763284725057,0.028987535492699487,0.05714285758989329,582890.1,0.8607608878586204
2012-03-16,BIL.N0000,3.19565065,3.28695496,3.10434635,3.19565065,448346,tradingview_cselk_fallback,0.0,0.0,0.05714285758989329,570658.8181818182,0.7856638427641925
2012-03-19,BIL.N0000,3.28695496,3.46956357,3.19565065,3.28695496,478634,tradingview_cselk_fallback,0.028571430359573213,0.028170878705170276,0.08333333536155296,562990.0833333334,0.8501641754791122
2012-03-20,BIL.N0000,3.28695496,3.37825926,3.19565065,3.28695496,390431,tradingview_cselk_fallback,0.0,0.0,0.05555555589359215,549716.3076923077,0.7102408906859929
2012-03-21,BIL.N0000,3.19565065,3.28695496,3.10434635,3.19565065,333282,tradingview_cselk_fallback,-0.027777779467960784,-0.028170878705170273,0.05714285758989329,534256.7142857143,0.6238236995216585
2012-03-22,BIL.N0000,3.01304204,3.19565065,3.01304204,3.01304204,742736,tradingview_cselk_fallback,-0.05714285758989335,-0.058840500497062756,0.06060606110892496,548155.3333333334,1.3549735902110471
2012-03-23,BIL.N0000,3.19565065,3.28695496,3.01304204,3.19565065,123519,tradingview_cselk_fallback,0.06060606110892497,0.0588405004970627,0.08571428794946653,521615.5625,0.23680083356408677
2012-03-26,BIL.N0000,3.19565065,3.28695496,3.10434635,3.19565065,136711,tradingview_cselk_fallback,0.0,0.0,0.05714285758989329,498974.1176470588,0.27398415101101553
2012-03-27,BIL.N0000,3.19565065,3.28695496,3.10434635,3.19565065,466025,tradingview_cselk_fallback,0.0,0.0,0.05714285758989329,497143.6111111111,0.937405187524061
2012-03-28,BIL.N0000,3.10434635,3.19565065,3.10434635,3.10434635,34171,tradingview_cselk_fallback,-0.028571427230320023,-0.028987535492699373,0.02941176328472498,472776.63157894736,0.0722772610098727
2012-03-29,BIL.N0000,3.01304204,3.19565065,3.01304204,3.01304204,107361,tradingview_cselk_fallback,-0.029411766506014958,-0.029852965004363234,0.06060606110892496,454505.85,0.23621478139390287
2012-03-30,BIL.N0000,3.01304204,3.10434635,3.01304204,3.01304204,177819,tradingview_cselk_fallback,0.0,0.0,0.030303032213914925,298815.3,0.5950799708047079
2012-04-02,BIL.N0000,3.01304204,3.10434635,3.01304204,3.01304204,19275,tradingview_cselk_fallback,0.0,0.0,0.030303032213914925,276140.85,0.06980133507954366
2012-04-03,BIL.N0000,3.01304204,3.10434635,3.01304204,3.01304204,269046,tradingview_cselk_fallback,0.0,0.0,0.030303032213914925,274352.75,0.9806572013584701
2012-04-04,BIL.N0000,3.01304204,3.10434635,3.01304204,3.01304204,78825,tradingview_cselk_fallback,0.0,0.0,0.030303032213914925,267714.0,0.294437347318407
2012-04-05,BIL.N0000,3.01304204,3.01304204,2.92173774,3.01304204,75477,tradingview_cselk_fallback,0.0,0.0,0.03030302889501004,267868.1,0.2817692737582415
2012-04-09,BIL.N0000,2.92173774,3.01304204,2.92173774,2.92173774,46879,tradingview_cselk_fallback,-0.03030302889501002,-0.030771657214732774,0.031249998502603453,262090.85,0.1788654582943281
2012-04-10,BIL.N0000,2.92173774,3.01304204,2.92173774,2.92173774,131000,tradingview_cselk_fallback,0.0,0.0,0.031249998502603453,260831.75,0.5022394704632392
2012-04-11,BIL.N0000,3.01304204,3.01304204,2.92173774,3.01304204,35814,tradingview_cselk_fallback,0.03124999850260335,0.03077165721473269,0.03030302889501004,240319.0,0.1490269183876431
2012-04-16,BIL.N0000,3.01304204,3.01304204,3.01304204,3.01304204,19714,tradingview_cselk_fallback,0.0,0.0,0.0,230839.7,0.08540125463687571
2012-04-17,BIL.N0000,3.01304204,3.01304204,2.92173774,3.01304204,22618,tradingview_cselk_fallback,0.0,0.0,0.03030302889501004,206884.15,0.10932688656912577
2012-04-18,BIL.N0000,2.92173774,3.10434635,2.92173774,2.92173774,75786,tradingview_cselk_fallback,-0.03030302889501002,-0.030771657214732774,0.06250000042782757,188256.15,0.4025685216658261
2012-04-19,BIL.N0000,3.01304204,3.10434635,3.01304204,3.01304204,170563,tradingview_cselk_fallback,0.03124999850260335,0.03077165721473269,0.030303032213914925,172852.6,0.986754032048115
2012-04-20,BIL.N0000,3.01304204,3.10434635,3.01304204,3.01304204,121216,tradingview_cselk_fallback,0.0,0.0,0.030303032213914925,159391.85,0.7604905771530979
2012-04-23,BIL.N0000,2.92173774,3.10434635,2.92173774,2.92173774,175647,tradingview_cselk_fallback,-0.03030302889501002,-0.030771657214732774,0.06250000042782757,151510.1,1.1593088513571042
2012-04-24,BIL.N0000,2.92173774,3.01304204,2.92173774,2.92173774,110915,tradingview_cselk_fallback,0.0,0.0,0.031249998502603453,119919.05,0.9249155993147044
2012-04-25,BIL.N0000,2.83043343,2.92173774,2.83043343,2.83043343,332295,tradingview_cselk_fallback,-0.03125000192522431,-0.03174870030190863,0.03225806656756467,130357.85,2.5490985007807354
2012-04-26,BIL.N0000,2.83043343,2.92173774,2.83043343,2.83043343,342404,tradingview_cselk_fallback,0.0,0.0,0.03225806656756467,140642.5,2.43456992018771
2012-04-27,BIL.N0000,2.83043343,2.92173774,2.83043343,2.83043343,133044,tradingview_cselk_fallback,0.0,0.0,0.03225806656756467,123993.45,1.0729921620859812
2012-04-30,BIL.N0000,2.83043343,2.92173774,2.83043343,2.83043343,97653,tradingview_cselk_fallback,0.0,0.0,0.03225806656756467,127167.55,0.7679081652512767
2012-05-02,BIL.N0000,2.73912913,2.92173774,2.73912913,2.73912913,187507,tradingview_cselk_fallback,-0.03225806303453671,-0.03278982129201214,0.06666666715343954,131174.85,1.4294432202514429
2012-05-03,BIL.N0000,2.83043343,2.92173774,2.83043343,2.83043343,88720,tradingview_cselk_fallback,0.033333331751322026,0.03278982129201218,0.03225806656756467,126719.9,0.7001268151253276
2012-05-04,BIL.N0000,2.73912913,2.83043343,2.73912913,2.73912913,128701,tradingview_cselk_fallback,-0.03225806303453671,-0.03278982129201214,0.033333331751322005,132191.2,0.9735973347696366
2012-05-08,BIL.N0000,2.73912913,2.83043343,2.73912913,2.73912913,310434,tradingview_cselk_fallback,0.0,0.0,0.033333331751322005,134260.6,2.3121749791077946
2012-05-09,BIL.N0000,2.55652052,2.73912913,2.55652052,2.55652052,626896,tradingview_cselk_fallback,-0.06666666715343939,-0.06899287200849365,0.07142857198736663,161664.15,3.8777675817427673
2012-05-10,BIL.N0000,2.46521622,2.55652052,2.46521622,2.46521622,138898,tradingview_cselk_fallback,-0.03571428403790011,-0.03636764243240089,0.03703703523417512,164835.2,0.8426476869018268
2012-05-11,BIL.N0000,2.55652052,2.64782483,2.46521622,2.55652052,219354,tradingview_cselk_fallback,0.03703703523417512,0.03636764243240086,0.07142857198736663,173458.95,1.2645873850844824
2012-05-14,BIL.N0000,2.55652052,2.64782483,2.55652052,2.55652052,100160,tradingview_cselk_fallback,0.0,0.0,0.035714287949466544,171916.95,0.5826068924559212
2012-05-15,BIL.N0000,2.46521622,2.55652052,2.46521622,2.46521622,230053,tradingview_cselk_fallback,-0.03571428403790011,-0.03636764243240089,0.03703703523417512,181628.9,1.2666101044492368
2012-05-16,BIL.N0000,2.73912913,2.83043343,2.46521622,2.73912913,379411,tradingview_cselk_fallback,0.11111110975896477,0.10536051444089459,0.13333333065608338,199613.75,1.9007257766561672
2012-05-17,BIL.N0000,2.64782483,2.83043343,2.64782483,2.64782483,119498,tradingview_cselk_fallback,-0.033333331751322026,-0.03390155003911793,0.06896551385538598,204457.75,0.5844630492118787
2012-05-18,BIL.N0000,2.64782483,2.64782483,2.55652052,2.64782483,104431,tradingview_cselk_fallback,0.0,0.0,0.03448276070437785,205890.0,0.5072174462091408
2012-05-21,BIL.N0000,2.64782483,2.73912913,2.55652052,2.64782483,21907,tradingview_cselk_fallback,0.0,0.0,0.06896551763207083,198457.2,0.11038652162783713
2012-05-22,BIL.N0000,2.46521622,2.64782483,2.46521622,2.46521622,447340,tradingview_cselk_fallback,-0.06896551763207082,-0.07145896440177657,0.07407407452478953,214763.4,2.082943369307806
2012-05-23,BIL.N0000,2.37391191,2.46521622,2.28260761,2.37391191,380730,tradingview_cselk_fallback,-0.037037039290614415,-0.037740330323100466,0.0769230775711471,225017.55,1.6920013572274697
2012-05-24,BIL.N0000,2.37391191,2.46521622,2.37391191,2.37391191,39924,tradingview_cselk_fallback,0.0,0.0,0.03846154089180165,221468.0,0.18026983582278253
2012-05-25,BIL.N0000,2.37391191,2.46521622,2.28260761,2.37391191,67468,tradingview_cselk_fallback,0.0,0.0,0.0769230775711471,208226.65,0.32401232022894283
2012-05-28,BIL.N0000,2.1913033,2.37391191,2.1913033,2.1913033,402176,tradingview_cselk_fallback,-0.07692307757114714,-0.08004270837561249,0.08333333409391569,211215.25,1.9041049356047919
2012-05-29,BIL.N0000,2.0086947,2.1913033,1.91739039,2.0086947,410093,tradingview_cselk_fallback,-0.0833333295304215,-0.08701137284099868,0.1363636345533246,225067.7,1.8220873097294725
2012-05-30,BIL.N0000,2.099999,2.1913033,2.0086947,2.099999,414166,tradingview_cselk_fallback,0.04545454319165576,0.04445176040633065,0.08695651759834172,240893.35,1.719291960529421
2012-05-31,BIL.N0000,2.0086947,2.099999,1.91739039,2.0086947,730127,tradingview_cselk_fallback,-0.04347825879917089,-0.04445176040633068,0.09090909136166883,268024.35,2.724106970131632
2012-06-01,BIL.N0000,2.0086947,2.099999,1.91739039,2.0086947,84685,tradingview_cselk_fallback,0.0,0.0,0.09090909136166883,267822.6,0.31619811024163014
2012-06-05,BIL.N0000,1.91739039,2.099999,1.91739039,1.91739039,86383,tradingview_cselk_fallback,-0.04545454817001304,-0.046520018479668426,0.0952380959831555,265706.7,0.32510659309682444
2012-06-06,BIL.N0000,1.82608609,2.0086947,1.82608609,1.82608609,251985,tradingview_cselk_fallback,-0.04761904538386674,-0.04879016182249209,0.10000000054761927,262784.25,0.9589045005551132
2012-06-07,BIL.N0000,1.82608609,2.0086947,1.82608609,1.82608609,163575,tradingview_cselk_fallback,0.0,0.0,0.10000000054761927,239618.2,0.6826484799568647
2012-06-08,BIL.N0000,2.0086947,2.0086947,1.91739039,2.0086947,58256,tradingview_cselk_fallback,0.10000000054761937,0.09531018030216065,0.04545454817001307,235586.1,0.24728114264805945
2012-06-11,BIL.N0000,1.91739039,2.0086947,1.91739039,1.91739039,41356,tradingview_cselk_fallback,-0.04545454817001304,-0.046520018479668426,0.047619050599288726,226686.2,0.1824372193808004
2012-06-12,BIL.N0000,1.91739039,2.0086947,1.91739039,1.91739039,105461,tradingview_cselk_fallback,0.0,0.0,0.047619050599288726,226951.25,0.46468569791970743
2012-06-13,BIL.N0000,2.099999,2.1913033,2.0086947,2.099999,453488,tradingview_cselk_fallback,0.09523809598315558,0.09097177888599918,0.08695651759834172,238123.0,1.9044275437483988
2012-06-14,BIL.N0000,2.28260761,2.37391191,2.099999,2.28260761,787696,tradingview_cselk_fallback,0.08695652236024864,0.0833816095104798,0.11999999859809456,258537.25,3.0467408468218795
2012-06-15,BIL.N0000,2.37391191,2.55652052,2.28260761,2.37391191,1306902,tradingview_cselk_fallback,0.03999999807237997,0.039220711299800495,0.11538461425049254,317907.45,4.110951158898604
2012-06-18,BIL.N0000,2.37391191,2.55652052,2.28260761,2.37391191,373762,tradingview_cselk_fallback,0.0,0.0,0.11538461425049254,331374.0,1.1279158895990633
2012-06-19,BIL.N0000,2.46521622,2.55652052,2.37391191,2.46521622,329895,tradingview_cselk_fallback,0.03846154089180165,0.037740330323100466,0.07407407452478953,346773.4,0.951327293269899
2012-06-20,BIL.N0000,2.73912913,2.83043343,2.46521622,2.73912913,2098523,tradingview_cselk_fallback,0.11111110975896477,0.10536051444089459,0.13333333065608338,429332.55,4.887873048526137
2012-06-21,BIL.N0000,2.64782483,2.83043343,2.46521622,2.64782483,438655,tradingview_cselk_fallback,-0.033333331751322026,-0.03390155003911793,0.1379310314874568,432228.8,1.014867588647494
2012-06-22,BIL.N0000,2.64782483,2.73912913,2.55652052,2.64782483,90392,tradingview_cselk_fallback,0.0,0.0,0.06896551763207083,434752.2,0.20791614165494735
2012-06-25,BIL.N0000,2.55652052,2.73912913,2.46521622,2.55652052,396411,tradingview_cselk_fallback,-0.034482760704377835,-0.03509132196937572,0.1071428560252667,451199.35,0.8785717443963517
2012-06-26,BIL.N0000,2.46521622,2.64782483,2.46521622,2.46521622,163104,tradingview_cselk_fallback,-0.03571428403790011,-0.03636764243240089,0.07407407452478953,439245.75,0.37132744027688375
2012-06-27,BIL.N0000,2.55652052,2.64782483,2.55652052,2.55652052,295119,tradingview_cselk_fallback,0.03703703523417512,0.03636764243240086,0.035714287949466544,433497.05,0.6807866397245379
2012-06-28,BIL.N0000,2.46521622,2.64782483,2.37391191,2.46521622,60289,tradingview_cselk_fallback,-0.03571428403790011,-0.03636764243240089,0.11111111381540395,415803.2,0.14499407411967968
2012-06-29,BIL.N0000,2.46521622,2.55652052,2.37391191,2.46521622,216096,tradingview_cselk_fallback,0.0,0.0,0.07407407452478953,390101.65,0.5539479261366876
2012-07-02,BIL.N0000,2.55652052,2.64782483,2.46521622,2.55652052,471367,tradingview_cselk_fallback,0.03703703523417512,0.03636764243240086,0.07142857198736663,409435.75,1.1512599962265142
2012-07-04,BIL.N0000,2.46521622,2.64782483,2.46521622,2.46521622,128278,tradingview_cselk_fallback,-0.03571428403790011,-0.03636764243240089,0.07407407452478953,411530.5,0.3117095816713463
2012-07-05,BIL.N0000,2.46521622,2.55652052,2.46521622,2.46521622,17273,tradingview_cselk_fallback,0.0,0.0,0.03703703523417512,399794.9,0.04320465318592108
2012-07-06,BIL.N0000,2.46521622,2.55652052,2.37391191,2.46521622,781808,tradingview_cselk_fallback,0.0,0.0,0.07407407452478953,430706.55,1.8151755528212887
2012-07-09,BIL.N0000,2.46521622,2.55652052,2.37391191,2.46521622,100886,tradingview_cselk_fallback,0.0,0.0,0.07407407452478953,432838.05,0.23308024791258533
2012-07-10,BIL.N0000,2.55652052,2.64782483,2.37391191,2.55652052,309143,tradingview_cselk_fallback,0.03703703523417512,0.03636764243240086,0.10714285993683317,446227.4,0.6927925089315448
2012-07-11,BIL.N0000,2.46521622,2.55652052,2.46521622,2.46521622,50515,tradingview_cselk_fallback,-0.03571428403790011,-0.03636764243240089,0.03703703523417512,443480.1,0.11390590017455124
2012-07-12,BIL.N0000,2.46521622,2.55652052,2.37391191,2.46521622,235177,tradingview_cselk_fallback,0.0,0.0,0.07407407452478953,432564.55,0.5436807061512554
2012-07-13,BIL.N0000,2.46521622,2.55652052,2.46521622,2.46521622,94740,tradingview_cselk_fallback,0.0,0.0,0.03703703523417512,397916.75,0.2380900024942403
2012-07-16,BIL.N0000,2.55652052,2.55652052,2.46521622,2.55652052,728126,tradingview_cselk_fallback,0.03703703523417512,0.03636764243240086,0.03571428403790008,368977.95,1.9733591126515826
2012-07-17,BIL.N0000,2.46521622,2.55652052,2.46521622,2.46521622,292412,tradingview_cselk_fallback,-0.03571428403790011,-0.03636764243240089,0.03703703523417512,364910.45,0.8013253662645178
2012-07-18,BIL.N0000,2.37391191,2.55652052,2.37391191,2.37391191,119032,tradingview_cselk_fallback,-0.037037039290614415,-0.037740330323100466,0.0769230775711471,354367.3,0.3359000675288042
2012-07-19,BIL.N0000,2.55652052,2.64782483,2.46521622,2.55652052,593783,tradingview_cselk_fallback,0.07692307757114714,0.07410797275550136,0.07142857198736663,279130.3,2.127260996029453
2012-07-20,BIL.N0000,2.46521622,2.55652052,2.46521622,2.46521622,101420,tradingview_cselk_fallback,-0.03571428403790011,-0.03636764243240089,0.03703703523417512,262268.55,0.38670286620336297
2012-07-23,BIL.N0000,2.46521622,2.55652052,2.46521622,2.46521622,50687,tradingview_cselk_fallback,0.0,0.0,0.03703703523417512,260283.3,0.19473781068551077
2012-07-24,BIL.N0000,2.46521622,2.55652052,2.46521622,2.46521622,28620,tradingview_cselk_fallback,0.0,0.0,0.03703703523417512,241893.75,0.11831640958065266
2012-07-25,BIL.N0000,2.55652052,2.55652052,2.46521622,2.55652052,133905,tradingview_cselk_fallback,0.03703703523417512,0.03636764243240086,0.03571428403790008,240433.8,0.5569308474931561
2012-07-26,BIL.N0000,2.55652052,2.64782483,2.46521622,2.55652052,47424,tradingview_cselk_fallback,0.0,0.0,0.07142857198736663,228049.05,0.20795526225608044
2012-07-27,BIL.N0000,2.64782483,2.64782483,2.46521622,2.64782483,387344,tradingview_cselk_fallback,0.03571428794946652,0.035091321969375706,0.06896551763207083,244401.8,1.5848655779130925
2012-07-30,BIL.N0000,2.64782483,2.64782483,2.55652052,2.64782483,138438,tradingview_cselk_fallback,0.0,0.0,0.03448276070437785,240518.9,0.5755805468925727
2012-07-31,BIL.N0000,2.55652052,2.64782483,2.46521622,2.55652052,151746,tradingview_cselk_fallback,-0.034482760704377835,-0.03509132196937572,0.07142857198736663,224537.85,0.6758147902458316
2012-08-02,BIL.N0000,2.64782483,2.64782483,2.46521622,2.64782483,27759,tradingview_cselk_fallback,0.03571428794946652,0.035091321969375706,0.06896551763207083,219511.9,0.12645783668220265
2012-08-03,BIL.N0000,2.55652052,2.64782483,2.55652052,2.55652052,207553,tradingview_cselk_fallback,-0.034482760704377835,-0.03509132196937572,0.035714287949466544,229025.9,0.9062424817455144
2012-08-06,BIL.N0000,2.55652052,2.55652052,2.46521622,2.55652052,10209,tradingview_cselk_fallback,0.0,0.0,0.03571428403790008,190445.95,0.0536057605845648
2012-08-07,BIL.N0000,2.46521622,2.55652052,2.37391191,2.46521622,285462,tradingview_cselk_fallback,-0.03571428403790011,-0.03636764243240089,0.07407407452478953,199674.75,1.4296349438273994
2012-08-08,BIL.N0000,2.46521622,2.55652052,2.37391191,2.46521622,104838,tradingview_cselk_fallback,0.0,0.0,0.07407407452478953,189459.5,0.5533530912939177
2012-08-09,BIL.N0000,2.46521622,2.46521622,2.37391191,2.46521622,4285,tradingview_cselk_fallback,0.0,0.0,0.037037039290614415,187148.0,0.022896317353110908
2012-08-10,BIL.N0000,2.46521622,2.55652052,2.37391191,2.46521622,36034,tradingview_cselk_fallback,0.0,0.0,0.07407407452478953,177190.85,0.2033626454187674
2012-08-13,BIL.N0000,2.55652052,2.64782483,2.37391191,2.55652052,605331,tradingview_cselk_fallback,0.03703703523417512,0.03636764243240086,0.10714285993683317,202720.4,2.9860388988972004
2012-08-14,BIL.N0000,2.55652052,2.64782483,2.55652052,2.55652052,42173,tradingview_cselk_fallback,0.0,0.0,0.035714287949466544,168422.75,0.25039966394088686
2012-08-15,BIL.N0000,2.55652052,2.55652052,2.46521622,2.55652052,59961,tradingview_cselk_fallback,0.0,0.0,0.03571428403790008,156800.2,0.3824038489746824
2012-08-16,BIL.N0000,2.46521622,2.55652052,2.46521622,2.46521622,7184,tradingview_cselk_fallback,-0.03571428403790011,-0.03636764243240089,0.03703703523417512,151207.8,0.04751077656046845
2012-08-17,BIL.N0000,2.55652052,2.55652052,2.46521622,2.55652052,351368,tradingview_cselk_fallback,0.03703703523417512,0.03636764243240086,0.03571428403790008,139087.05,2.526245254320945
2012-08-20,BIL.N0000,2.46521622,2.64782483,2.46521622,2.46521622,123983,tradingview_cselk_fallback,-0.03571428403790011,-0.03636764243240089,0.07407407452478953,140215.2,0.884233663682682
2012-08-21,BIL.N0000,2.55652052,2.55652052,2.46521622,2.55652052,79237,tradingview_cselk_fallback,0.03703703523417512,0.03636764243240086,0.03571428403790008,141642.7,0.5594146397943558
2012-08-22,BIL.N0000,3.01304204,3.56086787,2.64782483,3.01304204,4852561,tradingview_cselk_fallback,0.1785714280126336,0.16430305081714724,0.3030303022257201,382839.75,12.675175448735404
2012-08-23,BIL.N0000,2.92173774,3.37825926,2.83043343,2.92173774,3102979,tradingview_cselk_fallback,-0.03030302889501002,-0.030771657214732774,0.18750000128348285,531293.45,5.840423969089023
2012-08-24,BIL.N0000,2.92173774,3.01304204,2.83043343,2.92173774,701891,tradingview_cselk_fallback,0.0,0.0,0.06250000042782772,564016.8,1.2444505199135911
2012-08-27,BIL.N0000,3.10434635,3.10434635,2.83043343,3.10434635,612024,tradingview_cselk_fallback,0.06250000042782755,0.060624622219096064,0.08823529629675514,575250.8,1.06392550866509
2012-08-28,BIL.N0000,3.10434635,3.19565065,3.01304204,3.10434635,1504484,tradingview_cselk_fallback,0.0,0.0,0.05882352979073999,643553.1,2.3377775664510048
2012-08-29,BIL.N0000,3.10434635,3.19565065,3.01304204,3.10434635,996350,tradingview_cselk_fallback,0.0,0.0,0.05882352979073999,685783.3,1.4528641919393486
2012-08-30,BIL.N0000,3.19565065,3.19565065,3.10434635,3.19565065,697234,tradingview_cselk_fallback,0.029411763284725057,0.028987535492699487,0.02857142723032006,719257.05,0.9693808354050891
2012-09-03,BIL.N0000,3.28695496,3.37825926,3.10434635,3.28695496,1200630,tradingview_cselk_fallback,0.028571430359573213,0.028170878705170276,0.08333333231922349,768910.9,1.5614683053654201
2012-09-04,BIL.N0000,3.37825926,3.46956357,3.19565065,3.37825926,1635591,tradingview_cselk_fallback,0.027777776425631284,0.02739897287251245,0.0810810831611544,850180.0,1.9238173092756827
2012-09-05,BIL.N0000,3.56086787,3.65217217,3.46956357,3.56086787,3096369,tradingview_cselk_fallback,0.05405405445406819,0.052643733864922576,0.051282048833786134,990725.35,3.125355579121903
2012-09-06,BIL.N0000,3.56086787,3.65217217,3.37825926,3.56086787,1023910,tradingview_cselk_fallback,0.0,0.0,0.07692307605898333,1036678.95,0.9876828308320528
2012-09-07,BIL.N0000,3.74347648,3.92608509,3.56086787,3.74347648,3001475,tradingview_cselk_fallback,0.05128205164209021,0.05001042091713743,0.09756097626129599,1186538.45,2.529606183432151
2012-09-10,BIL.N0000,3.92608509,4.01738939,3.74347648,3.92608509,3247852,tradingview_cselk_fallback,0.04878048813064795,0.04762804929987243,0.06976744103118762,1347129.35,2.410942943229616
2012-09-11,BIL.N0000,4.01738939,4.1086937,3.92608509,4.01738939,5136158,tradingview_cselk_fallback,0.023255812828040456,0.022989517124829186,0.045454545793978895,1573670.7,3.2638073518176327
2012-09-12,BIL.N0000,4.01738939,4.1086937,3.92608509,4.01738939,943946,tradingview_cselk_fallback,0.0,0.0,0.045454545793978895,1618759.35,0.5831292959018275
2012-09-13,BIL.N0000,3.92608509,4.1086937,3.92608509,3.92608509,1244629,tradingview_cselk_fallback,-0.022727271652400072,-0.022989517124829047,0.04651162820314726,1677992.75,0.7417368162049568
2012-09-14,BIL.N0000,4.01738939,4.1086937,3.92608509,4.01738939,4314547,tradingview_cselk_fallback,0.023255812828040456,0.022989517124829186,0.045454545793978895,1893360.9,2.278776856541191
2012-09-17,BIL.N0000,3.92608509,4.01738939,3.83478078,3.92608509,1411804,tradingview_cselk_fallback,-0.022727271652400072,-0.022989517124829047,0.04651162820314726,1946382.7,0.7253475896595258
2012-09-18,BIL.N0000,3.83478078,4.01738939,3.74347648,3.83478078,992452,tradingview_cselk_fallback,-0.023255815375106903,-0.02353049886566071,0.07142857068351113,1989806.15,0.49876818402636863
2012-09-19,BIL.N0000,3.74347648,3.92608509,3.65217217,3.74347648,1194882,tradingview_cselk_fallback,-0.02380952269193337,-0.024097550434211763,0.07317073353162884,2045588.4,0.5841263081077308
2012-09-20,BIL.N0000,3.83478078,3.92608509,3.74347648,3.83478078,334938,tradingview_cselk_fallback,0.024390242729667166,0.024097550434211783,0.04761904799157775,1819707.25,0.18406147472347545
2012-09-21,BIL.N0000,3.74347648,3.92608509,3.74347648,3.74347648,238910,tradingview_cselk_fallback,-0.02380952269193337,-0.024097550434211763,0.048780488130647996,1676503.8,0.1425048962012493
2012-09-24,BIL.N0000,3.74347648,3.83478078,3.74347648,3.74347648,505559,tradingview_cselk_fallback,0.0,0.0,0.02439024272966716,1666687.2,0.3033316629539124
2012-09-25,BIL.N0000,3.74347648,3.83478078,3.74347648,3.74347648,352462,tradingview_cselk_fallback,0.0,0.0,0.02439024272966716,1653709.1,0.2131342205228235
2012-09-26,BIL.N0000,3.65217217,3.83478078,3.65217217,3.65217217,452009,tradingview_cselk_fallback,-0.024390245400980892,-0.024692614126376917,0.050000000410714465,1601085.35,0.2823141189818519
2012-09-27,BIL.N0000,3.56086787,3.74347648,3.56086787,3.56086787,528551,tradingview_cselk_fallback,-0.02499999883630899,-0.025317806790760636,0.05128205164209026,1577695.4,0.3350146042132087
2012-09-28,BIL.N0000,3.65217217,3.74347648,3.65217217,3.65217217,174358,tradingview_cselk_fallback,0.025641024416892977,0.025317806790760528,0.025000001574405496,1551551.6,0.11237653971675837
2012-10-01,BIL.N0000,3.65217217,3.74347648,3.56086787,3.65217217,511039,tradingview_cselk_fallback,0.0,0.0,0.050000000410714465,1517072.05,0.33685875367620144
2012-10-02,BIL.N0000,3.65217217,3.74347648,3.56086787,3.65217217,509988,tradingview_cselk_fallback,0.0,0.0,0.050000000410714465,1460791.9,0.3491174889455507
2012-10-03,BIL.N0000,3.56086787,3.74347648,3.56086787,3.56086787,109413,tradingview_cselk_fallback,-0.02499999883630899,-0.025317806790760636,0.05128205164209026,1311444.1,0.08342940427274025
2012-10-04,BIL.N0000,3.56086787,3.65217217,3.56086787,3.56086787,46778,tradingview_cselk_fallback,0.0,0.0,0.025641024416893067,1262587.5,0.03704931341392181
2012-10-05,BIL.N0000,3.65217217,3.74347648,3.56086787,3.65217217,665114,tradingview_cselk_fallback,0.025641024416892977,0.025317806790760528,0.050000000410714465,1145769.45,0.5804954914795468
2012-10-08,BIL.N0000,3.56086787,3.74347648,3.56086787,3.56086787,93984,tradingview_cselk_fallback,-0.02499999883630899,-0.025317806790760636,0.05128205164209026,988076.05,0.09511818447577997
2012-10-09,BIL.N0000,3.56086787,3.74347648,3.46956357,3.56086787,213411,tradingview_cselk_fallback,0.0,0.0,0.07692307605898333,741938.7,0.2876396661880557
2012-10-10,BIL.N0000,3.46956357,3.65217217,3.46956357,3.46956357,181858,tradingview_cselk_fallback,-0.025641024416893088,-0.02597548514691409,0.05263157636855174,703834.3,0.2583818378842861
2012-10-11,BIL.N0000,3.37825926,3.56086787,3.37825926,3.37825926,368934,tradingview_cselk_fallback,-0.02631579106648274,-0.026668248718008467,0.05405405445406814,660049.55,0.5589489455753738
2012-10-12,BIL.N0000,3.56086787,3.65217217,3.28695496,3.56086787,391771,tradingview_cselk_fallback,0.05405405445406819,0.052643733864922576,0.10256410047587639,463910.75,0.8444964898959552
2012-10-15,BIL.N0000,3.46956357,3.56086787,3.37825926,3.46956357,193186,tradingview_cselk_fallback,-0.025641024416893088,-0.02597548514691409,0.052631579250758606,402979.85,0.479393696731983
2012-10-16,BIL.N0000,3.37825926,3.65217217,3.37825926,3.37825926,210203,tradingview_cselk_fallback,-0.02631579106648274,-0.026668248718008467,0.08108108020105004,363867.4,0.5776912138872567
2012-10-17,BIL.N0000,3.28695496,3.46956357,3.28695496,3.28695496,203275,tradingview_cselk_fallback,-0.027027025746981903,-0.02739897287251251,0.05555555589359215,314287.05,0.6467813420883871
2012-10-18,BIL.N0000,3.56086787,3.65217217,3.28695496,3.56086787,244951,tradingview_cselk_fallback,0.08333333231922357,0.0800427067374351,0.10256410047587639,309787.7,0.7907060222210243
2012-10-19,BIL.N0000,3.37825926,3.56086787,3.37825926,3.37825926,399707,tradingview_cselk_fallback,-0.05128205164209021,-0.05264373386492247,0.05405405445406814,317827.55,1.2576222545842863
2012-10-22,BIL.N0000,3.28695496,3.37825926,3.28695496,3.28695496,268032,tradingview_cselk_fallback,-0.027027025746981903,-0.02739897287251251,0.02777777642563134,305951.2,0.876061280361051
2012-10-23,BIL.N0000,3.28695496,3.37825926,3.19565065,3.28695496,361691,tradingview_cselk_fallback,0.0,0.0,0.05555555589359215,306412.65,1.1804049212720167
2012-10-24,BIL.N0000,3.28695496,3.37825926,3.28695496,3.28695496,37906,tradingview_cselk_fallback,0.0,0.0,0.02777777642563134,285707.5,0.1326741510110865
2012-10-25,BIL.N0000,3.28695496,3.46956357,3.28695496,3.28695496,715092,tradingview_cselk_fallback,0.0,0.0,0.05555555589359215,295034.55,2.423756810854864
2012-10-26,BIL.N0000,3.19565065,3.37825926,3.19565065,3.19565065,842855,tradingview_cselk_fallback,-0.027777779467960784,-0.028170878705170273,0.05714285758989329,328459.4,2.5660857932517684
2012-10-30,BIL.N0000,3.28695496,3.28695496,3.10434635,3.28695496,63413,tradingview_cselk_fallback,0.028571430359573213,0.028170878705170276,0.05555555589359215,306078.1,0.207179148067111
2012-10-31,BIL.N0000,3.28695496,3.37825926,3.10434635,3.28695496,562730,tradingview_cselk_fallback,0.0,0.0,0.08333333231922349,308715.2,1.8228127413227466
2012-11-01,BIL.N0000,3.19565065,3.28695496,3.10434635,3.19565065,191668,tradingview_cselk_fallback,-0.027777779467960784,-0.028170878705170273,0.05714285758989329,312827.95,0.6126946137645309
2012-11-02,BIL.N0000,3.19565065,3.28695496,3.10434635,3.19565065,167030,tradingview_cselk_fallback,0.0,0.0,0.05714285758989329,318840.55,0.5238668669966854
2012-11-05,BIL.N0000,3.19565065,3.28695496,3.19565065,3.19565065,39607,tradingview_cselk_fallback,0.0,0.0,0.028571430359573234,287565.2,0.13773224298350425
2012-11-06,BIL.N0000,3.28695496,3.28695496,3.19565065,3.28695496,125174,tradingview_cselk_fallback,0.028571430359573213,0.028170878705170276,0.027777779467960808,289124.7,0.43294121878898617
2012-11-07,BIL.N0000,3.19565065,3.28695496,3.19565065,3.19565065,232599,tradingview_cselk_fallback,-0.027777779467960784,-0.028170878705170273,0.028571430359573234,290084.1,0.8018329856755335
2012-11-08,BIL.N0000,3.28695496,3.37825926,3.28695496,3.28695496,148400,tradingview_cselk_fallback,0.028571430359573213,0.028170878705170276,0.02777777642563134,288411.2,0.5145431245388529
2012-11-09,BIL.N0000,3.37825926,3.37825926,3.28695496,3.37825926,346089,tradingview_cselk_fallback,0.027777776425631284,0.02739897287251245,0.027027025746981896,287268.95,1.2047560308902163
2012-11-12,BIL.N0000,3.83478078,4.01738939,3.37825926,3.83478078,1148148,tradingview_cselk_fallback,0.13513513465511817,0.12675170521627177,0.16666666666666663,325087.8,3.5318089451526635
2012-11-14,BIL.N0000,3.65217217,3.92608509,3.65217217,3.65217217,1400793,tradingview_cselk_fallback,-0.04761904799157779,-0.048790164560588684,0.07500000198511997,385468.15,3.634004521514942
2012-11-15,BIL.N0000,3.83478078,3.92608509,3.65217217,3.83478078,4348425,tradingview_cselk_fallback,0.050000000410714396,0.04879016456058857,0.07142857329122211,592379.25,7.340609921768867
2012-11-16,BIL.N0000,3.83478078,3.92608509,3.74347648,3.83478078,1495983,tradingview_cselk_fallback,0.0,0.0,0.04761904799157775,657014.65,2.2769400956280044
2012-11-19,BIL.N0000,3.65217217,3.92608509,3.46956357,3.65217217,3885994,tradingview_cselk_fallback,-0.04761904799157779,-0.048790164560588684,0.1249999996577379,839066.8,4.6313285187782425
2012-11-20,BIL.N0000,3.28695496,3.65217217,3.19565065,3.28695496,1855294,tradingview_cselk_fallback,-0.09999999808333238,-0.10536051352819562,0.13888888821281564,911846.15,2.0346568332826758
2012-11-21,BIL.N0000,3.19565065,3.28695496,3.19565065,3.19565065,1012838,tradingview_cselk_fallback,-0.027777779467960784,-0.028170878705170273,0.028571430359573234,949086.45,1.0671714889618327
2012-11-22,BIL.N0000,3.28695496,3.37825926,3.28695496,3.28695496,530344,tradingview_cselk_fallback,0.028571430359573213,0.028170878705170276,0.02777777642563134,957519.1,0.5538730245694315
2012-11-23,BIL.N0000,3.28695496,3.37825926,3.28695496,3.28695496,228846,tradingview_cselk_fallback,0.0,0.0,0.02777777642563134,967066.1,0.2366394603223089
2012-11-26,BIL.N0000,3.28695496,3.37825926,3.28695496,3.28695496,623370,tradingview_cselk_fallback,0.0,0.0,0.02777777642563134,962480.0,0.6476706009475521
2012-11-28,BIL.N0000,3.28695496,3.28695496,3.19565065,3.28695496,2229197,tradingview_cselk_fallback,0.0,0.0,0.027777779467960808,1031797.1,2.160499385005056
2012-11-29,BIL.N0000,3.28695496,3.37825926,3.19565065,3.28695496,487612,tradingview_cselk_fallback,0.0,0.0,0.05555555589359215,1053007.05,0.4630662254350529
2012-11-30,BIL.N0000,3.28695496,3.37825926,3.28695496,3.28695496,493295,tradingview_cselk_fallback,0.0,0.0,0.02777777642563134,1049535.3,0.4700127761305408
2012-12-03,BIL.N0000,3.28695496,3.37825926,3.19565065,3.28695496,129095,tradingview_cselk_fallback,0.0,0.0,0.05555555589359215,1046406.65,0.12336981994523831
2012-12-04,BIL.N0000,3.37825926,3.37825926,3.28695496,3.37825926,611212,tradingview_cselk_fallback,0.027777776425631284,0.02739897287251245,0.027027025746981896,1068615.75,0.5719661159776094
2012-12-05,BIL.N0000,3.28695496,3.37825926,3.28695496,3.28695496,53616,tradingview_cselk_fallback,-0.027027025746981903,-0.02739897287251251,0.02777777642563134,1069316.2,0.05014045424543274
2012-12-06,BIL.N0000,3.28695496,3.37825926,3.19565065,3.28695496,382654,tradingview_cselk_fallback,0.0,0.0,0.05555555589359215,1082190.2,0.3535921873992206
2012-12-07,BIL.N0000,3.28695496,3.37825926,3.28695496,3.28695496,138801,tradingview_cselk_fallback,0.0,0.0,0.02777777642563134,1077500.3,0.12881759754498442
2012-12-10,BIL.N0000,3.28695496,3.37825926,3.28695496,3.28695496,379712,tradingview_cselk_fallback,0.0,0.0,0.02777777642563134,1089065.9,0.3486584237005309
2012-12-11,BIL.N0000,3.28695496,3.37825926,3.28695496,3.28695496,91018,tradingview_cselk_fallback,0.0,0.0,0.02777777642563134,1076312.35,0.08456467121277572
2012-12-12,BIL.N0000,3.46956357,3.46956357,3.28695496,3.46956357,598610,tradingview_cselk_fallback,0.05555555589359207,0.05406722159052089,0.052631579250758606,1048835.45,0.5707377644415051
2012-12-13,BIL.N0000,3.56086787,3.56086787,3.46956357,3.56086787,686885,tradingview_cselk_fallback,0.026315788184275934,0.025975485146914133,0.025641024416893067,1013140.05,0.6779763567731825
2012-12-14,BIL.N0000,3.46956357,3.56086787,3.37825926,3.46956357,260373,tradingview_cselk_fallback,-0.025641024416893088,-0.02597548514691409,0.052631579250758606,808737.45,0.32194997276310133
2012-12-17,BIL.N0000,3.37825926,3.46956357,3.37825926,3.37825926,92991,tradingview_cselk_fallback,-0.02631579106648274,-0.026668248718008467,0.027027028707086245,738587.85,0.1259037770523845
2012-12-18,BIL.N0000,3.37825926,3.46956357,3.37825926,3.37825926,58270,tradingview_cselk_fallback,0.0,0.0,0.027027028707086245,547201.65,0.10648725200298646
2012-12-19,BIL.N0000,3.37825926,3.46956357,3.37825926,3.37825926,254754,tradingview_cselk_fallback,0.0,0.0,0.027027028707086245,467174.65,0.5453078415106641
2012-12-20,BIL.N0000,3.37825926,3.46956357,3.37825926,3.37825926,216088,tradingview_cselk_fallback,0.0,0.0,0.027027028707086245,427337.15,0.5056616304011949
2012-12-21,BIL.N0000,3.37825926,3.46956357,3.37825926,3.37825926,35050,tradingview_cselk_fallback,0.0,0.0,0.027027028707086245,402572.45,0.0870650736283618
2012-12-24,BIL.N0000,3.46956357,3.46956357,3.37825926,3.46956357,6683,tradingview_cselk_fallback,0.027027028707086176,0.02666824871800839,0.026315791066482734,391464.3,0.01707179939524498
2012-12-26,BIL.N0000,3.46956357,3.46956357,3.37825926,3.46956357,170585,tradingview_cselk_fallback,0.0,0.0,0.026315791066482734,368825.05,0.46250925743790994
2012-12-28,BIL.N0000,3.65217217,3.65217217,3.37825926,3.65217217,2162430,tradingview_cselk_fallback,0.05263157636855165,0.051293291937674595,0.07499999924702344,365486.7,5.916576444505368
2012-12-31,BIL.N0000,3.56086787,3.74347648,3.56086787,3.56086787,112930,tradingview_cselk_fallback,-0.02499999883630899,-0.025317806790760636,0.05128205164209026,346752.6,0.32567888459956756
2013-01-02,BIL.N0000,3.56086787,3.65217217,3.56086787,3.56086787,20650,tradingview_cselk_fallback,0.0,0.0,0.025641024416893067,323120.35,0.0639080763560698
2013-01-03,BIL.N0000,3.65217217,3.74347648,3.56086787,3.65217217,1103930,tradingview_cselk_fallback,0.025641024416892977,0.025317806790760528,0.050000000410714465,371862.1,2.9686542403756664
2013-01-04,BIL.N0000,3.56086787,3.65217217,3.56086787,3.56086787,877400,tradingview_cselk_fallback,-0.02499999883630899,-0.025317806790760636,0.025641024416893067,385171.5,2.277946317419643
2013-01-07,BIL.N0000,3.56086787,3.65217217,3.56086787,3.56086787,167736,tradingview_cselk_fallback,0.0,0.0,0.025641024416893067,390877.5,0.42912677245428554
2013-01-08,BIL.N0000,3.56086787,3.65217217,3.56086787,3.56086787,105512,tradingview_cselk_fallback,0.0,0.0,0.025641024416893067,377020.4,0.27985753556041
2013-01-09,BIL.N0000,3.56086787,3.65217217,3.46956357,3.56086787,188785,tradingview_cselk_fallback,0.0,0.0,0.051282048833786134,379519.6,0.4974314897043526
2013-01-10,BIL.N0000,3.56086787,3.56086787,3.46956357,3.56086787,150152,tradingview_cselk_fallback,0.0,0.0,0.025641024416893067,368041.6,0.4079756201472877
2013-01-11,BIL.N0000,3.46956357,3.56086787,3.46956357,3.46956357,64569,tradingview_cselk_fallback,-0.025641024416893088,-0.02597548514691409,0.02631578818427587,366719.15,0.1760720704113761
2013-01-15,BIL.N0000,3.46956357,3.56086787,3.46956357,3.46956357,73156,tradingview_cselk_fallback,0.0,0.0,0.02631578818427587,340446.45,0.2148825461390477
2013-01-16,BIL.N0000,3.56086787,3.56086787,3.37825926,3.56086787,206948,tradingview_cselk_fallback,0.026315788184275934,0.025975485146914133,0.05128205164209026,316449.6,0.6539682780449083
2013-01-17,BIL.N0000,3.56086787,3.56086787,3.46956357,3.56086787,92134,tradingview_cselk_fallback,0.0,0.0,0.025641024416893067,308037.65,0.2990998015989279
2013-01-18,BIL.N0000,3.46956357,3.56086787,3.46956357,3.46956357,132650,tradingview_cselk_fallback,-0.025641024416893088,-0.02597548514691409,0.02631578818427587,310020.6,0.42787479283634705
2013-01-21,BIL.N0000,3.46956357,3.56086787,3.46956357,3.46956357,254976,tradingview_cselk_fallback,0.0,0.0,0.02631578818427587,319855.9,0.7971589706489703
2013-01-22,BIL.N0000,3.46956357,3.56086787,3.37825926,3.46956357,1780288,tradingview_cselk_fallback,0.0,0.0,0.052631579250758606,396132.6,4.494171901025061
2013-01-23,BIL.N0000,3.46956357,3.56086787,3.37825926,3.46956357,375233,tradingview_cselk_fallback,0.0,0.0,0.052631579250758606,404089.85,0.9285880355569437
2013-01-24,BIL.N0000,3.37825926,3.46956357,3.37825926,3.37825926,269102,tradingview_cselk_fallback,-0.02631579106648274,-0.026668248718008467,0.027027028707086245,415792.45,0.6472027089476973
2013-01-28,BIL.N0000,3.28695496,3.46956357,3.28695496,3.28695496,640615,tradingview_cselk_fallback,-0.027027025746981903,-0.02739897287251251,0.05555555589359215,447489.05,1.431576929089103
2013-01-29,BIL.N0000,3.19565065,3.37825926,3.19565065,3.19565065,1553642,tradingview_cselk_fallback,-0.027777779467960784,-0.028170878705170273,0.05714285758989329,516641.9,3.00719318351841
2013-01-30,BIL.N0000,3.19565065,3.28695496,3.19565065,3.19565065,185427,tradingview_cselk_fallback,0.0,0.0,0.028571430359573234,417791.75,0.4438263800087005
2013-01-31,BIL.N0000,3.10434635,3.28695496,3.10434635,3.10434635,265211,tradingview_cselk_fallback,-0.028571427230320023,-0.028987535492699373,0.05882352979073999,425405.8,0.6234306161317029
2013-02-01,BIL.N0000,3.19565065,3.28695496,3.10434635,3.19565065,626804,tradingview_cselk_fallback,0.029411763284725057,0.028987535492699487,0.05714285758989329,455713.5,1.3754343463601584
2013-02-05,BIL.N0000,3.19565065,3.28695496,3.10434635,3.19565065,59971,tradingview_cselk_fallback,0.0,0.0,0.05714285758989329,403515.55,0.14862128609417902
2013-02-06,BIL.N0000,3.19565065,3.28695496,3.19565065,3.19565065,148935,tradingview_cselk_fallback,0.0,0.0,0.028571430359573234,367092.3,0.40571540182128585
2013-02-07,BIL.N0000,3.19565065,3.28695496,3.19565065,3.19565065,382009,tradingview_cselk_fallback,0.0,0.0,0.028571430359573234,377805.95,1.0111248909658517
2013-02-08,BIL.N0000,3.19565065,3.28695496,3.10434635,3.19565065,524130,tradingview_cselk_fallback,0.0,0.0,0.05714285758989329,398736.85,1.3144759507429524
2013-02-11,BIL.N0000,3.10434635,3.19565065,3.10434635,3.10434635,99106,tradingview_cselk_fallback,-0.028571427230320023,-0.028987535492699373,0.02941176328472498,394252.9,0.25137671783771276
2013-02-12,BIL.N0000,3.10434635,3.19565065,3.10434635,3.10434635,68947,tradingview_cselk_fallback,0.0,0.0,0.02941176328472498,390192.65,0.17669989427017652
2013-02-13,BIL.N0000,3.28695496,3.37825926,3.10434635,3.28695496,4149584,tradingview_cselk_fallback,0.058823529790740015,0.05715841419786974,0.08333333231922349,594443.4,6.980620863146937
2013-02-14,BIL.N0000,3.19565065,3.37825926,3.19565065,3.19565065,92759,tradingview_cselk_fallback,-0.027777779467960784,-0.028170878705170273,0.05714285758989329,595423.55,0.1557865825092071
2013-02-15,BIL.N0000,3.10434635,3.19565065,3.10434635,3.10434635,176435,tradingview_cselk_fallback,-0.028571427230320023,-0.028987535492699373,0.02941176328472498,593897.9,0.2970796832250122
2013-02-18,BIL.N0000,3.10434635,3.19565065,3.10434635,3.10434635,204215,tradingview_cselk_fallback,0.0,0.0,0.02941176328472498,599501.95,0.34064109382796837
2013-02-19,BIL.N0000,3.10434635,3.19565065,3.10434635,3.10434635,232957,tradingview_cselk_fallback,0.0,0.0,0.02941176328472498,604517.3,0.3853603527971821
2013-02-20,BIL.N0000,3.19565065,3.19565065,3.10434635,3.19565065,367943,tradingview_cselk_fallback,0.029411763284725057,0.028987535492699487,0.02857142723032006,610165.65,0.603021490967248
2013-02-21,BIL.N0000,3.19565065,3.28695496,3.10434635,3.19565065,606993,tradingview_cselk_fallback,0.0,0.0,0.05714285758989329,551500.9,1.100620144046909
2013-02-22,BIL.N0000,3.19565065,3.28695496,3.10434635,3.19565065,520900,tradingview_cselk_fallback,0.0,0.0,0.05714285758989329,558784.25,0.9322023661189448
2013-02-26,BIL.N0000,3.19565065,3.19565065,3.01304204,3.19565065,1547008,tradingview_cselk_fallback,0.0,0.0,0.05714285758989329,622679.55,2.4844368182639047
2013-02-27,BIL.N0000,3.19565065,3.28695496,3.10434635,3.19565065,159323,tradingview_cselk_fallback,0.0,0.0,0.05714285758989329,598614.95,0.26615272471895335
2013-02-28,BIL.N0000,3.19565065,3.19565065,3.10434635,3.19565065,2223685,tradingview_cselk_fallback,0.0,0.0,0.02857142723032006,632117.1,3.5178371222673777
2013-03-01,BIL.N0000,3.19565065,3.28695496,3.19565065,3.19565065,60738,tradingview_cselk_fallback,0.0,0.0,0.028571430359573234,625882.65,0.09704375093318211
2013-03-04,BIL.N0000,3.19565065,3.28695496,3.19565065,3.19565065,458047,tradingview_cselk_fallback,0.0,0.0,0.028571430359573234,635524.45,0.720738596288467
2013-03-05,BIL.N0000,3.19565065,3.28695496,3.19565065,3.19565065,871286,tradingview_cselk_fallback,0.0,0.0,0.028571430359573234,647748.55,1.345099112919666
2013-03-06,BIL.N0000,3.19565065,3.28695496,3.19565065,3.19565065,161512,tradingview_cselk_fallback,0.0,0.0,0.028571430359573234,652825.6,0.2474045135484883
2013-03-07,BIL.N0000,3.19565065,3.28695496,3.19565065,3.19565065,236892,tradingview_cselk_fallback,0.0,0.0,0.028571430359573234,657223.45,0.36044362081115644
2013-03-08,BIL.N0000,3.19565065,3.28695496,3.19565065,3.19565065,59471,tradingview_cselk_fallback,0.0,0.0,0.028571430359573234,641096.55,0.09276449857669644
2013-03-11,BIL.N0000,3.19565065,3.28695496,3.19565065,3.19565065,394751,tradingview_cselk_fallback,0.0,0.0,0.028571430359573234,634627.6,0.6220199058471456
2013-03-12,BIL.N0000,3.19565065,3.28695496,3.10434635,3.19565065,896212,tradingview_cselk_fallback,0.0,0.0,0.05714285758989329,674482.9,1.3287393942826422
2013-03-13,BIL.N0000,3.10434635,3.28695496,3.10434635,3.10434635,11525,tradingview_cselk_fallback,-0.028571427230320023,-0.028987535492699373,0.05882352979073999,671611.8,0.017160210705053126
2013-03-14,BIL.N0000,3.01304204,3.19565065,3.01304204,3.01304204,222833,tradingview_cselk_fallback,-0.029411766506014958,-0.029852965004363234,0.06060606110892496,475274.25,0.4688514052675902
2013-03-15,BIL.N0000,3.01304204,3.10434635,3.01304204,3.01304204,21158,tradingview_cselk_fallback,0.0,0.0,0.030303032213914925,471694.2,0.044855332119835264
2013-03-18,BIL.N0000,3.01304204,3.10434635,3.01304204,3.01304204,23637,tradingview_cselk_fallback,0.0,0.0,0.030303032213914925,464054.3,0.05093584953312576
2013-03-19,BIL.N0000,3.01304204,3.10434635,3.01304204,3.01304204,78106,tradingview_cselk_fallback,0.0,0.0,0.030303032213914925,457748.85,0.17063068536381906
2013-03-20,BIL.N0000,3.01304204,3.10434635,3.01304204,3.01304204,85696,tradingview_cselk_fallback,0.0,0.0,0.030303032213914925,450385.8,0.190272428660051
2013-03-21,BIL.N0000,3.10434635,3.10434635,3.01304204,3.10434635,52717,tradingview_cselk_fallback,0.030303032213914838,0.0298529650043632,0.029411766506015007,434624.5,0.12129320827518927
2013-03-22,BIL.N0000,3.10434635,3.10434635,3.01304204,3.10434635,20197,tradingview_cselk_fallback,0.0,0.0,0.029411766506015007,405284.7,0.04983410427287287
2013-03-25,BIL.N0000,3.01304204,3.10434635,3.01304204,3.01304204,194301,tradingview_cselk_fallback,-0.029411766506014958,-0.029852965004363234,0.030303032213914925,388954.75,0.499546541082221
2013-03-27,BIL.N0000,2.92173774,3.01304204,2.92173774,2.92173774,70484,tradingview_cselk_fallback,-0.03030302889501002,-0.030771657214732774,0.031249998502603453,315128.55,0.22366745253643316
2013-03-28,BIL.N0000,3.01304204,3.10434635,2.92173774,3.01304204,636086,tradingview_cselk_fallback,0.03124999850260335,0.03077165721473269,0.06060606110892496,338966.7,1.8765442151102159
2013-04-01,BIL.N0000,2.92173774,3.10434635,2.92173774,2.92173774,44273,tradingview_cselk_fallback,-0.03030302889501002,-0.030771657214732774,0.06250000042782757,229996.1,0.19249456838615958
2013-04-02,BIL.N0000,2.92173774,3.01304204,2.92173774,2.92173774,114157,tradingview_cselk_fallback,0.0,0.0,0.031249998502603453,232667.05,0.4906453234353554
2013-04-03,BIL.N0000,2.92173774,3.01304204,2.92173774,2.92173774,43592,tradingview_cselk_fallback,0.0,0.0,0.031249998502603453,211944.3,0.20567668014662344
2013-04-04,BIL.N0000,3.01304204,3.01304204,2.83043343,3.01304204,79515,tradingview_cselk_fallback,0.03124999850260335,0.03077165721473269,0.060606061108925115,172355.75,0.46134231088896077
2013-04-05,BIL.N0000,3.01304204,3.01304204,2.92173774,3.01304204,51609,tradingview_cselk_fallback,0.0,0.0,0.03030302889501004,166860.6,0.309294105378981
2013-04-08,BIL.N0000,3.01304204,3.01304204,2.92173774,3.01304204,340064,tradingview_cselk_fallback,0.0,0.0,0.03030302889501004,172019.2,1.9768956023513653
2013-04-09,BIL.N0000,2.92173774,3.10434635,2.92173774,2.92173774,247748,tradingview_cselk_fallback,-0.03030302889501002,-0.030771657214732774,0.06250000042782757,181433.05,1.3655064498998393
2013-04-10,BIL.N0000,2.92173774,3.01304204,2.92173774,2.92173774,95348,tradingview_cselk_fallback,0.0,0.0,0.031249998502603453,166462.9,0.5727882909645332
2013-04-11,BIL.N0000,3.01304204,3.10434635,2.92173774,3.01304204,1043056,tradingview_cselk_fallback,0.03124999850260335,0.03077165721473269,0.06060606110892496,173805.1,6.001296854925431
2013-04-12,BIL.N0000,3.19565065,3.28695496,3.01304204,3.19565065,1341297,tradingview_cselk_fallback,0.06060606110892497,0.0588405004970627,0.08571428794946653,240293.7,5.581906641747161
2013-04-16,BIL.N0000,3.28695496,3.28695496,3.10434635,3.28695496,468974,tradingview_cselk_fallback,0.028571430359573213,0.028170878705170276,0.05555555589359215,252600.75,1.8565819776861312
2013-04-17,BIL.N0000,3.28695496,3.37825926,3.19565065,3.28695496,605438,tradingview_cselk_fallback,0.0,0.0,0.05555555589359215,281814.75,2.1483545485110342
2013-04-18,BIL.N0000,3.19565065,3.28695496,3.19565065,3.19565065,164313,tradingview_cselk_fallback,-0.027777779467960784,-0.028170878705170273,0.028571430359573234,288848.55,0.5688552011079855
2013-04-19,BIL.N0000,3.19565065,3.46956357,3.19565065,3.19565065,1508206,tradingview_cselk_fallback,0.0,0.0,0.08571428794946653,360353.55,4.185350747897447
2013-04-22,BIL.N0000,3.28695496,3.37825926,3.19565065,3.28695496,33044,tradingview_cselk_fallback,0.028571430359573213,0.028170878705170276,0.05555555589359215,357720.95,0.09237367842168595
2013-04-23,BIL.N0000,3.28695496,3.28695496,3.19565065,3.28695496,86128,tradingview_cselk_fallback,0.0,0.0,0.027777779467960808,359391.5,0.2396495187003588
2013-04-24,BIL.N0000,3.28695496,3.28695496,3.19565065,3.28695496,75356,tradingview_cselk_fallback,0.0,0.0,0.027777779467960808,362149.45,0.2080798410711379
2013-04-26,BIL.N0000,3.28695496,3.46956357,3.28695496,3.28695496,802571,tradingview_cselk_fallback,0.0,0.0,0.05555555589359215,392562.95,2.04443898742864
2013-04-29,BIL.N0000,3.28695496,3.37825926,3.28695496,3.28695496,345179,tradingview_cselk_fallback,0.0,0.0,0.02777777642563134,406297.7,0.8495716318354744
2013-04-30,BIL.N0000,3.19565065,3.37825926,3.19565065,3.19565065,121072,tradingview_cselk_fallback,-0.027777779467960784,-0.028170878705170273,0.05714285758989329,380547.0,0.3181525540866174
2013-05-02,BIL.N0000,3.28695496,3.37825926,3.28695496,3.28695496,234028,tradingview_cselk_fallback,0.028571430359573213,0.028170878705170276,0.02777777642563134,390034.75,0.6000183316999319
2013-05-03,BIL.N0000,3.19565065,3.37825926,3.19565065,3.19565065,540766,tradingview_cselk_fallback,-0.027777779467960784,-0.028170878705170273,0.05714285758989329,411365.2,1.3145642849711157
2013-05-06,BIL.N0000,3.28695496,3.28695496,3.19565065,3.28695496,142825,tradingview_cselk_fallback,0.028571430359573213,0.028170878705170276,0.027777779467960808,416326.85,0.3430597858389388
2013-05-07,BIL.N0000,3.28695496,3.37825926,3.28695496,3.28695496,108925,tradingview_cselk_fallback,0.0,0.0,0.02777777642563134,417797.35,0.26071252007701823
2013-05-08,BIL.N0000,3.19565065,3.37825926,3.19565065,3.19565065,111917,tradingview_cselk_fallback,-0.027777779467960784,-0.028170878705170273,0.05714285758989329,420812.75,0.2659543942050235
2013-05-09,BIL.N0000,3.28695496,3.28695496,3.19565065,3.28695496,262027,tradingview_cselk_fallback,0.028571430359573213,0.028170878705170276,0.027777779467960808,416910.9,0.6284964005498537
2013-05-10,BIL.N0000,3.28695496,3.37825926,3.28695496,3.28695496,182742,tradingview_cselk_fallback,0.0,0.0,0.02777777642563134,413660.6,0.44176796146406017
2013-05-13,BIL.N0000,3.19565065,3.37825926,3.19565065,3.19565065,25929,tradingview_cselk_fallback,-0.027777779467960784,-0.028170878705170273,0.05714285758989329,410189.65,0.06321222390667341
2013-05-14,BIL.N0000,3.19565065,3.28695496,3.19565065,3.19565065,393056,tradingview_cselk_fallback,0.0,0.0,0.028571430359573234,377689.65,1.0406851233545849
2013-05-15,BIL.N0000,3.19565065,3.28695496,3.10434635,3.19565065,53431,tradingview_cselk_fallback,0.0,0.0,0.05714285758989329,313296.35,0.1705445977905584
2013-05-16,BIL.N0000,3.19565065,3.19565065,3.10434635,3.19565065,846212,tradingview_cselk_fallback,0.0,0.0,0.02857142723032006,332158.25,2.5476169867826557
2013-05-17,BIL.N0000,3.19565065,3.28695496,3.19565065,3.19565065,136287,tradingview_cselk_fallback,0.0,0.0,0.028571430359573234,308700.7,0.441485879364705
2013-05-20,BIL.N0000,3.28695496,3.28695496,3.19565065,3.28695496,36312,tradingview_cselk_fallback,0.028571430359573213,0.028170878705170276,0.027777779467960808,302300.65,0.1201188287223332
2013-05-21,BIL.N0000,3.19565065,3.28695496,3.19565065,3.19565065,528411,tradingview_cselk_fallback,-0.027777779467960784,-0.028170878705170273,0.028571430359573234,253310.9,2.0860176170863554
2013-05-22,BIL.N0000,3.19565065,3.19565065,3.10434635,3.19565065,144661,tradingview_cselk_fallback,0.0,0.0,0.02857142723032006,258891.75,0.5587702195995045
2013-05-23,BIL.N0000,3.19565065,3.19565065,3.10434635,3.19565065,223211,tradingview_cselk_fallback,0.0,0.0,0.02857142723032006,265745.9,0.839941462878637
2013-05-27,BIL.N0000,3.19565065,3.19565065,3.10434635,3.19565065,142250,tradingview_cselk_fallback,0.0,0.0,0.02857142723032006,269090.6,0.5286323639696073
2013-05-28,BIL.N0000,3.10434635,3.19565065,3.10434635,3.10434635,15773,tradingview_cselk_fallback,-0.028571427230320023,-0.028987535492699373,0.02941176328472498,229750.7,0.06865267439881576
2013-05-29,BIL.N0000,3.19565065,3.19565065,3.10434635,3.19565065,17142,tradingview_cselk_fallback,0.029411763284725057,0.028987535492699487,0.02857142723032006,213348.85,0.08034728099073418
2013-05-30,BIL.N0000,3.10434635,3.19565065,3.10434635,3.10434635,73280,tradingview_cselk_fallback,-0.028571427230320023,-0.028987535492699373,0.02941176328472498,210959.25,0.3473656642218817
2013-05-31,BIL.N0000,3.19565065,3.28695496,3.10434635,3.19565065,129176,tradingview_cselk_fallback,0.029411763284725057,0.028987535492699487,0.05714285758989329,205716.65,0.6279316720352971
2013-06-03,BIL.N0000,3.19565065,3.28695496,3.10434635,3.19565065,146150,tradingview_cselk_fallback,0.0,0.0,0.05714285758989329,185985.85,0.7858124690668672
2013-06-04,BIL.N0000,3.10434635,3.19565065,3.10434635,3.10434635,120097,tradingview_cselk_fallback,-0.028571427230320023,-0.028987535492699373,0.02941176328472498,184849.45,0.6497016896723252
2013-06-05,BIL.N0000,3.01304204,3.10434635,2.92173774,3.01304204,568203,tradingview_cselk_fallback,-0.029411766506014958,-0.029852965004363234,0.06060606110892496,207813.35,2.7341987413224413
2013-06-06,BIL.N0000,3.01304204,3.10434635,2.92173774,3.01304204,347365,tradingview_cselk_fallback,0.0,0.0,0.06060606110892496,219585.75,1.5819104837176365
2013-06-07,BIL.N0000,3.01304204,3.01304204,2.92173774,3.01304204,323398,tradingview_cselk_fallback,0.0,0.0,0.03030302889501004,222654.3,1.4524668959907805
2013-06-10,BIL.N0000,3.01304204,3.10434635,2.92173774,3.01304204,63224,tradingview_cselk_fallback,0.0,0.0,0.06060606110892496,216678.4,0.2917872755198488
2013-06-11,BIL.N0000,3.01304204,3.01304204,2.92173774,3.01304204,91563,tradingview_cselk_fallback,0.0,0.0,0.03030302889501004,219960.1,0.416270950958833
2013-06-12,BIL.N0000,2.92173774,3.01304204,2.83043343,2.92173774,759438,tradingview_cselk_fallback,-0.03030302889501002,-0.030771657214732774,0.06250000042782772,238279.2,3.187177059516735
2013-06-13,BIL.N0000,2.83043343,2.92173774,2.83043343,2.83043343,93911,tradingview_cselk_fallback,-0.03125000192522431,-0.03174870030190863,0.03225806656756467,240303.2,0.39080211998841463
2013-06-14,BIL.N0000,2.92173774,3.01304204,2.83043343,2.92173774,141645,tradingview_cselk_fallback,0.03225806656756469,0.03174870030190859,0.06250000042782772,205074.85,0.690699030134607
2013-06-17,BIL.N0000,2.92173774,3.01304204,2.83043343,2.92173774,113889,tradingview_cselk_fallback,0.0,0.0,0.06250000042782772,203954.95,0.5584027256999646
2013-06-18,BIL.N0000,2.73912913,2.92173774,2.73912913,2.73912913,724242,tradingview_cselk_fallback,-0.06250000042782766,-0.06453852159392068,0.06666666715343954,238351.45,3.0385466503350407
2013-06-19,BIL.N0000,2.83043343,2.92173774,2.73912913,2.83043343,28708,tradingview_cselk_fallback,0.033333331751322026,0.03278982129201218,0.0645161296021014,213366.3,0.13454795813584433
2013-06-20,BIL.N0000,2.73912913,2.92173774,2.73912913,2.73912913,70755,tradingview_cselk_fallback,-0.03225806303453671,-0.03278982129201214,0.06666666715343954,209671.0,0.33745725446055963
2013-06-21,BIL.N0000,2.73912913,2.83043343,2.73912913,2.73912913,67716,tradingview_cselk_fallback,0.0,0.0,0.033333331751322005,201896.25,0.33539998885566225
2013-06-24,BIL.N0000,2.73912913,2.83043343,2.73912913,2.73912913,16941,tradingview_cselk_fallback,0.0,0.0,0.033333331751322005,195630.8,0.08659679355193559
2013-06-25,BIL.N0000,2.73912913,2.83043343,2.64782483,2.73912913,140402,tradingview_cselk_fallback,0.0,0.0,0.06666666350264401,201862.25,0.6955337117266849
2013-06-26,BIL.N0000,2.73912913,2.73912913,2.64782483,2.73912913,363459,tradingview_cselk_fallback,0.0,0.0,0.033333331751322005,219178.1,1.6582815527646237
2013-06-27,BIL.N0000,2.73912913,2.83043343,2.64782483,2.73912913,713939,tradingview_cselk_fallback,0.0,0.0,0.06666666350264401,251211.05,2.8419888376725466
2013-06-28,BIL.N0000,2.73912913,2.73912913,2.73912913,2.73912913,25190,tradingview_cselk_fallback,0.0,0.0,0.0,246011.75,0.10239348323809737
2013-07-01,BIL.N0000,2.73912913,2.83043343,2.73912913,2.73912913,263843,tradingview_cselk_fallback,0.0,0.0,0.033333331751322005,251896.4,1.0474266404760053
2013-07-02,BIL.N0000,2.73912913,2.83043343,2.64782483,2.73912913,107665,tradingview_cselk_fallback,0.0,0.0,0.06666666350264401,251274.8,0.42847511966977986
2013-07-03,BIL.N0000,2.64782483,2.73912913,2.64782483,2.64782483,44328,tradingview_cselk_fallback,-0.033333331751322026,-0.03390155003911793,0.03448275692769299,225081.05,0.19694239030784688
2013-07-04,BIL.N0000,2.73912913,2.73912913,2.64782483,2.73912913,107356,tradingview_cselk_fallback,0.03448275692769309,0.033901550039118,0.033333331751322005,213080.6,0.5038281288864401
2013-07-05,BIL.N0000,2.64782483,2.73912913,2.64782483,2.64782483,247202,tradingview_cselk_fallback,-0.033333331751322026,-0.03390155003911793,0.03448275692769299,209270.8,1.1812541453466037
2013-07-08,BIL.N0000,2.64782483,2.73912913,2.64782483,2.64782483,526712,tradingview_cselk_fallback,0.0,0.0,0.03448275692769299,232445.2,2.2659620418059827
2013-07-09,BIL.N0000,2.55652052,2.64782483,2.55652052,2.55652052,191987,tradingview_cselk_fallback,-0.034482760704377835,-0.03509132196937572,0.035714287949466544,237466.4,0.8084806945319423
2013-07-10,BIL.N0000,2.73912913,2.73912913,2.64782483,2.73912913,230359,tradingview_cselk_fallback,0.07142857198736663,0.06899287200849363,0.033333331751322005,211012.45,1.091684400612381
2013-07-11,BIL.N0000,2.64782483,2.64782483,2.64782483,2.64782483,139950,tradingview_cselk_fallback,-0.033333331751322026,-0.03390155003911793,0.0,213314.4,0.6560738515543255
2013-07-12,BIL.N0000,2.55652052,2.64782483,2.55652052,2.55652052,223160,tradingview_cselk_fallback,-0.034482760704377835,-0.03509132196937572,0.035714287949466544,217390.15,1.0265414509351045
2013-07-15,BIL.N0000,2.55652052,2.64782483,2.55652052,2.55652052,131162,tradingview_cselk_fallback,0.0,0.0,0.035714287949466544,218253.8,0.6009608996498572
2013-07-16,BIL.N0000,2.55652052,2.64782483,2.55652052,2.55652052,31380,tradingview_cselk_fallback,0.0,0.0,0.035714287949466544,183610.7,0.1709050725257297
2013-07-17,BIL.N0000,2.55652052,2.64782483,2.55652052,2.55652052,48137,tradingview_cselk_fallback,0.0,0.0,0.035714287949466544,184582.15,0.2607890307919807
2013-07-18,BIL.N0000,2.64782483,2.64782483,2.55652052,2.64782483,322966,tradingview_cselk_fallback,0.03571428794946652,0.035091321969375706,0.03448276070437785,197192.7,1.6378192499012387
2013-07-19,BIL.N0000,2.64782483,2.73912913,2.55652052,2.64782483,146099,tradingview_cselk_fallback,0.0,0.0,0.06896551763207083,201111.85,0.7264564469970317
2013-07-23,BIL.N0000,2.64782483,2.73912913,2.55652052,2.64782483,21230,tradingview_cselk_fallback,0.0,0.0,0.06896551763207083,201326.3,0.10545070365868742
2013-07-24,BIL.N0000,2.55652052,2.64782483,2.55652052,2.55652052,208104,tradingview_cselk_fallback,-0.034482760704377835,-0.03509132196937572,0.035714287949466544,204711.4,1.0165725992787895
2013-07-25,BIL.N0000,2.55652052,2.64782483,2.46521622,2.55652052,409489,tradingview_cselk_fallback,0.0,0.0,0.07142857198736663,207012.9,1.9780844575386365
2013-07-26,BIL.N0000,2.55652052,2.55652052,2.46521622,2.55652052,96657,tradingview_cselk_fallback,0.0,0.0,0.03571428403790008,176148.8,0.5487235791558047
2013-07-29,BIL.N0000,2.55652052,2.55652052,2.46521622,2.55652052,20448,tradingview_cselk_fallback,0.0,0.0,0.03571428403790008,175911.7,0.11624013638660759
2013-07-30,BIL.N0000,2.55652052,2.55652052,2.46521622,2.55652052,10501,tradingview_cselk_fallback,0.0,0.0,0.03571428403790008,163244.6,0.06432678324428495
2013-07-31,BIL.N0000,2.46521622,2.64782483,2.46521622,2.46521622,376409,tradingview_cselk_fallback,-0.03571428403790011,-0.03636764243240089,0.07407407452478953,176681.8,2.130434487309955
2013-08-01,BIL.N0000,2.55652052,2.55652052,2.46521622,2.55652052,76649,tradingview_cselk_fallback,0.03703703523417512,0.03636764243240086,0.03571428403790008,178297.85,0.429893013292084
2013-08-02,BIL.N0000,2.46521622,2.55652052,2.46521622,2.46521622,30305,tradingview_cselk_fallback,-0.03571428403790011,-0.03636764243240089,0.03703703523417512,174445.3,0.1737220779235669
2013-08-05,BIL.N0000,2.37391191,2.55652052,2.37391191,2.37391191,138933,tradingview_cselk_fallback,-0.037037039290614415,-0.037740330323100466,0.0769230775711471,169031.85,0.8219338544777212
2013-08-06,BIL.N0000,2.37391191,2.55652052,2.37391191,2.37391191,472731,tradingview_cselk_fallback,0.0,0.0,0.0769230775711471,166332.8,2.8420792531599304
2013-08-07,BIL.N0000,2.46521622,2.55652052,2.37391191,2.46521622,69346,tradingview_cselk_fallback,0.03846154089180165,0.037740330323100466,0.07407407452478953,160200.75,0.4328693841945184
2013-08-08,BIL.N0000,2.46521622,2.55652052,2.37391191,2.46521622,122277,tradingview_cselk_fallback,0.0,0.0,0.07407407452478953,154796.65,0.7899201953013841
2013-08-12,BIL.N0000,2.46521622,2.46521622,2.37391191,2.46521622,26167,tradingview_cselk_fallback,0.0,0.0,0.037037039290614415,149107.5,0.17549083714769545
2013-08-13,BIL.N0000,2.37391191,2.46521622,2.37391191,2.37391191,54452,tradingview_cselk_fallback,-0.037037039290614415,-0.037740330323100466,0.03846154089180165,140672.1,0.3870845746953376
2013-08-14,BIL.N0000,2.46521622,2.46521622,2.37391191,2.46521622,402431,tradingview_cselk_fallback,0.03846154089180165,0.037740330323100466,0.037037039290614415,154235.55,2.609197425625934
2013-08-15,BIL.N0000,2.46521622,2.55652052,2.37391191,2.46521622,299275,tradingview_cselk_fallback,0.0,0.0,0.07407407452478953,167630.3,1.7853275929232366
2013-08-16,BIL.N0000,2.46521622,2.46521622,2.37391191,2.46521622,111025,tradingview_cselk_fallback,0.0,0.0,0.037037039290614415,170774.7,0.650125574807041
2013-08-19,BIL.N0000,2.37391191,2.46521622,2.37391191,2.37391191,34742,tradingview_cselk_fallback,-0.037037039290614415,-0.037740330323100466,0.03846154089180165,156363.5,0.22218740307040966
2013-08-21,BIL.N0000,2.37391191,2.46521622,2.28260761,2.37391191,492035,tradingview_cselk_fallback,0.0,0.0,0.0769230775711471,173660.3,2.8333188414392927
2013-08-22,BIL.N0000,2.28260761,2.37391191,2.28260761,2.28260761,17425,tradingview_cselk_fallback,-0.03846153667934549,-0.039220711299800606,0.03999999807238004,173470.05,0.10044961651881694
2013-08-23,BIL.N0000,2.28260761,2.37391191,2.28260761,2.28260761,89530,tradingview_cselk_fallback,0.0,0.0,0.03999999807238004,167541.35,0.5343755437090605
2013-08-26,BIL.N0000,2.28260761,2.37391191,2.1913033,2.28260761,168533,tradingview_cselk_fallback,0.0,0.0,0.08000000052571452,155493.55,1.083858462296346
2013-08-27,BIL.N0000,2.1913033,2.37391191,2.1913033,2.1913033,22377,tradingview_cselk_fallback,-0.04000000245333446,-0.04082199707581186,0.08333333409391569,151779.55,0.14743092860665355
2013-08-28,BIL.N0000,2.099999,2.1913033,2.099999,2.099999,431124,tradingview_cselk_fallback,-0.04166666476521075,-0.042559612434668014,0.04347825879917086,172313.35,2.50197677661075
2013-08-29,BIL.N0000,2.099999,2.1913033,2.099999,2.099999,151639,tradingview_cselk_fallback,0.0,0.0,0.04347825879917086,179370.25,0.8453966028368696
2013-08-30,BIL.N0000,2.099999,2.1913033,2.099999,2.099999,173362,tradingview_cselk_fallback,0.0,0.0,0.04347825879917086,169217.9,1.0244897259687067
2013-09-02,BIL.N0000,2.099999,2.1913033,2.099999,2.099999,168937,tradingview_cselk_fallback,0.0,0.0,0.04347825879917086,173832.3,0.9718389505287568
2013-09-03,BIL.N0000,1.91739039,2.1913033,1.91739039,1.91739039,245262,tradingview_cselk_fallback,-0.08695652236024876,-0.09097177888599914,0.14285714136702227,184580.15,1.3287560986379088
2013-09-04,BIL.N0000,2.0086947,2.0086947,1.91739039,2.0086947,124851,tradingview_cselk_fallback,0.04761905059928884,0.04652001847966856,0.04545454817001307,183876.05,0.6789954428540314
2013-09-05,BIL.N0000,1.91739039,2.099999,1.91739039,1.91739039,35179,tradingview_cselk_fallback,-0.04545454817001304,-0.046520018479668426,0.0952380959831555,161998.45,0.2171563987186297
2013-09-06,BIL.N0000,2.099999,2.099999,1.91739039,2.099999,184559,tradingview_cselk_fallback,0.09523809598315558,0.09097177888599918,0.08695652236024871,167759.1,1.1001430026746686
2013-09-09,BIL.N0000,2.0086947,2.099999,2.0086947,2.0086947,79186,tradingview_cselk_fallback,-0.04347825879917089,-0.04445176040633068,0.04545454319165576,165604.55,0.4781631905645105
2013-09-10,BIL.N0000,2.1913033,2.1913033,2.099999,2.1913033,174721,tradingview_cselk_fallback,0.09090908638331152,0.08701137284099865,0.041666664765210734,173032.25,1.0097597413198984
2013-09-11,BIL.N0000,2.099999,2.28260761,2.099999,2.099999,284325,tradingview_cselk_fallback,-0.04166666476521075,-0.042559612434668014,0.08695652236024871,184525.9,1.5408406082831734
2013-09-12,BIL.N0000,2.099999,2.099999,2.099999,2.099999,106780,tradingview_cselk_fallback,0.0,0.0,0.0,169743.35,0.6290673537431658
2013-09-13,BIL.N0000,2.28260761,2.46521622,2.1913033,2.28260761,553347,tradingview_cselk_fallback,0.08695652236024864,0.0833816095104798,0.12000000297904899,182446.95,3.032919980301123
2013-09-16,BIL.N0000,2.28260761,2.37391191,2.1913033,2.28260761,49110,tradingview_cselk_fallback,0.0,0.0,0.08000000052571452,179351.2,0.2738203034047165
2013-09-17,BIL.N0000,2.28260761,2.37391191,2.1913033,2.28260761,2209,tradingview_cselk_fallback,0.0,0.0,0.08000000052571452,177724.55,0.012429346424002763
2013-09-18,BIL.N0000,2.28260761,2.37391191,2.1913033,2.28260761,114377,tradingview_cselk_fallback,0.0,0.0,0.08000000052571452,158841.65,0.7200693269051285
2013-09-20,BIL.N0000,2.46521622,2.55652052,2.28260761,2.46521622,315899,tradingview_cselk_fallback,0.08000000052571443,0.07696104162290095,0.11111110975896465,173765.35,1.8179631324657073
2013-09-23,BIL.N0000,2.28260761,2.37391191,2.28260761,2.28260761,29803,tradingview_cselk_fallback,-0.07407407452478953,-0.07696104162290102,0.03999999807238004,170779.0,0.17451208872285234
2013-09-24,BIL.N0000,2.37391191,2.46521622,2.28260761,2.37391191,71576,tradingview_cselk_fallback,0.03999999807237997,0.039220711299800495,0.0769230775711471,165931.15,0.43135963319726284
2013-09-25,BIL.N0000,2.37391191,2.46521622,2.37391191,2.37391191,237714,tradingview_cselk_fallback,0.0,0.0,0.03846154089180165,176698.0,1.3453123408301169
2013-09-26,BIL.N0000,2.1913033,2.37391191,2.1913033,2.1913033,802591,tradingview_cselk_fallback,-0.07692307757114714,-0.08004270837561249,0.08333333409391569,195271.35,4.110131875464578
2013-09-27,BIL.N0000,2.28260761,2.46521622,2.28260761,2.28260761,597194,tradingview_cselk_fallback,0.041666669328704886,0.040821997075811814,0.08000000052571452,217549.1,2.74509984182881
2013-09-30,BIL.N0000,2.37391191,2.37391191,2.28260761,2.37391191,80642,tradingview_cselk_fallback,0.03999999807237997,0.039220711299800495,0.038461536679345446,212913.1,0.37875546408370364
2013-10-01,BIL.N0000,2.1913033,2.37391191,2.1913033,2.1913033,257677,tradingview_cselk_fallback,-0.07692307757114714,-0.08004270837561249,0.08333333409391569,217350.1,1.185538907044441
2013-10-02,BIL.N0000,2.28260761,2.28260761,2.28260761,2.28260761,155735,tradingview_cselk_fallback,0.041666669328704886,0.040821997075811814,0.0,212873.75,0.7315838613262556
2013-10-03,BIL.N0000,2.28260761,2.37391191,2.1913033,2.28260761,418820,tradingview_cselk_fallback,0.0,0.0,0.08000000052571452,227572.2,1.8403829641757647
2013-10-04,BIL.N0000,2.28260761,2.37391191,2.1913033,2.28260761,116434,tradingview_cselk_fallback,0.0,0.0,0.08000000052571452,231634.95,0.5026616233862808
2013-10-07,BIL.N0000,2.28260761,2.37391191,2.28260761,2.28260761,149995,tradingview_cselk_fallback,0.0,0.0,0.03999999807238004,229906.75,0.6524166863304361
2013-10-08,BIL.N0000,2.28260761,2.37391191,2.1913033,2.28260761,144828,tradingview_cselk_fallback,0.0,0.0,0.08000000052571452,233188.85,0.6210760077079157
2013-10-09,BIL.N0000,2.28260761,2.37391191,2.1913033,2.28260761,662355,tradingview_cselk_fallback,0.0,0.0,0.08000000052571452,257570.55,2.5715478730002324
2013-10-10,BIL.N0000,2.55652052,2.64782483,2.28260761,2.55652052,7255488,tradingview_cselk_fallback,0.11999999859809463,0.11332868405530194,0.14285714397473326,606128.7,11.970210287023203
2013-10-11,BIL.N0000,2.46521622,2.73912913,2.46521622,2.46521622,1949199,tradingview_cselk_fallback,-0.03571428403790011,-0.03636764243240089,0.11111110975896465,698249.65,2.79155027145377
2013-10-14,BIL.N0000,2.46521622,2.55652052,2.37391191,2.46521622,495553,tradingview_cselk_fallback,0.0,0.0,0.07407407452478953,695359.95,0.7126568045801316
2013-10-15,BIL.N0000,2.37391191,2.55652052,2.37391191,2.37391191,634521,tradingview_cselk_fallback,-0.037037039290614415,-0.037740330323100466,0.0769230775711471,724630.5,0.8756476576682874
2013-10-17,BIL.N0000,2.37391191,2.46521622,2.37391191,2.37391191,42570,tradingview_cselk_fallback,0.0,0.0,0.03846154089180165,726648.55,0.058584029377062675
2013-10-21,BIL.N0000,2.37391191,2.37391191,2.37391191,2.37391191,215620,tradingview_cselk_fallback,0.0,0.0,0.0,731710.7,0.29467930426601663
2013-10-22,BIL.N0000,2.37391191,2.46521622,2.28260761,2.37391191,362101,tradingview_cselk_fallback,0.0,0.0,0.0769230775711471,734020.8,0.4933116336757759
2013-10-23,BIL.N0000,2.1913033,2.37391191,2.1913033,2.1913033,908757,tradingview_cselk_fallback,-0.07692307757114714,-0.08004270837561249,0.08333333409391569,777968.5,1.1681154185548643
2013-10-24,BIL.N0000,2.28260761,2.37391191,2.28260761,2.28260761,516630,tradingview_cselk_fallback,0.041666669328704886,0.040821997075811814,0.03999999807238004,800221.2,0.6456089891145099
2013-10-25,BIL.N0000,2.28260761,2.37391191,2.28260761,2.28260761,50312,tradingview_cselk_fallback,0.0,0.0,0.03999999807238004,790851.1,0.06361753811811098
2013-10-28,BIL.N0000,2.28260761,2.37391191,2.28260761,2.28260761,93867,tradingview_cselk_fallback,0.0,0.0,0.03999999807238004,755414.9,0.12425886754418002
2013-10-29,BIL.N0000,2.28260761,2.37391191,2.28260761,2.28260761,217061,tradingview_cselk_fallback,0.0,0.0,0.03999999807238004,736408.25,0.2947563392995665
2013-10-30,BIL.N0000,2.28260761,2.37391191,2.28260761,2.28260761,78694,tradingview_cselk_fallback,0.0,0.0,0.03999999807238004,736310.85,0.10687605649162986
2013-10-31,BIL.N0000,2.28260761,2.37391191,2.1913033,2.28260761,241228,tradingview_cselk_fallback,0.0,0.0,0.08000000052571452,735488.4,0.32798341890912214
2013-11-01,BIL.N0000,2.28260761,2.37391191,2.28260761,2.28260761,48851,tradingview_cselk_fallback,0.0,0.0,0.03999999807238004,730144.2,0.0669059618634237
2013-11-04,BIL.N0000,2.1913033,2.37391191,2.1913033,2.1913033,48424,tradingview_cselk_fallback,-0.04000000245333446,-0.04082199707581186,0.08333333409391569,711624.4,0.06804713272900705
2013-11-05,BIL.N0000,2.1913033,2.37391191,2.1913033,2.1913033,287363,tradingview_cselk_fallback,0.0,0.0,0.08333333409391569,720170.85,0.399020593516108
2013-11-06,BIL.N0000,2.28260761,2.37391191,2.28260761,2.28260761,357160,tradingview_cselk_fallback,0.041666669328704886,0.040821997075811814,0.03999999807238004,730529.1,0.4889059176424321
2013-11-07,BIL.N0000,2.28260761,2.37391191,2.28260761,2.28260761,570668,tradingview_cselk_fallback,0.0,0.0,0.03999999807238004,751821.1,0.759047597892637
2013-11-08,BIL.N0000,2.1913033,2.28260761,2.1913033,2.1913033,197643,tradingview_cselk_fallback,-0.04000000245333446,-0.04082199707581186,0.04166666932870495,728585.5,0.27126946665834
2013-11-11,BIL.N0000,2.1913033,2.28260761,2.1913033,2.1913033,60896,tradingview_cselk_fallback,0.0,0.0,0.04166666932870495,368855.9,0.16509428207600854
2013-11-12,BIL.N0000,2.1913033,2.28260761,2.1913033,2.1913033,67228,tradingview_cselk_fallback,0.0,0.0,0.04166666932870495,274757.35,0.24468135247337333
2013-11-13,BIL.N0000,2.28260761,2.37391191,2.1913033,2.28260761,79364,tradingview_cselk_fallback,0.041666669328704886,0.040821997075811814,0.08000000052571452,253947.9,0.3125207965885916
2013-11-14,BIL.N0000,2.1913033,2.28260761,2.1913033,2.1913033,76999,tradingview_cselk_fallback,-0.04000000245333446,-0.04082199707581186,0.04166666932870495,226071.8,0.34059533298713063
2013-11-15,BIL.N0000,2.099999,2.28260761,2.099999,2.099999,143430,tradingview_cselk_fallback,-0.04166666476521075,-0.042559612434668014,0.08695652236024871,231114.8,0.6206006711815947
2013-11-18,BIL.N0000,2.1913033,2.28260761,2.099999,2.1913033,154378,tradingview_cselk_fallback,0.04347825879917089,0.04255961243466803,0.08333333409391569,228052.7,0.6769400230736141
2013-11-19,BIL.N0000,2.1913033,2.28260761,2.1913033,2.1913033,130278,tradingview_cselk_fallback,0.0,0.0,0.04166666932870495,216461.55,0.6018528463831105
2013-11-20,BIL.N0000,2.1913033,2.1913033,2.099999,2.1913033,26286,tradingview_cselk_fallback,0.0,0.0,0.041666664765210734,172338.0,0.15252585036381994
2013-11-21,BIL.N0000,2.1913033,2.28260761,2.1913033,2.1913033,17032,tradingview_cselk_fallback,0.0,0.0,0.04166666932870495,147358.1,0.1155823806088705
2013-11-22,BIL.N0000,2.099999,2.28260761,2.099999,2.099999,227331,tradingview_cselk_fallback,-0.04166666476521075,-0.042559612434668014,0.08695652236024871,156209.05,1.4552998049728874
2013-11-25,BIL.N0000,2.099999,2.1913033,2.099999,2.099999,7120,tradingview_cselk_fallback,0.0,0.0,0.04347825879917086,151871.7,0.04688167709981517
2013-11-26,BIL.N0000,2.099999,2.1913033,2.0086947,2.099999,35490,tradingview_cselk_fallback,0.0,0.0,0.08695651759834172,142793.15,0.2485413340906059
2013-11-27,BIL.N0000,2.099999,2.1913033,2.099999,2.099999,11721,tradingview_cselk_fallback,0.0,0.0,0.04347825879917086,139444.5,0.08405494659165474
2013-11-28,BIL.N0000,2.1913033,2.1913033,2.099999,2.1913033,403026,tradingview_cselk_fallback,0.04347825879917089,0.04255961243466803,0.041666664765210734,147534.4,2.731742563090371
2013-11-29,BIL.N0000,2.099999,2.28260761,2.099999,2.099999,1098866,tradingview_cselk_fallback,-0.04166666476521075,-0.042559612434668014,0.08695652236024871,200035.15,5.493364541181887
2013-12-02,BIL.N0000,2.099999,2.1913033,2.099999,2.099999,30015,tradingview_cselk_fallback,0.0,0.0,0.04347825879917086,199114.7,0.15074226061661947
2013-12-03,BIL.N0000,2.1913033,2.1913033,2.099999,2.1913033,95439,tradingview_cselk_fallback,0.04347825879917089,0.04255961243466803,0.041666664765210734,189518.5,0.5035867210852767
2013-12-04,BIL.N0000,2.099999,2.1913033,2.099999,2.099999,22240,tradingview_cselk_fallback,-0.04166666476521075,-0.042559612434668014,0.04347825879917086,172772.5,0.1287241893241112
2013-12-05,BIL.N0000,2.099999,2.1913033,2.099999,2.099999,9224,tradingview_cselk_fallback,0.0,0.0,0.04347825879917086,144700.3,0.06374554855795048
2013-12-06,BIL.N0000,2.099999,2.1913033,2.099999,2.099999,41354,tradingview_cselk_fallback,0.0,0.0,0.04347825879917086,136885.85,0.3021057326232039
2013-12-09,BIL.N0000,2.099999,2.1913033,2.099999,2.099999,142411,tradingview_cselk_fallback,0.0,0.0,0.04347825879917086,140961.6,1.0102822328917946
2013-12-10,BIL.N0000,2.099999,2.1913033,2.0086947,2.099999,25936,tradingview_cselk_fallback,0.0,0.0,0.08695651759834172,138897.0,0.18672829506756805
2013-12-11,BIL.N0000,2.099999,2.1913033,2.099999,2.099999,6573,tradingview_cselk_fallback,0.0,0.0,0.04347825879917086,135257.45,0.048596214108723765
2013-12-12,BIL.N0000,2.099999,2.1913033,2.099999,2.099999,70415,tradingview_cselk_fallback,0.0,0.0,0.04347825879917086,134928.25,0.5218699568103788
2013-12-13,BIL.N0000,2.099999,2.099999,2.099999,2.099999,63299,tradingview_cselk_fallback,0.0,0.0,0.0,130921.7,0.4834874585343759
2013-12-17,BIL.N0000,2.099999,2.1913033,2.099999,2.099999,17195,tradingview_cselk_fallback,0.0,0.0,0.04347825879917086,124062.55,0.13859944036294594
2013-12-18,BIL.N0000,2.099999,2.099999,2.099999,2.099999,34794,tradingview_cselk_fallback,0.0,0.0,0.0,119288.35,0.2916797826443236
2013-12-19,BIL.N0000,2.099999,2.1913033,2.099999,2.099999,26724,tradingview_cselk_fallback,0.0,0.0,0.04347825879917086,119310.25,0.22398746126171054
2013-12-20,BIL.N0000,2.099999,2.1913033,2.099999,2.099999,78673,tradingview_cselk_fallback,0.0,0.0,0.04347825879917086,122392.3,0.6427937051595566
2013-12-23,BIL.N0000,2.1913033,2.1913033,2.099999,2.1913033,17414,tradingview_cselk_fallback,0.04347825879917089,0.04255961243466803,0.041666664765210734,111896.45,0.15562602745663515
2013-12-26,BIL.N0000,2.1913033,2.1913033,2.099999,2.1913033,69493,tradingview_cselk_fallback,0.0,0.0,0.041666664765210734,115015.1,0.6042076214340552
2013-12-27,BIL.N0000,2.099999,2.28260761,2.099999,2.099999,175169,tradingview_cselk_fallback,-0.04166666476521075,-0.042559612434668014,0.08695652236024871,121999.05,1.4358226559960918
2013-12-30,BIL.N0000,2.099999,2.1913033,2.099999,2.099999,269142,tradingview_cselk_fallback,0.0,0.0,0.04347825879917086,134870.1,1.9955646210687172
2013-12-31,BIL.N0000,2.099999,2.1913033,2.099999,2.099999,212093,tradingview_cselk_fallback,0.0,0.0,0.04347825879917086,125323.45,1.6923648367484299
2014-01-02,BIL.N0000,2.1913033,2.28260761,2.099999,2.1913033,304178,tradingview_cselk_fallback,0.04347825879917089,0.04255961243466803,0.08333333409391569,85589.05,3.5539359298882274
2014-01-03,BIL.N0000,2.1913033,2.37391191,2.1913033,2.1913033,782216,tradingview_cselk_fallback,0.0,0.0,0.08333333409391569,123199.1,6.349202226314965
2014-01-06,BIL.N0000,2.1913033,2.28260761,2.1913033,2.1913033,120808,tradingview_cselk_fallback,0.0,0.0,0.04166666932870495,124467.55,0.9705983607775681
2014-01-07,BIL.N0000,2.1913033,2.28260761,2.1913033,2.1913033,3506,tradingview_cselk_fallback,0.0,0.0,0.04166666932870495,123530.85,0.028381574319289473
2014-01-08,BIL.N0000,2.28260761,2.37391191,2.1913033,2.28260761,376275,tradingview_cselk_fallback,0.041666669328704886,0.040821997075811814,0.08000000052571452,141883.4,2.6520015731227193
2014-01-09,BIL.N0000,2.1913033,2.37391191,2.1913033,2.1913033,40090,tradingview_cselk_fallback,-0.04000000245333446,-0.04082199707581186,0.08333333409391569,141820.2,0.2826818746553735
2014-01-10,BIL.N0000,2.28260761,2.37391191,2.1913033,2.28260761,230747,tradingview_cselk_fallback,0.041666669328704886,0.040821997075811814,0.08000000052571452,146237.0,1.5778975225148217
2014-01-13,BIL.N0000,2.28260761,2.37391191,2.1913033,2.28260761,452654,tradingview_cselk_fallback,0.0,0.0,0.08000000052571452,167572.9,2.701236297754589
2014-01-16,BIL.N0000,2.28260761,2.37391191,2.28260761,2.28260761,181447,tradingview_cselk_fallback,0.0,0.0,0.03999999807238004,176316.6,1.0290976572824113
2014-01-17,BIL.N0000,2.1913033,2.37391191,2.1913033,2.1913033,481989,tradingview_cselk_fallback,-0.04000000245333446,-0.04082199707581186,0.08333333409391569,196895.3,2.447945684838592
2014-01-20,BIL.N0000,2.1913033,2.37391191,2.1913033,2.1913033,156731,tradingview_cselk_fallback,0.0,0.0,0.08333333409391569,201566.9,0.7775631812564464
2014-01-21,BIL.N0000,2.1913033,2.28260761,2.1913033,2.1913033,263008,tradingview_cselk_fallback,0.0,0.0,0.04166666932870495,213857.55,1.2298279859654242
2014-01-22,BIL.N0000,2.28260761,2.28260761,2.1913033,2.28260761,150665,tradingview_cselk_fallback,0.041666669328704886,0.040821997075811814,0.04000000245333448,219651.1,0.6859287296990545
2014-01-23,BIL.N0000,2.1913033,2.28260761,2.1913033,2.1913033,66883,tradingview_cselk_fallback,-0.04000000245333446,-0.04082199707581186,0.04166666932870495,221659.05,0.30173818754524123
2014-01-24,BIL.N0000,2.28260761,2.46521622,2.1913033,2.28260761,3301626,tradingview_cselk_fallback,0.041666669328704886,0.040821997075811814,0.12000000297904899,382806.7,8.624786347783358
2014-01-27,BIL.N0000,2.28260761,2.37391191,2.28260761,2.28260761,345482,tradingview_cselk_fallback,0.0,0.0,0.03999999807238004,399210.1,0.8654139762495989
2014-01-28,BIL.N0000,2.37391191,2.37391191,2.28260761,2.37391191,75133,tradingview_cselk_fallback,0.03999999807237997,0.039220711299800495,0.038461536679345446,399492.1,0.18807130353766696
2014-01-29,BIL.N0000,2.28260761,2.37391191,2.28260761,2.28260761,219263,tradingview_cselk_fallback,-0.03846153667934549,-0.039220711299800606,0.03999999807238004,401696.8,0.5458420380744881
2014-01-30,BIL.N0000,2.28260761,2.37391191,2.28260761,2.28260761,594003,tradingview_cselk_fallback,0.0,0.0,0.03999999807238004,417939.85,1.4212643278691899
2014-01-31,BIL.N0000,2.28260761,2.37391191,2.28260761,2.28260761,130962,tradingview_cselk_fallback,0.0,0.0,0.03999999807238004,413883.3,0.3164225277995029
2014-02-03,BIL.N0000,2.28260761,2.37391191,2.28260761,2.28260761,93096,tradingview_cselk_fallback,0.0,0.0,0.03999999807238004,403329.2,0.2308188943423883
2014-02-05,BIL.N0000,2.1913033,2.37391191,2.1913033,2.1913033,11720,tradingview_cselk_fallback,-0.04000000245333446,-0.04082199707581186,0.08333333409391569,364804.4,0.0321268054880917
2014-02-06,BIL.N0000,2.1913033,2.28260761,2.1913033,2.1913033,78433,tradingview_cselk_fallback,0.0,0.0,0.04166666932870495,362685.65,0.2162561435777787
2014-02-07,BIL.N0000,2.1913033,2.28260761,2.1913033,2.1913033,71519,tradingview_cselk_fallback,0.0,0.0,0.04166666932870495,366086.3,0.19536103918666173
2014-02-10,BIL.N0000,2.1913033,2.28260761,2.1913033,2.1913033,198784,tradingview_cselk_fallback,0.0,0.0,0.04166666932870495,357211.75,0.5564878534930612
2014-02-11,BIL.N0000,2.099999,2.28260761,2.099999,2.099999,116643,tradingview_cselk_fallback,-0.04166666476521075,-0.042559612434668014,0.08695652236024871,361039.4,0.32307554244772174
2014-02-12,BIL.N0000,2.099999,2.1913033,2.099999,2.099999,134824,tradingview_cselk_fallback,0.0,0.0,0.04347825879917086,356243.25,0.37846050416393856
2014-02-13,BIL.N0000,2.099999,2.099999,2.099999,2.099999,4771,tradingview_cselk_fallback,0.0,0.0,0.0,333849.1,0.014290887709447173
2014-02-17,BIL.N0000,2.099999,2.1913033,2.099999,2.099999,220144,tradingview_cselk_fallback,0.0,0.0,0.04347825879917086,335783.95,0.6556120386337703
2014-02-18,BIL.N0000,2.0086947,2.099999,2.0086947,2.0086947,121670,tradingview_cselk_fallback,-0.04347825879917089,-0.04445176040633068,0.04545454319165576,317768.0,0.38288940359004053
2014-02-19,BIL.N0000,2.0086947,2.0086947,2.0086947,2.0086947,27708,tradingview_cselk_fallback,0.0,0.0,0.0,311316.85,0.08900257085345686
2014-02-20,BIL.N0000,2.0086947,2.099999,2.0086947,2.0086947,328659,tradingview_cselk_fallback,0.0,0.0,0.04545454319165576,314599.4,1.0446904857415493
2014-02-21,BIL.N0000,2.0086947,2.0086947,1.91739039,2.0086947,17140,tradingview_cselk_fallback,0.0,0.0,0.04545454817001307,307923.15,0.0556632393504678
2014-02-24,BIL.N0000,2.0086947,2.0086947,1.91739039,2.0086947,181706,tradingview_cselk_fallback,0.0,0.0,0.04545454817001307,313664.3,0.5793008640128954
2014-02-25,BIL.N0000,1.91739039,2.0086947,1.91739039,1.91739039,575630,tradingview_cselk_fallback,-0.04545454817001304,-0.046520018479668426,0.047619050599288726,177364.5,3.2454634382866923
2014-02-26,BIL.N0000,2.0086947,2.099999,1.91739039,2.0086947,684355,tradingview_cselk_fallback,0.04761905059928884,0.04652001847966856,0.09090909136166883,194308.15,3.5220087268598874
2014-02-28,BIL.N0000,2.0086947,2.099999,2.0086947,2.0086947,31266,tradingview_cselk_fallback,0.0,0.0,0.04545454319165576,192114.8,0.1627464411903716
2014-03-03,BIL.N0000,2.0086947,2.099999,2.0086947,2.0086947,18373,tradingview_cselk_fallback,0.0,0.0,0.04545454319165576,182070.3,0.1009115709701143
2014-03-04,BIL.N0000,2.0086947,2.099999,2.0086947,2.0086947,34387,tradingview_cselk_fallback,0.0,0.0,0.04545454319165576,154089.5,0.22316251269554382
2014-03-05,BIL.N0000,2.0086947,2.0086947,2.0086947,2.0086947,1835,tradingview_cselk_fallback,0.0,0.0,0.0,147633.15,0.012429457747125222
2014-03-06,BIL.N0000,2.099999,2.1913033,2.0086947,2.099999,364825,tradingview_cselk_fallback,0.04545454319165576,0.04445176040633065,0.08695651759834172,161219.6,2.262907239566405
2014-03-07,BIL.N0000,2.0086947,2.1913033,2.0086947,2.0086947,129431,tradingview_cselk_fallback,-0.04347825879917089,-0.04445176040633068,0.09090908638331152,167105.15,0.7745482410326672
2014-03-10,BIL.N0000,2.0086947,2.099999,2.0086947,2.0086947,28389,tradingview_cselk_fallback,0.0,0.0,0.04545454319165576,164602.95,0.172469569956067
2014-03-11,BIL.N0000,2.099999,2.099999,2.0086947,2.099999,1533,tradingview_cselk_fallback,0.04545454319165576,0.04445176040633065,0.04347825879917086,161103.65,0.009515613085116321
2014-03-12,BIL.N0000,2.0086947,2.099999,2.0086947,2.0086947,433077,tradingview_cselk_fallback,-0.04347825879917089,-0.04445176040633068,0.04545454319165576,172818.3,2.5059672499960945
2014-03-13,BIL.N0000,2.099999,2.37391191,2.0086947,2.099999,1783686,tradingview_cselk_fallback,0.04545454319165576,0.04445176040633065,0.17391303995859045,256170.45,6.96288740563168
2014-03-14,BIL.N0000,2.099999,2.28260761,2.099999,2.099999,119149,tradingview_cselk_fallback,0.0,0.0,0.08695652236024871,255386.7,0.46654348092520087
2014-03-17,BIL.N0000,2.099999,2.099999,2.099999,2.099999,124178,tradingview_cselk_fallback,0.0,0.0,0.0,261357.05,0.4751277993074991
2014-03-18,BIL.N0000,2.0086947,2.099999,2.0086947,2.0086947,86655,tradingview_cselk_fallback,-0.04347825879917089,-0.04445176040633068,0.04545454319165576,254682.6,0.3402470369000474
2014-03-19,BIL.N0000,2.0086947,2.099999,2.0086947,2.0086947,278986,tradingview_cselk_fallback,0.0,0.0,0.04545454319165576,262548.4,1.0626078848699896
2014-03-20,BIL.N0000,2.0086947,2.099999,2.0086947,2.0086947,57567,tradingview_cselk_fallback,0.0,0.0,0.04545454319165576,264041.35,0.21802266955535565
2014-03-21,BIL.N0000,2.099999,2.099999,2.099999,2.099999,573834,tradingview_cselk_fallback,0.04545454319165576,0.04445176040633065,0.0,276300.1,2.076850496977743
2014-03-24,BIL.N0000,2.1913033,2.1913033,2.099999,2.1913033,322631,tradingview_cselk_fallback,0.04347825879917089,0.04255961243466803,0.041666664765210734,291574.65,1.1065125174633665
2014-03-25,BIL.N0000,2.099999,2.1913033,2.099999,2.099999,185266,tradingview_cselk_fallback,-0.04166666476521075,-0.042559612434668014,0.04347825879917086,291752.65,0.6350105131864269
2014-03-26,BIL.N0000,2.0086947,2.1913033,2.0086947,2.0086947,139208,tradingview_cselk_fallback,-0.04347825879917089,-0.04445176040633068,0.09090908638331152,269931.55,0.5157159287234115
2014-03-27,BIL.N0000,2.099999,2.099999,2.099999,2.099999,824097,tradingview_cselk_fallback,0.04545454319165576,0.04445176040633065,0.0,276918.65,2.975953407255163
2014-03-28,BIL.N0000,2.0086947,2.099999,2.0086947,2.0086947,18445,tradingview_cselk_fallback,-0.04347825879917089,-0.04445176040633068,0.04545454319165576,276277.6,0.06676256055503596
2014-03-31,BIL.N0000,2.099999,2.099999,2.0086947,2.099999,41611,tradingview_cselk_fallback,0.04545454319165576,0.04445176040633065,0.04347825879917086,277439.5,0.14998224838207969
2014-04-01,BIL.N0000,2.099999,2.1913033,2.099999,2.099999,28511,tradingview_cselk_fallback,0.0,0.0,0.04347825879917086,277145.7,0.1028736870173342
2014-04-02,BIL.N0000,2.1913033,2.1913033,2.099999,2.1913033,56512,tradingview_cselk_fallback,0.04347825879917089,0.04255961243466803,0.041666664765210734,279879.55,0.20191543112028015
2014-04-03,BIL.N0000,2.1913033,2.1913033,2.099999,2.1913033,124200,tradingview_cselk_fallback,0.0,0.0,0.041666664765210734,267848.3,0.4636953081277723
2014-04-04,BIL.N0000,2.1913033,2.1913033,2.099999,2.1913033,17197,tradingview_cselk_fallback,0.0,0.0,0.041666664765210734,262236.6,0.06557818397584472
2014-04-07,BIL.N0000,2.1913033,2.1913033,2.099999,2.1913033,13181,tradingview_cselk_fallback,0.0,0.0,0.041666664765210734,261476.2,0.050409941707887755
2014-04-08,BIL.N0000,2.099999,2.1913033,2.099999,2.099999,423671,tradingview_cselk_fallback,-0.04166666476521075,-0.042559612434668014,0.04347825879917086,282583.1,1.4992793270368965
2014-04-09,BIL.N0000,2.099999,2.099999,2.099999,2.099999,249167,tradingview_cselk_fallback,0.0,0.0,0.0,273387.6,0.9114056380026015
2014-04-10,BIL.N0000,2.099999,2.099999,2.099999,2.099999,110616,tradingview_cselk_fallback,0.0,0.0,0.0,189734.1,0.5830053743633854
2014-04-11,BIL.N0000,2.099999,2.099999,2.099999,2.099999,38782,tradingview_cselk_fallback,0.0,0.0,0.0,185715.75,0.20882450734523056
2014-04-16,BIL.N0000,2.099999,2.1913033,2.099999,2.099999,2519,tradingview_cselk_fallback,0.0,0.0,0.04347825879917086,179632.8,0.014023051469442107
2014-04-17,BIL.N0000,2.1913033,2.1913033,2.099999,2.1913033,19714,tradingview_cselk_fallback,0.04347825879917089,0.04255961243466803,0.041666664765210734,176285.75,0.11182979906203423
2014-04-21,BIL.N0000,2.099999,2.1913033,2.099999,2.099999,410928,tradingview_cselk_fallback,-0.04166666476521075,-0.042559612434668014,0.04347825879917086,182882.85,2.2469466109041933
2014-04-22,BIL.N0000,2.099999,2.099999,2.0086947,2.099999,173486,tradingview_cselk_fallback,0.0,0.0,0.04347825879917086,188678.8,0.9194779699680092
2014-04-23,BIL.N0000,2.0086947,2.099999,2.0086947,2.0086947,165906,tradingview_cselk_fallback,-0.04347825879917089,-0.04445176040633068,0.04545454319165576,168282.4,0.9858784994746925
2014-04-24,BIL.N0000,2.099999,2.1913033,2.0086947,2.099999,866335,tradingview_cselk_fallback,0.04545454319165576,0.04445176040633065,0.08695651759834172,195467.6,4.4321156038136245
2014-04-25,BIL.N0000,2.099999,2.099999,2.0086947,2.099999,136357,tradingview_cselk_fallback,0.0,0.0,0.04347825879917086,193022.15,0.706431878413954
2014-04-28,BIL.N0000,2.099999,2.099999,2.099999,2.099999,205796,tradingview_cselk_fallback,0.0,0.0,0.0,196351.55,1.0480996966919793
2014-04-29,BIL.N0000,2.0086947,2.099999,2.0086947,2.0086947,45562,tradingview_cselk_fallback,-0.04347825879917089,-0.04445176040633068,0.04545454319165576,157424.8,0.2894207265945391
2014-04-30,BIL.N0000,2.099999,2.1913033,2.0086947,2.099999,486464,tradingview_cselk_fallback,0.04545454319165576,0.04445176040633065,0.08695651759834172,180825.75,2.690236318665898
2014-05-02,BIL.N0000,2.1913033,2.1913033,2.099999,2.1913033,660812,tradingview_cselk_fallback,0.04347825879917089,0.04255961243466803,0.041666664765210734,211785.8,3.1201903054879034
2014-05-05,BIL.N0000,2.1913033,2.28260761,2.099999,2.1913033,1579597,tradingview_cselk_fallback,0.0,0.0,0.08333333409391569,289340.1,5.4593089585577665
2014-05-06,BIL.N0000,2.1913033,2.1913033,2.099999,2.1913033,180230,tradingview_cselk_fallback,0.0,0.0,0.041666664765210734,295526.0,0.6098617380535046
2014-05-07,BIL.N0000,2.1913033,2.28260761,2.1913033,2.1913033,1994321,tradingview_cselk_fallback,0.0,0.0,0.04166666932870495,389032.05,5.126366837899345
2014-05-08,BIL.N0000,2.1913033,2.1913033,2.1913033,2.1913033,280764,tradingview_cselk_fallback,0.0,0.0,0.0,402210.4,0.6980525615449028
2014-05-09,BIL.N0000,2.1913033,2.28260761,2.1913033,2.1913033,226988,tradingview_cselk_fallback,0.0,0.0,0.04166666932870495,412900.75,0.5497398587917314
2014-05-12,BIL.N0000,2.1913033,2.28260761,2.1913033,2.1913033,757255,tradingview_cselk_fallback,0.0,0.0,0.04166666932870495,429579.95,1.7627801297523313
2014-05-13,BIL.N0000,2.099999,2.28260761,2.099999,2.099999,1076178,tradingview_cselk_fallback,-0.04166666476521075,-0.042559612434668014,0.08695652236024871,470930.5,2.2852161837043896
2014-05-16,BIL.N0000,2.1913033,2.1913033,2.099999,2.1913033,6681,tradingview_cselk_fallback,0.04347825879917089,0.04255961243466803,0.041666664765210734,465733.75,0.014345105975248735
2014-05-19,BIL.N0000,2.099999,2.099999,2.099999,2.099999,70614,tradingview_cselk_fallback,-0.04166666476521075,-0.042559612434668014,0.0,467325.35,0.15110243859015995
2014-05-20,BIL.N0000,2.099999,2.1913033,2.099999,2.099999,1382133,tradingview_cselk_fallback,0.0,0.0,0.04347825879917086,536306.05,2.577134828145235
2014-05-21,BIL.N0000,2.099999,2.1913033,2.099999,2.099999,97187,tradingview_cselk_fallback,0.0,0.0,0.04347825879917086,540179.7,0.1799160538613354
2014-05-22,BIL.N0000,2.099999,2.1913033,2.0086947,2.099999,66716,tradingview_cselk_fallback,0.0,0.0,0.08695651759834172,522969.1,0.12757159074981678
2014-05-23,BIL.N0000,2.0086947,2.099999,2.0086947,2.0086947,53128,tradingview_cselk_fallback,-0.04347825879917089,-0.04445176040633068,0.04545454319165576,516951.2,0.10277178967763301
2014-05-26,BIL.N0000,2.099999,2.1913033,2.0086947,2.099999,183075,tradingview_cselk_fallback,0.04545454319165576,0.04445176040633065,0.08695651759834172,517809.65,0.35355656272531805
2014-05-27,BIL.N0000,2.099999,2.1913033,2.099999,2.099999,100347,tradingview_cselk_fallback,0.0,0.0,0.04347825879917086,479510.25,0.20926977056277735
2014-05-28,BIL.N0000,2.099999,2.099999,2.0086947,2.099999,43702,tradingview_cselk_fallback,0.0,0.0,0.04347825879917086,474877.5,0.09202794404872836
2014-05-29,BIL.N0000,2.099999,2.1913033,2.099999,2.099999,130389,tradingview_cselk_fallback,0.0,0.0,0.04347825879917086,471107.15,0.27677143087299777
2014-05-30,BIL.N0000,2.099999,2.1913033,2.0086947,2.099999,224475,tradingview_cselk_fallback,0.0,0.0,0.08695651759834172,480052.8,0.46760481347051824
2014-06-02,BIL.N0000,2.099999,2.099999,2.0086947,2.099999,88276,tradingview_cselk_fallback,0.0,0.0,0.04347825879917086,460143.4,0.1918445423752682
2014-06-03,BIL.N0000,2.099999,2.099999,2.0086947,2.099999,4655,tradingview_cselk_fallback,0.0,0.0,0.04347825879917086,427335.55,0.010893079220766913
2014-06-04,BIL.N0000,2.0086947,2.099999,2.0086947,2.0086947,269103,tradingview_cselk_fallback,-0.04347825879917089,-0.04445176040633068,0.04545454319165576,361810.85,0.7437670816118422
2014-06-05,BIL.N0000,2.0086947,2.099999,2.0086947,2.0086947,61114,tradingview_cselk_fallback,0.0,0.0,0.04545454319165576,355855.05,0.17173846486090336
2014-06-06,BIL.N0000,2.0086947,2.099999,2.0086947,2.0086947,1623910,tradingview_cselk_fallback,0.0,0.0,0.04545454319165576,337334.5,4.813945801570845
2014-06-09,BIL.N0000,2.0086947,2.099999,1.91739039,2.0086947,663793,tradingview_cselk_fallback,0.0,0.0,0.09090909136166883,356485.95,1.8620453344654957
2014-06-10,BIL.N0000,1.64347748,1.91739039,1.55217317,1.64347748,7901746,tradingview_cselk_fallback,-0.1818181827233376,-0.20067069656845268,0.2222222235743686,740223.85,10.674806006318224
2014-06-11,BIL.N0000,1.64347748,1.64347748,1.46086887,1.64347748,1115657,tradingview_cselk_fallback,0.0,0.0,0.1111111117871843,758143.95,1.4715635467380568
2014-06-13,BIL.N0000,1.55217317,1.64347748,1.55217317,1.55217317,1029107,tradingview_cselk_fallback,-0.05555555893592157,-0.05715841741915969,0.058823533201517675,755790.4,1.3616301556622048
2014-06-16,BIL.N0000,1.55217317,1.64347748,1.55217317,1.55217317,729243,tradingview_cselk_fallback,0.0,0.0,0.058823533201517675,791918.5,0.9208561234520977
2014-06-17,BIL.N0000,1.64347748,1.64347748,1.55217317,1.64347748,481732,tradingview_cselk_fallback,0.058823533201517675,0.057158417419159745,0.055555558935921616,812474.4,0.5929196046053882
2014-06-18,BIL.N0000,1.55217317,1.64347748,1.55217317,1.55217317,670520,tradingview_cselk_fallback,-0.05555555893592157,-0.05715841741915969,0.058823533201517675,776893.75,0.86307812361729
2014-06-19,BIL.N0000,1.55217317,1.55217317,1.55217317,1.55217317,524885,tradingview_cselk_fallback,0.0,0.0,0.0,798278.65,0.6575210297807664
2014-06-20,BIL.N0000,1.55217317,1.55217317,1.55217317,1.55217317,35467,tradingview_cselk_fallback,0.0,0.0,0.0,796716.2,0.04451647901724604
2014-06-23,BIL.N0000,1.55217317,1.55217317,1.46086887,1.55217317,96033,tradingview_cselk_fallback,0.0,0.0,0.0588235267589376,798861.45,0.12021233469207959
2014-06-24,BIL.N0000,1.55217317,1.55217317,1.46086887,1.55217317,87561,tradingview_cselk_fallback,0.0,0.0,0.0588235267589376,794085.75,0.11026642903489957
2014-06-25,BIL.N0000,1.46086887,1.55217317,1.46086887,1.46086887,582261,tradingview_cselk_fallback,-0.05882352675893765,-0.0606246189978061,0.062499997005206906,818181.45,0.7116526535770274
2014-06-26,BIL.N0000,1.46086887,1.55217317,1.46086887,1.46086887,317422,tradingview_cselk_fallback,0.0,0.0,0.062499997005206906,831867.45,0.38157761792458644
2014-06-27,BIL.N0000,1.46086887,1.55217317,1.46086887,1.46086887,559438,tradingview_cselk_fallback,0.0,0.0,0.062499997005206906,853319.9,0.6556017268553095
2014-06-30,BIL.N0000,1.46086887,1.55217317,1.46086887,1.46086887,143724,tradingview_cselk_fallback,0.0,0.0,0.062499997005206906,849282.35,0.16922993866527428
2014-07-01,BIL.N0000,1.46086887,1.55217317,1.46086887,1.46086887,207589,tradingview_cselk_fallback,0.0,0.0,0.062499997005206906,855248.0,0.24272374796550242
2014-07-02,BIL.N0000,1.55217317,1.55217317,1.46086887,1.55217317,28240,tradingview_cselk_fallback,0.06249999700520692,0.06062461899780606,0.0588235267589376,856427.25,0.032974195998550955
2014-07-03,BIL.N0000,1.55217317,1.64347748,1.46086887,1.55217317,2151117,tradingview_cselk_fallback,0.0,0.0,0.11764705996045527,950527.95,2.263076009495565
2014-07-04,BIL.N0000,1.64347748,1.64347748,1.55217317,1.64347748,325886,tradingview_cselk_fallback,0.058823533201517675,0.057158417419159745,0.055555558935921616,963766.55,0.3381379027939909
2014-07-07,BIL.N0000,1.64347748,1.64347748,1.55217317,1.64347748,150140,tradingview_cselk_fallback,0.0,0.0,0.055555558935921616,890078.05,0.16868183638502263
2014-07-08,BIL.N0000,1.55217317,1.64347748,1.55217317,1.55217317,375048,tradingview_cselk_fallback,-0.05555555893592157,-0.05715841741915969,0.058823533201517675,875640.8,0.4283126140307761
2014-07-09,BIL.N0000,1.64347748,1.73478178,1.55217317,1.64347748,2342459,tradingview_cselk_fallback,0.058823533201517675,0.057158417419159745,0.1111111117871843,597676.45,3.9192760564683455
2014-07-10,BIL.N0000,1.64347748,1.73478178,1.55217317,1.64347748,1734520,tradingview_cselk_fallback,0.0,0.0,0.1111111117871843,628619.6,2.7592521773104117
2014-07-11,BIL.N0000,1.64347748,1.64347748,1.55217317,1.64347748,881908,tradingview_cselk_fallback,0.0,0.0,0.055555558935921616,621259.65,1.4195481712034572
2014-07-14,BIL.N0000,1.64347748,1.73478178,1.55217317,1.64347748,1483760,tradingview_cselk_fallback,0.0,0.0,0.1111111117871843,658985.5,2.2515821668306812
2014-07-15,BIL.N0000,1.73478178,1.73478178,1.64347748,1.73478178,626750,tradingview_cselk_fallback,0.05555555285126257,0.054067218708313984,0.05263157652024683,666236.4,0.9407321485286604
2014-07-16,BIL.N0000,1.64347748,1.73478178,1.64347748,1.64347748,662811,tradingview_cselk_fallback,-0.05263157652024686,-0.05406721870831412,0.05555555285126268,665850.95,0.995434488754578
2014-07-17,BIL.N0000,1.64347748,1.73478178,1.64347748,1.64347748,260345,tradingview_cselk_fallback,0.0,0.0,0.05555555285126268,652623.95,0.398920388992773
2014-07-18,BIL.N0000,1.64347748,1.73478178,1.64347748,1.64347748,526675,tradingview_cselk_fallback,0.0,0.0,0.05555555285126268,677184.35,0.7777424271544374
2014-07-21,BIL.N0000,1.64347748,1.73478178,1.55217317,1.64347748,176768,tradingview_cselk_fallback,0.0,0.0,0.1111111117871843,681221.1,0.2594869712638085
2014-07-22,BIL.N0000,1.64347748,1.73478178,1.64347748,1.64347748,146004,tradingview_cselk_fallback,0.0,0.0,0.05555555285126268,684143.25,0.21341144562925965
2014-07-23,BIL.N0000,1.55217317,1.73478178,1.55217317,1.55217317,393151,tradingview_cselk_fallback,-0.05555555893592157,-0.05715841741915969,0.11764705996045527,674687.75,0.5827154857932428
2014-07-24,BIL.N0000,1.64347748,1.73478178,1.64347748,1.64347748,3011375,tradingview_cselk_fallback,0.058823533201517675,0.057158417419159745,0.05555555285126268,809385.4,3.7205699534486287
2014-07-25,BIL.N0000,1.64347748,1.73478178,1.64347748,1.64347748,107776,tradingview_cselk_fallback,0.0,0.0,0.05555555285126268,786802.3,0.13697977242821988
2014-07-28,BIL.N0000,1.64347748,1.73478178,1.64347748,1.64347748,255315,tradingview_cselk_fallback,0.0,0.0,0.05555555285126268,792381.85,0.3222120748979801
2014-07-30,BIL.N0000,1.64347748,1.73478178,1.64347748,1.64347748,131614,tradingview_cselk_fallback,0.0,0.0,0.05555555285126268,788583.1,0.16689934136300918
2014-07-31,BIL.N0000,1.64347748,1.73478178,1.55217317,1.64347748,4737284,tradingview_cselk_fallback,0.0,0.0,0.1111111117871843,1024035.3,4.626094432486848
2014-08-01,BIL.N0000,1.55217317,1.64347748,1.55217317,1.55217317,9641874,tradingview_cselk_fallback,-0.05555555893592157,-0.05715841741915969,0.058823533201517675,1398573.15,6.894079154887251
2014-08-04,BIL.N0000,1.36956457,1.64347748,1.36956457,1.36956457,3555881,tradingview_cselk_fallback,-0.11764705351787519,-0.12516313694093126,0.19999999707936364,1560072.9,2.279304383788732
2014-08-05,BIL.N0000,1.27826026,1.36956457,1.27826026,1.27826026,2937656,tradingview_cselk_fallback,-0.06666667056084852,-0.06899287565928916,0.07142857589893327,1699448.7,1.7285935138848263
2014-08-06,BIL.N0000,1.27826026,1.36956457,1.18695596,1.27826026,3994615,tradingview_cselk_fallback,0.0,0.0,0.14285714397473342,1880427.05,2.1243126661042235
2014-08-07,BIL.N0000,1.27826026,1.36956457,1.18695596,1.27826026,6475855,tradingview_cselk_fallback,0.0,0.0,0.14285714397473342,2087096.85,3.102805219604447
2014-08-08,BIL.N0000,1.27826026,1.36956457,1.27826026,1.27826026,6480486,tradingview_cselk_fallback,0.0,0.0,0.07142857589893327,2324395.15,2.7880311142449252
2014-08-11,BIL.N0000,1.27826026,1.36956457,1.27826026,1.27826026,3926413,tradingview_cselk_fallback,0.0,0.0,0.07142857589893327,2476620.4,1.5853915279063358
2014-08-12,BIL.N0000,1.27826026,1.36956457,1.27826026,1.27826026,312533,tradingview_cselk_fallback,0.0,0.0,0.07142857589893327,2418059.05,0.12924953176805173
2014-08-13,BIL.N0000,1.27826026,1.36956457,1.27826026,1.27826026,5689260,tradingview_cselk_fallback,0.0,0.0,0.07142857589893327,2671184.55,2.1298640709792966
2014-08-14,BIL.N0000,1.27826026,1.36956457,1.27826026,1.27826026,1872057,tradingview_cselk_fallback,0.0,0.0,0.07142857589893327,2731646.85,0.6853217501376505
2014-08-15,BIL.N0000,1.27826026,1.36956457,1.27826026,1.27826026,639577,tradingview_cselk_fallback,0.0,0.0,0.07142857589893327,2750608.45,0.2325220079942676
2014-08-18,BIL.N0000,1.27826026,1.36956457,1.27826026,1.27826026,466932,tradingview_cselk_fallback,0.0,0.0,0.07142857589893327,2747621.3,0.16994044994483049
2014-08-19,BIL.N0000,1.36956457,1.36956457,1.27826026,1.36956457,373417,tradingview_cselk_fallback,0.07142857589893326,0.06899287565928915,0.06666667056084852,2757453.75,0.13542094767681961
2014-08-20,BIL.N0000,1.36956457,1.36956457,1.27826026,1.36956457,3383287,tradingview_cselk_fallback,0.0,0.0,0.06666667056084852,2919317.9,1.1589306529446486
2014-08-21,BIL.N0000,1.36956457,1.46086887,1.27826026,1.36956457,2986625,tradingview_cselk_fallback,0.0,0.0,0.13333333382010618,3048991.6,0.9795451715905023
2014-08-22,BIL.N0000,1.55217317,1.64347748,1.36956457,1.55217317,4374875,tradingview_cselk_fallback,0.13333332651851526,0.12516313694093123,0.17647058671939286,3117166.6,1.403478081665574
2014-08-25,BIL.N0000,1.46086887,1.64347748,1.46086887,1.46086887,5385558,tradingview_cselk_fallback,-0.05882352675893765,-0.0606246189978061,0.12500000085565513,3381055.7,1.5928628445843112
2014-08-26,BIL.N0000,1.55217317,1.64347748,1.55217317,1.55217317,9629424,tradingview_cselk_fallback,0.06249999700520692,0.06062461899780606,0.058823533201517675,3849761.15,2.5013042692271963
2014-08-27,BIL.N0000,1.46086887,1.64347748,1.46086887,1.46086887,2616677,tradingview_cselk_fallback,-0.05882352675893765,-0.0606246189978061,0.12500000085565513,3974014.3,0.6584468002543423
2014-08-28,BIL.N0000,1.46086887,1.55217317,1.46086887,1.46086887,399917,tradingview_cselk_fallback,0.0,0.0,0.062499997005206906,3757145.95,0.1064416994500839
2014-08-29,BIL.N0000,1.55217317,1.64347748,1.46086887,1.55217317,6901767,tradingview_cselk_fallback,0.06249999700520692,0.06062461899780606,0.11764705996045527,3620140.6,1.906491421907757
2014-09-01,BIL.N0000,1.55217317,1.64347748,1.55217317,1.55217317,808179,tradingview_cselk_fallback,0.0,0.0,0.058823533201517675,3482755.5,0.23205160396703128
2014-09-02,BIL.N0000,1.55217317,1.55217317,1.46086887,1.55217317,550369,tradingview_cselk_fallback,0.0,0.0,0.0588235267589376,3363391.15,0.16363514543944732
2014-09-03,BIL.N0000,1.46086887,1.55217317,1.46086887,1.46086887,457523,tradingview_cselk_fallback,-0.05882352675893765,-0.0606246189978061,0.062499997005206906,3186536.55,0.14358002578065518
2014-09-04,BIL.N0000,1.46086887,1.55217317,1.46086887,1.46086887,1217645,tradingview_cselk_fallback,0.0,0.0,0.062499997005206906,2923626.05,0.4164845227042631
2014-09-05,BIL.N0000,1.46086887,1.55217317,1.46086887,1.46086887,1853586,tradingview_cselk_fallback,0.0,0.0,0.062499997005206906,2692281.05,0.6884816130173335
2014-09-09,BIL.N0000,1.46086887,1.55217317,1.46086887,1.46086887,873858,tradingview_cselk_fallback,0.0,0.0,0.062499997005206906,2539653.3,0.3440855489999364
2014-09-10,BIL.N0000,1.55217317,1.55217317,1.46086887,1.55217317,2976815,tradingview_cselk_fallback,0.06249999700520692,0.06062461899780606,0.0588235267589376,2672867.4,1.1137159291927463
2014-09-11,BIL.N0000,1.46086887,1.55217317,1.46086887,1.46086887,1502541,tradingview_cselk_fallback,-0.05882352675893765,-0.0606246189978061,0.062499997005206906,2463531.45,0.6099134638609951
2014-09-12,BIL.N0000,1.55217317,1.64347748,1.46086887,1.55217317,6649060,tradingview_cselk_fallback,0.06249999700520692,0.06062461899780606,0.11764705996045527,2702381.6,2.4604445204925907
2014-09-15,BIL.N0000,1.64347748,1.73478178,1.46086887,1.64347748,3444988,tradingview_cselk_fallback,0.058823533201517675,0.057158417419159745,0.16666666463844698,2842652.15,1.2118922112928943
2014-09-16,BIL.N0000,1.55217317,1.73478178,1.55217317,1.55217317,2256604,tradingview_cselk_fallback,-0.05555555893592157,-0.05715841741915969,0.11764705996045527,2932135.75,0.7696110250011446
2014-09-17,BIL.N0000,1.55217317,1.64347748,1.46086887,1.55217317,3681492,tradingview_cselk_fallback,0.0,0.0,0.11764705996045527,3097539.5,1.1885214054574607
2014-09-18,BIL.N0000,1.55217317,1.64347748,1.55217317,1.55217317,5590385,tradingview_cselk_fallback,0.0,0.0,0.058823533201517675,3207894.4,1.7426960812675132
2014-09-19,BIL.N0000,1.64347748,1.64347748,1.55217317,1.64347748,2752434,tradingview_cselk_fallback,0.058823533201517675,0.057158417419159745,0.055555558935921616,3196184.85,0.861162332335065
2014-09-22,BIL.N0000,1.64347748,1.64347748,1.55217317,1.64347748,3136820,tradingview_cselk_fallback,0.0,0.0,0.055555558935921616,3134282.1,1.0008097229027342
2014-09-23,BIL.N0000,1.64347748,1.64347748,1.55217317,1.64347748,1835494,tradingview_cselk_fallback,0.0,0.0,0.055555558935921616,2956778.9,0.6207748573963376
2014-09-24,BIL.N0000,1.64347748,1.64347748,1.55217317,1.64347748,10495030,tradingview_cselk_fallback,0.0,0.0,0.055555558935921616,3000059.2,3.4982743007204657
2014-09-25,BIL.N0000,1.73478178,1.82608609,1.55217317,1.73478178,2199091,tradingview_cselk_fallback,0.05555555285126257,0.054067218708313984,0.15789474108956797,2979179.9,0.7381531407351399
2014-09-26,BIL.N0000,1.82608609,1.82608609,1.73478178,1.82608609,3856798,tradingview_cselk_fallback,0.05263158228466058,0.05129329755797808,0.05000000301190616,3152023.95,1.2235941290991776
2014-09-29,BIL.N0000,1.73478178,1.82608609,1.73478178,1.73478178,4388626,tradingview_cselk_fallback,-0.05000000301190621,-0.05129329755797813,0.052631582284660576,3026366.9,1.4501301874534778
2014-09-30,BIL.N0000,1.73478178,1.82608609,1.73478178,1.73478178,1308369,tradingview_cselk_fallback,0.0,0.0,0.052631582284660576,3051376.4,0.4287799433724401
2014-10-01,BIL.N0000,1.82608609,1.91739039,1.73478178,1.82608609,2225299,tradingview_cselk_fallback,0.05263158228466058,0.05129329755797808,0.10000000054761927,3135122.9,0.7097964165934293
2014-10-02,BIL.N0000,1.82608609,1.91739039,1.73478178,1.82608609,1779715,tradingview_cselk_fallback,0.0,0.0,0.10000000054761927,3201232.5,0.5559468111110331
2014-10-03,BIL.N0000,1.82608609,1.91739039,1.73478178,1.82608609,10343122,tradingview_cselk_fallback,0.0,0.0,0.10000000054761927,3657506.35,2.8279163479784524
2014-10-07,BIL.N0000,1.82608609,1.91739039,1.73478178,1.82608609,6311374,tradingview_cselk_fallback,0.0,0.0,0.10000000054761927,3880395.75,1.6264768870546258
2014-10-09,BIL.N0000,1.82608609,1.91739039,1.73478178,1.82608609,3285409,tradingview_cselk_fallback,0.0,0.0,0.10000000054761927,4000973.3,0.8211524430817871
2014-10-10,BIL.N0000,1.82608609,1.91739039,1.73478178,1.82608609,7792461,tradingview_cselk_fallback,0.0,0.0,0.10000000054761927,4241755.6,1.8370839187434562
2014-10-13,BIL.N0000,1.64347748,1.82608609,1.64347748,1.64347748,3138664,tradingview_cselk_fallback,-0.10000000054761926,-0.10536051626629214,0.1111111117871843,4323561.75,0.7259440668333232
2014-10-14,BIL.N0000,1.73478178,1.82608609,1.64347748,1.73478178,5849474,tradingview_cselk_fallback,0.05555555285126257,0.054067218708313984,0.1052631588049074,4283582.45,1.3655565331770374
2014-10-15,BIL.N0000,1.73478178,1.82608609,1.64347748,1.73478178,3861060,tradingview_cselk_fallback,0.0,0.0,0.1052631588049074,4304386.05,0.8970059737090729
2014-10-16,BIL.N0000,1.73478178,1.73478178,1.64347748,1.73478178,1806157,tradingview_cselk_fallback,0.0,0.0,0.05263157652024683,4281863.7,0.42181562201524536
2014-10-17,BIL.N0000,1.64347748,1.73478178,1.64347748,1.64347748,68869,tradingview_cselk_fallback,-0.05263157652024686,-0.05406721870831412,0.05555555285126268,4101232.55,0.016792268948514027
2014-10-20,BIL.N0000,1.64347748,1.73478178,1.55217317,1.64347748,5078876,tradingview_cselk_fallback,0.0,0.0,0.1111111117871843,4075657.1,1.2461489952135572
2014-10-21,BIL.N0000,1.64347748,1.73478178,1.64347748,1.64347748,589304,tradingview_cselk_fallback,0.0,0.0,0.05555555285126268,3967500.6,0.1485328067751269
2014-10-23,BIL.N0000,1.64347748,1.73478178,1.55217317,1.64347748,3143744,tradingview_cselk_fallback,0.0,0.0,0.1111111117871843,3967846.8,0.792304783541542
2014-10-24,BIL.N0000,1.64347748,1.73478178,1.64347748,1.64347748,49838,tradingview_cselk_fallback,0.0,0.0,0.05555555285126268,3878564.0,0.012849601037909907
2014-10-27,BIL.N0000,1.64347748,1.73478178,1.64347748,1.64347748,1561622,tradingview_cselk_fallback,0.0,0.0,0.05555555285126268,3431893.6,0.45503217232608845
2014-10-28,BIL.N0000,1.73478178,1.82608609,1.64347748,1.73478178,1539353,tradingview_cselk_fallback,0.05555555285126257,0.054067218708313984,0.1052631588049074,3398906.7,0.452896515223557
2014-10-29,BIL.N0000,1.73478178,1.82608609,1.73478178,1.73478178,266584,tradingview_cselk_fallback,0.0,0.0,0.052631582284660576,3219396.0,0.08280559458979261
2014-10-30,BIL.N0000,1.73478178,1.82608609,1.64347748,1.73478178,1971857,tradingview_cselk_fallback,0.0,0.0,0.1052631588049074,3098557.55,0.6363790144869184
2014-10-31,BIL.N0000,1.73478178,1.82608609,1.73478178,1.73478178,10357766,tradingview_cselk_fallback,0.0,0.0,0.052631582284660576,3551027.4,2.916836406274984
2014-11-03,BIL.N0000,1.73478178,1.73478178,1.64347748,1.73478178,3350160,tradingview_cselk_fallback,0.0,0.0,0.05263157652024683,3607270.45,0.9287243766266541
2014-11-04,BIL.N0000,1.73478178,1.73478178,1.73478178,1.73478178,2180716,tradingview_cselk_fallback,0.0,0.0,0.0,3627320.5,0.6011919817948262
2014-11-05,BIL.N0000,1.73478178,1.73478178,1.64347748,1.73478178,3311021,tradingview_cselk_fallback,0.0,0.0,0.05263157652024683,3275715.45,1.010777966077609
2014-11-07,BIL.N0000,1.73478178,1.82608609,1.73478178,1.73478178,988812,tradingview_cselk_fallback,0.0,0.0,0.052631582284660576,3009587.35,0.3285540125625528
2014-11-10,BIL.N0000,1.73478178,1.82608609,1.64347748,1.73478178,453999,tradingview_cselk_fallback,0.0,0.0,0.1052631588049074,2868016.85,0.15829718713124016
2014-11-11,BIL.N0000,1.73478178,1.82608609,1.64347748,1.73478178,448161,tradingview_cselk_fallback,0.0,0.0,0.1052631588049074,2500801.85,0.17920692117210324
2014-11-12,BIL.N0000,1.73478178,1.73478178,1.64347748,1.73478178,199721,tradingview_cselk_fallback,0.0,0.0,0.05263157652024683,2353854.7,0.0848484827886785
2014-11-13,BIL.N0000,1.73478178,1.73478178,1.64347748,1.73478178,724009,tradingview_cselk_fallback,0.0,0.0,0.05263157652024683,2097581.45,0.34516371223629955
2014-11-14,BIL.N0000,1.64347748,1.73478178,1.64347748,1.64347748,141319,tradingview_cselk_fallback,-0.05263157652024686,-0.05406721870831412,0.05555555285126268,1911594.4,0.07392729336306908
2014-11-17,BIL.N0000,1.64347748,1.73478178,1.64347748,1.64347748,408994,tradingview_cselk_fallback,0.0,0.0,0.05555555285126268,1841736.25,0.22206979962521778
2014-11-18,BIL.N0000,1.73478178,1.82608609,1.64347748,1.73478178,8483976,tradingview_cselk_fallback,0.05555555285126257,0.054067218708313984,0.1052631588049074,2262491.6,3.7498375684577128
2014-11-19,BIL.N0000,1.73478178,1.82608609,1.73478178,1.73478178,1638647,tradingview_cselk_fallback,0.0,0.0,0.052631582284660576,2090480.15,0.7838615449182811
2014-11-20,BIL.N0000,1.73478178,1.82608609,1.64347748,1.73478178,1796441,tradingview_cselk_fallback,0.0,0.0,0.1052631588049074,2150837.0,0.835228796975317
2014-11-21,BIL.N0000,1.64347748,1.82608609,1.64347748,1.64347748,909958,tradingview_cselk_fallback,-0.05263157652024686,-0.05406721870831412,0.1111111117871843,2039147.7,0.4462442813730462
2014-11-24,BIL.N0000,1.64347748,1.64347748,1.55217317,1.64347748,1314621,tradingview_cselk_fallback,0.0,0.0,0.055555558935921616,2102386.85,0.6252992878070941
2014-11-25,BIL.N0000,1.55217317,1.64347748,1.55217317,1.55217317,579956,tradingview_cselk_fallback,-0.05555555893592157,-0.05715841741915969,0.058823533201517675,2053303.55,0.28245020079958466
2014-11-26,BIL.N0000,1.55217317,1.64347748,1.55217317,1.55217317,3422545,tradingview_cselk_fallback,0.0,0.0,0.058823533201517675,2147463.15,1.593761923225551
2014-11-27,BIL.N0000,1.55217317,1.64347748,1.55217317,1.55217317,1796183,tradingview_cselk_fallback,0.0,0.0,0.058823533201517675,2223943.1,0.8076569045314154
2014-11-28,BIL.N0000,1.64347748,1.64347748,1.55217317,1.64347748,1104452,tradingview_cselk_fallback,0.058823533201517675,0.057158417419159745,0.055555558935921616,2180572.85,0.5064962631264532
2014-12-01,BIL.N0000,1.64347748,1.64347748,1.55217317,1.64347748,5312043,tradingview_cselk_fallback,0.0,0.0,0.055555558935921616,1928286.7,2.754799377084331
2014-12-02,BIL.N0000,1.64347748,1.73478178,1.64347748,1.64347748,749303,tradingview_cselk_fallback,0.0,0.0,0.05555555285126268,1798243.85,0.4166859794904901
2014-12-03,BIL.N0000,1.73478178,1.73478178,1.64347748,1.73478178,304736,tradingview_cselk_fallback,0.05555555285126257,0.054067218708313984,0.05263157652024683,1704444.85,0.17878900569883502
2014-12-04,BIL.N0000,1.64347748,1.64347748,1.64347748,1.64347748,340040,tradingview_cselk_fallback,-0.05263157652024686,-0.05406721870831412,0.0,1555895.8,0.21854933987224592
2014-12-05,BIL.N0000,1.64347748,1.73478178,1.64347748,1.64347748,1526840,tradingview_cselk_fallback,0.0,0.0,0.05555555285126268,1582797.2,0.964646639506312
2014-12-08,BIL.N0000,1.64347748,1.73478178,1.64347748,1.64347748,827071,tradingview_cselk_fallback,0.0,0.0,0.05555555285126268,1601450.8,0.5164510829805075
2014-12-09,BIL.N0000,1.64347748,1.73478178,1.55217317,1.64347748,146523,tradingview_cselk_fallback,0.0,0.0,0.1111111117871843,1586368.9,0.09236376230018126
2014-12-10,BIL.N0000,1.64347748,1.73478178,1.55217317,1.64347748,212749,tradingview_cselk_fallback,0.0,0.0,0.1111111117871843,1587020.3,0.13405562613156238
2014-12-11,BIL.N0000,1.64347748,1.73478178,1.64347748,1.64347748,562143,tradingview_cselk_fallback,0.0,0.0,0.05555555285126268,1578927.0,0.3560284927675567
2014-12-12,BIL.N0000,1.64347748,1.73478178,1.64347748,1.64347748,417835,tradingview_cselk_fallback,0.0,0.0,0.05555555285126268,1592752.8,0.2623351219348037
2014-12-15,BIL.N0000,1.64347748,1.73478178,1.64347748,1.64347748,1241124,tradingview_cselk_fallback,0.0,0.0,0.05555555285126268,1634359.3,0.7593948282975476
2014-12-16,BIL.N0000,1.64347748,1.73478178,1.64347748,1.64347748,3167893,tradingview_cselk_fallback,0.0,0.0,0.05555555285126268,1368555.15,2.314771896477829
2014-12-17,BIL.N0000,1.64347748,1.73478178,1.64347748,1.64347748,129797,tradingview_cselk_fallback,0.0,0.0,0.05555555285126268,1293112.65,0.10037563239366656
2014-12-18,BIL.N0000,1.64347748,1.73478178,1.64347748,1.64347748,535048,tradingview_cselk_fallback,0.0,0.0,0.05555555285126268,1230043.0,0.4349831672551285
2014-12-19,BIL.N0000,1.73478178,1.82608609,1.64347748,1.73478178,5933306,tradingview_cselk_fallback,0.05555555285126257,0.054067218708313984,0.1052631588049074,1481210.4,4.005714515642072
2014-12-22,BIL.N0000,1.73478178,1.82608609,1.64347748,1.73478178,3520595,tradingview_cselk_fallback,0.0,0.0,0.1052631588049074,1591509.1,2.2121111340173925
2014-12-23,BIL.N0000,1.73478178,1.73478178,1.73478178,1.73478178,1113605,tradingview_cselk_fallback,0.0,0.0,0.0,1618191.55,0.6881787264307492
2014-12-24,BIL.N0000,1.73478178,1.82608609,1.64347748,1.73478178,3777949,tradingview_cselk_fallback,0.0,0.0,0.1052631588049074,1635961.75,2.309313772158793
2014-12-26,BIL.N0000,1.73478178,1.73478178,1.64347748,1.73478178,374218,tradingview_cselk_fallback,0.0,0.0,0.05263157652024683,1564863.5,0.23913779061240806
2014-12-29,BIL.N0000,1.73478178,1.82608609,1.64347748,1.73478178,2205720,tradingview_cselk_fallback,0.0,0.0,0.1052631588049074,1619926.9,1.3616169964212583
2014-12-30,BIL.N0000,1.73478178,1.82608609,1.73478178,1.73478178,587317,tradingview_cselk_fallback,0.0,0.0,0.052631582284660576,1383690.6,0.424456883641473
2014-12-31,BIL.N0000,1.73478178,1.82608609,1.73478178,1.73478178,841335,tradingview_cselk_fallback,0.0,0.0,0.052631582284660576,1388292.2,0.6060215565570418
2015-01-02,BIL.N0000,1.82608609,1.82608609,1.73478178,1.82608609,1151990,tradingview_cselk_fallback,0.05263158228466058,0.05129329755797808,0.05000000301190616,1430654.9,0.8052186449716141
2015-01-06,BIL.N0000,1.82608609,1.82608609,1.73478178,1.82608609,754060,tradingview_cselk_fallback,0.0,0.0,0.05000000301190616,1451355.9,0.5195555411322612
2015-01-07,BIL.N0000,1.73478178,1.82608609,1.73478178,1.73478178,51579,tradingview_cselk_fallback,-0.05000000301190621,-0.05129329755797813,0.052631582284660576,1377592.85,0.03744139641839749
2015-01-08,BIL.N0000,1.82608609,1.82608609,1.73478178,1.82608609,470846,tradingview_cselk_fallback,0.05263158228466058,0.05129329755797808,0.05000000301190616,1359781.6,0.34626590034752636
2015-01-09,BIL.N0000,1.82608609,1.82608609,1.73478178,1.82608609,2946724,tradingview_cselk_fallback,0.0,0.0,0.05000000301190616,1499791.65,1.9647555712155087
2015-01-12,BIL.N0000,1.73478178,1.82608609,1.73478178,1.73478178,2409300,tradingview_cselk_fallback,-0.05000000301190621,-0.05129329755797813,0.052631582284660576,1609619.2,1.4968136562983345
2015-01-13,BIL.N0000,1.73478178,1.82608609,1.64347748,1.73478178,1067232,tradingview_cselk_fallback,0.0,0.0,0.1052631588049074,1634873.65,0.652791731030713
2015-01-16,BIL.N0000,1.73478178,1.73478178,1.64347748,1.73478178,309497,tradingview_cselk_fallback,0.0,0.0,0.05263157652024683,1629456.75,0.18993876333323975
2015-01-19,BIL.N0000,1.64347748,1.73478178,1.64347748,1.64347748,4791398,tradingview_cselk_fallback,-0.05263157652024686,-0.05406721870831412,0.05555555285126268,1806970.45,2.651619455094022
2015-01-20,BIL.N0000,1.64347748,1.73478178,1.55217317,1.64347748,2036671,tradingview_cselk_fallback,0.0,0.0,0.1111111117871843,1750409.35,1.1635398314114351
2015-01-21,BIL.N0000,1.64347748,1.73478178,1.64347748,1.64347748,1407492,tradingview_cselk_fallback,0.0,0.0,0.05555555285126268,1814294.1,0.7757794064369167
2015-01-22,BIL.N0000,1.55217317,1.64347748,1.55217317,1.55217317,6430340,tradingview_cselk_fallback,-0.05555555893592157,-0.05715841741915969,0.058823533201517675,2109058.7,3.0489146651062864
2015-01-23,BIL.N0000,1.64347748,1.73478178,1.55217317,1.64347748,2848614,tradingview_cselk_fallback,0.058823533201517675,0.057158417419159745,0.1111111117871843,1954824.1,1.4572226728737383
2015-01-26,BIL.N0000,1.55217317,1.64347748,1.55217317,1.64347748,73644,tradingview_cselk_fallback,0.0,0.0,0.055555558935921616,1782476.55,0.041315550546794005
2015-01-27,BIL.N0000,1.64347748,1.73478178,1.64347748,1.64347748,242719,tradingview_cselk_fallback,0.0,0.0,0.05555555285126268,1738932.25,0.1395793309371311
2015-01-28,BIL.N0000,1.64347748,1.73478178,1.64347748,1.73478178,699066,tradingview_cselk_fallback,0.05555555285126257,0.054067218708313984,0.05263157652024683,1584988.1,0.44105441548740965
2015-01-29,BIL.N0000,1.64347748,1.73478178,1.64347748,1.64347748,900227,tradingview_cselk_fallback,-0.05263157652024686,-0.05406721870831412,0.05555555285126268,1611288.55,0.5587000540654248
2015-01-30,BIL.N0000,1.64347748,1.64347748,1.55217317,1.64347748,218336,tradingview_cselk_fallback,0.0,0.0,0.055555558935921616,1511919.35,0.14440981921423254
2015-02-02,BIL.N0000,1.55217317,1.64347748,1.46086887,1.55217317,2664411,tradingview_cselk_fallback,-0.05555555893592157,-0.05715841741915969,0.11764705996045527,1615774.05,1.648999747210942
2015-02-05,BIL.N0000,1.55217317,1.64347748,1.55217317,1.64347748,1550181,tradingview_cselk_fallback,0.058823533201517675,0.057158417419159745,0.055555558935921616,1651216.35,0.938811561549763
2015-02-06,BIL.N0000,1.64347748,1.64347748,1.55217317,1.64347748,1454132,tradingview_cselk_fallback,0.0,0.0,0.055555558935921616,1666323.45,0.8726589066486462
2015-02-09,BIL.N0000,1.64347748,1.64347748,1.55217317,1.64347748,113960,tradingview_cselk_fallback,0.0,0.0,0.055555558935921616,1634318.45,0.06972937250999033
2015-02-10,BIL.N0000,1.64347748,1.73478178,1.55217317,1.73478178,2443712,tradingview_cselk_fallback,0.05555555285126257,0.054067218708313984,0.1052631588049074,1753925.1,1.3932818453878104
2015-02-11,BIL.N0000,1.64347748,1.73478178,1.55217317,1.73478178,292767,tradingview_cselk_fallback,0.0,0.0,0.1052631588049074,1745021.15,0.1677727516368498
2015-02-12,BIL.N0000,1.64347748,1.64347748,1.55217317,1.55217317,59343,tradingview_cselk_fallback,-0.10526315880490744,-0.11122563612747387,0.058823533201517675,1600652.1,0.03707426491990358
2015-02-13,BIL.N0000,1.64347748,1.64347748,1.55217317,1.64347748,70237,tradingview_cselk_fallback,0.058823533201517675,0.057158417419159745,0.055555558935921616,1483698.95,0.0473391182220625
2015-02-16,BIL.N0000,1.64347748,1.64347748,1.55217317,1.64347748,364959,tradingview_cselk_fallback,0.0,0.0,0.055555558935921616,1448585.3,0.25194167026270387
2015-02-18,BIL.N0000,1.64347748,1.64347748,1.55217317,1.55217317,2985,tradingview_cselk_fallback,-0.05555555893592157,-0.05715841741915969,0.058823533201517675,1433259.7,0.002082665130401699
2015-02-19,BIL.N0000,1.55217317,1.64347748,1.55217317,1.64347748,80416,tradingview_cselk_fallback,0.058823533201517675,0.057158417419159745,0.055555558935921616,1197710.6,0.06714142798769586
2015-02-20,BIL.N0000,1.64347748,1.64347748,1.55217317,1.64347748,255113,tradingview_cselk_fallback,0.0,0.0,0.055555558935921616,1108632.7,0.23011498758786386
2015-02-23,BIL.N0000,1.55217317,1.64347748,1.55217317,1.55217317,648894,tradingview_cselk_fallback,-0.05555555893592157,-0.05715841741915969,0.058823533201517675,1070702.8,0.6060449267527833
2015-02-24,BIL.N0000,1.64347748,1.64347748,1.55217317,1.55217317,699047,tradingview_cselk_fallback,0.0,0.0,0.058823533201517675,784138.15,0.8914844916039348
2015-02-25,BIL.N0000,1.55217317,1.64347748,1.55217317,1.55217317,291935,tradingview_cselk_fallback,0.0,0.0,0.058823533201517675,656304.2,0.4448165957188755
2015-02-26,BIL.N0000,1.55217317,1.64347748,1.55217317,1.64347748,236807,tradingview_cselk_fallback,0.058823533201517675,0.057158417419159745,0.055555558935921616,664462.35,0.3563888909582311
2015-02-27,BIL.N0000,1.55217317,1.64347748,1.55217317,1.64347748,222156,tradingview_cselk_fallback,0.0,0.0,0.055555558935921616,663434.2,0.33485762416227566
2015-03-02,BIL.N0000,1.64347748,1.64347748,1.55217317,1.55217317,1173408,tradingview_cselk_fallback,-0.05555555893592157,-0.05715841741915969,0.058823533201517675,687151.3,1.7076413884394892
2015-03-03,BIL.N0000,1.55217317,1.64347748,1.55217317,1.55217317,458484,tradingview_cselk_fallback,0.0,0.0,0.058823533201517675,665064.15,0.6893831219138785
2015-03-06,BIL.N0000,1.55217317,1.55217317,1.55217317,1.55217317,533655,tradingview_cselk_fallback,0.0,0.0,0.0,680830.1,0.7838299158630031
2015-03-09,BIL.N0000,1.55217317,1.64347748,1.55217317,1.55217317,351580,tradingview_cselk_fallback,0.0,0.0,0.058823533201517675,565188.55,0.6220578955465392
2015-03-11,BIL.N0000,1.64347748,1.64347748,1.46086887,1.55217317,113012,tradingview_cselk_fallback,0.0,0.0,0.11764705996045527,493330.1,0.22907987978029318
2015-03-12,BIL.N0000,1.55217317,1.55217317,1.46086887,1.55217317,3108209,tradingview_cselk_fallback,0.0,0.0,0.0588235267589376,576033.95,5.395878142251859
2015-03-13,BIL.N0000,1.55217317,1.64347748,1.55217317,1.55217317,432198,tradingview_cselk_fallback,0.0,0.0,0.058823533201517675,591945.85,0.7301309739733796
2015-03-16,BIL.N0000,1.64347748,1.64347748,1.46086887,1.55217317,7248520,tradingview_cselk_fallback,0.0,0.0,0.11764705996045527,832186.25,8.710213609032834
2015-03-17,BIL.N0000,1.55217317,1.64347748,1.55217317,1.55217317,4206778,tradingview_cselk_fallback,0.0,0.0,0.058823533201517675,1027886.8,4.092647166983757
2015-03-18,BIL.N0000,1.55217317,1.64347748,1.55217317,1.55217317,110630,tradingview_cselk_fallback,0.0,0.0,0.058823533201517675,1030451.15,0.10736074194298294
2015-03-19,BIL.N0000,1.64347748,1.64347748,1.46086887,1.55217317,620016,tradingview_cselk_fallback,0.0,0.0,0.11764705996045527,1057940.1,0.5860596455319161
2015-03-20,BIL.N0000,1.46086887,1.55217317,1.46086887,1.55217317,30787,tradingview_cselk_fallback,0.0,0.0,0.0588235267589376,1041231.5,0.02956787227432132
2015-03-23,BIL.N0000,1.55217317,1.55217317,1.46086887,1.46086887,456057,tradingview_cselk_fallback,-0.05882352675893765,-0.0606246189978061,0.062499997005206906,1063885.1,0.4286712916648611
2015-03-24,BIL.N0000,1.55217317,1.55217317,1.46086887,1.46086887,50710,tradingview_cselk_fallback,0.0,0.0,0.062499997005206906,1062399.8,0.04773156019042925
2015-03-25,BIL.N0000,1.46086887,1.55217317,1.46086887,1.46086887,1677681,tradingview_cselk_fallback,0.0,0.0,0.062499997005206906,1133528.2,1.4800522827751441
2015-03-26,BIL.N0000,1.46086887,1.55217317,1.46086887,1.55217317,1097889,tradingview_cselk_fallback,0.06249999700520692,0.06062461899780606,0.0588235267589376,1155977.95,0.9497490847468155
2015-03-27,BIL.N0000,1.55217317,1.55217317,1.46086887,1.55217317,555091,tradingview_cselk_fallback,0.0,0.0,0.0588235267589376,1148780.15,0.48320037563323154
2015-03-30,BIL.N0000,1.46086887,1.55217317,1.36956457,1.46086887,1551201,tradingview_cselk_fallback,-0.05882352675893765,-0.0606246189978061,0.12499999401041381,1211743.45,1.2801397853646332
2015-03-31,BIL.N0000,1.46086887,1.55217317,1.46086887,1.46086887,901173,tradingview_cselk_fallback,0.0,0.0,0.062499997005206906,1244961.75,0.7238559738883544
2015-04-01,BIL.N0000,1.46086887,1.55217317,1.46086887,1.55217317,3331716,tradingview_cselk_fallback,0.06249999700520692,0.06062461899780606,0.0588235267589376,1400439.75,2.3790498663009245
2015-04-02,BIL.N0000,1.55217317,1.64347748,1.55217317,1.55217317,501097,tradingview_cselk_fallback,0.0,0.0,0.058823533201517675,1366824.2,0.3666140824840532
2015-04-06,BIL.N0000,1.55217317,1.64347748,1.46086887,1.55217317,2303443,tradingview_cselk_fallback,0.0,0.0,0.11764705996045527,1459072.15,1.5787039729323873
2015-04-07,BIL.N0000,1.55217317,1.64347748,1.46086887,1.64347748,1485694,tradingview_cselk_fallback,0.058823533201517675,0.057158417419159745,0.1111111117871843,1506674.1,0.9860752235669279
2015-04-08,BIL.N0000,1.55217317,1.64347748,1.55217317,1.55217317,69444,tradingview_cselk_fallback,-0.05555555893592157,-0.05715841741915969,0.058823533201517675,1492567.3,0.04652654523517968
2015-04-09,BIL.N0000,1.55217317,1.55217317,1.55217317,1.55217317,159203,tradingview_cselk_fallback,0.0,0.0,0.0,1494876.85,0.10649907382002738
2015-04-10,BIL.N0000,1.55217317,1.64347748,1.55217317,1.55217317,3346,tradingview_cselk_fallback,0.0,0.0,0.058823533201517675,1339633.7,0.0024976976915406057
2015-04-15,BIL.N0000,1.55217317,1.64347748,1.55217317,1.55217317,4493,tradingview_cselk_fallback,0.0,0.0,0.058823533201517675,1318248.45,0.003408310474402606
2015-04-16,BIL.N0000,1.55217317,1.64347748,1.55217317,1.55217317,40764,tradingview_cselk_fallback,0.0,0.0,0.058823533201517675,957860.65,0.04255733858573269
2015-04-17,BIL.N0000,1.64347748,1.64347748,1.64347748,1.64347748,438,tradingview_cselk_fallback,0.058823533201517675,0.057158417419159745,0.0,747543.65,0.0005859189627254542
2015-04-20,BIL.N0000,1.55217317,1.64347748,1.55217317,1.55217317,109147,tradingview_cselk_fallback,-0.05555555893592157,-0.05715841741915969,0.058823533201517675,747469.5,0.14602201160047332
2015-04-21,BIL.N0000,1.55217317,1.55217317,1.55217317,1.55217317,59143,tradingview_cselk_fallback,0.0,0.0,0.0,719425.85,0.08220861121406745
2015-04-22,BIL.N0000,1.55217317,1.64347748,1.46086887,1.55217317,1695691,tradingview_cselk_fallback,0.0,0.0,0.11764705996045527,802671.05,2.112560307239186
2015-04-23,BIL.N0000,1.55217317,1.64347748,1.55217317,1.64347748,33626,tradingview_cselk_fallback,0.058823533201517675,0.057158417419159745,0.055555558935921616,781549.5,0.04302478601803213
2015-04-24,BIL.N0000,1.55217317,1.64347748,1.55217317,1.64347748,48702,tradingview_cselk_fallback,0.0,0.0,0.055555558935921616,781449.1,0.06232267719036339
2015-04-27,BIL.N0000,1.55217317,1.64347748,1.55217317,1.55217317,6681,tradingview_cselk_fallback,-0.05555555893592157,-0.05715841741915969,0.058823533201517675,697899.1,0.009573017073671539
2015-04-29,BIL.N0000,1.55217317,1.64347748,1.55217317,1.55217317,2458652,tradingview_cselk_fallback,0.0,0.0,0.058823533201517675,765937.25,3.2099914190098473
2015-04-30,BIL.N0000,1.55217317,1.55217317,1.55217317,1.55217317,52758,tradingview_cselk_fallback,0.0,0.0,0.0,740820.6,0.0712156222437659
2015-05-05,BIL.N0000,1.55217317,1.64347748,1.55217317,1.55217317,109601,tradingview_cselk_fallback,0.0,0.0,0.058823533201517675,668740.6,0.16389164946767104
2015-05-06,BIL.N0000,1.64347748,1.64347748,1.55217317,1.55217317,549624,tradingview_cselk_fallback,0.0,0.0,0.058823533201517675,651163.15,0.8440649628284401
2015-05-07,BIL.N0000,1.55217317,1.64347748,1.55217317,1.64347748,17087,tradingview_cselk_fallback,0.058823533201517675,0.057158417419159745,0.055555558935921616,485431.7,0.035199596565284055
2015-05-08,BIL.N0000,1.55217317,1.64347748,1.55217317,1.55217317,75847,tradingview_cselk_fallback,-0.05555555893592157,-0.05715841741915969,0.058823533201517675,464169.2,0.16340377603684172
2015-05-12,BIL.N0000,1.55217317,1.55217317,1.55217317,1.55217317,572481,tradingview_cselk_fallback,0.0,0.0,0.0,377621.1,1.5160196291997456
2015-05-13,BIL.N0000,1.55217317,1.64347748,1.55217317,1.55217317,20043,tradingview_cselk_fallback,0.0,0.0,0.058823533201517675,304338.55,0.06585757867348714
2015-05-14,BIL.N0000,1.55217317,1.64347748,1.55217317,1.64347748,171569,tradingview_cselk_fallback,0.058823533201517675,0.057158417419159745,0.055555558935921616,309444.8,0.5544413737118866
2015-05-15,BIL.N0000,1.55217317,1.64347748,1.55217317,1.64347748,114245,tradingview_cselk_fallback,0.0,0.0,0.055555558935921616,307196.9,0.37189502888863785
2015-05-18,BIL.N0000,1.55217317,1.64347748,1.55217317,1.55217317,345111,tradingview_cselk_fallback,-0.05555555893592157,-0.05715841741915969,0.058823533201517675,324285.15,1.064220794569224
2015-05-19,BIL.N0000,1.55217317,1.55217317,1.46086887,1.46086887,433394,tradingview_cselk_fallback,-0.05882352675893765,-0.0606246189978061,0.062499997005206906,345730.2,1.2535613030044814
2015-05-20,BIL.N0000,1.55217317,1.55217317,1.46086887,1.55217317,439618,tradingview_cselk_fallback,0.06249999700520692,0.06062461899780606,0.0588235267589376,365672.9,1.2022165164550065
2015-05-21,BIL.N0000,1.46086887,1.64347748,1.46086887,1.55217317,1806818,tradingview_cselk_fallback,0.0,0.0,0.11764705996045527,455991.9,3.9623905600077545
2015-05-22,BIL.N0000,1.55217317,1.55217317,1.46086887,1.55217317,464479,tradingview_cselk_fallback,0.0,0.0,0.0588235267589376,473758.5,0.9804130163363823
2015-05-25,BIL.N0000,1.46086887,1.64347748,1.46086887,1.55217317,1591263,tradingview_cselk_fallback,0.0,0.0,0.11764705996045527,550364.5,2.891289318260898
2015-05-26,BIL.N0000,1.55217317,1.64347748,1.55217317,1.64347748,123214,tradingview_cselk_fallback,0.058823533201517675,0.057158417419159745,0.055555558935921616,471740.65,0.2611901263967818
2015-05-27,BIL.N0000,1.55217317,1.55217317,1.46086887,1.55217317,1640802,tradingview_cselk_fallback,-0.05555555893592157,-0.05715841741915969,0.0588235267589376,552099.45,2.9719319589976045
2015-05-28,BIL.N0000,1.55217317,1.55217317,1.46086887,1.46086887,641095,tradingview_cselk_fallback,-0.05882352675893765,-0.0606246189978061,0.062499997005206906,581719.1,1.1020697102776924
2015-05-29,BIL.N0000,1.46086887,1.55217317,1.46086887,1.46086887,381806,tradingview_cselk_fallback,0.0,0.0,0.062499997005206906,600475.35,0.6358395894186165
2015-06-01,BIL.N0000,1.64347748,1.64347748,1.55217317,1.55217317,2571510,tradingview_cselk_fallback,0.06249999700520692,0.06062461899780606,0.058823533201517675,606118.25,4.242587976851052
2015-06-03,BIL.N0000,1.46086887,1.55217317,1.46086887,1.46086887,35332,tradingview_cselk_fallback,-0.05882352675893765,-0.0606246189978061,0.062499997005206906,605246.95,0.0583761719080121
2015-06-04,BIL.N0000,1.46086887,1.55217317,1.46086887,1.46086887,102527,tradingview_cselk_fallback,0.0,0.0,0.062499997005206906,604893.25,0.169496022645318
2015-06-05,BIL.N0000,1.46086887,1.55217317,1.46086887,1.46086887,7886,tradingview_cselk_fallback,0.0,0.0,0.062499997005206906,577806.35,0.013648171225532569
2015-06-08,BIL.N0000,1.46086887,1.55217317,1.46086887,1.46086887,44171,tradingview_cselk_fallback,0.0,0.0,0.062499997005206906,579160.55,0.07626728029041342
2015-06-09,BIL.N0000,1.46086887,1.55217317,1.46086887,1.46086887,156569,tradingview_cselk_fallback,0.0,0.0,0.062499997005206906,583196.65,0.2684669056312309
2015-06-10,BIL.N0000,1.46086887,1.64347748,1.46086887,1.46086887,2154356,tradingview_cselk_fallback,0.0,0.0,0.12500000085565513,662290.4,3.2528872530841455
2015-06-11,BIL.N0000,1.46086887,1.55217317,1.46086887,1.46086887,5914,tradingview_cselk_fallback,0.0,0.0,0.062499997005206906,661583.95,0.008939152771163812
2015-06-12,BIL.N0000,1.46086887,1.55217317,1.46086887,1.46086887,65386,tradingview_cselk_fallback,0.0,0.0,0.062499997005206906,656274.8,0.09963204438140852
2015-06-15,BIL.N0000,1.55217317,1.55217317,1.46086887,1.46086887,15134,tradingview_cselk_fallback,0.0,0.0,0.062499997005206906,651319.25,0.023235916948562474
2015-06-16,BIL.N0000,1.46086887,1.55217317,1.46086887,1.46086887,116095,tradingview_cselk_fallback,0.0,0.0,0.062499997005206906,639868.45,0.18143573104753016
2015-06-17,BIL.N0000,1.46086887,1.46086887,1.46086887,1.46086887,3069898,tradingview_cselk_fallback,0.0,0.0,0.0,771693.65,3.9781304407519746
2015-06-18,BIL.N0000,1.46086887,1.46086887,1.36956457,1.46086887,249223,tradingview_cselk_fallback,0.0,0.0,0.062499997005206906,762173.9,0.3269896804390704
2015-06-19,BIL.N0000,1.46086887,1.55217317,1.36956457,1.46086887,913114,tradingview_cselk_fallback,0.0,0.0,0.12499999401041381,717488.7,1.2726527957861915
2015-06-22,BIL.N0000,1.46086887,1.46086887,1.46086887,1.46086887,470977,tradingview_cselk_fallback,0.0,0.0,0.0,717813.6,0.6561271617032611
2015-06-23,BIL.N0000,1.55217317,1.55217317,1.46086887,1.46086887,116932,tradingview_cselk_fallback,0.0,0.0,0.062499997005206906,644097.05,0.18154407010558424
2015-06-25,BIL.N0000,1.46086887,1.46086887,1.36956457,1.46086887,233051,tradingview_cselk_fallback,0.0,0.0,0.062499997005206906,649588.9,0.35876690626948826
2015-06-26,BIL.N0000,1.36956457,1.46086887,1.36956457,1.46086887,3176,tradingview_cselk_fallback,0.0,0.0,0.062499997005206906,567707.6,0.005594429244914108
2015-06-29,BIL.N0000,1.46086887,1.46086887,1.36956457,1.46086887,613455,tradingview_cselk_fallback,0.0,0.0,0.062499997005206906,566325.6,1.0832196178311557
2015-06-30,BIL.N0000,1.46086887,1.46086887,1.36956457,1.46086887,28593,tradingview_cselk_fallback,0.0,0.0,0.062499997005206906,548664.95,0.05211377180189841
2015-07-02,BIL.N0000,1.46086887,1.46086887,1.36956457,1.46086887,8784,tradingview_cselk_fallback,0.0,0.0,0.062499997005206906,420528.65,0.02088799419492584
2015-07-03,BIL.N0000,1.36956457,1.46086887,1.36956457,1.46086887,14129,tradingview_cselk_fallback,0.0,0.0,0.062499997005206906,419468.5,0.033683101353260136
2015-07-06,BIL.N0000,1.46086887,1.46086887,1.46086887,1.46086887,1312493,tradingview_cselk_fallback,0.0,0.0,0.0,479966.8,2.734549556344314
2015-07-07,BIL.N0000,1.55217317,1.55217317,1.46086887,1.46086887,289519,tradingview_cselk_fallback,0.0,0.0,0.062499997005206906,494048.45,0.5860133758136474
2015-07-09,BIL.N0000,1.46086887,1.46086887,1.36956457,1.36956457,146324,tradingview_cselk_fallback,-0.06249999700520692,-0.06453851794312522,0.06666666325925764,499156.1,0.29314276636106423
2015-07-10,BIL.N0000,1.36956457,1.46086887,1.36956457,1.46086887,388733,tradingview_cselk_fallback,0.06666666325925763,0.06453851794312519,0.062499997005206906,510764.3,0.7610809917607789
2015-07-13,BIL.N0000,1.46086887,1.46086887,1.36956457,1.46086887,26834,tradingview_cselk_fallback,0.0,0.0,0.062499997005206906,404388.2,0.06635703020018882
2015-07-15,BIL.N0000,1.46086887,1.46086887,1.46086887,1.46086887,44631,tradingview_cselk_fallback,0.0,0.0,0.0,406324.05,0.10984090161534864
2015-07-16,BIL.N0000,1.46086887,1.55217317,1.36956457,1.46086887,250346,tradingview_cselk_fallback,0.0,0.0,0.12499999401041381,415572.05,0.6024129871101774
2015-07-20,BIL.N0000,1.55217317,1.55217317,1.46086887,1.46086887,20808,tradingview_cselk_fallback,0.0,0.0,0.062499997005206906,415855.75,0.05003658119432039
2015-07-21,BIL.N0000,1.46086887,1.55217317,1.46086887,1.46086887,637703,tradingview_cselk_fallback,0.0,0.0,0.062499997005206906,441936.15,1.4429754162450843
2015-07-22,BIL.N0000,1.46086887,1.46086887,1.46086887,1.46086887,151910,tradingview_cselk_fallback,0.0,0.0,0.0,296036.75,0.5131457496408808
2015-07-23,BIL.N0000,1.46086887,1.55217317,1.46086887,1.46086887,5736,tradingview_cselk_fallback,0.0,0.0,0.062499997005206906,283862.4,0.02020697351956441
2015-07-24,BIL.N0000,1.46086887,1.64347748,1.46086887,1.55217317,4006131,tradingview_cselk_fallback,0.06249999700520692,0.06062461899780606,0.11764705996045527,438513.25,9.135712546884273
2015-07-27,BIL.N0000,1.55217317,1.64347748,1.46086887,1.46086887,186467,tradingview_cselk_fallback,-0.05882352675893765,-0.0606246189978061,0.12500000085565513,424287.75,0.43948240315681986
2015-07-28,BIL.N0000,1.55217317,1.64347748,1.46086887,1.55217317,456181,tradingview_cselk_fallback,0.06249999700520692,0.06062461899780606,0.11764705996045527,441250.2,1.0338374917450461
2015-07-29,BIL.N0000,1.55217317,1.55217317,1.46086887,1.46086887,926606,tradingview_cselk_fallback,-0.05882352675893765,-0.0606246189978061,0.062499997005206906,475927.95,1.9469459610430528
2015-07-30,BIL.N0000,1.55217317,1.55217317,1.46086887,1.55217317,53152,tradingview_cselk_fallback,0.06249999700520692,0.06062461899780606,0.0588235267589376,478426.75,0.1110974668535988
2015-08-03,BIL.N0000,1.55217317,1.55217317,1.55217317,1.55217317,35588,tradingview_cselk_fallback,0.0,0.0,0.0,449533.4,0.07916653134116397
2015-08-04,BIL.N0000,1.55217317,1.55217317,1.46086887,1.46086887,38359,tradingview_cselk_fallback,-0.05882352675893765,-0.0606246189978061,0.062499997005206906,450021.7,0.08523811185105074
2015-08-05,BIL.N0000,1.55217317,1.55217317,1.46086887,1.55217317,27232,tradingview_cselk_fallback,0.06249999700520692,0.06062461899780606,0.0588235267589376,450944.1,0.060388859727846536
2015-08-06,BIL.N0000,1.55217317,1.55217317,1.46086887,1.55217317,813648,tradingview_cselk_fallback,0.0,0.0,0.0588235267589376,490920.05,1.6573941113222002
2015-08-07,BIL.N0000,1.55217317,1.55217317,1.46086887,1.46086887,127010,tradingview_cselk_fallback,-0.05882352675893765,-0.0606246189978061,0.062499997005206906,431645.9,0.29424581584117904
2015-08-10,BIL.N0000,1.46086887,1.55217317,1.46086887,1.46086887,1005125,tradingview_cselk_fallback,0.0,0.0,0.062499997005206906,467426.2,2.1503394546561574
2015-08-11,BIL.N0000,1.46086887,1.55217317,1.46086887,1.46086887,1914243,tradingview_cselk_fallback,0.0,0.0,0.062499997005206906,555822.15,3.4439847350451935
2015-08-12,BIL.N0000,1.55217317,1.64347748,1.46086887,1.55217317,3163051,tradingview_cselk_fallback,0.06249999700520692,0.06062461899780606,0.11764705996045527,694538.05,4.5541795730269925
2015-08-13,BIL.N0000,1.55217317,1.55217317,1.46086887,1.55217317,650298,tradingview_cselk_fallback,0.0,0.0,0.0588235267589376,725711.25,0.8960836696413346
2015-08-14,BIL.N0000,1.55217317,1.64347748,1.46086887,1.55217317,628149,tradingview_cselk_fallback,0.0,0.0,0.11764705996045527,754887.15,0.832109806081611
2015-08-18,BIL.N0000,1.55217317,1.55217317,1.46086887,1.55217317,412467,tradingview_cselk_fallback,0.0,0.0,0.0588235267589376,762993.2,0.5405906631933286
2015-08-19,BIL.N0000,1.46086887,1.55217317,1.46086887,1.55217317,536598,tradingview_cselk_fallback,0.0,0.0,0.0588235267589376,788782.7,0.6802862182448982
2015-08-20,BIL.N0000,1.46086887,1.55217317,1.46086887,1.55217317,9857,tradingview_cselk_fallback,0.0,0.0,0.0588235267589376,757390.4,0.013014424265213818
2015-08-21,BIL.N0000,1.55217317,1.55217317,1.46086887,1.55217317,4092328,tradingview_cselk_fallback,0.0,0.0,0.0588235267589376,954411.3,4.287803382042941
2015-08-24,BIL.N0000,1.46086887,1.55217317,1.46086887,1.46086887,2792630,tradingview_cselk_fallback,-0.05882352675893765,-0.0606246189978061,0.062499997005206906,1093756.0,2.5532477078982883
2015-08-25,BIL.N0000,1.55217317,1.55217317,1.46086887,1.46086887,2567743,tradingview_cselk_fallback,0.0,0.0,0.062499997005206906,1021836.6,2.5128704530646093
2015-08-26,BIL.N0000,1.46086887,1.55217317,1.46086887,1.55217317,1507094,tradingview_cselk_fallback,0.06249999700520692,0.06062461899780606,0.0588235267589376,1087867.95,1.3853648321930985
2015-08-27,BIL.N0000,1.46086887,1.55217317,1.36956457,1.55217317,193629,tradingview_cselk_fallback,0.0,0.0,0.1176470535178752,1074740.35,0.18016351577383316
2015-08-28,BIL.N0000,1.46086887,1.55217317,1.46086887,1.55217317,71082,tradingview_cselk_fallback,0.0,0.0,0.0588235267589376,1031964.15,0.06888029976622734
2015-08-31,BIL.N0000,1.55217317,1.55217317,1.46086887,1.55217317,10222,tradingview_cselk_fallback,0.0,0.0,0.0588235267589376,1029817.65,0.009926029137294354
2015-09-01,BIL.N0000,1.46086887,1.55217317,1.46086887,1.55217317,19005,tradingview_cselk_fallback,0.0,0.0,0.0588235267589376,1028988.5,0.018469594169419776
2015-09-02,BIL.N0000,1.46086887,1.46086887,1.36956457,1.46086887,308424,tradingview_cselk_fallback,-0.05882352675893765,-0.0606246189978061,0.062499997005206906,1042491.75,0.2958527009925978
2015-09-03,BIL.N0000,1.46086887,1.55217317,1.46086887,1.55217317,8081,tradingview_cselk_fallback,0.06249999700520692,0.06062461899780606,0.0588235267589376,1041534.2,0.007758746664295805
2015-09-04,BIL.N0000,1.46086887,1.46086887,1.36956457,1.46086887,186311,tradingview_cselk_fallback,-0.05882352675893765,-0.0606246189978061,0.062499997005206906,1010167.35,0.1844357769036982
2015-09-07,BIL.N0000,1.46086887,1.46086887,1.36956457,1.46086887,28473,tradingview_cselk_fallback,0.0,0.0,0.062499997005206906,1005240.5,0.028324565116506946
2015-09-08,BIL.N0000,1.36956457,1.46086887,1.36956457,1.36956457,85267,tradingview_cselk_fallback,-0.06249999700520692,-0.06453851794312522,0.06666666325925764,959247.6,0.08888945877998548
2015-09-09,BIL.N0000,1.46086887,1.46086887,1.36956457,1.36956457,69548,tradingview_cselk_fallback,0.0,0.0,0.06666666325925764,867012.85,0.0802156507830305
2015-09-10,BIL.N0000,1.46086887,1.46086887,1.36956457,1.46086887,610048,tradingview_cselk_fallback,0.06666666325925763,0.06453851794312519,0.062499997005206906,739362.7,0.8250997784984285
2015-09-11,BIL.N0000,1.36956457,1.46086887,1.36956457,1.46086887,131041,tradingview_cselk_fallback,0.0,0.0,0.062499997005206906,713399.85,0.18368520823210155
2015-09-14,BIL.N0000,1.46086887,1.46086887,1.36956457,1.36956457,62987,tradingview_cselk_fallback,-0.06249999700520692,-0.06453851794312522,0.06666666325925764,685141.75,0.09193280076714053
2015-09-15,BIL.N0000,1.46086887,1.46086887,1.36956457,1.46086887,234119,tradingview_cselk_fallback,0.06666666325925763,0.06453851794312519,0.062499997005206906,676224.35,0.34621498027984354
2015-09-16,BIL.N0000,1.46086887,1.46086887,1.36956457,1.36956457,87218,tradingview_cselk_fallback,-0.06249999700520692,-0.06453851794312522,0.06666666325925764,653755.35,0.13341076291000908
2015-09-17,BIL.N0000,1.36956457,1.46086887,1.36956457,1.36956457,743938,tradingview_cselk_fallback,0.0,0.0,0.06666666325925764,690459.4,1.0774536489763191
2015-09-18,BIL.N0000,1.36956457,1.36956457,1.36956457,1.36956457,22124,tradingview_cselk_fallback,0.0,0.0,0.0,486949.2,0.04543389741681473
2015-09-21,BIL.N0000,1.36956457,1.46086887,1.36956457,1.46086887,12550,tradingview_cselk_fallback,0.06666666325925763,0.06453851794312519,0.062499997005206906,347945.2,0.03606889820580942
2015-09-22,BIL.N0000,1.36956457,1.46086887,1.36956457,1.36956457,125854,tradingview_cselk_fallback,-0.06249999700520692,-0.06453851794312522,0.06666666325925764,225850.75,0.5572441092181452
2015-09-23,BIL.N0000,1.36956457,1.46086887,1.36956457,1.36956457,2293595,tradingview_cselk_fallback,0.0,0.0,0.06666666325925764,265175.8,8.649337533817189
2015-09-25,BIL.N0000,1.46086887,1.46086887,1.36956457,1.36956457,703902,tradingview_cselk_fallback,0.0,0.0,0.06666666325925764,290689.45,2.4214913888343728
2015-09-28,BIL.N0000,1.36956457,1.46086887,1.36956457,1.36956457,20974,tradingview_cselk_fallback,0.0,0.0,0.06666666325925764,288184.05,0.07277987799810573
2015-09-29,BIL.N0000,1.36956457,1.36956457,1.27826026,1.36956457,165689,tradingview_cselk_fallback,0.0,0.0,0.06666667056084852,295957.4,0.5598407068044252
2015-09-30,BIL.N0000,1.27826026,1.46086887,1.27826026,1.36956457,155911,tradingview_cselk_fallback,0.0,0.0,0.13333333382010618,302802.7,0.5148930310066587
2015-10-01,BIL.N0000,1.46086887,1.46086887,1.36956457,1.46086887,946194,tradingview_cselk_fallback,0.06666666325925763,0.06453851794312519,0.062499997005206906,334691.2,2.82706566530581
2015-10-02,BIL.N0000,1.36956457,1.36956457,1.36956457,1.36956457,313462,tradingview_cselk_fallback,-0.06249999700520692,-0.06453851794312522,0.0,349960.25,0.8957074410593775
2015-10-05,BIL.N0000,1.36956457,1.36956457,1.27826026,1.36956457,66850,tradingview_cselk_fallback,0.0,0.0,0.06666667056084852,343987.2,0.19433862655354617
2015-10-06,BIL.N0000,1.27826026,1.36956457,1.27826026,1.27826026,20182,tradingview_cselk_fallback,-0.06666667056084852,-0.06899287565928916,0.07142857589893327,343572.65,0.058741579109978626
2015-10-07,BIL.N0000,1.36956457,1.36956457,1.36956457,1.36956457,42869,tradingview_cselk_fallback,0.07142857589893326,0.06899287565928915,0.0,341452.75,0.12554884973103891
2015-10-09,BIL.N0000,1.36956457,1.36956457,1.27826026,1.27826026,70219,tradingview_cselk_fallback,-0.06666667056084852,-0.06899287565928916,0.07142857589893327,341486.3,0.2056275756889808
2015-10-12,BIL.N0000,1.27826026,1.36956457,1.27826026,1.27826026,518490,tradingview_cselk_fallback,0.0,0.0,0.07142857589893327,336908.4,1.5389643000886888
2015-10-13,BIL.N0000,1.36956457,1.36956457,1.27826026,1.27826026,126495,tradingview_cselk_fallback,0.0,0.0,0.07142857589893327,336681.1,0.3757116155317302
2015-10-14,BIL.N0000,1.36956457,1.36956457,1.27826026,1.36956457,178069,tradingview_cselk_fallback,0.07142857589893326,0.06899287565928915,0.06666667056084852,342435.2,0.5200078730223996
2015-10-16,BIL.N0000,1.36956457,1.36956457,1.27826026,1.36956457,896314,tradingview_cselk_fallback,0.0,0.0,0.06666667056084852,375544.95,2.3867023108685124
2015-10-19,BIL.N0000,1.27826026,1.27826026,1.27826026,1.27826026,1956011,tradingview_cselk_fallback,-0.06666667056084852,-0.06899287565928916,0.0,468984.6,4.170736096665008
2015-10-20,BIL.N0000,1.27826026,1.36956457,1.27826026,1.36956457,5184600,tradingview_cselk_fallback,0.07142857589893326,0.06899287565928915,0.06666667056084852,691017.7,7.502846888003014
2015-10-21,BIL.N0000,1.27826026,1.36956457,1.27826026,1.36956457,598553,tradingview_cselk_fallback,0.0,0.0,0.06666667056084852,719839.15,0.8315093726147015
2015-10-22,BIL.N0000,1.27826026,1.36956457,1.27826026,1.27826026,307287,tradingview_cselk_fallback,-0.06666667056084852,-0.06899287565928916,0.07142857589893327,734576.0,0.4183188669382065
2015-10-23,BIL.N0000,1.27826026,1.36956457,1.27826026,1.36956457,64473,tradingview_cselk_fallback,0.07142857589893326,0.06899287565928915,0.06666667056084852,731506.95,0.08813723505976259
2015-10-26,BIL.N0000,1.27826026,1.36956457,1.27826026,1.27826026,11938,tradingview_cselk_fallback,-0.06666667056084852,-0.06899287565928916,0.07142857589893327,617424.1,0.019335170104309178
2015-10-28,BIL.N0000,1.27826026,1.36956457,1.27826026,1.27826026,61775,tradingview_cselk_fallback,0.0,0.0,0.07142857589893327,585317.75,0.10554096471531915
2015-10-30,BIL.N0000,1.27826026,1.36956457,1.27826026,1.27826026,359244,tradingview_cselk_fallback,0.0,0.0,0.07142857589893327,602231.25,0.5965216849839658
2015-11-03,BIL.N0000,1.27826026,1.36956457,1.27826026,1.27826026,20601,tradingview_cselk_fallback,0.0,0.0,0.07142857589893327,594976.85,0.03462487658133254
2015-11-04,BIL.N0000,1.36956457,1.36956457,1.27826026,1.27826026,60313,tradingview_cselk_fallback,0.0,0.0,0.07142857589893327,590196.95,0.10219131088359573
2015-11-05,BIL.N0000,1.27826026,1.36956457,1.27826026,1.36956457,123796,tradingview_cselk_fallback,0.07142857589893326,0.06899287565928915,0.06666667056084852,549077.05,0.22546198206608706
2015-11-06,BIL.N0000,1.36956457,1.36956457,1.27826026,1.27826026,1400769,tradingview_cselk_fallback,-0.06666667056084852,-0.06899287565928916,0.07142857589893327,603442.4,2.3212969456571164
2015-11-09,BIL.N0000,1.36956457,1.36956457,1.27826026,1.27826026,46146,tradingview_cselk_fallback,0.0,0.0,0.07142857589893327,602407.2,0.07660267008760852
2015-11-11,BIL.N0000,1.27826026,1.27826026,1.27826026,1.27826026,119838,tradingview_cselk_fallback,0.0,0.0,0.0,607390.0,0.19729992261973361
2015-11-12,BIL.N0000,1.27826026,1.36956457,1.27826026,1.36956457,549865,tradingview_cselk_fallback,0.07142857589893326,0.06899287565928915,0.06666667056084852,632739.8,0.8690223058514731
2015-11-16,BIL.N0000,1.27826026,1.27826026,1.27826026,1.27826026,1246477,tradingview_cselk_fallback,-0.06666667056084852,-0.06899287565928916,0.0,691552.7,1.8024324104294585
2015-11-17,BIL.N0000,1.27826026,1.36956457,1.27826026,1.27826026,29680,tradingview_cselk_fallback,0.0,0.0,0.07142857589893327,667112.2,0.04449026715446068
2015-11-19,BIL.N0000,1.27826026,1.36956457,1.27826026,1.27826026,146859,tradingview_cselk_fallback,0.0,0.0,0.07142857589893327,668130.4,0.21980589417874113
2015-11-20,BIL.N0000,1.27826026,1.36956457,1.27826026,1.27826026,243691,tradingview_cselk_fallback,0.0,0.0,0.07142857589893327,671411.5,0.3629532708331627
2015-11-23,BIL.N0000,1.27826026,1.36956457,1.27826026,1.36956457,1254048,tradingview_cselk_fallback,0.07142857589893326,0.06899287565928915,0.06666667056084852,689298.2,1.819311293718742
2015-11-25,BIL.N0000,1.27826026,1.27826026,1.27826026,1.27826026,491542,tradingview_cselk_fallback,-0.06666667056084852,-0.06899287565928916,0.0,616074.75,0.7978609738509815
2015-11-27,BIL.N0000,1.27826026,1.36956457,1.27826026,1.36956457,76116,tradingview_cselk_fallback,0.07142857589893326,0.06899287565928915,0.06666667056084852,360650.55,0.2110519448812708
2015-11-30,BIL.N0000,1.27826026,1.36956457,1.27826026,1.36956457,314215,tradingview_cselk_fallback,0.0,0.0,0.06666667056084852,346433.65,0.9069990747145954
2015-12-01,BIL.N0000,1.36956457,1.36956457,1.27826026,1.27826026,294484,tradingview_cselk_fallback,-0.06666667056084852,-0.06899287565928916,0.07142857589893327,345793.5,0.8516180899872323
2015-12-02,BIL.N0000,1.27826026,1.27826026,1.27826026,1.27826026,13532,tradingview_cselk_fallback,0.0,0.0,0.0,343246.45,0.03942356869240745
2015-12-03,BIL.N0000,1.27826026,1.36956457,1.27826026,1.27826026,32638,tradingview_cselk_fallback,0.0,0.0,0.07142857589893327,344281.45,0.09480034431131854
2015-12-07,BIL.N0000,1.27826026,1.36956457,1.27826026,1.27826026,53339,tradingview_cselk_fallback,0.0,0.0,0.07142857589893327,343859.65,0.15511852001245274
2015-12-08,BIL.N0000,1.27826026,1.36956457,1.27826026,1.27826026,290876,tradingview_cselk_fallback,0.0,0.0,0.07142857589893327,340441.25,0.8544088003436716
2015-12-09,BIL.N0000,1.27826026,1.27826026,1.27826026,1.27826026,139496,tradingview_cselk_fallback,0.0,0.0,0.0,346386.0,0.40271835466791384
2015-12-10,BIL.N0000,1.27826026,1.27826026,1.27826026,1.27826026,604583,tradingview_cselk_fallback,0.0,0.0,0.0,373599.5,1.6182650137379735
2015-12-14,BIL.N0000,1.27826026,1.27826026,1.27826026,1.27826026,21905,tradingview_cselk_fallback,0.0,0.0,0.0,368504.95,0.059442892151109504
2015-12-16,BIL.N0000,1.27826026,1.36956457,1.27826026,1.27826026,280304,tradingview_cselk_fallback,0.0,0.0,0.07142857589893327,312481.7,0.8970253298033133
2015-12-17,BIL.N0000,1.36956457,1.36956457,1.27826026,1.27826026,6027,tradingview_cselk_fallback,0.0,0.0,0.07142857589893327,310475.75,0.019412144104652296
2015-12-18,BIL.N0000,1.27826026,1.36956457,1.27826026,1.27826026,30836,tradingview_cselk_fallback,0.0,0.0,0.07142857589893327,306025.65,0.10076279553691005
2015-12-22,BIL.N0000,1.27826026,1.36956457,1.27826026,1.36956457,76106,tradingview_cselk_fallback,0.07142857589893326,0.06899287565928915,0.06666667056084852,282337.7,0.26955663377579403
2015-12-23,BIL.N0000,1.27826026,1.36956457,1.27826026,1.36956457,160398,tradingview_cselk_fallback,0.0,0.0,0.06666667056084852,228033.75,0.7033958788995051
2015-12-28,BIL.N0000,1.36956457,1.36956457,1.27826026,1.27826026,3402,tradingview_cselk_fallback,-0.06666667056084852,-0.06899287565928916,0.07142857589893327,226719.85,0.015005302799909227
2015-12-30,BIL.N0000,1.27826026,1.27826026,1.27826026,1.27826026,660256,tradingview_cselk_fallback,0.0,0.0,0.0,252389.7,2.616018007073981
2015-12-31,BIL.N0000,1.36956457,1.36956457,1.27826026,1.36956457,5498,tradingview_cselk_fallback,0.07142857589893326,0.06899287565928915,0.06666667056084852,240480.05,0.02286260336356384
2016-01-04,BIL.N0000,1.27826026,1.36956457,1.27826026,1.27826026,9371,tradingview_cselk_fallback,-0.06666667056084852,-0.06899287565928916,0.07142857589893327,178246.2,0.05257335079233105
2016-01-05,BIL.N0000,1.27826026,1.36956457,1.27826026,1.36956457,259682,tradingview_cselk_fallback,0.07142857589893326,0.06899287565928915,0.06666667056084852,166653.2,1.5582179040066437
2016-01-06,BIL.N0000,1.36956457,1.36956457,1.27826026,1.27826026,229103,tradingview_cselk_fallback,-0.06666667056084852,-0.06899287565928916,0.07142857589893327,174302.55,1.314398441101407
2016-01-08,BIL.N0000,1.27826026,1.27826026,1.18695596,1.18695596,38661,tradingview_cselk_fallback,-0.07142856807580011,-0.07410796854304509,0.07692307303465581,160524.85,0.24084121555011576
2016-01-11,BIL.N0000,1.27826026,1.27826026,1.18695596,1.18695596,163462,tradingview_cselk_fallback,0.0,0.0,0.07692307303465581,153973.75,1.061622516825108
2016-01-12,BIL.N0000,1.18695596,1.18695596,1.18695596,1.18695596,1237293,tradingview_cselk_fallback,0.0,0.0,0.0,215161.8,5.750523559479425
2016-01-13,BIL.N0000,1.18695596,1.27826026,1.18695596,1.27826026,9805,tradingview_cselk_fallback,0.07692307303465573,0.07410796854304505,0.07142856807580016,214020.15,0.045813443266907346
2016-01-14,BIL.N0000,1.18695596,1.27826026,1.18695596,1.18695596,7459,tradingview_cselk_fallback,-0.07142856807580011,-0.07410796854304509,0.07692307303465581,211726.15,0.03522946976554384
2016-01-18,BIL.N0000,1.18695596,1.18695596,1.09565165,1.09565165,770492,tradingview_cselk_fallback,-0.07692308145956817,-0.08004271258806862,0.0833333386574099,235706.95,3.2688556701446436
2016-01-19,BIL.N0000,1.09565165,1.18695596,1.09565165,1.09565165,3380355,tradingview_cselk_fallback,0.0,0.0,0.0833333386574099,397749.9,8.498694782827098
2016-01-20,BIL.N0000,1.18695596,1.18695596,1.09565165,1.18695596,1182201,tradingview_cselk_fallback,0.08333333865741,0.08004271258806872,0.07692308145956818,426630.8,2.771016532327249
2016-01-21,BIL.N0000,1.18695596,1.18695596,1.09565165,1.18695596,81399,tradingview_cselk_fallback,0.0,0.0,0.07692308145956818,429605.5,0.1894738312242278
2016-01-25,BIL.N0000,1.18695596,1.18695596,1.09565165,1.18695596,6024,tradingview_cselk_fallback,0.0,0.0,0.07692308145956818,415891.5,0.014484547051334302
2016-01-27,BIL.N0000,1.09565165,1.09565165,1.09565165,1.09565165,100421,tradingview_cselk_fallback,-0.07692308145956817,-0.08004271258806862,0.0,420611.2,0.2387501806894348
2016-01-29,BIL.N0000,1.18695596,1.18695596,1.09565165,1.18695596,107232,tradingview_cselk_fallback,0.08333333865741,0.08004271258806872,0.07692308145956818,424431.0,0.2526488404475639
2016-02-01,BIL.N0000,1.18695596,1.27826026,1.18695596,1.18695596,436274,tradingview_cselk_fallback,0.0,0.0,0.07692307303465581,442439.4,0.9860649842667718
2016-02-02,BIL.N0000,1.18695596,1.27826026,1.18695596,1.18695596,161712,tradingview_cselk_fallback,0.0,0.0,0.07692307303465581,442505.1,0.3654466355303024
2016-02-04,BIL.N0000,1.27826026,1.27826026,1.18695596,1.18695596,26395,tradingview_cselk_fallback,0.0,0.0,0.07692307303465581,443654.75,0.05949446050109911
2016-02-09,BIL.N0000,1.18695596,1.27826026,1.18695596,1.18695596,11117,tradingview_cselk_fallback,0.0,0.0,0.07692307303465581,411197.8,0.02703565048256581
2016-02-10,BIL.N0000,1.27826026,1.27826026,1.18695596,1.18695596,311157,tradingview_cselk_fallback,0.0,0.0,0.07692307303465581,426480.75,0.7295921328219386
2016-02-11,BIL.N0000,1.27826026,1.27826026,1.18695596,1.27826026,280322,tradingview_cselk_fallback,0.07692307303465573,0.07410796854304505,0.07142856807580016,440028.3,0.6370544803595587
2016-02-12,BIL.N0000,1.18695596,1.27826026,1.18695596,1.27826026,251960,tradingview_cselk_fallback,0.0,0.0,0.07142856807580016,439642.2,0.5731024000880716
2016-02-15,BIL.N0000,1.27826026,1.27826026,1.18695596,1.27826026,104415,tradingview_cselk_fallback,0.0,0.0,0.07142856807580016,433407.8,0.24091629176955284
2016-02-16,BIL.N0000,1.18695596,1.27826026,1.18695596,1.18695596,422818,tradingview_cselk_fallback,-0.07142856807580011,-0.07410796854304509,0.07692307303465581,452615.65,0.9341656657254339
2016-02-17,BIL.N0000,1.18695596,1.27826026,1.18695596,1.18695596,1859818,tradingview_cselk_fallback,0.0,0.0,0.07692307303465581,537433.45,3.4605549766208266
2016-02-18,BIL.N0000,1.18695596,1.18695596,1.09565165,1.09565165,469082,tradingview_cselk_fallback,-0.07692308145956817,-0.08004271258806862,0.0833333386574099,499022.9,0.940000949856209
2016-02-23,BIL.N0000,1.18695596,1.18695596,1.09565165,1.18695596,172354,tradingview_cselk_fallback,0.08333333865741,0.08004271258806872,0.07692308145956818,507150.35,0.3398479366128802
2016-02-24,BIL.N0000,1.09565165,1.18695596,1.09565165,1.18695596,79076,tradingview_cselk_fallback,0.0,0.0,0.07692308145956818,510731.2,0.15482899811094367
2016-02-25,BIL.N0000,1.18695596,1.18695596,1.09565165,1.09565165,1127176,tradingview_cselk_fallback,-0.07692308145956817,-0.08004271258806862,0.0833333386574099,528565.4,2.1325194573840816
2016-02-29,BIL.N0000,1.09565165,1.09565165,1.09565165,1.09565165,294838,tradingview_cselk_fallback,0.0,0.0,0.0,374289.55,0.7877270418049342
2016-03-01,BIL.N0000,1.09565165,1.09565165,1.00434735,1.00434735,1465748,tradingview_cselk_fallback,-0.0833333295304215,-0.08701137284099868,0.09090908638331152,388466.9,3.773160596179494
2016-03-02,BIL.N0000,1.09565165,1.09565165,1.00434735,1.09565165,2577332,tradingview_cselk_fallback,0.09090908638331152,0.08701137284099865,0.08333332953042147,513263.55,5.021459248372498
2016-03-03,BIL.N0000,1.00434735,1.09565165,1.00434735,1.09565165,713012,tradingview_cselk_fallback,0.0,0.0,0.08333332953042147,548612.95,1.2996630866989196
2016-03-08,BIL.N0000,1.09565165,1.09565165,1.00434735,1.09565165,937012,tradingview_cselk_fallback,0.0,0.0,0.08333332953042147,590442.5,1.586965707922448
2016-03-09,BIL.N0000,1.00434735,1.18695596,1.00434735,1.09565165,4968715,tradingview_cselk_fallback,0.0,0.0,0.16666666818783138,833516.65,5.9611466669562025
2016-03-10,BIL.N0000,1.09565165,1.18695596,1.09565165,1.18695596,466802,tradingview_cselk_fallback,0.08333333865741,0.08004271258806872,0.07692308145956818,835043.05,0.5590154902792137
2016-03-11,BIL.N0000,1.18695596,1.18695596,1.09565165,1.09565165,657925,tradingview_cselk_fallback,-0.07692308145956817,-0.08004271258806862,0.0833333386574099,859853.7,0.7651592358095337
2016-03-14,BIL.N0000,1.09565165,1.09565165,1.09565165,1.09565165,1993275,tradingview_cselk_fallback,0.0,0.0,0.0,958197.7,2.0802335467931097
2016-03-15,BIL.N0000,1.09565165,1.09565165,1.00434735,1.09565165,2224430,tradingview_cselk_fallback,0.0,0.0,0.08333332953042147,1068863.35,2.0811172915602354
2016-03-16,BIL.N0000,1.09565165,1.18695596,1.09565165,1.18695596,3798,tradingview_cselk_fallback,0.08333333865741,0.08004271258806872,0.07692308145956818,1053495.4,0.0036051415127204165
2016-03-18,BIL.N0000,1.09565165,1.18695596,1.09565165,1.09565165,35732,tradingview_cselk_fallback,-0.07692308145956817,-0.08004271258806862,0.0833333386574099,1041265.9,0.034315922570786195
2016-03-23,BIL.N0000,1.09565165,1.09565165,1.09565165,1.09565165,1533,tradingview_cselk_fallback,0.0,0.0,0.0,1028744.55,0.0014901658531265123
2016-03-28,BIL.N0000,1.09565165,1.18695596,1.09565165,1.09565165,7667,tradingview_cselk_fallback,0.0,0.0,0.0833333386574099,1023907.15,0.0074879836516426315
2016-03-29,BIL.N0000,1.09565165,1.18695596,1.09565165,1.09565165,119710,tradingview_cselk_fallback,0.0,0.0,0.0833333386574099,1008751.75,0.118671417422572
2016-03-30,BIL.N0000,1.09565165,1.18695596,1.09565165,1.09565165,243653,tradingview_cselk_fallback,0.0,0.0,0.0833333386574099,927943.5,0.26257309846989607
2016-03-31,BIL.N0000,1.09565165,1.18695596,1.09565165,1.09565165,728591,tradingview_cselk_fallback,0.0,0.0,0.0833333386574099,940918.95,0.7743398089707939
2016-04-01,BIL.N0000,1.09565165,1.18695596,1.09565165,1.18695596,51148,tradingview_cselk_fallback,0.08333333865741,0.08004271258806872,0.07692308145956818,934858.65,0.0547120144847566
2016-04-04,BIL.N0000,1.09565165,1.09565165,1.09565165,1.09565165,43563,tradingview_cselk_fallback,-0.07692308145956817,-0.08004271258806862,0.0,933083.0,0.04668716502176119
2016-04-05,BIL.N0000,1.18695596,1.18695596,1.09565165,1.09565165,21467,tradingview_cselk_fallback,0.0,0.0,0.0833333386574099,877797.55,0.02445552508092555
2016-04-06,BIL.N0000,1.18695596,1.18695596,1.09565165,1.09565165,44283,tradingview_cselk_fallback,0.0,0.0,0.0833333386574099,865269.8,0.05117825677031603
2016-04-08,BIL.N0000,1.18695596,1.18695596,1.18695596,1.18695596,275851,tradingview_cselk_fallback,0.08333333865741,0.08004271258806872,0.0,805774.95,0.34234248657146765
2016-04-11,BIL.N0000,1.27826026,1.27826026,1.09565165,1.18695596,113686,tradingview_cselk_fallback,0.0,0.0,0.153846154494224,682592.65,0.16655028441926528
2016-04-15,BIL.N0000,1.27826026,1.27826026,1.18695596,1.18695596,387825,tradingview_cselk_fallback,0.0,0.0,0.07692307303465581,666333.3,0.5820285433731137
2016-04-18,BIL.N0000,1.27826026,1.27826026,1.18695596,1.18695596,163383,tradingview_cselk_fallback,0.0,0.0,0.07692307303465581,627651.85,0.26030832220123307
2016-04-19,BIL.N0000,1.27826026,1.36956457,1.18695596,1.27826026,1426239,tradingview_cselk_fallback,0.07692307303465573,0.07410796854304505,0.14285714397473342,450528.05,3.165705220795908
2016-04-20,BIL.N0000,1.27826026,1.36956457,1.27826026,1.27826026,650468,tradingview_cselk_fallback,0.0,0.0,0.07142857589893327,459711.35,1.4149487499057833
2016-04-22,BIL.N0000,1.27826026,1.36956457,1.27826026,1.27826026,169753,tradingview_cselk_fallback,0.0,0.0,0.07142857589893327,435302.75,0.3899653746731441
2016-04-26,BIL.N0000,1.18695596,1.27826026,1.18695596,1.18695596,661975,tradingview_cselk_fallback,-0.07142856807580011,-0.07410796854304509,0.07692307303465581,368737.75,1.7952460793612806
2016-04-27,BIL.N0000,1.18695596,1.27826026,1.18695596,1.18695596,35498,tradingview_cselk_fallback,0.0,0.0,0.07692307303465581,259291.15,0.1369040169708839
2016-04-28,BIL.N0000,1.18695596,1.27826026,1.18695596,1.27826026,19189,tradingview_cselk_fallback,0.07692307303465573,0.07410796854304505,0.07142856807580016,260060.7,0.07378661981606602
2016-04-29,BIL.N0000,1.27826026,1.27826026,1.18695596,1.27826026,657,tradingview_cselk_fallback,0.0,0.0,0.07142856807580016,258306.95,0.0025434855701714568
2016-05-03,BIL.N0000,1.27826026,1.27826026,1.18695596,1.27826026,126961,tradingview_cselk_fallback,0.0,0.0,0.07142856807580016,264578.35,0.4798616364490897
2016-05-04,BIL.N0000,1.27826026,1.27826026,1.18695596,1.27826026,2357464,tradingview_cselk_fallback,0.0,0.0,0.07142856807580016,382068.2,6.170270124548444
2016-05-05,BIL.N0000,1.18695596,1.27826026,1.18695596,1.18695596,120917,tradingview_cselk_fallback,-0.07142856807580011,-0.07410796854304509,0.07692307303465581,382128.55,0.31643016466579116
2016-05-06,BIL.N0000,1.27826026,1.36956457,1.27826026,1.27826026,2820133,tradingview_cselk_fallback,0.07692307303465573,0.07410796854304505,0.07142857589893327,510952.55,5.519363784367061
2016-05-09,BIL.N0000,1.18695596,1.27826026,1.18695596,1.27826026,2190151,tradingview_cselk_fallback,0.0,0.0,0.07142856807580016,584030.55,3.750062389715743
2016-05-10,BIL.N0000,1.27826026,1.36956457,1.27826026,1.36956457,214563,tradingview_cselk_fallback,0.07142857589893326,0.06899287565928915,0.06666667056084852,592201.3,0.3623143008973469
2016-05-11,BIL.N0000,1.36956457,1.36956457,1.27826026,1.27826026,2040888,tradingview_cselk_fallback,-0.06666667056084852,-0.06899287565928916,0.07142857589893327,692067.55,2.9489722498909243
2016-05-12,BIL.N0000,1.27826026,1.27826026,1.27826026,1.27826026,17799,tradingview_cselk_fallback,0.0,0.0,0.0,691884.15,0.025725405040713824
2016-05-13,BIL.N0000,1.36956457,1.36956457,1.27826026,1.27826026,4517,tradingview_cselk_fallback,0.0,0.0,0.07142857589893327,689895.85,0.006547365084164516
2016-05-16,BIL.N0000,1.27826026,1.27826026,1.27826026,1.27826026,268062,tradingview_cselk_fallback,0.0,0.0,0.0,689506.4,0.3887737662768612
2016-05-17,BIL.N0000,1.36956457,1.36956457,1.27826026,1.27826026,208848,tradingview_cselk_fallback,0.0,0.0,0.07142857589893327,694264.5,0.3008190682369616
2016-05-18,BIL.N0000,1.27826026,1.36956457,1.27826026,1.27826026,674122,tradingview_cselk_fallback,0.0,0.0,0.07142857589893327,708579.35,0.9513712190455452
2016-05-19,BIL.N0000,1.36956457,1.36956457,1.27826026,1.27826026,97762,tradingview_cselk_fallback,0.0,0.0,0.07142857589893327,705298.3,0.13861085444272303
2016-05-20,BIL.N0000,1.27826026,1.36956457,1.18695596,1.27826026,1505777,tradingview_cselk_fallback,0.0,0.0,0.14285714397473342,709275.2,2.1229799096316917
2016-05-24,BIL.N0000,1.36956457,1.36956457,1.27826026,1.27826026,1523597,tradingview_cselk_fallback,0.0,0.0,0.07142857589893327,752931.65,2.0235528683114863
2016-05-25,BIL.N0000,1.27826026,1.36956457,1.27826026,1.36956457,44082,tradingview_cselk_fallback,0.07142857589893326,0.06899287565928915,0.06666667056084852,746648.1,0.05903986094654229
2016-05-26,BIL.N0000,1.27826026,1.27826026,1.27826026,1.27826026,1717868,tradingview_cselk_fallback,-0.06666667056084852,-0.06899287565928916,0.0,799442.75,2.1488317956476557
2016-05-27,BIL.N0000,1.27826026,1.27826026,1.18695596,1.18695596,170936,tradingview_cselk_fallback,-0.07142856807580011,-0.07410796854304509,0.07692307303465581,806214.65,0.21202293954841928
2016-05-30,BIL.N0000,1.18695596,1.27826026,1.18695596,1.27826026,1188534,tradingview_cselk_fallback,0.07692307303465573,0.07410796854304505,0.07142856807580016,864681.9,1.3745332242990167
2016-05-31,BIL.N0000,1.27826026,1.36956457,1.27826026,1.36956457,872420,tradingview_cselk_fallback,0.07142857589893326,0.06899287565928915,0.06666667056084852,908270.05,0.9605293051334236
2016-06-01,BIL.N0000,1.27826026,1.36956457,1.18695596,1.27826026,634344,tradingview_cselk_fallback,-0.06666667056084852,-0.06899287565928916,0.14285714397473342,933639.2,0.6794316262641928
2016-06-02,BIL.N0000,1.27826026,1.36956457,1.18695596,1.27826026,1427864,tradingview_cselk_fallback,0.0,0.0,0.14285714397473342,887159.2,1.6094788849622481
2016-06-03,BIL.N0000,1.27826026,1.27826026,1.27826026,1.27826026,51372,tradingview_cselk_fallback,0.0,0.0,0.0,883681.95,0.05813403793072836
2016-06-06,BIL.N0000,1.27826026,1.36956457,1.18695596,1.27826026,21785,tradingview_cselk_fallback,0.0,0.0,0.14285714397473342,743764.55,0.02929018329792674
2016-06-08,BIL.N0000,1.18695596,1.36956457,1.18695596,1.27826026,145604,tradingview_cselk_fallback,0.0,0.0,0.14285714397473342,641537.2,0.22696111776526756
2016-06-09,BIL.N0000,1.36956457,1.36956457,1.18695596,1.27826026,97788,tradingview_cselk_fallback,0.0,0.0,0.14285714397473342,635698.45,0.15382765208881666
2016-06-10,BIL.N0000,1.36956457,1.36956457,1.27826026,1.27826026,11894,tradingview_cselk_fallback,0.0,0.0,0.07142857589893327,534248.75,0.0222630375831483
2016-06-13,BIL.N0000,1.27826026,1.27826026,1.27826026,1.27826026,1684739,tradingview_cselk_fallback,0.0,0.0,0.0,617595.75,2.727899277156619
2016-06-14,BIL.N0000,1.27826026,1.27826026,1.18695596,1.27826026,1191624,tradingview_cselk_fallback,0.0,0.0,0.07142856807580016,676951.1,1.7602807647406142
2016-06-15,BIL.N0000,1.18695596,1.18695596,1.18695596,1.18695596,2764,tradingview_cselk_fallback,-0.07142856807580011,-0.07410796854304509,0.0,663686.2,0.004164618761095229
2016-06-16,BIL.N0000,1.18695596,1.27826026,1.18695596,1.18695596,583981,tradingview_cselk_fallback,0.0,0.0,0.07692307303465581,682442.85,0.8557214717686616
2016-06-17,BIL.N0000,1.18695596,1.27826026,1.18695596,1.27826026,2570339,tradingview_cselk_fallback,0.07692307303465573,0.07410796854304505,0.07142856807580016,777253.7,3.306949841473897
2016-06-20,BIL.N0000,1.27826026,1.27826026,1.27826026,1.27826026,784351,tradingview_cselk_fallback,0.0,0.0,0.0,811583.15,0.9664456439244703
2016-06-21,BIL.N0000,1.36956457,1.36956457,1.18695596,1.36956457,7898,tradingview_cselk_fallback,0.07142857589893326,0.06899287565928915,0.13333333382010618,736689.2,0.010720939033720055
2016-06-22,BIL.N0000,1.18695596,1.27826026,1.18695596,1.27826026,321952,tradingview_cselk_fallback,-0.06666667056084852,-0.06899287565928916,0.07142856807580016,676606.95,0.47583312586428506
2016-06-23,BIL.N0000,1.18695596,1.18695596,1.18695596,1.18695596,17524,tradingview_cselk_fallback,-0.07142856807580011,-0.07410796854304509,0.0,675279.05,0.025950753247861013
2016-06-24,BIL.N0000,1.18695596,1.36956457,1.18695596,1.27826026,2524635,tradingview_cselk_fallback,0.07692307303465573,0.07410796854304505,0.14285714397473342,715617.4,3.5279117025382556
2016-06-27,BIL.N0000,1.18695596,1.27826026,1.18695596,1.27826026,1395406,tradingview_cselk_fallback,0.0,0.0,0.07142856807580016,776840.9,1.796257122919249
2016-06-29,BIL.N0000,1.18695596,1.18695596,1.18695596,1.18695596,59187,tradingview_cselk_fallback,-0.07142856807580011,-0.07410796854304509,0.0,720373.55,0.08216153966230437
2016-06-30,BIL.N0000,1.27826026,1.27826026,1.18695596,1.27826026,2281898,tradingview_cselk_fallback,0.07692307303465573,0.07410796854304505,0.07142856807580016,790847.45,2.8853832682902376
2016-07-01,BIL.N0000,1.18695596,1.36956457,1.18695596,1.27826026,269801,tradingview_cselk_fallback,0.0,0.0,0.14285714397473342,772620.3,0.34920257725560666
2016-07-04,BIL.N0000,1.27826026,1.36956457,1.27826026,1.27826026,2245911,tradingview_cselk_fallback,0.0,0.0,0.07142857589893327,813522.65,2.7607233799821063
2016-07-06,BIL.N0000,1.27826026,1.36956457,1.27826026,1.27826026,4271,tradingview_cselk_fallback,0.0,0.0,0.07142857589893327,811167.6,0.005265249746168363
2016-07-07,BIL.N0000,1.18695596,1.27826026,1.18695596,1.27826026,3586,tradingview_cselk_fallback,0.0,0.0,0.07142856807580016,810257.65,0.004425752721989111
2016-07-11,BIL.N0000,1.27826026,1.27826026,1.18695596,1.27826026,50658,tradingview_cselk_fallback,0.0,0.0,0.07142856807580016,805510.35,0.06288932227872678
2016-07-12,BIL.N0000,1.18695596,1.27826026,1.18695596,1.27826026,16429,tradingview_cselk_fallback,0.0,0.0,0.07142856807580016,801442.4,0.02049928978052571
2016-07-13,BIL.N0000,1.27826026,1.27826026,1.18695596,1.27826026,510952,tradingview_cselk_fallback,0.0,0.0,0.07142856807580016,826395.3,0.6182900604589595
2016-07-14,BIL.N0000,1.27826026,1.27826026,1.18695596,1.27826026,31921,tradingview_cselk_fallback,0.0,0.0,0.07142856807580016,743754.4,0.04291873769082912
2016-07-15,BIL.N0000,1.27826026,1.27826026,1.27826026,1.27826026,148021,tradingview_cselk_fallback,0.0,0.0,0.0,691574.25,0.2140348632124461
2016-07-18,BIL.N0000,1.18695596,1.27826026,1.18695596,1.27826026,1314,tradingview_cselk_fallback,0.0,0.0,0.07142856807580016,691501.75,0.0019002121108153377
2016-07-20,BIL.N0000,1.27826026,1.27826026,1.27826026,1.27826026,4381,tradingview_cselk_fallback,0.0,0.0,0.0,662521.75,0.0066126130953436625
2016-07-21,BIL.N0000,1.18695596,1.27826026,1.18695596,1.27826026,1643,tradingview_cselk_fallback,0.0,0.0,0.07142856807580016,534086.95,0.003076278122878681
2016-07-22,BIL.N0000,1.18695596,1.27826026,1.18695596,1.18695596,66752,tradingview_cselk_fallback,-0.07142856807580011,-0.07410796854304509,0.07692307303465581,498207.0,0.13398446830333577
2016-07-25,BIL.N0000,1.27826026,1.27826026,1.27826026,1.27826026,110,tradingview_cselk_fallback,0.07692307303465573,0.07410796854304505,0.0,497817.6,0.00022096446569988686
2016-07-26,BIL.N0000,1.18695596,1.27826026,1.18695596,1.27826026,28969,tradingview_cselk_fallback,0.0,0.0,0.07142856807580016,483168.45,0.05995631544236798
2016-07-28,BIL.N0000,1.18695596,1.27826026,1.18695596,1.27826026,416451,tradingview_cselk_fallback,0.0,0.0,0.07142856807580016,503114.8,0.8277454767778646
2016-07-29,BIL.N0000,1.27826026,1.36956457,1.27826026,1.27826026,1378648,tradingview_cselk_fallback,0.0,0.0,0.07142857589893327,445815.45,3.0924186229974757
2016-08-01,BIL.N0000,1.36956457,1.36956457,1.18695596,1.27826026,9029,tradingview_cselk_fallback,0.0,0.0,0.14285714397473342,376496.6,0.02398162426964812
2016-08-02,BIL.N0000,1.27826026,1.27826026,1.18695596,1.18695596,51821,tradingview_cselk_fallback,-0.07142856807580011,-0.07410796854304509,0.07692307303465581,376128.3,0.13777479652554728
2016-08-03,BIL.N0000,1.18695596,1.27826026,1.18695596,1.27826026,32857,tradingview_cselk_fallback,0.07692307303465573,0.07410796854304505,0.07142856807580016,263676.25,0.12461114719281695
2016-08-04,BIL.N0000,1.18695596,1.27826026,1.18695596,1.18695596,71856,tradingview_cselk_fallback,-0.07142856807580011,-0.07410796854304509,0.07692307303465581,253779.0,0.28314399536604684
2016-08-05,BIL.N0000,1.27826026,1.27826026,1.27826026,1.27826026,576645,tradingview_cselk_fallback,0.07692307303465573,0.07410796854304505,0.0,170315.7,3.385741889913848
2016-08-08,BIL.N0000,1.27826026,1.27826026,1.27826026,1.27826026,79952,tradingview_cselk_fallback,0.0,0.0,0.0,174099.75,0.45923098683369734
2016-08-09,BIL.N0000,1.27826026,1.27826026,1.18695596,1.18695596,63568,tradingview_cselk_fallback,-0.07142856807580011,-0.07410796854304509,0.07692307303465581,177098.85,0.3589407836358056
2016-08-10,BIL.N0000,1.18695596,1.27826026,1.18695596,1.27826026,66720,tradingview_cselk_fallback,0.07692307303465573,0.07410796854304505,0.07142856807580016,177901.95,0.3750380476436599
2016-08-11,BIL.N0000,1.27826026,1.27826026,1.18695596,1.27826026,892203,tradingview_cselk_fallback,0.0,0.0,0.07142856807580016,221690.65,4.024540502723052
2016-08-12,BIL.N0000,1.27826026,1.27826026,1.18695596,1.27826026,37988,tradingview_cselk_fallback,0.0,0.0,0.07142856807580016,198042.45,0.19181746135740088
2016-08-15,BIL.N0000,1.27826026,1.27826026,1.18695596,1.27826026,890137,tradingview_cselk_fallback,0.0,0.0,0.07142856807580016,240953.25,3.6942311423481526
2016-08-16,BIL.N0000,1.27826026,1.36956457,1.27826026,1.36956457,1945550,tradingview_cselk_fallback,0.07142857589893326,0.06899287565928915,0.06666667056084852,330829.7,5.880820252837034
2016-08-18,BIL.N0000,1.18695596,1.18695596,1.18695596,1.18695596,5038,tradingview_cselk_fallback,-0.13333333382010615,-0.14310084420233427,0.0,331015.9,0.015219812703861052
2016-08-19,BIL.N0000,1.27826026,1.27826026,1.18695596,1.18695596,1209,tradingview_cselk_fallback,0.0,0.0,0.07692307303465581,330857.3,0.003654143342159898
2016-08-23,BIL.N0000,1.27826026,1.27826026,1.27826026,1.27826026,12,tradingview_cselk_fallback,0.07692307303465573,0.07410796854304505,0.0,330775.75,3.627835474638029e-05
2016-08-24,BIL.N0000,1.18695596,1.27826026,1.18695596,1.27826026,31115,tradingview_cselk_fallback,0.0,0.0,0.07142856807580016,328993.9,0.09457622162599366
2016-08-25,BIL.N0000,1.18695596,1.18695596,1.18695596,1.18695596,5914,tradingview_cselk_fallback,-0.07142856807580011,-0.07410796854304509,0.0,329284.1,0.017960174815607556
2016-08-29,BIL.N0000,1.18695596,1.27826026,1.18695596,1.27826026,344,tradingview_cselk_fallback,0.07692307303465573,0.07410796854304505,0.07142856807580016,327852.85,0.001049251211328497
2016-08-31,BIL.N0000,1.18695596,1.27826026,1.18695596,1.18695596,113129,tradingview_cselk_fallback,-0.07142856807580011,-0.07410796854304509,0.07692307303465581,312686.75,0.3617965903576023
2016-09-01,BIL.N0000,1.18695596,1.27826026,1.18695596,1.27826026,7125003,tradingview_cselk_fallback,0.07692307303465573,0.07410796854304505,0.07142856807580016,600004.5,11.874915938130464
2016-09-02,BIL.N0000,1.27826026,1.27826026,1.18695596,1.27826026,2563,tradingview_cselk_fallback,0.0,0.0,0.07142856807580016,599681.2,0.004273937552152711
2016-09-05,BIL.N0000,1.18695596,1.27826026,1.18695596,1.27826026,57796,tradingview_cselk_fallback,0.0,0.0,0.07142856807580016,599979.95,0.09632988569034683
2016-09-06,BIL.N0000,1.27826026,1.27826026,1.18695596,1.27826026,134606,tradingview_cselk_fallback,0.0,0.0,0.07142856807580016,605067.4,0.22246447255297508
2016-09-07,BIL.N0000,1.27826026,1.27826026,1.27826026,1.27826026,553001,tradingview_cselk_fallback,0.0,0.0,0.0,629124.65,0.8790006877015548
2016-09-08,BIL.N0000,1.36956457,1.36956457,1.18695596,1.18695596,42829,tradingview_cselk_fallback,-0.07142856807580011,-0.07410796854304509,0.15384615449422417,602433.85,0.07109328268987541
2016-09-09,BIL.N0000,1.27826026,1.27826026,1.27826026,1.27826026,219,tradingview_cselk_fallback,0.07692307303465573,0.07410796854304505,0.0,598447.2,0.0003659470710197993
2016-09-12,BIL.N0000,1.18695596,1.18695596,1.18695596,1.18695596,13362,tradingview_cselk_fallback,-0.07142856807580011,-0.07410796854304509,0.0,595936.9,0.022421836942803842
2016-09-14,BIL.N0000,1.27826026,1.27826026,1.27826026,1.27826026,219,tradingview_cselk_fallback,0.07692307303465573,0.07410796854304505,0.0,592611.85,0.00036955049076389546
2016-09-15,BIL.N0000,1.27826026,1.27826026,1.18695596,1.18695596,201744,tradingview_cselk_fallback,-0.07142856807580011,-0.07410796854304509,0.07692307303465581,558088.9,0.3614907947461417
2016-09-19,BIL.N0000,1.27826026,1.27826026,1.18695596,1.27826026,558939,tradingview_cselk_fallback,0.07692307303465573,0.07410796854304505,0.07142856807580016,584136.45,0.956863760171104
2016-09-20,BIL.N0000,1.18695596,1.18695596,1.18695596,1.18695596,2367,tradingview_cselk_fallback,-0.07142856807580011,-0.07410796854304509,0.0,539747.95,0.004385380250170473
2016-09-21,BIL.N0000,1.27826026,1.27826026,1.18695596,1.27826026,4557,tradingview_cselk_fallback,0.07692307303465573,0.07410796854304505,0.07142856807580016,442698.3,0.010293692114923415
2016-09-22,BIL.N0000,1.18695596,1.27826026,1.18695596,1.18695596,15172,tradingview_cselk_fallback,-0.07142856807580011,-0.07410796854304509,0.07692307303465581,443205.0,0.034232465788968984
2016-09-23,BIL.N0000,1.18695596,1.27826026,1.18695596,1.27826026,6578,tradingview_cselk_fallback,0.07692307303465573,0.07410796854304505,0.07142856807580016,443473.45,0.01483290600598525
2016-09-26,BIL.N0000,1.18695596,1.18695596,1.18695596,1.18695596,68343,tradingview_cselk_fallback,-0.07142856807580011,-0.07410796854304509,0.0,446890.0,0.1529302512922643
2016-09-27,BIL.N0000,1.18695596,1.27826026,1.18695596,1.27826026,81321,tradingview_cselk_fallback,0.07692307303465573,0.07410796854304505,0.07142856807580016,449400.3,0.1809544853441353
2016-09-28,BIL.N0000,1.18695596,1.27826026,1.18695596,1.18695596,395140,tradingview_cselk_fallback,-0.07142856807580011,-0.07410796854304509,0.07692307303465581,468861.6,0.8427646879164342
2016-09-29,BIL.N0000,1.18695596,1.27826026,1.18695596,1.27826026,35055,tradingview_cselk_fallback,0.07692307303465573,0.07410796854304505,0.07142856807580016,470597.15,0.07449046387127503
2016-10-03,BIL.N0000,1.18695596,1.27826026,1.18695596,1.18695596,56690,tradingview_cselk_fallback,-0.07142856807580011,-0.07410796854304509,0.07692307303465581,467775.2,0.12119069159716034
2016-10-04,BIL.N0000,1.27826026,1.27826026,1.18695596,1.18695596,513614,tradingview_cselk_fallback,0.0,0.0,0.07692307303465581,137205.75,3.7433853901895513
2016-10-05,BIL.N0000,1.27826026,1.36956457,1.18695596,1.27826026,2098034,tradingview_cselk_fallback,0.07692307303465573,0.07410796854304505,0.14285714397473342,241979.3,8.670303616879625
2016-10-06,BIL.N0000,1.27826026,1.36956457,1.27826026,1.36956457,1236593,tradingview_cselk_fallback,0.07142857589893326,0.06899287565928915,0.06666667056084852,300919.15,4.109386192271246
2016-10-07,BIL.N0000,1.36956457,1.36956457,1.27826026,1.27826026,1320077,tradingview_cselk_fallback,-0.06666667056084852,-0.06899287565928916,0.07142857589893327,360192.7,3.6649188059613644
2016-10-10,BIL.N0000,1.27826026,1.27826026,1.27826026,1.27826026,63205,tradingview_cselk_fallback,0.0,0.0,0.0,335702.9,0.18827659814675415
2016-10-11,BIL.N0000,1.27826026,1.27826026,1.27826026,1.27826026,136248,tradingview_cselk_fallback,0.0,0.0,0.0,340373.85,0.400289270165731
2016-10-12,BIL.N0000,1.27826026,1.27826026,1.27826026,1.27826026,3943,tradingview_cselk_fallback,0.0,0.0,0.0,340560.05,0.01157798749442279
2016-10-13,BIL.N0000,1.27826026,1.27826026,1.27826026,1.27826026,675775,tradingview_cselk_fallback,0.0,0.0,0.0,373680.7,1.8084289608748858
2016-10-14,BIL.N0000,1.27826026,1.36956457,1.27826026,1.36956457,550102,tradingview_cselk_fallback,0.07142857589893326,0.06899287565928915,0.06666667056084852,401174.85,1.3712275333311648
2016-10-17,BIL.N0000,1.36956457,1.36956457,1.18695596,1.27826026,21960,tradingview_cselk_fallback,-0.06666667056084852,-0.06899287565928916,0.14285714397473342,392185.65,0.05599388962854709
2016-10-18,BIL.N0000,1.18695596,1.27826026,1.18695596,1.27826026,17746,tradingview_cselk_fallback,0.0,0.0,0.07142856807580016,365126.0,0.04860240026730499
2016-10-19,BIL.N0000,1.18695596,1.27826026,1.18695596,1.18695596,39177,tradingview_cselk_fallback,-0.07142856807580011,-0.07410796854304509,0.07692307303465581,366966.5,0.10675906383825226
2016-10-20,BIL.N0000,1.18695596,1.18695596,1.18695596,1.18695596,4381,tradingview_cselk_fallback,0.0,0.0,0.0,366957.7,0.011938705741833458
2016-10-24,BIL.N0000,1.18695596,1.27826026,1.18695596,1.18695596,9058,tradingview_cselk_fallback,0.0,0.0,0.07692307303465581,366652.0,0.02470462454861831
2016-10-25,BIL.N0000,1.18695596,1.27826026,1.18695596,1.18695596,182088,tradingview_cselk_fallback,0.0,0.0,0.07692307303465581,375427.5,0.4850150828056016
2016-10-27,BIL.N0000,1.18695596,1.18695596,1.18695596,1.18695596,1113,tradingview_cselk_fallback,0.0,0.0,0.0,372066.0,0.0029914047507700247
2016-10-31,BIL.N0000,1.18695596,1.27826026,1.18695596,1.27826026,2307011,tradingview_cselk_fallback,0.07692307303465573,0.07410796854304505,0.07142856807580016,483350.5,4.7729566846418905
2016-11-01,BIL.N0000,1.27826026,1.27826026,1.18695596,1.18695596,1748,tradingview_cselk_fallback,-0.07142856807580011,-0.07410796854304509,0.07692307303465581,463680.9,0.003769833952616983
2016-11-03,BIL.N0000,1.27826026,1.27826026,1.18695596,1.27826026,5809,tradingview_cselk_fallback,0.07692307303465573,0.07410796854304505,0.07142856807580016,462218.6,0.012567646563768745
2016-11-08,BIL.N0000,1.27826026,1.27826026,1.18695596,1.18695596,59910,tradingview_cselk_fallback,-0.07142856807580011,-0.07410796854304509,0.07692307303465581,462379.6,0.129568865062386
2016-11-09,BIL.N0000,1.18695596,1.27826026,1.18695596,1.18695596,459234,tradingview_cselk_fallback,0.0,0.0,0.07692307303465581,459660.6,0.9990719239369222
2016-11-11,BIL.N0000,1.18695596,1.27826026,1.18695596,1.18695596,4469,tradingview_cselk_fallback,0.0,0.0,0.07692307303465581,354982.35,0.01258935831598388
2016-11-14,BIL.N0000,1.18695596,1.18695596,1.18695596,1.18695596,2135,tradingview_cselk_fallback,0.0,0.0,0.0,293259.45,0.007280242802064861
2016-11-16,BIL.N0000,1.27826026,1.27826026,1.18695596,1.18695596,23220680,tradingview_cselk_fallback,0.0,0.0,0.07692307303465581,1388289.6,16.72610671433395
2016-11-22,BIL.N0000,1.18695596,1.18695596,1.18695596,1.18695596,38581,tradingview_cselk_fallback,0.0,0.0,0.0,1387058.4,0.027814978806948578
2016-11-23,BIL.N0000,1.18695596,1.18695596,1.18695596,1.18695596,192427,tradingview_cselk_fallback,0.0,0.0,0.0,1389867.35,0.13844990315082945
2016-11-24,BIL.N0000,1.18695596,1.27826026,1.18695596,1.27826026,35880,tradingview_cselk_fallback,0.07692307303465573,0.07410796854304505,0.07142856807580016,1391464.2,0.025785787374191876
2016-11-25,BIL.N0000,1.18695596,1.27826026,1.18695596,1.18695596,42791,tradingview_cselk_fallback,-0.07142856807580011,-0.07410796854304509,0.07692307303465581,1359815.0,0.03146825119593474
2016-11-28,BIL.N0000,1.27826026,1.27826026,1.18695596,1.18695596,57594,tradingview_cselk_fallback,0.0,0.0,0.07692307303465581,1335189.6,0.043135446830921985
2016-11-30,BIL.N0000,1.18695596,1.27826026,1.18695596,1.18695596,17852,tradingview_cselk_fallback,0.0,0.0,0.07692307303465581,1334984.2,0.013372442909811218
2016-12-01,BIL.N0000,1.27826026,1.27826026,1.27826026,1.27826026,20,tradingview_cselk_fallback,0.07692307303465573,0.07410796854304505,0.0,1334097.9,1.499140355441681e-05
2016-12-05,BIL.N0000,1.27826026,1.27826026,1.18695596,1.18695596,137562,tradingview_cselk_fallback,-0.07142856807580011,-0.07410796854304509,0.07692307303465581,1339017.15,0.1027335609555113
2016-12-07,BIL.N0000,1.27826026,1.27826026,1.27826026,1.27826026,1084,tradingview_cselk_fallback,0.07692307303465573,0.07410796854304505,0.0,1338852.3,0.0008096486819345195
2016-12-08,BIL.N0000,1.27826026,1.27826026,1.18695596,1.27826026,60041,tradingview_cselk_fallback,0.0,0.0,0.07142856807580016,1341401.45,0.04475990390497938
2016-12-09,BIL.N0000,1.27826026,1.27826026,1.27826026,1.27826026,976,tradingview_cselk_fallback,0.0,0.0,0.0,1332345.85,0.0007325425301546141
2016-12-13,BIL.N0000,1.27826026,1.27826026,1.27826026,1.27826026,110,tradingview_cselk_fallback,0.0,0.0,0.0,1332295.7,8.256425356623159e-05
2016-12-14,BIL.N0000,1.18695596,1.27826026,1.18695596,1.18695596,33029,tradingview_cselk_fallback,-0.07142856807580011,-0.07410796854304509,0.07692307303465581,1218596.6,0.027104129455145367
2016-12-15,BIL.N0000,1.18695596,1.18695596,1.18695596,1.18695596,190181,tradingview_cselk_fallback,0.0,0.0,0.0,1228018.25,0.1548682195887561
2016-12-20,BIL.N0000,1.09565165,1.18695596,1.09565165,1.18695596,665303,tradingview_cselk_fallback,0.0,0.0,0.07692308145956818,1260992.95,0.5276024739075663
2016-12-21,BIL.N0000,1.09565165,1.18695596,1.09565165,1.18695596,15359,tradingview_cselk_fallback,0.0,0.0,0.07692308145956818,1258765.4,0.012201638208358763
2016-12-22,BIL.N0000,1.18695596,1.18695596,1.18695596,1.18695596,22124,tradingview_cselk_fallback,0.0,0.0,0.0,1236909.9,0.01788650895267311
2016-12-23,BIL.N0000,1.18695596,1.18695596,1.18695596,1.18695596,7667,tradingview_cselk_fallback,0.0,0.0,0.0,1237069.8,0.006197710104959316
2016-12-26,BIL.N0000,1.18695596,1.18695596,1.18695596,1.18695596,25410,tradingview_cselk_fallback,0.0,0.0,0.0,1238233.55,0.02052116904763241
2016-12-28,BIL.N0000,1.18695596,1.27826026,1.18695596,1.27826026,72048,tradingview_cselk_fallback,0.07692307303465573,0.07410796854304505,0.07142856807580016,80801.95,0.8916616492547519
2016-12-29,BIL.N0000,1.18695596,1.27826026,1.18695596,1.27826026,43274,tradingview_cselk_fallback,0.0,0.0,0.07142856807580016,81036.6,0.5340056221509787
2016-12-30,BIL.N0000,1.27826026,1.27826026,1.18695596,1.18695596,48853,tradingview_cselk_fallback,-0.07142856807580011,-0.07410796854304509,0.07692307303465581,73857.9,0.6614458304392625
2017-01-02,BIL.N0000,1.18695596,1.18695596,1.18695596,1.18695596,29352,tradingview_cselk_fallback,0.0,0.0,0.0,73531.5,0.3991758634054793
2017-01-03,BIL.N0000,1.27826026,1.27826026,1.18695596,1.18695596,109201,tradingview_cselk_fallback,0.0,0.0,0.07692307303465581,76852.0,1.4209259355644617
2017-01-05,BIL.N0000,1.18695596,1.18695596,1.18695596,1.18695596,40744,tradingview_cselk_fallback,0.0,0.0,0.0,76009.5,0.5360382583755978
2017-01-06,BIL.N0000,1.18695596,1.27826026,1.18695596,1.27826026,242722,tradingview_cselk_fallback,0.07692307303465573,0.07410796854304505,0.07142856807580016,87253.0,2.7818183901986178
2017-01-09,BIL.N0000,1.18695596,1.27826026,1.18695596,1.27826026,115195,tradingview_cselk_fallback,0.0,0.0,0.07142856807580016,93011.75,1.2384994368991014
2017-01-11,BIL.N0000,1.27826026,1.27826026,1.18695596,1.27826026,558704,tradingview_cselk_fallback,0.0,0.0,0.07142856807580016,114068.85,4.8979541741676185
2017-01-12,BIL.N0000,1.18695596,1.18695596,1.18695596,1.18695596,882434,tradingview_cselk_fallback,-0.07142856807580011,-0.07410796854304509,0.0,158136.35,5.5802097367240355
2017-01-16,BIL.N0000,1.18695596,1.27826026,1.18695596,1.18695596,85512,tradingview_cselk_fallback,0.0,0.0,0.07692307303465581,159409.9,0.5364284150482499
2017-01-18,BIL.N0000,1.18695596,1.18695596,1.18695596,1.18695596,107607,tradingview_cselk_fallback,0.0,0.0,0.0,164741.45,0.6531871608511397
2017-01-19,BIL.N0000,1.09565165,1.18695596,1.09565165,1.09565165,31183,tradingview_cselk_fallback,-0.07692308145956817,-0.08004271258806862,0.0833333386574099,166295.1,0.18751604827803103
2017-01-23,BIL.N0000,1.18695596,1.18695596,1.18695596,1.18695596,11054,tradingview_cselk_fallback,0.08333333865741,0.08004271258806872,0.0,165196.35,0.06691431136341693
2017-01-24,BIL.N0000,1.27826026,1.27826026,1.18695596,1.18695596,35049,tradingview_cselk_fallback,0.0,0.0,0.07692307303465581,157439.75,0.22261849374125658
2017-01-25,BIL.N0000,1.27826026,1.27826026,1.18695596,1.27826026,19907,tradingview_cselk_fallback,0.07692307303465573,0.07410796854304505,0.07142856807580016,125169.95,0.1590397695293479
2017-01-26,BIL.N0000,1.18695596,1.18695596,1.18695596,1.18695596,54762,tradingview_cselk_fallback,-0.07142856807580011,-0.07410796854304509,0.0,127140.1,0.43072169992000947
2017-01-31,BIL.N0000,1.18695596,1.27826026,1.18695596,1.18695596,135594,tradingview_cselk_fallback,0.0,0.0,0.07692307303465581,132813.6,1.0209346030828168
2017-02-01,BIL.N0000,1.09565165,1.18695596,1.09565165,1.18695596,7448,tradingview_cselk_fallback,0.0,0.0,0.07692308145956818,132802.65,0.05608321821891356
2017-02-03,BIL.N0000,1.18695596,1.18695596,1.09565165,1.18695596,312982,tradingview_cselk_fallback,0.0,0.0,0.07692308145956818,147181.25,2.126507282687163
2017-02-06,BIL.N0000,1.09565165,1.18695596,1.09565165,1.09565165,16319,tradingview_cselk_fallback,-0.07692308145956817,-0.08004271258806862,0.0833333386574099,144394.8,0.11301653522148998
2017-02-08,BIL.N0000,1.18695596,1.18695596,1.09565165,1.18695596,184968,tradingview_cselk_fallback,0.08333333865741,0.08004271258806872,0.07692308145956818,151479.5,1.2210761192108504
2017-02-09,BIL.N0000,1.09565165,1.18695596,1.09565165,1.09565165,55940,tradingview_cselk_fallback,-0.07692308145956817,-0.08004271258806862,0.0833333386574099,151833.85,0.36842904266736304
2017-02-13,BIL.N0000,1.09565165,1.09565165,1.09565165,1.09565165,8871,tradingview_cselk_fallback,0.0,0.0,0.0,150809.8,0.05882243726866557
2017-02-15,BIL.N0000,1.09565165,1.09565165,1.09565165,1.09565165,1752,tradingview_cselk_fallback,0.0,0.0,0.0,145437.35,0.012046424113200631
2017-02-16,BIL.N0000,1.18695596,1.18695596,1.18695596,1.18695596,273810,tradingview_cselk_fallback,0.08333333865741,0.08004271258806872,0.0,157090.65,1.7430063469722736
2017-02-20,BIL.N0000,1.18695596,1.18695596,1.09565165,1.09565165,121761,tradingview_cselk_fallback,-0.07692308145956817,-0.08004271258806862,0.0833333386574099,151042.6,0.8061368117339082
2017-02-22,BIL.N0000,1.09565165,1.18695596,1.09565165,1.18695596,468121,tradingview_cselk_fallback,0.08333333865741,0.08004271258806872,0.07692308145956818,168688.9,2.775055145892824
2017-02-27,BIL.N0000,1.09565165,1.09565165,1.09565165,1.09565165,509287,tradingview_cselk_fallback,-0.07692308145956817,-0.08004271258806862,0.0,166218.05,3.0639692861274694
2017-02-28,BIL.N0000,1.18695596,1.18695596,1.09565165,1.09565165,2192,tradingview_cselk_fallback,0.0,0.0,0.0833333386574099,122205.95,0.017936933512648117
2017-03-02,BIL.N0000,1.09565165,1.09565165,1.09565165,1.09565165,158480,tradingview_cselk_fallback,0.0,0.0,0.0,125854.35,1.2592333916149898
2017-03-03,BIL.N0000,1.09565165,1.18695596,1.09565165,1.09565165,26785,tradingview_cselk_fallback,0.0,0.0,0.0833333386574099,121813.25,0.21988576776335908
2017-03-06,BIL.N0000,1.09565165,1.09565165,1.09565165,1.09565165,2190,tradingview_cselk_fallback,0.0,0.0,0.0,120363.6,0.018194869545277808
2017-03-07,BIL.N0000,1.09565165,1.09565165,1.09565165,1.09565165,40195,tradingview_cselk_fallback,0.0,0.0,0.0,121820.65,0.3299522699969176
2017-03-08,BIL.N0000,1.18695596,1.18695596,1.18695596,1.18695596,549,tradingview_cselk_fallback,0.08333333865741,0.08004271258806872,0.0,120095.65,0.004571356248123892
2017-03-09,BIL.N0000,1.09565165,1.18695596,1.09565165,1.09565165,13313,tradingview_cselk_fallback,-0.07692308145956817,-0.08004271258806862,0.0833333386574099,119765.95,0.11115847200310272
2017-03-13,BIL.N0000,1.09565165,1.09565165,1.09565165,1.09565165,767,tradingview_cselk_fallback,0.0,0.0,0.0,117066.2,0.006551848441309276
2017-03-15,BIL.N0000,1.09565165,1.18695596,1.09565165,1.18695596,15996,tradingview_cselk_fallback,0.08333333865741,0.08004271258806872,0.07692308145956818,111086.3,0.1439961543412644
2017-03-16,BIL.N0000,1.09565165,1.09565165,1.09565165,1.09565165,88714,tradingview_cselk_fallback,-0.07692308145956817,-0.08004271258806862,0.0,115149.6,0.7704238659969291
2017-03-17,BIL.N0000,1.09565165,1.09565165,1.09565165,1.09565165,137342,tradingview_cselk_fallback,0.0,0.0,0.0,106367.6,1.2912014560824912
2017-03-20,BIL.N0000,1.18695596,1.18695596,1.18695596,1.18695596,614445,tradingview_cselk_fallback,0.08333333865741,0.08004271258806872,0.0,136273.9,4.508897154921082
2017-03-21,BIL.N0000,1.18695596,1.18695596,1.18695596,1.18695596,209055,tradingview_cselk_fallback,0.0,0.0,0.0,137478.25,1.520640537685052
2017-03-22,BIL.N0000,1.18695596,1.18695596,1.18695596,1.18695596,7667,tradingview_cselk_fallback,0.0,0.0,0.0,135064.6,0.056765429283468796
2017-03-24,BIL.N0000,1.18695596,1.18695596,1.18695596,1.18695596,1035538,tradingview_cselk_fallback,0.0,0.0,0.0,186397.95,5.55552247221603
2017-03-28,BIL.N0000,1.18695596,1.27826026,1.18695596,1.18695596,312581,tradingview_cselk_fallback,0.0,0.0,0.07692307303465581,201939.4,1.5478950615877833
2017-03-30,BIL.N0000,1.18695596,1.27826026,1.18695596,1.27826026,4963015,tradingview_cselk_fallback,0.07692307303465573,0.07410796854304505,0.07142856807580016,436399.65,11.372637443682642
2017-04-03,BIL.N0000,1.27826026,1.36956457,1.27826026,1.27826026,19180,tradingview_cselk_fallback,0.0,0.0,0.07142857589893327,431270.6,0.04447323791605549
2017-04-04,BIL.N0000,1.18695596,1.27826026,1.18695596,1.18695596,61607,tradingview_cselk_fallback,-0.07142856807580011,-0.07410796854304509,0.07692307303465581,410944.9,0.14991547528634616
2017-04-05,BIL.N0000,1.27826026,1.27826026,1.27826026,1.27826026,274,tradingview_cselk_fallback,0.07692307303465573,0.07410796854304505,0.0,385494.25,0.0007107758416630079
2017-04-06,BIL.N0000,1.18695596,1.27826026,1.18695596,1.27826026,2683,tradingview_cselk_fallback,0.0,0.0,0.07142856807580016,385518.8,0.006959453079849803
2017-04-07,BIL.N0000,1.27826026,1.27826026,1.27826026,1.27826026,623811,tradingview_cselk_fallback,0.0,0.0,0.0,408785.35,1.5260111449688694
2017-04-11,BIL.N0000,1.27826026,1.27826026,1.27826026,1.27826026,8871,tradingview_cselk_fallback,0.0,0.0,0.0,407889.65,0.021748529289723335
2017-04-12,BIL.N0000,1.27826026,1.55217317,1.27826026,1.55217317,3400727,tradingview_cselk_fallback,0.21428571205053348,0.19415601260022033,0.176470586719393,577816.5,5.885479213556553
2017-04-17,BIL.N0000,1.64347748,1.64347748,1.46086887,1.46086887,1811864,tradingview_cselk_fallback,-0.05882352675893765,-0.0606246189978061,0.12500000085565513,666399.95,2.7188837574192495
2017-04-18,BIL.N0000,1.46086887,1.55217317,1.46086887,1.46086887,1287335,tradingview_cselk_fallback,0.0,0.0,0.062499997005206906,730739.25,1.7616885913819464
2017-04-19,BIL.N0000,1.46086887,1.64347748,1.46086887,1.46086887,1644807,tradingview_cselk_fallback,0.0,0.0,0.12500000085565513,812313.95,2.0248415037067873
2017-04-20,BIL.N0000,1.55217317,1.55217317,1.46086887,1.46086887,2481261,tradingview_cselk_fallback,0.0,0.0,0.062499997005206906,936338.65,2.649961101146471
2017-04-21,BIL.N0000,1.46086887,1.55217317,1.46086887,1.46086887,248963,tradingview_cselk_fallback,0.0,0.0,0.062499997005206906,947987.0,0.26262279967974245
2017-04-24,BIL.N0000,1.46086887,1.55217317,1.46086887,1.55217317,1092073,tradingview_cselk_fallback,0.06249999700520692,0.06062461899780606,0.0588235267589376,998154.95,1.0940916538058545
2017-04-25,BIL.N0000,1.46086887,1.46086887,1.46086887,1.46086887,166736,tradingview_cselk_fallback,-0.05882352675893765,-0.0606246189978061,0.0,999624.65,0.16679860785745929
2017-04-27,BIL.N0000,1.36956457,1.46086887,1.36956457,1.46086887,495076,tradingview_cselk_fallback,0.0,0.0,0.062499997005206906,993656.2,0.49823671406669634
2017-04-28,BIL.N0000,1.46086887,1.55217317,1.46086887,1.55217317,1993846,tradingview_cselk_fallback,0.06249999700520692,0.06062461899780606,0.0588235267589376,1082895.75,1.841216940781234
2017-05-02,BIL.N0000,1.55217317,1.55217317,1.46086887,1.55217317,1326999,tradingview_cselk_fallback,0.0,0.0,0.0588235267589376,1148862.35,1.1550548244530774
2017-05-03,BIL.N0000,1.55217317,1.55217317,1.46086887,1.55217317,74319,tradingview_cselk_fallback,0.0,0.0,0.0588235267589376,1100801.4,0.06751354058961045
2017-05-05,BIL.N0000,1.55217317,1.73478178,1.55217317,1.64347748,2413577,tradingview_cselk_fallback,0.058823533201517675,0.057158417419159745,0.1111111117871843,1205851.2,2.0015545865028788
2017-05-08,BIL.N0000,1.64347748,1.64347748,1.64347748,1.64347748,1196653,tradingview_cselk_fallback,0.0,0.0,0.0,1017533.1,1.1760334872644438
2017-05-09,BIL.N0000,1.64347748,1.64347748,1.64347748,1.64347748,164149,tradingview_cselk_fallback,0.0,0.0,0.0,1024781.55,0.16017950362201583
2017-05-12,BIL.N0000,1.64347748,1.64347748,1.64347748,1.64347748,1806905,tradingview_cselk_fallback,0.0,0.0,0.0,1112046.45,1.624846695927135
2017-05-15,BIL.N0000,1.64347748,1.64347748,1.64347748,1.64347748,403705,tradingview_cselk_fallback,0.0,0.0,0.0,1132218.0,0.3565611922792254
2017-05-16,BIL.N0000,1.64347748,1.82608609,1.64347748,1.82608609,22036650,tradingview_cselk_fallback,0.11111111178718436,0.10536051626629223,0.10000000054761927,2233916.35,9.86458154532062
2017-05-17,BIL.N0000,1.73478178,1.82608609,1.73478178,1.73478178,781211,tradingview_cselk_fallback,-0.05000000301190621,-0.05129329755797813,0.052631582284660576,2241786.35,0.34847700807884746
2017-05-18,BIL.N0000,1.82608609,1.82608609,1.73478178,1.73478178,602742,tradingview_cselk_fallback,0.0,0.0,0.052631582284660576,2271479.9,0.26535211691725735
2017-05-19,BIL.N0000,1.73478178,2.099999,1.73478178,2.099999,25901397,tradingview_cselk_fallback,0.21052631760981488,0.19105523826646936,0.17391304472049743,3396513.4,7.625878054831169
2017-05-22,BIL.N0000,2.099999,2.099999,1.91739039,2.0086947,803402,tradingview_cselk_fallback,-0.04347825879917089,-0.04445176040633068,0.09090909136166883,3346090.3,0.2401017091499294
2017-05-23,BIL.N0000,2.0086947,2.0086947,1.91739039,1.91739039,576402,tradingview_cselk_fallback,-0.04545454817001304,-0.046520018479668426,0.047619050599288726,3310543.65,0.17411098023129826
2017-05-24,BIL.N0000,1.91739039,2.099999,1.91739039,2.0086947,1509814,tradingview_cselk_fallback,0.04761905059928884,0.04652001847966856,0.09090909136166883,3303794.0,0.4569939893346861
2017-05-25,BIL.N0000,2.0086947,2.1913033,2.0086947,2.1913033,2973785,tradingview_cselk_fallback,0.09090908638331152,0.08701137284099865,0.08333332953042147,3328420.2,0.8934523952234156
2017-05-26,BIL.N0000,2.099999,2.1913033,2.099999,2.1913033,699990,tradingview_cselk_fallback,0.0,0.0,0.041666664765210734,3350971.55,0.20889165710762303
2017-05-29,BIL.N0000,2.1913033,2.28260761,2.099999,2.28260761,3473825,tradingview_cselk_fallback,0.041666669328704886,0.040821997075811814,0.08000000052571452,3470059.15,1.0010852408668596
2017-05-30,BIL.N0000,2.1913033,2.1913033,2.099999,2.1913033,2403069,tradingview_cselk_fallback,-0.04000000245333446,-0.04082199707581186,0.041666664765210734,3581875.8,0.6708967965890945
2017-05-31,BIL.N0000,2.1913033,2.1913033,2.099999,2.1913033,774490,tradingview_cselk_fallback,0.0,0.0,0.041666664765210734,3595846.5,0.21538461110617485
2017-06-01,BIL.N0000,2.1913033,2.37391191,2.1913033,2.1913033,7854068,tradingview_cselk_fallback,0.0,0.0,0.08333333409391569,3888857.6,2.01963373511028
2017-06-02,BIL.N0000,2.1913033,2.55652052,2.1913033,2.46521622,11337965,tradingview_cselk_fallback,0.12500000342262063,0.1177830386987129,0.14814814904957907,4389405.9,2.5830295165912998
2017-06-05,BIL.N0000,2.55652052,2.73912913,2.37391191,2.37391191,18831270,tradingview_cselk_fallback,-0.037037039290614415,-0.037740330323100466,0.1538461551422942,5327253.45,3.534892825495284
2017-06-06,BIL.N0000,2.46521622,2.55652052,2.28260761,2.55652052,2964700,tradingview_cselk_fallback,0.07692307757114714,0.07410797275550136,0.1071428560252667,5354809.6,0.5536518049119805
2017-06-07,BIL.N0000,2.55652052,2.73912913,2.55652052,2.55652052,6462615,tradingview_cselk_fallback,0.0,0.0,0.07142857198736663,5618107.7,1.1503188164228322
2017-06-09,BIL.N0000,2.64782483,2.64782483,2.46521622,2.46521622,253541,tradingview_cselk_fallback,-0.03571428403790011,-0.03636764243240089,0.07407407452478953,5622577.3,0.04509337737339778
2017-06-12,BIL.N0000,2.55652052,2.64782483,2.55652052,2.55652052,1869373,tradingview_cselk_fallback,0.03703703523417512,0.03636764243240086,0.035714287949466544,5625700.7,0.33229158458429897
2017-06-13,BIL.N0000,2.55652052,2.64782483,2.46521622,2.55652052,1768631,tradingview_cselk_fallback,0.0,0.0,0.07142857198736663,5693947.0,0.31061599273755097
2017-06-14,BIL.N0000,2.46521622,2.64782483,2.46521622,2.55652052,1362970,tradingview_cselk_fallback,0.0,0.0,0.07142857198736663,4660263.0,0.29246632647127424
2017-06-15,BIL.N0000,2.55652052,2.64782483,2.55652052,2.55652052,2031406,tradingview_cselk_fallback,0.0,0.0,0.035714287949466544,4722772.75,0.4301299485561739
2017-06-16,BIL.N0000,2.55652052,2.64782483,2.46521622,2.55652052,2287544,tradingview_cselk_fallback,0.0,0.0,0.07142857198736663,4807012.85,0.4758764062800457
2017-06-19,BIL.N0000,2.55652052,2.73912913,2.55652052,2.64782483,3684200,tradingview_cselk_fallback,0.03571428794946652,0.035091321969375706,0.06896551763207083,3696153.0,0.9967660970744447
2017-06-20,BIL.N0000,2.55652052,2.64782483,2.55652052,2.55652052,127050,tradingview_cselk_fallback,-0.034482760704377835,-0.03509132196937572,0.035714287949466544,3662335.4,0.03469097887648412
2017-06-21,BIL.N0000,2.55652052,2.55652052,2.55652052,2.55652052,592160,tradingview_cselk_fallback,0.0,0.0,0.0,3663123.3,0.1616544002217998
2017-06-22,BIL.N0000,2.55652052,2.55652052,2.55652052,2.55652052,903792,tradingview_cselk_fallback,0.0,0.0,0.0,3632822.2,0.2487850905557668
2017-06-23,BIL.N0000,2.55652052,2.73912913,2.55652052,2.64782483,4893870,tradingview_cselk_fallback,0.03571428794946652,0.035091321969375706,0.06896551763207083,3728826.45,1.3124424173723612
2017-06-27,BIL.N0000,2.64782483,2.73912913,2.64782483,2.64782483,1081187,tradingview_cselk_fallback,0.0,0.0,0.03448275692769299,3747886.3,0.2884791355596887
2017-06-28,BIL.N0000,2.64782483,2.64782483,2.64782483,2.64782483,2212083,tradingview_cselk_fallback,0.0,0.0,0.0,3684799.2,0.6003266066709958
2017-06-29,BIL.N0000,2.64782483,2.73912913,2.64782483,2.64782483,1173957,tradingview_cselk_fallback,0.0,0.0,0.03448275692769299,3623343.6,0.32399825398838794
2017-06-30,BIL.N0000,2.64782483,2.83043343,2.64782483,2.73912913,8453599,tradingview_cselk_fallback,0.03448275692769309,0.033901550039118,0.06666666350264401,4007299.05,2.1095503216811333
2017-07-03,BIL.N0000,2.83043343,3.01304204,2.73912913,2.92173774,7740049,tradingview_cselk_fallback,0.0666666671534395,0.0645385215939207,0.09374999893043116,4001598.1,1.9342394729745598
2017-07-04,BIL.N0000,2.92173774,3.19565065,2.92173774,3.10434635,13938883,tradingview_cselk_fallback,0.06250000042782755,0.060624622219096064,0.08823529307546496,4131644.0,3.3736892626760677
2017-07-05,BIL.N0000,3.19565065,3.19565065,2.92173774,3.01304204,2300701,tradingview_cselk_fallback,-0.029411766506014958,-0.029852965004363234,0.090909090003935,3305115.55,0.6961030454744616
2017-07-06,BIL.N0000,3.01304204,3.19565065,3.01304204,3.10434635,3848865,tradingview_cselk_fallback,0.030303032213914838,0.0298529650043632,0.05882352979073999,3349323.8,1.1491468815287433
2017-07-07,BIL.N0000,3.19565065,3.19565065,3.10434635,3.10434635,6273480,tradingview_cselk_fallback,0.0,0.0,0.02941176328472498,3339867.05,1.8783621940879354
2017-07-10,BIL.N0000,3.19565065,3.19565065,3.10434635,3.10434635,2681310,tradingview_cselk_fallback,0.0,0.0,0.02941176328472498,3461255.5,0.7746639911442539
2017-07-11,BIL.N0000,3.19565065,3.19565065,2.92173774,3.10434635,3062063,tradingview_cselk_fallback,0.0,0.0,0.08823529307546496,3520890.0,0.8696843695770103
2017-07-12,BIL.N0000,3.01304204,3.10434635,3.01304204,3.01304204,645691,tradingview_cselk_fallback,-0.029411766506014958,-0.029852965004363234,0.030303032213914925,3464743.0,0.18636043135089672
2017-07-13,BIL.N0000,3.01304204,3.10434635,3.01304204,3.01304204,467943,tradingview_cselk_fallback,0.0,0.0,0.030303032213914925,3419991.65,0.1368257726594157
2017-07-14,BIL.N0000,3.01304204,3.10434635,3.01304204,3.01304204,773290,tradingview_cselk_fallback,0.0,0.0,0.030303032213914925,3357085.85,0.2303456135922172
2017-07-17,BIL.N0000,3.01304204,3.01304204,2.92173774,2.92173774,1608041,tradingview_cselk_fallback,-0.03030302889501002,-0.030771657214732774,0.031249998502603453,3323110.7,0.48389630835951386
2017-07-18,BIL.N0000,2.92173774,3.10434635,2.92173774,3.01304204,1094039,tradingview_cselk_fallback,0.03124999850260335,0.03077165721473269,0.06060606110892496,3193602.65,0.3425720479033295
2017-07-19,BIL.N0000,3.01304204,3.10434635,2.92173774,3.10434635,886861,tradingview_cselk_fallback,0.030303032213914838,0.0298529650043632,0.05882352979073999,3231593.2,0.274434603959434
2017-07-20,BIL.N0000,3.10434635,3.10434635,2.92173774,3.01304204,197911,tradingview_cselk_fallback,-0.029411766506014958,-0.029852965004363234,0.06060606110892496,3211880.75,0.06161841469363394
2017-07-21,BIL.N0000,3.01304204,3.01304204,2.92173774,3.01304204,709151,tradingview_cselk_fallback,0.0,0.0,0.03030302889501004,3202148.7,0.22146098337032255
2017-07-24,BIL.N0000,3.01304204,3.01304204,2.92173774,2.92173774,77302,tradingview_cselk_fallback,-0.03030302889501002,-0.030771657214732774,0.031249998502603453,2961320.3,0.026103896967849104
2017-07-25,BIL.N0000,2.92173774,2.92173774,2.73912913,2.92173774,1188928,tradingview_cselk_fallback,0.0,0.0,0.06250000042782772,2966707.35,0.40075675142005496
2017-07-26,BIL.N0000,2.92173774,3.01304204,2.83043343,2.92173774,366345,tradingview_cselk_fallback,0.0,0.0,0.06250000042782772,2874420.45,0.12745003953753528
2017-07-27,BIL.N0000,2.92173774,3.01304204,2.83043343,2.92173774,381910,tradingview_cselk_fallback,0.0,0.0,0.06250000042782772,2834818.1,0.13472116606000223
2017-07-28,BIL.N0000,2.83043343,2.92173774,2.83043343,2.92173774,199841,tradingview_cselk_fallback,0.0,0.0,0.031250001925224265,2422130.2,0.0825062996200617
2017-07-31,BIL.N0000,2.83043343,2.92173774,2.83043343,2.92173774,946527,tradingview_cselk_fallback,0.0,0.0,0.031250001925224265,2082454.1,0.4545247840036426
2017-08-01,BIL.N0000,2.73912913,2.92173774,2.73912913,2.83043343,111126,tradingview_cselk_fallback,-0.03125000192522431,-0.03174870030190863,0.0645161296021014,1391066.25,0.07988548352747397
2017-08-02,BIL.N0000,2.83043343,2.83043343,2.73912913,2.73912913,35486,tradingview_cselk_fallback,-0.03225806303453671,-0.03278982129201214,0.033333331751322005,1277805.5,0.027771049662879053
2017-08-03,BIL.N0000,2.73912913,2.92173774,2.73912913,2.83043343,117223,tradingview_cselk_fallback,0.033333331751322026,0.03278982129201218,0.0645161296021014,1091223.4,0.10742346617567036
2017-08-04,BIL.N0000,2.92173774,2.92173774,2.83043343,2.83043343,672335,tradingview_cselk_fallback,0.0,0.0,0.03225806656756467,811166.15,0.8288499218070182
2017-08-08,BIL.N0000,2.83043343,2.83043343,2.73912913,2.83043343,142601,tradingview_cselk_fallback,0.0,0.0,0.03225806303453673,684230.7,0.20841070124447794
2017-08-09,BIL.N0000,2.73912913,2.83043343,2.64782483,2.73912913,909449,tradingview_cselk_fallback,-0.03225806303453671,-0.03278982129201214,0.06666666350264401,576600.0,1.5772615331252169
2017-08-10,BIL.N0000,2.73912913,2.83043343,2.64782483,2.73912913,350016,tradingview_cselk_fallback,0.0,0.0,0.06666666350264401,561816.25,0.6230079674626713
2017-08-11,BIL.N0000,2.73912913,2.73912913,2.64782483,2.73912913,245598,tradingview_cselk_fallback,0.0,0.0,0.033333331751322005,550699.0,0.44597502446890225
2017-08-14,BIL.N0000,2.73912913,2.83043343,2.64782483,2.64782483,295339,tradingview_cselk_fallback,-0.033333331751322026,-0.03390155003911793,0.06896551385538598,526801.45,0.5606267788366947
2017-08-15,BIL.N0000,2.64782483,2.73912913,2.64782483,2.64782483,28030,tradingview_cselk_fallback,0.0,0.0,0.03448275692769299,447800.9,0.06259478263665838
2017-08-16,BIL.N0000,2.73912913,2.83043343,2.64782483,2.73912913,411187,tradingview_cselk_fallback,0.03448275692769309,0.033901550039118,0.06666666350264401,413658.3,0.9940257454038757
2017-08-17,BIL.N0000,2.64782483,2.83043343,2.64782483,2.83043343,1316770,tradingview_cselk_fallback,0.033333331751322026,0.03278982129201218,0.06451612606907346,435153.75,3.0259879410438266
2017-08-18,BIL.N0000,2.83043343,2.92173774,2.73912913,2.83043343,1678520,tradingview_cselk_fallback,0.0,0.0,0.0645161296021014,509184.2,3.296488775574733
2017-08-21,BIL.N0000,2.83043343,2.92173774,2.73912913,2.83043343,1106672,tradingview_cselk_fallback,0.0,0.0,0.0645161296021014,529060.25,2.0917693211689974
2017-08-22,BIL.N0000,2.73912913,2.83043343,2.73912913,2.73912913,1539302,tradingview_cselk_fallback,-0.03225806303453671,-0.03278982129201214,0.033333331751322005,602160.25,2.556299589685636
2017-08-23,BIL.N0000,2.64782483,2.83043343,2.64782483,2.73912913,904014,tradingview_cselk_fallback,0.0,0.0,0.06666666350264401,587914.55,1.5376622333976935
2017-08-24,BIL.N0000,2.73912913,2.73912913,2.64782483,2.64782483,76230,tradingview_cselk_fallback,-0.033333331751322026,-0.03390155003911793,0.03448275692769299,573408.8,0.13294180347424037
2017-08-25,BIL.N0000,2.73912913,2.92173774,2.73912913,2.83043343,1162383,tradingview_cselk_fallback,0.06896551385538596,0.06669137133113005,0.0645161296021014,612432.45,1.8979774830677245
2017-08-28,BIL.N0000,2.92173774,3.01304204,2.83043343,2.92173774,629334,tradingview_cselk_fallback,0.03225806656756469,0.03174870030190859,0.06250000042782772,633907.1,0.9927858514283876
2017-08-29,BIL.N0000,2.83043343,3.01304204,2.83043343,2.83043343,440881,tradingview_cselk_fallback,-0.03125000192522431,-0.03174870030190863,0.0645161296021014,608624.8,0.724388818858515
2017-08-30,BIL.N0000,2.83043343,2.92173774,2.73912913,2.83043343,106574,tradingview_cselk_fallback,0.0,0.0,0.0645161296021014,608397.2,0.17517174635254734
2017-08-31,BIL.N0000,2.83043343,2.83043343,2.73912913,2.73912913,304977,tradingview_cselk_fallback,-0.03225806303453671,-0.03278982129201214,0.033333331751322005,621871.75,0.4904178393696128
2017-09-04,BIL.N0000,2.83043343,2.83043343,2.73912913,2.73912913,779933,tradingview_cselk_fallback,0.0,0.0,0.033333331751322005,655007.25,1.1907242248081986
2017-09-06,BIL.N0000,2.83043343,2.83043343,2.64782483,2.73912913,141193,tradingview_cselk_fallback,0.0,0.0,0.06666666350264401,628450.15,0.224668575542547
2017-09-07,BIL.N0000,2.64782483,2.92173774,2.64782483,2.83043343,1331731,tradingview_cselk_fallback,0.033333331751322026,0.03278982129201218,0.09677419263663814,687906.65,1.9359181947143553
2017-09-08,BIL.N0000,2.83043343,3.10434635,2.83043343,3.10434635,5412290,tradingview_cselk_fallback,0.09677419616966598,0.09237332252100472,0.08823529629675514,913048.7,5.927712289607334
2017-09-11,BIL.N0000,3.01304204,3.10434635,3.01304204,3.01304204,733290,tradingview_cselk_fallback,-0.029411766506014958,-0.029852965004363234,0.030303032213914925,932212.4,0.7866125788500561
2017-09-12,BIL.N0000,3.01304204,3.10434635,3.01304204,3.01304204,636532,tradingview_cselk_fallback,0.0,0.0,0.030303032213914925,951759.1,0.6687952865383688
2017-09-13,BIL.N0000,3.01304204,3.01304204,2.92173774,3.01304204,332388,tradingview_cselk_fallback,0.0,0.0,0.03030302889501004,953611.55,0.348557019889283
2017-09-14,BIL.N0000,2.92173774,3.01304204,2.92173774,2.92173774,473601,tradingview_cselk_fallback,-0.03030302889501002,-0.030771657214732774,0.031249998502603453,975890.1,0.4853015723799227
2017-09-15,BIL.N0000,2.92173774,3.01304204,2.92173774,3.01304204,1432365,tradingview_cselk_fallback,0.03124999850260335,0.03077165721473269,0.03030302889501004,1026949.0,1.3947771505693076
2017-09-18,BIL.N0000,3.01304204,3.01304204,2.83043343,3.01304204,133512,tradingview_cselk_fallback,0.0,0.0,0.060606061108925115,967786.1,0.1379561041432606
2017-09-19,BIL.N0000,2.83043343,3.01304204,2.83043343,3.01304204,381001,tradingview_cselk_fallback,0.0,0.0,0.060606061108925115,902910.15,0.4219700044351035
2017-09-20,BIL.N0000,2.92173774,3.01304204,2.83043343,2.92173774,105854,tradingview_cselk_fallback,-0.03030302889501002,-0.030771657214732774,0.06250000042782772,852869.25,0.12411515598668846
2017-09-21,BIL.N0000,2.92173774,2.92173774,2.83043343,2.92173774,107769,tradingview_cselk_fallback,0.0,0.0,0.031250001925224265,781292.6,0.13793679858224692
2017-09-22,BIL.N0000,2.92173774,3.01304204,2.83043343,2.92173774,64915,tradingview_cselk_fallback,0.0,0.0,0.06250000042782772,739337.65,0.08780156130287697
2017-09-25,BIL.N0000,2.92173774,2.92173774,2.73912913,2.73912913,742441,tradingview_cselk_fallback,-0.06250000042782766,-0.06453852159392068,0.06666666715343954,772648.2,0.9609043287747258
2017-09-26,BIL.N0000,2.73912913,2.92173774,2.73912913,2.73912913,81221,tradingview_cselk_fallback,0.0,0.0,0.06666666715343954,718590.1,0.11302827578615403
2017-09-27,BIL.N0000,2.73912913,3.10434635,2.73912913,3.10434635,4738149,tradingview_cselk_fallback,0.133333334306879,0.12516314381301688,0.11764705958148011,924030.85,5.127695682454758
2017-09-28,BIL.N0000,3.10434635,3.19565065,2.92173774,3.01304204,3147273,tradingview_cselk_fallback,-0.029411766506014958,-0.029852965004363234,0.090909090003935,1059350.45,2.970946016967284
2017-09-29,BIL.N0000,2.92173774,3.01304204,2.83043343,2.92173774,860396,tradingview_cselk_fallback,-0.03030302889501002,-0.030771657214732774,0.06250000042782772,1097041.55,0.7842875231115904
2017-10-02,BIL.N0000,2.92173774,3.10434635,2.92173774,2.92173774,1788737,tradingview_cselk_fallback,0.0,0.0,0.06250000042782757,1171229.55,1.5272300805593575
2017-10-03,BIL.N0000,2.92173774,3.01304204,2.92173774,2.92173774,384183,tradingview_cselk_fallback,0.0,0.0,0.031249998502603453,1151442.05,0.33365378657136935
2017-10-04,BIL.N0000,3.01304204,3.01304204,2.92173774,3.01304204,655466,tradingview_cselk_fallback,0.03124999850260335,0.03077165721473269,0.03030302889501004,1177155.7,0.5568218375869904
2017-10-06,BIL.N0000,2.92173774,3.01304204,2.92173774,2.92173774,192774,tradingview_cselk_fallback,-0.03030302889501002,-0.030771657214732774,0.031249998502603453,1120207.85,0.1720877067590626
2017-10-09,BIL.N0000,2.92173774,2.92173774,2.83043343,2.92173774,159839,tradingview_cselk_fallback,0.0,0.0,0.031250001925224265,857585.3,0.18638262572830946
2017-10-10,BIL.N0000,2.83043343,2.92173774,2.83043343,2.92173774,498481,tradingview_cselk_fallback,0.0,0.0,0.031250001925224265,845844.85,0.5893291186912115
2017-10-11,BIL.N0000,2.83043343,3.01304204,2.83043343,3.01304204,245548,tradingview_cselk_fallback,0.03124999850260335,0.03077165721473269,0.060606061108925115,826295.65,0.29716724274174744
2017-10-12,BIL.N0000,3.01304204,3.01304204,2.83043343,2.92173774,396502,tradingview_cselk_fallback,-0.03030302889501002,-0.030771657214732774,0.06250000042782772,829501.35,0.47800042760629624
2017-10-13,BIL.N0000,2.92173774,2.92173774,2.83043343,2.92173774,119535,tradingview_cselk_fallback,0.0,0.0,0.031250001925224265,811798.05,0.1472472125302592
2017-10-16,BIL.N0000,2.92173774,3.01304204,2.92173774,2.92173774,616608,tradingview_cselk_fallback,0.0,0.0,0.031249998502603453,771010.2,0.799740392539554
2017-10-19,BIL.N0000,2.92173774,2.92173774,2.92173774,2.92173774,24424,tradingview_cselk_fallback,0.0,0.0,0.0,765555.8,0.03190361826009286
2017-10-20,BIL.N0000,2.92173774,2.92173774,2.83043343,2.83043343,193878,tradingview_cselk_fallback,-0.03125000192522431,-0.03174870030190863,0.03225806656756467,756199.65,0.25638467301591583
2017-10-23,BIL.N0000,2.83043343,2.92173774,2.83043343,2.83043343,457504,tradingview_cselk_fallback,0.0,0.0,0.03225806656756467,773782.15,0.5912568544001693
2017-10-24,BIL.N0000,2.83043343,2.92173774,2.83043343,2.83043343,949981,tradingview_cselk_fallback,0.0,0.0,0.03225806656756467,815892.75,1.1643454363333907
2017-10-25,BIL.N0000,2.92173774,2.92173774,2.73912913,2.73912913,132855,tradingview_cselk_fallback,-0.03225806303453671,-0.03278982129201214,0.06666666715343954,819289.75,0.16215874786667353
2017-10-26,BIL.N0000,2.83043343,2.92173774,2.73912913,2.83043343,82801,tradingview_cselk_fallback,0.033333331751322026,0.03278982129201218,0.0645161296021014,786307.75,0.10530355322073323
2017-10-27,BIL.N0000,2.83043343,2.83043343,2.73912913,2.73912913,80630,tradingview_cselk_fallback,-0.03225806303453671,-0.03278982129201214,0.033333331751322005,786278.2,0.10254640151539239
2017-10-30,BIL.N0000,2.92173774,2.92173774,2.73912913,2.83043343,402477,tradingview_cselk_fallback,0.033333331751322026,0.03278982129201218,0.0645161296021014,569494.6,0.7067266309461055
2017-10-31,BIL.N0000,2.73912913,2.83043343,2.73912913,2.83043343,2149101,tradingview_cselk_fallback,0.0,0.0,0.03225806303453673,519586.0,4.136179573737553
2017-11-01,BIL.N0000,2.83043343,2.83043343,2.73912913,2.73912913,98305,tradingview_cselk_fallback,-0.03225806303453671,-0.03278982129201214,0.033333331751322005,481481.45,0.20417193642662662
2017-11-02,BIL.N0000,2.83043343,2.83043343,2.73912913,2.73912913,2038,tradingview_cselk_fallback,0.0,0.0,0.033333331751322005,392146.5,0.005197037331711491
2017-11-06,BIL.N0000,2.83043343,2.83043343,2.73912913,2.73912913,124748,tradingview_cselk_fallback,0.0,0.0,0.033333331751322005,379174.75,0.32899870046726476
2017-11-07,BIL.N0000,2.83043343,2.83043343,2.73912913,2.73912913,55513,tradingview_cselk_fallback,0.0,0.0,0.033333331751322005,349177.1,0.15898236167262975
2017-11-08,BIL.N0000,2.73912913,2.83043343,2.73912913,2.73912913,398679,tradingview_cselk_fallback,0.0,0.0,0.033333331751322005,359472.35,1.1090672203300198
2017-11-09,BIL.N0000,2.73912913,2.73912913,2.64782483,2.73912913,13165,tradingview_cselk_fallback,0.0,0.0,0.033333331751322005,352138.65,0.03738584219596457
2017-11-10,BIL.N0000,2.73912913,2.73912913,2.73912913,2.73912913,11746,tradingview_cselk_fallback,0.0,0.0,0.0,327801.9,0.03583261719959524
2017-11-14,BIL.N0000,2.64782483,2.64782483,2.64782483,2.64782483,473384,tradingview_cselk_fallback,-0.033333331751322026,-0.03390155003911793,0.0,339193.7,1.3956155435669944
2017-11-16,BIL.N0000,2.64782483,2.64782483,2.46521622,2.55652052,845126,tradingview_cselk_fallback,-0.034482760704377835,-0.03509132196937572,0.07142857198736663,361624.9,2.3370238056063064
2017-11-17,BIL.N0000,2.55652052,2.64782483,2.55652052,2.64782483,38943,tradingview_cselk_fallback,0.03571428794946652,0.035091321969375706,0.03448276070437785,357595.3,0.10890243803539924
2017-11-20,BIL.N0000,2.64782483,2.64782483,2.55652052,2.55652052,133130,tradingview_cselk_fallback,-0.034482760704377835,-0.03509132196937572,0.035714287949466544,333421.4,0.3992845090327135
2017-11-21,BIL.N0000,2.55652052,2.64782483,2.55652052,2.55652052,105986,tradingview_cselk_fallback,0.0,0.0,0.035714287949466544,337499.5,0.31403305782675234
2017-11-22,BIL.N0000,2.55652052,2.64782483,2.55652052,2.64782483,136753,tradingview_cselk_fallback,0.03571428794946652,0.035091321969375706,0.03448276070437785,334643.25,0.40865309549796686
2017-11-23,BIL.N0000,2.55652052,2.55652052,2.55652052,2.55652052,119644,tradingview_cselk_fallback,-0.034482760704377835,-0.03509132196937572,0.0,317750.25,0.37653471555097123
2017-11-24,BIL.N0000,2.55652052,2.55652052,2.46521622,2.46521622,199552,tradingview_cselk_fallback,-0.03571428403790011,-0.03636764243240089,0.03703703523417512,280228.8,0.712103823732607
2017-11-27,BIL.N0000,2.46521622,2.55652052,2.46521622,2.46521622,23659,tradingview_cselk_fallback,0.0,0.0,0.03703703523417512,274769.0,0.08610505551936354
2017-11-28,BIL.N0000,2.46521622,2.46521622,2.46521622,2.46521622,27611,tradingview_cselk_fallback,0.0,0.0,0.0,272009.5,0.10150748411360633
2017-11-29,BIL.N0000,2.46521622,2.55652052,2.46521622,2.55652052,36237,tradingview_cselk_fallback,0.03703703523417512,0.03636764243240086,0.03571428403790008,269789.85,0.13431565346138857
2017-11-30,BIL.N0000,2.46521622,2.55652052,2.46521622,2.46521622,92012,tradingview_cselk_fallback,-0.03571428403790011,-0.03636764243240089,0.03703703523417512,254266.6,0.3618721452208037
2017-12-05,BIL.N0000,2.46521622,2.46521622,2.37391191,2.46521622,336950,tradingview_cselk_fallback,0.0,0.0,0.037037039290614415,163659.05,2.0588534517339556
2017-12-06,BIL.N0000,2.28260761,2.37391191,2.28260761,2.28260761,369698,tradingview_cselk_fallback,-0.07407407452478953,-0.07696104162290102,0.03999999807238004,177228.7,2.085993972759491
2017-12-07,BIL.N0000,2.28260761,2.37391191,2.28260761,2.37391191,119983,tradingview_cselk_fallback,0.03999999807237997,0.039220711299800495,0.038461536679345446,183125.95,0.6551938706666095
2017-12-11,BIL.N0000,2.28260761,2.37391191,2.28260761,2.28260761,88817,tradingview_cselk_fallback,-0.03846153667934549,-0.039220711299800606,0.03999999807238004,181329.4,0.48981025691366104
2017-12-12,BIL.N0000,2.37391191,2.46521622,2.37391191,2.37391191,593425,tradingview_cselk_fallback,0.03999999807237997,0.039220711299800495,0.03846154089180165,208225.0,2.849921959418898
2017-12-14,BIL.N0000,2.46521622,2.46521622,2.46521622,2.46521622,745650,tradingview_cselk_fallback,0.03846154089180165,0.037740330323100466,0.0,225573.55,3.305573725288271
2017-12-15,BIL.N0000,2.46521622,2.55652052,2.46521622,2.46521622,182324,tradingview_cselk_fallback,0.0,0.0,0.03703703523417512,234031.5,0.7790575200346962
2017-12-18,BIL.N0000,2.37391191,2.37391191,2.37391191,2.37391191,5914,tradingview_cselk_fallback,-0.037037039290614415,-0.037740330323100466,0.0,233739.9,0.025301628006172673
2017-12-19,BIL.N0000,2.37391191,2.46521622,2.28260761,2.37391191,143073,tradingview_cselk_fallback,0.0,0.0,0.0769230775711471,217224.35,0.6586416301855662
2017-12-20,BIL.N0000,2.37391191,2.37391191,2.37391191,2.37391191,555,tradingview_cselk_fallback,0.0,0.0,0.0,174995.8,0.0031715046875410726
2017-12-21,BIL.N0000,2.46521622,2.46521622,2.37391191,2.37391191,55241,tradingview_cselk_fallback,0.0,0.0,0.03846154089180165,175810.7,0.3142072695234135
2017-12-22,BIL.N0000,2.37391191,2.46521622,2.37391191,2.37391191,154897,tradingview_cselk_fallback,0.0,0.0,0.03846154089180165,176899.05,0.8756236961136875
2017-12-25,BIL.N0000,2.37391191,2.37391191,2.37391191,2.37391191,42714,tradingview_cselk_fallback,0.0,0.0,0.0,173735.45,0.2458565594989393
2017-12-26,BIL.N0000,2.46521622,2.46521622,2.37391191,2.37391191,1096,tradingview_cselk_fallback,0.0,0.0,0.03846154089180165,166952.6,0.006564737536282753
2017-12-28,BIL.N0000,2.46521622,2.46521622,2.37391191,2.37391191,24095,tradingview_cselk_fallback,0.0,0.0,0.03846154089180165,162175.15,0.14857393379935213
2018-01-02,BIL.N0000,2.46521622,2.46521622,2.37391191,2.46521622,126336,tradingview_cselk_fallback,0.03846154089180165,0.037740330323100466,0.037037039290614415,158514.35,0.7970003977557868
2018-01-04,BIL.N0000,2.46521622,2.46521622,2.37391191,2.37391191,3367,tradingview_cselk_fallback,-0.037037039290614415,-0.037740330323100466,0.03846154089180165,157499.75,0.02137781171081224
2018-01-05,BIL.N0000,2.37391191,2.46521622,2.37391191,2.46521622,202596,tradingview_cselk_fallback,0.03846154089180165,0.037740330323100466,0.037037039290614415,166249.0,1.2186298864955578
2018-01-08,BIL.N0000,2.37391191,2.37391191,2.37391191,2.37391191,1095,tradingview_cselk_fallback,-0.037037039290614415,-0.037740330323100466,0.0,164491.9,0.006656862739137915
2018-01-09,BIL.N0000,2.37391191,2.46521622,2.37391191,2.37391191,73742,tradingview_cselk_fallback,0.0,0.0,0.03846154089180165,163578.4,0.45080524078973755
2018-01-10,BIL.N0000,2.37391191,2.46521622,2.37391191,2.46521622,1425,tradingview_cselk_fallback,0.03846154089180165,0.037740330323100466,0.037037039290614415,146802.15,0.009706942302956736
2018-01-12,BIL.N0000,2.37391191,2.46521622,2.37391191,2.46521622,171773,tradingview_cselk_fallback,0.0,0.0,0.037037039290614415,136905.9,1.2546793089267885
2018-01-15,BIL.N0000,2.37391191,2.37391191,2.28260761,2.28260761,167528,tradingview_cselk_fallback,-0.07407407452478953,-0.07696104162290102,0.03999999807238004,139283.15,1.2027872718272097
2018-01-16,BIL.N0000,2.28260761,2.28260761,2.28260761,2.28260761,3527,tradingview_cselk_fallback,0.0,0.0,0.0,135018.65,0.0261223171761827
2018-01-18,BIL.N0000,2.28260761,2.37391191,2.28260761,2.37391191,132495,tradingview_cselk_fallback,0.03999999807237997,0.039220711299800495,0.038461536679345446,111972.15,1.1832853079984622
2018-01-19,BIL.N0000,2.37391191,2.37391191,2.28260761,2.37391191,37791,tradingview_cselk_fallback,0.0,0.0,0.038461536679345446,76579.2,0.49348909364422716
2018-01-23,BIL.N0000,2.28260761,2.37391191,2.28260761,2.37391191,55454,tradingview_cselk_fallback,0.0,0.0,0.038461536679345446,70235.7,0.7895415009745756
2018-01-24,BIL.N0000,2.28260761,2.28260761,2.28260761,2.28260761,15268,tradingview_cselk_fallback,-0.03846153667934549,-0.039220711299800606,0.0,70703.4,0.21594435345400648
2018-01-25,BIL.N0000,2.28260761,2.28260761,2.28260761,2.28260761,236642,tradingview_cselk_fallback,0.0,0.0,0.0,75381.85,3.1392437304205187
2018-01-26,BIL.N0000,2.28260761,2.28260761,2.28260761,2.28260761,53803,tradingview_cselk_fallback,0.0,0.0,0.0,78044.25,0.6893909544905614
2018-01-30,BIL.N0000,2.28260761,2.37391191,2.28260761,2.28260761,10427,tradingview_cselk_fallback,0.0,0.0,0.03999999807238004,75803.55,0.13755292463215774
2018-01-31,BIL.N0000,2.28260761,2.46521622,2.28260761,2.46521622,72792,tradingview_cselk_fallback,0.08000000052571443,0.07696104162290095,0.07407407452478953,71698.3,1.0152541971009075
2018-02-02,BIL.N0000,2.37391191,2.37391191,2.1913033,2.28260761,685960,tradingview_cselk_fallback,-0.07407407452478953,-0.07696104162290102,0.08000000052571452,103860.6,6.604621964440798
2018-02-06,BIL.N0000,2.37391191,2.37391191,2.37391191,2.37391191,250929,tradingview_cselk_fallback,0.03999999807237997,0.039220711299800495,0.0,116352.25,2.1566321235730292
2018-02-07,BIL.N0000,2.37391191,2.37391191,2.28260761,2.37391191,639510,tradingview_cselk_fallback,0.0,0.0,0.038461536679345446,147123.0,4.346771069105443
2018-02-08,BIL.N0000,2.46521622,2.55652052,2.37391191,2.55652052,745682,tradingview_cselk_fallback,0.07692307757114714,0.07410797275550136,0.07142857198736663,178090.3,4.1871005888585735
2018-02-09,BIL.N0000,2.55652052,2.64782483,2.46521622,2.46521622,811917,tradingview_cselk_fallback,-0.03571428403790011,-0.03636764243240089,0.07407407452478953,218517.8,3.715564590161534
2018-02-12,BIL.N0000,2.46521622,2.55652052,2.37391191,2.46521622,538125,tradingview_cselk_fallback,0.0,0.0,0.07407407452478953,235294.25,2.2870299635456455
2018-02-14,BIL.N0000,2.37391191,2.46521622,2.37391191,2.46521622,418036,tradingview_cselk_fallback,0.0,0.0,0.037037039290614415,256141.3,1.6320523086280894
2018-02-15,BIL.N0000,2.46521622,2.46521622,2.37391191,2.37391191,47216,tradingview_cselk_fallback,-0.037037039290614415,-0.037740330323100466,0.03846154089180165,254815.0,0.1852952141749897
2018-02-16,BIL.N0000,2.37391191,2.37391191,2.37391191,2.37391191,46952,tradingview_cselk_fallback,0.0,0.0,0.0,257091.35,0.18262769245250762
2018-02-19,BIL.N0000,2.37391191,2.46521622,2.37391191,2.37391191,193912,tradingview_cselk_fallback,0.0,0.0,0.03846154089180165,258198.3,0.7510196620194634
2018-02-20,BIL.N0000,2.28260761,2.37391191,2.1913033,2.28260761,751569,tradingview_cselk_fallback,-0.03846153667934549,-0.039220711299800606,0.08000000052571452,287400.35,2.61505944582183
2018-02-21,BIL.N0000,2.28260761,2.28260761,2.1913033,2.1913033,385283,tradingview_cselk_fallback,-0.04000000245333446,-0.04082199707581186,0.04166666932870495,306488.15,1.2570893850219005
2018-02-22,BIL.N0000,2.28260761,2.37391191,2.28260761,2.28260761,24993,tradingview_cselk_fallback,0.041666669328704886,0.040821997075811814,0.03999999807238004,301113.05,0.08300204856614485
2018-02-26,BIL.N0000,2.28260761,2.28260761,2.1913033,2.28260761,372114,tradingview_cselk_fallback,0.0,0.0,0.04000000245333448,317829.2,1.1707986553784233
2018-02-27,BIL.N0000,2.28260761,2.28260761,2.1913033,2.1913033,52163,tradingview_cselk_fallback,-0.04000000245333446,-0.04082199707581186,0.04166666932870495,317664.65,0.16420775808702667
2018-02-28,BIL.N0000,2.28260761,2.28260761,2.1913033,2.28260761,187292,tradingview_cselk_fallback,0.041666669328704886,0.040821997075811814,0.04000000245333448,326265.85,0.5740472072084775
2018-03-02,BIL.N0000,2.28260761,2.28260761,2.099999,2.099999,53475,tradingview_cselk_fallback,-0.08000000052571454,-0.0833816095104799,0.08695652236024871,317107.5,0.16863366523970577
2018-03-05,BIL.N0000,2.099999,2.37391191,2.099999,2.28260761,223165,tradingview_cselk_fallback,0.08695652236024864,0.0833816095104798,0.11999999859809456,325575.6,0.6854475581093915
2018-03-06,BIL.N0000,2.28260761,2.37391191,2.1913033,2.1913033,64296,tradingview_cselk_fallback,-0.04000000245333446,-0.04082199707581186,0.08333333409391569,328269.05,0.19586372824364648
2018-03-07,BIL.N0000,2.28260761,2.28260761,2.1913033,2.28260761,41818,tradingview_cselk_fallback,0.041666669328704886,0.040821997075811814,0.04000000245333448,326720.35,0.127993251721235
2018-03-08,BIL.N0000,2.28260761,2.28260761,2.1913033,2.1913033,68941,tradingview_cselk_fallback,-0.04000000245333446,-0.04082199707581186,0.04166666932870495,295869.4,0.2330115922768627
2018-03-09,BIL.N0000,2.099999,2.46521622,2.099999,2.37391191,2286676,tradingview_cselk_fallback,0.08333333409391575,0.0800427083756125,0.1538461551422942,397656.75,5.75037642388819
2018-03-12,BIL.N0000,2.37391191,2.46521622,2.1913033,2.46521622,827155,tradingview_cselk_fallback,0.03846154089180165,0.037740330323100466,0.11111111381540395,407039.0,2.0321271426079566
2018-03-13,BIL.N0000,2.37391191,2.55652052,2.37391191,2.46521622,6706311,tradingview_cselk_fallback,0.0,0.0,0.07407407452478953,705070.45,9.511547392179038
2018-03-14,BIL.N0000,2.55652052,2.55652052,2.37391191,2.46521622,462480,tradingview_cselk_fallback,0.0,0.0,0.07407407452478953,687598.6,0.6726017185026264
2018-03-15,BIL.N0000,2.46521622,2.46521622,2.37391191,2.37391191,110409,tradingview_cselk_fallback,-0.037037039290614415,-0.037740330323100466,0.03846154089180165,666212.8,0.16572632648306967
2018-03-16,BIL.N0000,2.37391191,2.46521622,2.28260761,2.28260761,413012,tradingview_cselk_fallback,-0.03846153667934549,-0.039220711299800606,0.08000000052571452,665961.6,0.6201738959123169
2018-03-19,BIL.N0000,2.28260761,2.46521622,2.28260761,2.37391191,73252,tradingview_cselk_fallback,0.03999999807237997,0.039220711299800495,0.0769230775711471,667263.4,0.10977973615816482
2018-03-20,BIL.N0000,2.37391191,2.46521622,2.28260761,2.46521622,10058,tradingview_cselk_fallback,0.03846154089180165,0.037740330323100466,0.07407407452478953,665418.7,0.015115295076618677
2018-03-21,BIL.N0000,2.46521622,2.46521622,2.37391191,2.46521622,169798,tradingview_cselk_fallback,0.0,0.0,0.037037039290614415,664213.0,0.2556378751996724
2018-03-22,BIL.N0000,2.46521622,2.55652052,2.37391191,2.37391191,1151582,tradingview_cselk_fallback,-0.037037039290614415,-0.037740330323100466,0.0769230775711471,684213.65,1.6830737007366046
2018-03-23,BIL.N0000,2.37391191,2.46521622,2.37391191,2.46521622,381580,tradingview_cselk_fallback,0.03846154089180165,0.037740330323100466,0.037037039290614415,684028.5,0.557842253648788
2018-03-26,BIL.N0000,2.46521622,2.64782483,2.46521622,2.55652052,5064510,tradingview_cselk_fallback,0.03703703523417512,0.03636764243240086,0.07142857198736663,936004.35,5.410776135816036
2018-03-27,BIL.N0000,2.46521622,2.55652052,2.46521622,2.46521622,640866,tradingview_cselk_fallback,-0.03571428403790011,-0.03636764243240089,0.03703703523417512,949441.95,0.6749922941576365
2018-03-28,BIL.N0000,2.46521622,2.55652052,2.37391191,2.46521622,188569,tradingview_cselk_fallback,0.0,0.0,0.07407407452478953,956262.25,0.19719381372630782
2018-03-29,BIL.N0000,2.55652052,2.55652052,2.46521622,2.46521622,1294944,tradingview_cselk_fallback,0.0,0.0,0.03703703523417512,1011644.85,1.2800381477748837
2018-04-02,BIL.N0000,2.55652052,2.55652052,2.46521622,2.46521622,229452,tradingview_cselk_fallback,0.0,0.0,0.03703703523417512,1020443.7,0.22485512919527065
2018-04-03,BIL.N0000,2.46521622,2.55652052,2.46521622,2.55652052,653942,tradingview_cselk_fallback,0.03703703523417512,0.03636764243240086,0.03571428403790008,1041982.55,0.6275940033736649
2018-04-04,BIL.N0000,2.55652052,2.55652052,2.46521622,2.46521622,144626,tradingview_cselk_fallback,-0.03571428403790011,-0.03636764243240089,0.03703703523417512,1045999.05,0.13826589995468924
2018-04-05,BIL.N0000,2.55652052,2.64782483,2.46521622,2.64782483,3778934,tradingview_cselk_fallback,0.07407407452478965,0.0714589644017767,0.06896551763207083,1232854.85,3.0651897098835272
2018-04-06,BIL.N0000,2.64782483,2.64782483,2.55652052,2.64782483,1757740,tradingview_cselk_fallback,0.0,0.0,0.03448276070437785,1317294.8,1.3343558328781073
2018-04-09,BIL.N0000,2.55652052,2.55652052,2.55652052,2.55652052,119074,tradingview_cselk_fallback,-0.034482760704377835,-0.03509132196937572,0.0,1208914.7,0.09849661022402988
2018-04-10,BIL.N0000,2.55652052,2.64782483,2.55652052,2.64782483,4036668,tradingview_cselk_fallback,0.03571428794946652,0.035091321969375706,0.03448276070437785,1369390.35,2.947784756917558
2018-04-11,BIL.N0000,2.64782483,2.64782483,2.55652052,2.64782483,315776,tradingview_cselk_fallback,0.0,0.0,0.03448276070437785,1049863.6,0.30077812012912913
2018-04-12,BIL.N0000,2.64782483,2.64782483,2.55652052,2.55652052,1563588,tradingview_cselk_fallback,-0.034482760704377835,-0.03509132196937572,0.035714287949466544,1104919.0,1.41511549715409
2018-04-16,BIL.N0000,2.55652052,2.64782483,2.55652052,2.55652052,144047,tradingview_cselk_fallback,0.0,0.0,0.035714287949466544,1106600.9,0.13017068755320912
2018-04-17,BIL.N0000,2.55652052,2.55652052,2.55652052,2.55652052,411878,tradingview_cselk_fallback,0.0,0.0,0.0,1106544.2,0.3722201065262463
2018-04-18,BIL.N0000,2.55652052,2.64782483,2.55652052,2.55652052,582996,tradingview_cselk_fallback,0.0,0.0,0.035714287949466544,1132031.4,0.5149998489441194
2018-04-19,BIL.N0000,2.64782483,2.64782483,2.55652052,2.55652052,414353,tradingview_cselk_fallback,0.0,0.0,0.035714287949466544,1152246.15,0.35960458622491387
2018-04-23,BIL.N0000,2.55652052,2.64782483,2.55652052,2.64782483,193023,tradingview_cselk_fallback,0.03571428794946652,0.035091321969375706,0.03448276070437785,1153407.4,0.16735023548487726
2018-04-24,BIL.N0000,2.64782483,2.64782483,2.55652052,2.64782483,3029572,tradingview_cselk_fallback,0.0,0.0,0.03448276070437785,1247306.9,2.428890596211726
2018-04-25,BIL.N0000,2.55652052,2.73912913,2.55652052,2.73912913,3008337,tradingview_cselk_fallback,0.03448275692769309,0.033901550039118,0.06666666715343937,1378644.75,2.1820973096949015
2018-04-26,BIL.N0000,2.73912913,2.73912913,2.64782483,2.73912913,4439594,tradingview_cselk_fallback,0.0,0.0,0.033333331751322005,1347398.95,3.29493651453417
2018-04-27,BIL.N0000,2.73912913,2.83043343,2.73912913,2.73912913,7941411,tradingview_cselk_fallback,0.0,0.0,0.033333331751322005,1712426.2,4.637520145393711
2018-05-01,BIL.N0000,2.73912913,2.73912913,2.73912913,2.73912913,173065,tradingview_cselk_fallback,0.0,0.0,0.0,1711651.0,0.101109980948219
2018-05-02,BIL.N0000,2.73912913,2.83043343,2.73912913,2.73912913,2163279,tradingview_cselk_fallback,0.0,0.0,0.033333331751322005,1755067.75,1.232590023946369
2018-05-03,BIL.N0000,2.73912913,2.83043343,2.73912913,2.73912913,199364,tradingview_cselk_fallback,0.0,0.0,0.033333331751322005,1753563.35,0.11369078853067954
2018-05-04,BIL.N0000,2.73912913,2.73912913,2.64782483,2.73912913,817990,tradingview_cselk_fallback,0.0,0.0,0.033333331751322005,1761765.75,0.46430122733399715
2018-05-08,BIL.N0000,2.64782483,2.64782483,2.64782483,2.64782483,253548,tradingview_cselk_fallback,-0.033333331751322026,-0.03390155003911793,0.0,1767211.85,0.1434734607511827
2018-05-09,BIL.N0000,2.64782483,2.83043343,2.64782483,2.83043343,3116865,tradingview_cselk_fallback,0.06896551385538596,0.06669137133113005,0.06451612606907346,1734108.4,1.7973876373587718
2018-05-10,BIL.N0000,2.83043343,3.10434635,2.83043343,2.92173774,21626248,tradingview_cselk_fallback,0.03225806656756469,0.03174870030190859,0.09375000235305182,2727533.8,7.9288652628246075
2018-05-11,BIL.N0000,3.01304204,3.01304204,2.83043343,2.83043343,1962761,tradingview_cselk_fallback,-0.03125000192522431,-0.03174870030190863,0.0645161296021014,2819718.15,0.6960841103923809
2018-05-14,BIL.N0000,2.92173774,2.92173774,2.73912913,2.83043343,4129131,tradingview_cselk_fallback,0.0,0.0,0.0645161296021014,2824341.3,1.4619801792368368
2018-05-15,BIL.N0000,2.73912913,2.83043343,2.64782483,2.73912913,406273,tradingview_cselk_fallback,-0.03225806303453671,-0.03278982129201214,0.06666666350264401,2828866.15,0.14361690460328072
2018-05-16,BIL.N0000,2.73912913,2.83043343,2.73912913,2.83043343,295224,tradingview_cselk_fallback,0.033333331751322026,0.03278982129201218,0.03225806303453673,2765447.95,0.10675449523466894
2018-05-17,BIL.N0000,2.83043343,2.83043343,2.73912913,2.73912913,476067,tradingview_cselk_fallback,-0.03225806303453671,-0.03278982129201214,0.033333331751322005,2782048.95,0.17112100058483873
2018-05-18,BIL.N0000,2.73912913,2.73912913,2.73912913,2.73912913,424460,tradingview_cselk_fallback,0.0,0.0,0.0,2782678.05,0.15253651064664128
2018-05-21,BIL.N0000,2.73912913,2.83043343,2.64782483,2.64782483,1104859,tradingview_cselk_fallback,-0.033333331751322026,-0.03390155003911793,0.06896551385538598,2808771.2,0.3933602708543864
2018-05-22,BIL.N0000,2.73912913,2.73912913,2.64782483,2.64782483,137617,tradingview_cselk_fallback,0.0,0.0,0.03448275692769299,2794934.4,0.04923800716038273
2018-05-23,BIL.N0000,2.73912913,2.83043343,2.73912913,2.73912913,3355466,tradingview_cselk_fallback,0.03448275692769309,0.033901550039118,0.033333331751322005,2953056.55,1.1362687924144224
2018-05-24,BIL.N0000,2.73912913,2.73912913,2.55652052,2.55652052,1511122,tradingview_cselk_fallback,-0.06666666715343939,-0.06899287200849365,0.07142857198736663,2877134.05,0.5252177944228911
2018-05-25,BIL.N0000,2.64782483,2.64782483,2.55652052,2.55652052,69154,tradingview_cselk_fallback,0.0,0.0,0.035714287949466544,2730174.9,0.025329512772240343
2018-05-28,BIL.N0000,2.64782483,2.64782483,2.55652052,2.55652052,853149,tradingview_cselk_fallback,0.0,0.0,0.035714287949466544,2550852.65,0.33445640225435996
2018-05-30,BIL.N0000,2.55652052,2.55652052,2.46521622,2.46521622,662619,tradingview_cselk_fallback,-0.03571428403790011,-0.03636764243240089,0.03703703523417512,2186913.05,0.30299284189648057
2018-05-31,BIL.N0000,2.46521622,2.46521622,2.46521622,2.46521622,34459,tradingview_cselk_fallback,0.0,0.0,0.0,2179982.75,0.015807005812316633
2018-06-01,BIL.N0000,2.55652052,2.55652052,2.46521622,2.46521622,54225,tradingview_cselk_fallback,0.0,0.0,0.03703703523417512,2074530.05,0.026138450007026894
2018-06-04,BIL.N0000,2.46521622,2.46521622,2.46521622,2.46521622,20645,tradingview_cselk_fallback,0.0,0.0,0.0,2065594.1,0.009994703218797923
2018-06-05,BIL.N0000,2.46521622,2.46521622,2.37391191,2.46521622,155360,tradingview_cselk_fallback,0.0,0.0,0.037037039290614415,2032462.6,0.07643929093701404
2018-06-06,BIL.N0000,2.46521622,2.46521622,2.37391191,2.37391191,229064,tradingview_cselk_fallback,-0.037037039290614415,-0.037740330323100466,0.03846154089180165,2031238.4,0.11277061323771745
2018-06-07,BIL.N0000,2.37391191,2.46521622,2.28260761,2.28260761,1834152,tradingview_cselk_fallback,-0.03846153667934549,-0.039220711299800606,0.08000000052571452,1967102.75,0.9324129103067951
2018-06-08,BIL.N0000,2.28260761,2.37391191,2.1913033,2.28260761,373266,tradingview_cselk_fallback,0.0,0.0,0.08000000052571452,904453.65,0.41269776510935635
2018-06-11,BIL.N0000,2.28260761,2.37391191,2.28260761,2.28260761,70660,tradingview_cselk_fallback,0.0,0.0,0.03999999807238004,809848.6,0.08725087627489879
2018-06-12,BIL.N0000,2.37391191,2.37391191,2.28260761,2.28260761,30241,tradingview_cselk_fallback,0.0,0.0,0.03999999807238004,604904.1,0.04999304848487554
2018-06-13,BIL.N0000,2.28260761,2.37391191,2.28260761,2.37391191,1588,tradingview_cselk_fallback,0.03999999807237997,0.039220711299800495,0.038461536679345446,584669.85,0.0027160627489171882
2018-06-14,BIL.N0000,2.37391191,2.37391191,2.28260761,2.28260761,82653,tradingview_cselk_fallback,-0.03846153667934549,-0.039220711299800606,0.03999999807238004,574041.3,0.1439844136650098
2018-06-18,BIL.N0000,2.37391191,2.37391191,2.28260761,2.28260761,253000,tradingview_cselk_fallback,0.0,0.0,0.03999999807238004,562887.95,0.4494677848406597
2018-06-19,BIL.N0000,2.37391191,2.46521622,2.28260761,2.37391191,485196,tradingview_cselk_fallback,0.03999999807237997,0.039220711299800495,0.0769230775711471,565924.75,0.8573507343511659
2018-06-20,BIL.N0000,2.28260761,2.28260761,2.28260761,2.28260761,36433,tradingview_cselk_fallback,-0.03846153667934549,-0.039220711299800606,0.0,512503.45,0.07108830194216254
2018-06-21,BIL.N0000,2.28260761,2.28260761,2.1913033,2.28260761,251943,tradingview_cselk_fallback,0.0,0.0,0.04000000245333448,518219.75,0.4861702009620436
2018-06-22,BIL.N0000,2.1913033,2.37391191,2.1913033,2.37391191,33973,tradingview_cselk_fallback,0.03999999807237997,0.039220711299800495,0.0769230775711471,352145.1,0.09647443624801254
2018-06-25,BIL.N0000,2.28260761,2.28260761,2.1913033,2.28260761,5148,tradingview_cselk_fallback,-0.03846153667934549,-0.039220711299800606,0.04000000245333448,276846.4,0.01859514879008721
2018-06-28,BIL.N0000,2.28260761,2.28260761,2.1913033,2.1913033,162448,tradingview_cselk_fallback,-0.04000000245333446,-0.04082199707581186,0.04166666932870495,281511.1,0.5770571746549249
2018-06-29,BIL.N0000,2.1913033,2.1913033,2.1913033,2.1913033,126704,tradingview_cselk_fallback,0.0,0.0,0.0,245188.85,0.5167608559687767
2018-07-02,BIL.N0000,2.28260761,2.28260761,2.1913033,2.1913033,115524,tradingview_cselk_fallback,0.0,0.0,0.04166666932870495,217834.1,0.5303301916458443
2018-07-03,BIL.N0000,2.1913033,2.1913033,2.1913033,2.1913033,151450,tradingview_cselk_fallback,0.0,0.0,0.0,223683.65,0.6770722848987846
2018-07-04,BIL.N0000,2.1913033,2.1913033,2.099999,2.099999,105571,tradingview_cselk_fallback,-0.04166666476521075,-0.042559612434668014,0.04347825879917086,226250.95,0.4666101954489031
2018-07-05,BIL.N0000,2.1913033,2.37391191,2.1913033,2.28260761,611310,tradingview_cselk_fallback,0.08695652236024864,0.0833816095104798,0.08000000052571452,255784.2,2.3899443358893944
2018-07-09,BIL.N0000,2.28260761,2.28260761,2.1913033,2.1913033,39225,tradingview_cselk_fallback,-0.04000000245333446,-0.04082199707581186,0.04166666932870495,249977.45,0.1569141536566598
2018-07-10,BIL.N0000,2.28260761,2.28260761,2.099999,2.1913033,380713,tradingview_cselk_fallback,0.0,0.0,0.08333333409391569,257559.9,1.478153237363425
2018-07-11,BIL.N0000,2.1913033,2.28260761,2.099999,2.1913033,156511,tradingview_cselk_fallback,0.0,0.0,0.08333333409391569,173677.85,0.9011569408534249
2018-07-12,BIL.N0000,2.1913033,2.28260761,2.099999,2.1913033,339131,tradingview_cselk_fallback,0.0,0.0,0.08333333409391569,171971.1,1.9720232062247667
2018-07-13,BIL.N0000,2.1913033,2.55652052,2.1913033,2.37391191,4465443,tradingview_cselk_fallback,0.08333333409391575,0.0800427083756125,0.1538461551422942,391710.25,11.399862525935944
2018-07-16,BIL.N0000,2.37391191,2.37391191,2.1913033,2.28260761,406504,tradingview_cselk_fallback,-0.03846153667934549,-0.039220711299800606,0.08000000052571452,410523.4,0.9902090843055474
2018-07-17,BIL.N0000,2.28260761,2.28260761,2.1913033,2.28260761,117634,tradingview_cselk_fallback,0.0,0.0,0.04000000245333448,416325.7,0.2825528186225352
2018-07-18,BIL.N0000,2.28260761,2.28260761,2.099999,2.1913033,69096,tradingview_cselk_fallback,-0.04000000245333446,-0.04082199707581186,0.08333333409391569,415647.85,0.1662368757591312
2018-07-19,BIL.N0000,2.1913033,2.1913033,2.099999,2.099999,322103,tradingview_cselk_fallback,-0.04166666476521075,-0.042559612434668014,0.04347825879917086,419103.0,0.7685533150562034
2018-07-20,BIL.N0000,2.1913033,2.1913033,2.099999,2.099999,458687,tradingview_cselk_fallback,0.0,0.0,0.04347825879917086,417777.55,1.0979216092391753
2018-07-23,BIL.N0000,2.099999,2.099999,2.0086947,2.099999,464863,tradingview_cselk_fallback,0.0,0.0,0.04347825879917086,439199.05,1.058433528032449
2018-07-24,BIL.N0000,2.0086947,2.099999,1.91739039,2.0086947,431493,tradingview_cselk_fallback,-0.04347825879917089,-0.04445176040633068,0.09090909136166883,448176.55,0.9627746029996438
2018-07-25,BIL.N0000,1.91739039,2.099999,1.91739039,1.91739039,269482,tradingview_cselk_fallback,-0.04545454817001304,-0.046520018479668426,0.0952380959831555,459952.0,0.585891571294396
2018-07-26,BIL.N0000,2.0086947,2.099999,1.91739039,1.91739039,114025,tradingview_cselk_fallback,0.0,0.0,0.0952380959831555,465395.85,0.2450064821162458
2018-07-30,BIL.N0000,2.0086947,2.0086947,1.91739039,1.91739039,59004,tradingview_cselk_fallback,0.0,0.0,0.047619050599288726,460223.65,0.12820723141889817
2018-07-31,BIL.N0000,1.91739039,2.0086947,1.91739039,2.0086947,172476,tradingview_cselk_fallback,0.04761905059928884,0.04652001847966856,0.04545454817001307,462512.25,0.3729112039735164
2018-08-01,BIL.N0000,2.0086947,2.099999,1.91739039,1.91739039,600776,tradingview_cselk_fallback,-0.04545454817001304,-0.046520018479668426,0.0952380959831555,486774.85,1.2341968776735281
2018-08-02,BIL.N0000,1.91739039,2.0086947,1.91739039,1.91739039,153264,tradingview_cselk_fallback,0.0,0.0,0.047619050599288726,486865.55,0.31479738091963994
2018-08-03,BIL.N0000,1.91739039,2.0086947,1.91739039,2.0086947,4943,tradingview_cselk_fallback,0.04761905059928884,0.04652001847966856,0.04545454817001307,481834.15,0.010258716614420127
2018-08-06,BIL.N0000,2.0086947,2.0086947,1.91739039,1.91739039,9104,tradingview_cselk_fallback,-0.04545454817001304,-0.046520018479668426,0.047619050599288726,451723.85,0.02015390597596297
2018-08-07,BIL.N0000,2.0086947,2.0086947,1.91739039,1.91739039,147233,tradingview_cselk_fallback,0.0,0.0,0.047619050599288726,457124.25,0.32208529737811986
2018-08-08,BIL.N0000,1.91739039,1.91739039,1.91739039,1.91739039,27611,tradingview_cselk_fallback,0.0,0.0,0.0,439469.15,0.06282807336988273
2018-08-09,BIL.N0000,1.91739039,1.91739039,1.91739039,1.91739039,6966,tradingview_cselk_fallback,0.0,0.0,0.0,431991.9,0.01612530234941905
2018-08-10,BIL.N0000,2.0086947,2.0086947,1.91739039,1.91739039,110605,tradingview_cselk_fallback,0.0,0.0,0.047619050599288726,420565.6,0.2629910767785097
2018-08-13,BIL.N0000,2.0086947,2.0086947,1.91739039,1.91739039,109801,tradingview_cselk_fallback,0.0,0.0,0.047619050599288726,202783.5,0.5414691037485792
2018-08-14,BIL.N0000,1.91739039,1.91739039,1.91739039,1.91739039,613119,tradingview_cselk_fallback,0.0,0.0,0.0,213114.25,2.876949805092808
2018-08-15,BIL.N0000,1.82608609,1.82608609,1.73478178,1.82608609,130563,tradingview_cselk_fallback,-0.04761904538386674,-0.04879016182249209,0.05000000301190616,213760.7,0.6107904773889681
2018-08-16,BIL.N0000,1.73478178,1.82608609,1.73478178,1.73478178,101770,tradingview_cselk_fallback,-0.05000000301190621,-0.05129329755797813,0.052631582284660576,215394.4,0.47248210724141393
2018-08-17,BIL.N0000,1.73478178,1.82608609,1.73478178,1.82608609,422214,tradingview_cselk_fallback,0.05263158228466058,0.05129329755797808,0.05000000301190616,220399.95,1.9156719409419103
2018-08-20,BIL.N0000,1.73478178,1.73478178,1.64347748,1.73478178,528144,tradingview_cselk_fallback,-0.05000000301190621,-0.05129329755797813,0.05263157652024683,223872.8,2.359125360472554
2018-08-21,BIL.N0000,1.64347748,1.73478178,1.64347748,1.64347748,15498,tradingview_cselk_fallback,-0.05263157652024686,-0.05406721870831412,0.05555555285126268,201404.55,0.07694960218128141
2018-08-23,BIL.N0000,1.64347748,1.82608609,1.64347748,1.82608609,368923,tradingview_cselk_fallback,0.11111111178718436,0.10536051626629223,0.10000000054761927,198276.05,1.8606533668589829
2018-08-27,BIL.N0000,1.82608609,1.82608609,1.73478178,1.82608609,109852,tradingview_cselk_fallback,0.0,0.0,0.05000000301190616,190294.55,0.5772734952209614
2018-08-28,BIL.N0000,1.82608609,1.82608609,1.73478178,1.73478178,12365,tradingview_cselk_fallback,-0.05000000301190621,-0.05129329755797813,0.052631582284660576,185211.55,0.06676149516593323
2018-08-30,BIL.N0000,1.82608609,2.0086947,1.82608609,2.0086947,209924,tradingview_cselk_fallback,0.1578947410895679,0.14660347786013858,0.09090909136166883,192757.55,1.0890572120261957
2018-08-31,BIL.N0000,2.0086947,2.099999,2.0086947,2.0086947,769553,tradingview_cselk_fallback,0.0,0.0,0.04545454319165576,222611.4,3.4569343708363545
2018-09-03,BIL.N0000,2.099999,2.099999,2.0086947,2.0086947,285036,tradingview_cselk_fallback,0.0,0.0,0.04545454319165576,206824.4,1.3781546084504537
2018-09-04,BIL.N0000,2.0086947,2.0086947,1.91739039,2.0086947,140468,tradingview_cselk_fallback,0.0,0.0,0.04545454817001307,206184.6,0.6812729951703473
2018-09-05,BIL.N0000,2.0086947,2.0086947,1.91739039,2.0086947,102916,tradingview_cselk_fallback,0.0,0.0,0.04545454817001307,211083.25,0.487561187351436
2018-09-06,BIL.N0000,2.0086947,2.099999,1.91739039,1.91739039,820016,tradingview_cselk_fallback,-0.04545454817001304,-0.046520018479668426,0.0952380959831555,251628.85,3.258831409832378
2018-09-07,BIL.N0000,2.0086947,2.0086947,1.82608609,1.91739039,65380,tradingview_cselk_fallback,0.0,0.0,0.0952380959831555,247536.2,0.2641229848401971
2018-09-11,BIL.N0000,1.91739039,1.91739039,1.82608609,1.91739039,97477,tradingview_cselk_fallback,0.0,0.0,0.04761904538386677,251029.5,0.388308943769557
2018-09-12,BIL.N0000,1.91739039,2.0086947,1.82608609,1.82608609,233809,tradingview_cselk_fallback,-0.04761904538386674,-0.04879016182249209,0.10000000054761927,262371.65,0.8911366757803291
2018-09-13,BIL.N0000,1.82608609,1.82608609,1.82608609,1.82608609,18071,tradingview_cselk_fallback,0.0,0.0,0.0,257744.95,0.07011194593725309
2018-09-17,BIL.N0000,1.82608609,2.0086947,1.82608609,1.82608609,175382,tradingview_cselk_fallback,0.0,0.0,0.10000000054761927,261024.0,0.6718999019247273
2018-09-18,BIL.N0000,1.91739039,1.91739039,1.82608609,1.82608609,164152,tradingview_cselk_fallback,0.0,0.0,0.04999999753571312,238575.65,0.6880501006703744
2018-09-19,BIL.N0000,1.73478178,1.91739039,1.73478178,1.82608609,193571,tradingview_cselk_fallback,0.0,0.0,0.10000000054761927,241726.05,0.8007866756603188
2018-09-20,BIL.N0000,1.82608609,1.91739039,1.82608609,1.82608609,12162,tradingview_cselk_fallback,0.0,0.0,0.04999999753571312,237245.65,0.05126332137175118
2018-09-21,BIL.N0000,1.82608609,1.82608609,1.73478178,1.82608609,331937,tradingview_cselk_fallback,0.0,0.0,0.05000000301190616,232731.8,1.4262640515821217
2018-09-25,BIL.N0000,1.73478178,1.82608609,1.73478178,1.82608609,567226,tradingview_cselk_fallback,0.0,0.0,0.05000000301190616,234685.9,2.4169581555602617
2018-09-26,BIL.N0000,1.73478178,1.82608609,1.73478178,1.82608609,176238,tradingview_cselk_fallback,0.0,0.0,0.05000000301190616,242722.9,0.7260872377513617
2018-09-27,BIL.N0000,1.82608609,1.82608609,1.73478178,1.73478178,64575,tradingview_cselk_fallback,-0.05000000301190621,-0.05129329755797813,0.052631582284660576,227505.5,0.2838392917973412
2018-09-28,BIL.N0000,1.64347748,1.82608609,1.64347748,1.73478178,18319,tradingview_cselk_fallback,0.0,0.0,0.1052631588049074,222928.85,0.08217420042313948
2018-10-01,BIL.N0000,1.82608609,1.82608609,1.64347748,1.64347748,36201,tradingview_cselk_fallback,-0.05263157652024686,-0.05406721870831412,0.1111111117871843,224120.65,0.16152460739338387
2018-10-02,BIL.N0000,1.64347748,1.73478178,1.64347748,1.73478178,115061,tradingview_cselk_fallback,0.05555555285126257,0.054067218708313984,0.05263157652024683,219377.5,0.5244886098164123
2018-10-03,BIL.N0000,1.64347748,1.73478178,1.64347748,1.73478178,49178,tradingview_cselk_fallback,0.0,0.0,0.05263157652024683,183358.75,0.2682064531962614
2018-10-04,BIL.N0000,1.73478178,1.73478178,1.64347748,1.73478178,117174,tradingview_cselk_fallback,0.0,0.0,0.05263157652024683,174965.65,0.6696971662723512
2018-10-05,BIL.N0000,1.73478178,1.82608609,1.73478178,1.82608609,430367,tradingview_cselk_fallback,0.05263158228466058,0.05129329755797808,0.05000000301190616,189460.6,2.271538251224793
2018-10-08,BIL.N0000,1.82608609,1.82608609,1.73478178,1.73478178,56807,tradingview_cselk_fallback,-0.05000000301190621,-0.05129329755797813,0.052631582284660576,187155.15,0.3035289170509067
2018-10-09,BIL.N0000,1.73478178,1.82608609,1.73478178,1.73478178,36844,tradingview_cselk_fallback,0.0,0.0,0.052631582284660576,147996.55,0.2489517492130729
2018-10-10,BIL.N0000,1.82608609,1.82608609,1.82608609,1.82608609,2,tradingview_cselk_fallback,0.05263158228466058,0.05129329755797808,0.0,144727.65,1.3819059454084967e-05
2018-10-12,BIL.N0000,1.73478178,1.73478178,1.64347748,1.64347748,111714,tradingview_cselk_fallback,-0.10000000054761926,-0.10536051626629214,0.05555555285126268,145439.5,0.7681132017093018
2018-10-15,BIL.N0000,1.64347748,1.73478178,1.64347748,1.73478178,63351,tradingview_cselk_fallback,0.05555555285126257,0.054067218708313984,0.05263157652024683,136916.6,0.4626977298589068
2018-10-16,BIL.N0000,1.73478178,1.73478178,1.64347748,1.73478178,6034,tradingview_cselk_fallback,0.0,0.0,0.05263157652024683,136314.75,0.044265202408396744
2018-10-17,BIL.N0000,1.73478178,1.73478178,1.64347748,1.64347748,6571,tradingview_cselk_fallback,-0.05263157652024686,-0.05406721870831412,0.05555555285126268,127874.2,0.051386440736286135
2018-10-18,BIL.N0000,1.73478178,1.73478178,1.73478178,1.73478178,131,tradingview_cselk_fallback,0.05555555285126257,0.054067218708313984,0.0,119673.15,0.001094648214741569
2018-10-23,BIL.N0000,1.73478178,1.73478178,1.64347748,1.64347748,118498,tradingview_cselk_fallback,-0.05263157652024686,-0.05406721870831412,0.05555555285126268,115919.5,1.0222438847648583
2018-10-25,BIL.N0000,1.73478178,1.73478178,1.64347748,1.64347748,27556,tradingview_cselk_fallback,0.0,0.0,0.05555555285126268,116689.2,0.2361486752844308
2018-10-26,BIL.N0000,1.64347748,1.82608609,1.64347748,1.73478178,235639,tradingview_cselk_fallback,0.05555555285126257,0.054067218708313984,0.1052631588049074,111874.3,2.1062835700424496
2018-10-29,BIL.N0000,1.82608609,2.0086947,1.82608609,1.82608609,731753,tradingview_cselk_fallback,0.05263158228466058,0.05129329755797808,0.10000000054761927,120100.65,6.092831304410093
2018-10-30,BIL.N0000,2.0086947,2.0086947,1.82608609,1.91739039,279551,tradingview_cselk_fallback,0.04999999753571305,0.048790161822492045,0.0952380959831555,125266.3,2.231653684989498
2018-10-31,BIL.N0000,1.91739039,1.91739039,1.82608609,1.82608609,66371,tradingview_cselk_fallback,-0.04761904538386674,-0.04879016182249209,0.04999999753571312,125356.1,0.5294596752770706
2018-11-01,BIL.N0000,1.91739039,2.099999,1.91739039,2.099999,857715,tradingview_cselk_fallback,0.14999999808333242,0.13976194070849124,0.08695652236024871,167325.9,5.126014562001459
2018-11-02,BIL.N0000,2.099999,2.099999,1.91739039,2.0086947,348632,tradingview_cselk_fallback,-0.04347825879917089,-0.04445176040633068,0.09090909136166883,182947.45,1.9056401168750916
2018-11-06,BIL.N0000,1.82608609,1.91739039,1.82608609,1.91739039,174670,tradingview_cselk_fallback,-0.04545454817001304,-0.046520018479668426,0.04761904538386677,185927.9,0.9394501847221424
2018-11-08,BIL.N0000,1.91739039,1.91739039,1.73478178,1.82608609,1248490,tradingview_cselk_fallback,-0.04761904538386674,-0.04879016182249209,0.10000000054761927,245893.5,5.077360727306741
2018-11-09,BIL.N0000,1.73478178,1.91739039,1.73478178,1.91739039,134453,tradingview_cselk_fallback,0.04999999753571305,0.048790161822492045,0.0952380959831555,246757.45,0.5448791920973409
2018-11-12,BIL.N0000,1.91739039,1.91739039,1.82608609,1.82608609,297365,tradingview_cselk_fallback,-0.04761904538386674,-0.04879016182249209,0.04999999753571312,240107.35,1.2384668774196208
2018-11-13,BIL.N0000,1.91739039,1.91739039,1.82608609,1.91739039,230,tradingview_cselk_fallback,0.04999999753571305,0.048790161822492045,0.04761904538386677,237278.5,0.0009693250758075426
2018-11-14,BIL.N0000,1.73478178,1.82608609,1.73478178,1.82608609,92602,tradingview_cselk_fallback,-0.04761904538386674,-0.04879016182249209,0.05000000301190616,240066.4,0.3857349466647561
2018-11-15,BIL.N0000,1.82608609,1.82608609,1.82608609,1.82608609,219,tradingview_cselk_fallback,0.0,0.0,0.0,240077.25,0.0009122063835702883
2018-11-19,BIL.N0000,1.82608609,1.82608609,1.73478178,1.73478178,3287,tradingview_cselk_fallback,-0.05000000301190621,-0.05129329755797813,0.052631582284660576,234655.9,0.014007744957616664
2018-11-20,BIL.N0000,1.73478178,1.73478178,1.73478178,1.73478178,292976,tradingview_cselk_fallback,0.0,0.0,0.0,246137.15,1.1902957355279364
2018-11-23,BIL.N0000,1.73478178,1.82608609,1.73478178,1.82608609,3560,tradingview_cselk_fallback,0.05263158228466058,0.05129329755797808,0.05000000301190616,246013.45,0.014470753529939115
2018-11-26,BIL.N0000,1.82608609,1.82608609,1.73478178,1.73478178,91829,tradingview_cselk_fallback,-0.05000000301190621,-0.05129329755797813,0.052631582284660576,250276.35,0.3669104172247997
2018-11-27,BIL.N0000,1.82608609,1.82608609,1.73478178,1.82608609,21467,tradingview_cselk_fallback,0.05263158228466058,0.05129329755797808,0.05000000301190616,251343.15,0.08540913090330889
2018-11-28,BIL.N0000,1.82608609,1.82608609,1.73478178,1.82608609,3836,tradingview_cselk_fallback,0.0,0.0,0.05000000301190616,245610.05,0.015618253406161516
2018-11-30,BIL.N0000,1.82608609,1.82608609,1.82608609,1.82608609,34504,tradingview_cselk_fallback,0.0,0.0,0.0,245957.45,0.14028442724544427
2018-12-03,BIL.N0000,1.73478178,1.82608609,1.73478178,1.82608609,5492,tradingview_cselk_fallback,0.0,0.0,0.05000000301190616,234450.1,0.023425027329909434
2018-12-04,BIL.N0000,1.73478178,1.82608609,1.73478178,1.82608609,1870,tradingview_cselk_fallback,0.0,0.0,0.05000000301190616,197955.95,0.009446546062394184
2018-12-05,BIL.N0000,1.82608609,1.91739039,1.73478178,1.73478178,20838,tradingview_cselk_fallback,-0.05000000301190621,-0.05129329755797813,0.1052631588049074,185020.3,0.11262547947441444
2018-12-06,BIL.N0000,1.82608609,1.82608609,1.73478178,1.82608609,150052,tradingview_cselk_fallback,0.05263158228466058,0.05129329755797808,0.05000000301190616,189204.35,0.7930684468935307
2018-12-07,BIL.N0000,1.82608609,1.82608609,1.82608609,1.82608609,5279,tradingview_cselk_fallback,0.0,0.0,0.0,146582.55,0.03601383657195212
2018-12-10,BIL.N0000,1.73478178,1.82608609,1.73478178,1.82608609,388981,tradingview_cselk_fallback,0.0,0.0,0.05000000301190616,148600.0,2.6176379542395694
2018-12-11,BIL.N0000,1.73478178,1.82608609,1.73478178,1.82608609,11178,tradingview_cselk_fallback,0.0,0.0,0.05000000301190616,140425.4,0.07960098386759092
2018-12-12,BIL.N0000,1.82608609,1.82608609,1.73478178,1.73478178,120038,tradingview_cselk_fallback,-0.05000000301190621,-0.05129329755797813,0.052631582284660576,84002.8,1.4289761769845766
2018-12-14,BIL.N0000,1.82608609,1.82608609,1.64347748,1.64347748,114481,tradingview_cselk_fallback,-0.05263157652024686,-0.05406721870831412,0.1111111117871843,83004.2,1.379219364803227
2018-12-18,BIL.N0000,1.64347748,1.73478178,1.64347748,1.64347748,74286,tradingview_cselk_fallback,0.0,0.0,0.05555555285126268,71850.25,1.0339003691706015
2018-12-19,BIL.N0000,1.73478178,1.73478178,1.64347748,1.73478178,34021,tradingview_cselk_fallback,0.05555555285126257,0.054067218708313984,0.05263157652024683,73539.8,0.4626202410123498
2018-12-20,BIL.N0000,1.73478178,1.73478178,1.64347748,1.73478178,115013,tradingview_cselk_fallback,0.0,0.0,0.05263157652024683,74660.35,1.5404830006824237
2018-12-26,BIL.N0000,1.64347748,1.73478178,1.64347748,1.73478178,10748,tradingview_cselk_fallback,0.0,0.0,0.05263157652024683,75186.8,0.1429506243117143
2018-12-28,BIL.N0000,1.64347748,1.64347748,1.64347748,1.64347748,67484,tradingview_cselk_fallback,-0.05263157652024686,-0.05406721870831412,0.0,78396.65,0.8608020878443149
2018-12-31,BIL.N0000,1.73478178,1.73478178,1.64347748,1.73478178,13526,tradingview_cselk_fallback,0.05555555285126257,0.054067218708313984,0.05263157652024683,64424.15,0.20995232377920392
2019-01-02,BIL.N0000,1.73478178,1.73478178,1.64347748,1.64347748,63846,tradingview_cselk_fallback,-0.05263157652024686,-0.05406721870831412,0.05555555285126268,67438.45,0.9467299441194156
2019-01-04,BIL.N0000,1.73478178,1.73478178,1.64347748,1.73478178,3067,tradingview_cselk_fallback,0.05555555285126257,0.054067218708313984,0.05263157652024683,63000.35,0.048682269225488434
2019-01-08,BIL.N0000,1.73478178,1.73478178,1.64347748,1.73478178,517,tradingview_cselk_fallback,0.0,0.0,0.05263157652024683,61952.85,0.008345055957877644
2019-01-09,BIL.N0000,1.64347748,1.64347748,1.55217317,1.64347748,50649,tradingview_cselk_fallback,-0.05263157652024686,-0.05406721870831412,0.055555558935921616,64293.5,0.7877779246735673
2019-01-10,BIL.N0000,1.64347748,1.64347748,1.55217317,1.64347748,70152,tradingview_cselk_fallback,0.0,0.0,0.055555558935921616,66075.9,1.0616881495371233
2019-01-11,BIL.N0000,1.64347748,1.64347748,1.64347748,1.64347748,36920,tradingview_cselk_fallback,0.0,0.0,0.0,67647.3,0.5457719672477689
2019-01-14,BIL.N0000,1.64347748,1.64347748,1.55217317,1.64347748,121724,tradingview_cselk_fallback,0.0,0.0,0.055555558935921616,73640.0,1.6529603476371537
2019-01-16,BIL.N0000,1.55217317,1.55217317,1.46086887,1.55217317,229663,tradingview_cselk_fallback,-0.05555555893592157,-0.05715841741915969,0.0588235267589376,84081.25,2.7314413142050102
2019-01-17,BIL.N0000,1.64347748,1.64347748,1.55217317,1.64347748,250242,tradingview_cselk_fallback,0.058823533201517675,0.057158417419159745,0.055555558935921616,89090.75,2.8088437913026887
2019-01-18,BIL.N0000,1.55217317,1.64347748,1.55217317,1.55217317,96994,tradingview_cselk_fallback,-0.05555555893592157,-0.05715841741915969,0.058823533201517675,93676.5,1.035414431581026
2019-01-21,BIL.N0000,1.55217317,1.64347748,1.55217317,1.55217317,1193472,tradingview_cselk_fallback,0.0,0.0,0.058823533201517675,133901.05,8.91308918040598
2019-01-22,BIL.N0000,1.64347748,1.64347748,1.55217317,1.55217317,126475,tradingview_cselk_fallback,0.0,0.0,0.058823533201517675,139665.9,0.9055538968352332
2019-01-24,BIL.N0000,1.64347748,1.73478178,1.55217317,1.55217317,340656,tradingview_cselk_fallback,0.0,0.0,0.11764705996045527,150696.8,2.260539042633951
2019-01-25,BIL.N0000,1.73478178,1.73478178,1.55217317,1.64347748,320220,tradingview_cselk_fallback,0.058823533201517675,0.057158417419159745,0.1111111117871843,160983.75,1.989144867106152
2019-01-29,BIL.N0000,1.64347748,1.73478178,1.55217317,1.73478178,107325308,tradingview_cselk_fallback,0.05555555285126257,0.054067218708313984,0.1052631588049074,5523534.85,19.430547813054897
2019-01-30,BIL.N0000,1.73478178,1.82608609,1.64347748,1.82608609,483928,tradingview_cselk_fallback,0.05263158228466058,0.05129329755797808,0.10000000054761927,5546030.2,0.08725664710588846
2019-01-31,BIL.N0000,1.73478178,1.82608609,1.73478178,1.73478178,33683,tradingview_cselk_fallback,-0.05000000301190621,-0.05129329755797813,0.052631582284660576,5541963.7,0.006077809567753033
2019-02-01,BIL.N0000,1.73478178,1.82608609,1.73478178,1.73478178,29268,tradingview_cselk_fallback,0.0,0.0,0.052631582284660576,5542889.7,0.0052802782635202
2019-02-05,BIL.N0000,1.73478178,1.73478178,1.64347748,1.73478178,121663,tradingview_cselk_fallback,0.0,0.0,0.05263157652024683,5545598.65,0.021938659408754724
2019-02-06,BIL.N0000,1.64347748,1.73478178,1.64347748,1.73478178,8105,tradingview_cselk_fallback,0.0,0.0,0.05263157652024683,5545327.6,0.0014615908354990606
2019-02-07,BIL.N0000,1.73478178,1.82608609,1.64347748,1.64347748,47942,tradingview_cselk_fallback,-0.05263157652024686,-0.05406721870831412,0.1111111117871843,5544532.4,0.008646716538260286
2019-02-12,BIL.N0000,1.64347748,1.73478178,1.64347748,1.64347748,122072,tradingview_cselk_fallback,0.0,0.0,0.05555555285126268,5550482.65,0.021993042352812325
2019-02-13,BIL.N0000,1.73478178,1.73478178,1.73478178,1.73478178,38293,tradingview_cselk_fallback,0.05555555285126257,0.054067218708313984,0.0,5552371.45,0.006896692763593833
2019-02-15,BIL.N0000,1.64347748,1.73478178,1.64347748,1.73478178,3888,tradingview_cselk_fallback,0.0,0.0,0.05263157652024683,5550033.4,0.0007005363247003162
2019-02-20,BIL.N0000,1.64347748,1.73478178,1.55217317,1.55217317,241632,tradingview_cselk_fallback,-0.10526315880490744,-0.11122563612747387,0.11764705996045527,5558607.4,0.04346988060354829
2019-02-21,BIL.N0000,1.64347748,1.64347748,1.55217317,1.64347748,105746,tradingview_cselk_fallback,0.058823533201517675,0.057158417419159745,0.055555558935921616,5562048.7,0.019012059351440055
2019-02-25,BIL.N0000,1.64347748,1.64347748,1.55217317,1.64347748,81247,tradingview_cselk_fallback,0.0,0.0,0.055555558935921616,5560024.85,0.014612704473793854
2019-02-26,BIL.N0000,1.55217317,1.64347748,1.55217317,1.64347748,987,tradingview_cselk_fallback,0.0,0.0,0.055555558935921616,5548591.05,0.0001778829960805996
2019-02-27,BIL.N0000,1.55217317,1.64347748,1.55217317,1.55217317,290891,tradingview_cselk_fallback,-0.05555555893592157,-0.05715841741915969,0.058823533201517675,5550623.5,0.052406905278298915
2019-03-01,BIL.N0000,1.64347748,1.64347748,1.55217317,1.55217317,11511,tradingview_cselk_fallback,0.0,0.0,0.058823533201517675,5546349.35,0.0020754192124590926
2019-03-05,BIL.N0000,1.64347748,1.64347748,1.55217317,1.55217317,132912,tradingview_cselk_fallback,0.0,0.0,0.058823533201517675,5493321.35,0.024195198411248963
2019-03-07,BIL.N0000,1.55217317,1.55217317,1.55217317,1.55217317,226167,tradingview_cselk_fallback,0.0,0.0,0.0,5498305.95,0.04113394235546314
2019-03-08,BIL.N0000,1.64347748,1.64347748,1.46086887,1.46086887,351484,tradingview_cselk_fallback,-0.05882352675893765,-0.0606246189978061,0.12500000085565513,5498847.35,0.06391957761838943
2019-03-11,BIL.N0000,1.46086887,1.55217317,1.46086887,1.55217317,30355,tradingview_cselk_fallback,0.06249999700520692,0.06062461899780606,0.0588235267589376,5484354.1,0.005534835907112562
2019-03-12,BIL.N0000,1.46086887,1.55217317,1.46086887,1.46086887,30750,tradingview_cselk_fallback,-0.05882352675893765,-0.0606246189978061,0.062499997005206906,119626.2,0.25705071297090437
2019-03-13,BIL.N0000,1.55217317,1.55217317,1.46086887,1.46086887,39024,tradingview_cselk_fallback,0.0,0.0,0.062499997005206906,97381.0,0.40073525636417784
2019-03-14,BIL.N0000,1.46086887,1.46086887,1.46086887,1.46086887,128143,tradingview_cselk_fallback,0.0,0.0,0.0,102104.0,1.2550242889602758
2019-03-15,BIL.N0000,1.46086887,1.46086887,1.46086887,1.46086887,129832,tradingview_cselk_fallback,0.0,0.0,0.0,107132.2,1.2118858755817579
2019-03-18,BIL.N0000,1.55217317,1.55217317,1.46086887,1.55217317,275,tradingview_cselk_fallback,0.06249999700520692,0.06062461899780606,0.0588235267589376,101062.8,0.002721080357955647
2019-03-19,BIL.N0000,1.46086887,1.55217317,1.36956457,1.55217317,214557,tradingview_cselk_fallback,0.0,0.0,0.1176470535178752,111385.4,1.9262578398964318
2019-03-20,BIL.N0000,1.36956457,1.36956457,1.36956457,1.36956457,8214,tradingview_cselk_fallback,-0.11764705351787519,-0.12516313694093126,0.0,109399.0,0.07508295322626349
2019-03-22,BIL.N0000,1.36956457,1.46086887,1.36956457,1.46086887,167049,tradingview_cselk_fallback,0.06666666325925763,0.06453851794312519,0.062499997005206906,111647.85,1.4962133171395597
2019-03-25,BIL.N0000,1.46086887,1.46086887,1.46086887,1.46086887,6650,tradingview_cselk_fallback,0.0,0.0,0.0,110065.7,0.06041845915666734
2019-03-26,BIL.N0000,1.46086887,1.55217317,1.46086887,1.46086887,281897,tradingview_cselk_fallback,0.0,0.0,0.062499997005206906,123966.15,2.273983664088947
2019-03-27,BIL.N0000,1.46086887,1.55217317,1.46086887,1.46086887,155775,tradingview_cselk_fallback,0.0,0.0,0.062499997005206906,119673.3,1.3016687932897313
2019-03-28,BIL.N0000,1.46086887,1.55217317,1.36956457,1.55217317,338973,tradingview_cselk_fallback,0.06249999700520692,0.06062461899780606,0.1176470535178752,131334.65,2.5809868149799007
2019-03-29,BIL.N0000,1.46086887,1.46086887,1.36956457,1.36956457,50073,tradingview_cselk_fallback,-0.11764705351787519,-0.12516313694093126,0.06666666325925764,129775.95,0.38584190676315605
2019-04-01,BIL.N0000,1.46086887,1.55217317,1.36956457,1.46086887,34765,tradingview_cselk_fallback,0.06666666325925763,0.06453851794312519,0.12499999401041381,131464.85,0.2644433093712882
2019-04-02,BIL.N0000,1.55217317,1.55217317,1.46086887,1.55217317,14245,tradingview_cselk_fallback,0.06249999700520692,0.06062461899780606,0.0588235267589376,117632.55,0.12109743434109012
2019-04-03,BIL.N0000,1.55217317,1.55217317,1.55217317,1.55217317,4382,tradingview_cselk_fallback,0.0,0.0,0.0,117276.1,0.037364816872320954
2019-04-04,BIL.N0000,1.55217317,1.55217317,1.46086887,1.55217317,7887,tradingview_cselk_fallback,0.0,0.0,0.0588235267589376,111024.85,0.07103815046811592
2019-04-08,BIL.N0000,1.46086887,1.55217317,1.46086887,1.55217317,1797,tradingview_cselk_fallback,0.0,0.0,0.0588235267589376,99806.35,0.018004866423829747
2019-04-10,BIL.N0000,1.46086887,1.55217317,1.46086887,1.46086887,15664,tradingview_cselk_fallback,-0.05882352675893765,-0.0606246189978061,0.062499997005206906,83015.35,0.1886879956538158
2019-04-11,BIL.N0000,1.46086887,1.46086887,1.36956457,1.46086887,557490,tradingview_cselk_fallback,0.0,0.0,0.062499997005206906,109372.1,5.097186576832666
2019-04-16,BIL.N0000,1.46086887,1.46086887,1.46086887,1.46086887,10422,tradingview_cselk_fallback,0.0,0.0,0.0,108355.7,0.09618321878775182
2019-04-17,BIL.N0000,1.46086887,1.46086887,1.46086887,1.46086887,1,tradingview_cselk_fallback,0.0,0.0,0.0,106404.55,9.398094348408972e-06
2019-04-18,BIL.N0000,1.46086887,1.46086887,1.36956457,1.46086887,17867,tradingview_cselk_fallback,0.0,0.0,0.062499997005206906,100890.75,0.17709254812755382
2019-04-23,BIL.N0000,1.36956457,1.36956457,1.27826026,1.27826026,153797,tradingview_cselk_fallback,-0.12500000085565532,-0.13353139360241442,0.07142857589893327,102089.0,1.506499231063092
2019-04-24,BIL.N0000,1.27826026,1.46086887,1.27826026,1.46086887,49974,tradingview_cselk_fallback,0.14285714397473348,0.13353139360241442,0.12500000085565527,104573.95,0.47788191992365214
2019-04-25,BIL.N0000,1.36956457,1.46086887,1.36956457,1.46086887,1220,tradingview_cselk_fallback,0.0,0.0,0.062499997005206906,93907.1,0.012991562938265583
2019-04-26,BIL.N0000,1.36956457,1.46086887,1.36956457,1.46086887,6024,tradingview_cselk_fallback,0.0,0.0,0.062499997005206906,93797.6,0.06422339164328297
2019-04-29,BIL.N0000,1.46086887,1.46086887,1.27826026,1.36956457,890386,tradingview_cselk_fallback,-0.06249999700520692,-0.06453851794312522,0.13333333382010618,129964.45,6.850996560982638
2019-04-30,BIL.N0000,1.46086887,1.46086887,1.36956457,1.46086887,7821,tradingview_cselk_fallback,0.06666666325925763,0.06453851794312519,0.062499997005206906,130023.0,0.060150896379871255
2019-05-02,BIL.N0000,1.36956457,1.36956457,1.36956457,1.36956457,291267,tradingview_cselk_fallback,-0.06249999700520692,-0.06453851794312522,0.0,130491.5,2.2320764187705713
2019-05-03,BIL.N0000,1.36956457,1.46086887,1.36956457,1.46086887,47883,tradingview_cselk_fallback,0.06666666325925763,0.06453851794312519,0.062499997005206906,125096.9,0.38276727880547
2019-05-06,BIL.N0000,1.27826026,1.36956457,1.27826026,1.36956457,384607,tradingview_cselk_fallback,-0.06249999700520692,-0.06453851794312522,0.06666667056084852,127378.6,3.0194004330397726
2019-05-07,BIL.N0000,1.36956457,1.36956457,1.18695596,1.27826026,152129,tradingview_cselk_fallback,-0.06666667056084852,-0.06899287565928916,0.14285714397473342,132481.4,1.1483045921918096
2019-05-08,BIL.N0000,1.36956457,1.36956457,1.18695596,1.18695596,13154,tradingview_cselk_fallback,-0.07142856807580011,-0.07410796854304509,0.15384615449422417,131400.85,0.10010589733628054
2019-05-09,BIL.N0000,1.18695596,1.36956457,1.18695596,1.27826026,35600,tradingview_cselk_fallback,0.07692307303465573,0.07410796854304505,0.14285714397473342,132468.6,0.2687429322873496
2019-05-10,BIL.N0000,1.27826026,1.36956457,1.18695596,1.27826026,112285,tradingview_cselk_fallback,0.0,0.0,0.14285714397473342,137863.75,0.8144635555031688
2019-05-13,BIL.N0000,1.27826026,1.36956457,1.18695596,1.27826026,10843,tradingview_cselk_fallback,0.0,0.0,0.14285714397473342,138011.55,0.07856588814486905
2019-05-14,BIL.N0000,1.18695596,1.27826026,1.18695596,1.18695596,109319,tradingview_cselk_fallback,-0.07142856807580011,-0.07410796854304509,0.07692307303465581,143387.65,0.762401782859263
2019-05-15,BIL.N0000,1.18695596,1.18695596,1.09565165,1.18695596,342438,tradingview_cselk_fallback,0.0,0.0,0.07692308145956818,159726.35,2.143904246231132
2019-05-16,BIL.N0000,1.18695596,1.27826026,1.18695596,1.18695596,57694,tradingview_cselk_fallback,0.0,0.0,0.07692307303465581,134736.55,0.4281985845711502
2019-05-17,BIL.N0000,1.18695596,1.27826026,1.18695596,1.27826026,34063,tradingview_cselk_fallback,0.07692307303465573,0.07410796854304505,0.07142856807580016,135918.6,0.25061323468605473
2019-05-21,BIL.N0000,1.27826026,1.27826026,1.18695596,1.27826026,3220,tradingview_cselk_fallback,0.0,0.0,0.07142856807580016,136079.55,0.023662629689766027
2019-05-22,BIL.N0000,1.27826026,1.27826026,1.18695596,1.18695596,241984,tradingview_cselk_fallback,-0.07142856807580011,-0.07410796854304509,0.07692307303465581,147285.4,1.6429598588862169
2019-05-23,BIL.N0000,1.18695596,1.27826026,1.18695596,1.18695596,218013,tradingview_cselk_fallback,0.0,0.0,0.07692307303465581,150496.2,1.4486279387785206
2019-05-24,BIL.N0000,1.27826026,1.36956457,1.27826026,1.36956457,792523,tradingview_cselk_fallback,0.15384615449422423,0.14310084420233432,0.06666667056084852,187623.65,4.224003743664512
2019-05-27,BIL.N0000,1.36956457,1.64347748,1.36956457,1.46086887,3143675,tradingview_cselk_fallback,0.06666666325925763,0.06453851794312519,0.18749999786086202,344746.4,9.118804431315308
2019-05-28,BIL.N0000,1.46086887,1.55217317,1.36956457,1.46086887,506216,tradingview_cselk_fallback,0.0,0.0,0.12499999401041381,369756.0,1.3690541870855375
2019-05-29,BIL.N0000,1.46086887,1.55217317,1.36956457,1.46086887,137055,tradingview_cselk_fallback,0.0,0.0,0.12499999401041381,332089.45,0.4127050708777409
2019-05-30,BIL.N0000,1.46086887,1.55217317,1.46086887,1.55217317,220147,tradingview_cselk_fallback,0.06249999700520692,0.06062461899780606,0.0588235267589376,342705.75,0.6423790671735155
2019-05-31,BIL.N0000,1.46086887,1.55217317,1.36956457,1.46086887,317183,tradingview_cselk_fallback,-0.05882352675893765,-0.0606246189978061,0.12499999401041381,344001.55,0.9220394501129429
2019-06-03,BIL.N0000,1.46086887,1.46086887,1.36956457,1.46086887,153883,tradingview_cselk_fallback,0.0,0.0,0.062499997005206906,349301.55,0.44054485300738006
2019-06-04,BIL.N0000,1.46086887,1.46086887,1.36956457,1.36956457,43282,tradingview_cselk_fallback,-0.06249999700520692,-0.06453851794312522,0.06666666325925764,332235.3,0.13027513933648832
2019-06-06,BIL.N0000,1.46086887,1.46086887,1.36956457,1.46086887,73491,tradingview_cselk_fallback,0.06666666325925763,0.06453851794312519,0.062499997005206906,328303.4,0.22385086477934737
2019-06-07,BIL.N0000,1.46086887,1.46086887,1.36956457,1.36956457,208478,tradingview_cselk_fallback,-0.06249999700520692,-0.06453851794312522,0.06666666325925764,338069.6,0.6166718332556373
2019-06-10,BIL.N0000,1.36956457,1.36956457,1.27826026,1.36956457,13395,tradingview_cselk_fallback,0.0,0.0,0.06666667056084852,336959.35,0.039752569560690336
2019-06-11,BIL.N0000,1.36956457,1.36956457,1.27826026,1.36956457,20822,tradingview_cselk_fallback,0.0,0.0,0.06666667056084852,332386.2,0.06264399665208724
2019-06-12,BIL.N0000,1.36956457,1.46086887,1.27826026,1.36956457,378668,tradingview_cselk_fallback,0.0,0.0,0.13333333382010618,350777.45,1.079510669799327
2019-06-13,BIL.N0000,1.36956457,1.46086887,1.36956457,1.46086887,216436,tradingview_cselk_fallback,0.06666666325925763,0.06453851794312519,0.062499997005206906,356133.3,0.6077387315367588
2019-06-14,BIL.N0000,1.36956457,1.46086887,1.36956457,1.46086887,348437,tradingview_cselk_fallback,0.0,0.0,0.062499997005206906,356433.25,0.9775659257378485
2019-06-17,BIL.N0000,1.46086887,1.46086887,1.36956457,1.46086887,79744,tradingview_cselk_fallback,0.0,0.0,0.062499997005206906,357535.75,0.22303783607653221
2019-06-18,BIL.N0000,1.36956457,1.46086887,1.36956457,1.36956457,284395,tradingview_cselk_fallback,-0.06249999700520692,-0.06453851794312522,0.06666666325925764,370052.35,0.7685263990351636
2019-06-19,BIL.N0000,1.36956457,1.46086887,1.36956457,1.36956457,140520,tradingview_cselk_fallback,0.0,0.0,0.06666666325925764,376917.35,0.37281382775295435
2019-06-20,BIL.N0000,1.36956457,1.36956457,1.36956457,1.36956457,9443,tradingview_cselk_fallback,0.0,0.0,0.0,365290.3,0.025850672738914775
2019-06-21,BIL.N0000,1.36956457,1.46086887,1.36956457,1.36956457,45344,tradingview_cselk_fallback,0.0,0.0,0.06666666325925764,356656.85,0.12713620949660717
2019-06-24,BIL.N0000,1.36956457,1.46086887,1.36956457,1.36956457,186249,tradingview_cselk_fallback,0.0,0.0,0.06666666325925764,326343.15,0.5707152118866291
2019-06-25,BIL.N0000,1.36956457,1.36956457,1.27826026,1.36956457,208851,tradingview_cselk_fallback,0.0,0.0,0.06666667056084852,179601.95,1.1628548576449198
2019-06-27,BIL.N0000,1.46086887,1.46086887,1.36956457,1.46086887,34091,tradingview_cselk_fallback,0.06666666325925763,0.06453851794312519,0.062499997005206906,155995.7,0.21853807508796716
2019-06-28,BIL.N0000,1.36956457,1.46086887,1.27826026,1.36956457,346970,tradingview_cselk_fallback,-0.06249999700520692,-0.06453851794312522,0.13333333382010618,166491.45,2.0840109206809116
2019-07-01,BIL.N0000,1.36956457,1.46086887,1.36956457,1.36956457,215149,tradingview_cselk_fallback,0.0,0.0,0.06666666325925764,166241.55,1.294195103450371
2019-07-03,BIL.N0000,1.36956457,1.46086887,1.36956457,1.46086887,31675,tradingview_cselk_fallback,0.06666666325925763,0.06453851794312519,0.062499997005206906,151966.15,0.20843457572623905
2019-07-04,BIL.N0000,1.46086887,1.46086887,1.36956457,1.36956457,56314,tradingview_cselk_fallback,-0.06249999700520692,-0.06453851794312522,0.06666666325925764,147087.7,0.3828600216061574
2019-07-05,BIL.N0000,1.46086887,1.55217317,1.36956457,1.46086887,2226913,tradingview_cselk_fallback,0.06666666325925763,0.06453851794312519,0.12499999401041381,256269.25,8.689739404942262
2019-07-08,BIL.N0000,1.46086887,1.64347748,1.46086887,1.55217317,1954649,tradingview_cselk_fallback,0.06249999700520692,0.06062461899780606,0.11764705996045527,350327.15,5.579496193772021
2019-07-09,BIL.N0000,1.55217317,1.64347748,1.46086887,1.55217317,2247849,tradingview_cselk_fallback,0.0,0.0,0.11764705996045527,452295.7,4.969865952738441
2019-07-10,BIL.N0000,1.55217317,1.64347748,1.55217317,1.55217317,160722,tradingview_cselk_fallback,0.0,0.0,0.058823533201517675,459662.05,0.34965253276836755
2019-07-11,BIL.N0000,1.64347748,1.73478178,1.55217317,1.64347748,3796430,tradingview_cselk_fallback,0.058823533201517675,0.057158417419159745,0.1111111117871843,648442.45,5.8546907285295715
2019-07-12,BIL.N0000,1.64347748,1.64347748,1.55217317,1.55217317,272168,tradingview_cselk_fallback,-0.05555555893592157,-0.05715841741915969,0.058823533201517675,643117.45,0.42320108092231057
2019-07-15,BIL.N0000,1.55217317,1.64347748,1.55217317,1.64347748,772886,tradingview_cselk_fallback,0.058823533201517675,0.057158417419159745,0.055555558935921616,670939.95,1.151945118188297
2019-07-17,BIL.N0000,1.64347748,1.82608609,1.55217317,1.82608609,5044612,tradingview_cselk_fallback,0.11111111178718436,0.10536051626629223,0.15000000355952545,905748.7,5.56954925797851
2019-07-18,BIL.N0000,1.82608609,2.099999,1.82608609,2.099999,16664353,tradingview_cselk_fallback,0.14999999808333242,0.13976194070849124,0.1304347811594196,1734979.15,9.604929834459394
2019-07-19,BIL.N0000,2.28260761,2.37391191,2.1913033,2.28260761,35110890,tradingview_cselk_fallback,0.08695652236024864,0.0833816095104798,0.08000000052571452,3476303.9,10.100063461080028
2019-07-22,BIL.N0000,2.1913033,2.28260761,2.0086947,2.1913033,8819814,tradingview_cselk_fallback,-0.04000000245333446,-0.04082199707581186,0.12499999885912642,3910268.6,2.255551958758025
2019-07-23,BIL.N0000,2.1913033,2.1913033,2.099999,2.099999,1038568,tradingview_cselk_fallback,-0.04166666476521075,-0.042559612434668014,0.04347825879917086,3961724.85,0.2621504620645222
2019-07-24,BIL.N0000,2.099999,2.1913033,2.0086947,2.1913033,3030661,tradingview_cselk_fallback,0.04347825879917089,0.04255961243466803,0.08333332953042147,4110990.7,0.7372094030764895
2019-07-25,BIL.N0000,2.099999,2.1913033,2.099999,2.099999,1485944,tradingview_cselk_fallback,-0.04166666476521075,-0.042559612434668014,0.04347825879917086,4175975.45,0.3558315937896617
2019-07-26,BIL.N0000,2.099999,2.1913033,2.0086947,2.099999,5405756,tradingview_cselk_fallback,0.0,0.0,0.08695651759834172,4435820.7,1.2186597172424034
2019-07-29,BIL.N0000,2.099999,2.28260761,2.099999,2.1913033,4138586,tradingview_cselk_fallback,0.04347825879917089,0.04255961243466803,0.08333333409391569,4641045.45,0.8917357187269088
2019-07-30,BIL.N0000,2.1913033,2.28260761,2.099999,2.1913033,3006213,tradingview_cselk_fallback,0.0,0.0,0.08333333409391569,4774007.6,0.6297042761306036
2019-07-31,BIL.N0000,2.1913033,2.28260761,2.099999,2.1913033,1915181,tradingview_cselk_fallback,0.0,0.0,0.08333333409391569,4859009.2,0.39415051941041807
2019-08-01,BIL.N0000,2.1913033,2.28260761,2.099999,2.1913033,1918148,tradingview_cselk_fallback,0.0,0.0,0.08333333409391569,4953332.85,0.38724391396390817
2019-08-02,BIL.N0000,2.1913033,2.55652052,2.099999,2.46521622,18323418,tradingview_cselk_fallback,0.12500000342262063,0.1177830386987129,0.1851851842837542,5866688.05,3.123298502295516
2019-08-05,BIL.N0000,2.55652052,2.64782483,2.46521622,2.55652052,16354293,tradingview_cselk_fallback,0.03703703523417512,0.03636764243240086,0.07142857198736663,6573057.05,2.4880801848509746
2019-08-06,BIL.N0000,2.55652052,2.73912913,2.46521622,2.73912913,13871658,tradingview_cselk_fallback,0.07142857198736663,0.06899287200849363,0.09999999890476137,7168907.5,1.9349751688105894
2019-08-07,BIL.N0000,2.73912913,2.83043343,2.64782483,2.83043343,23825077,tradingview_cselk_fallback,0.033333331751322026,0.03278982129201218,0.06451612606907346,8247768.9,2.8886693224394295
2019-08-08,BIL.N0000,2.83043343,2.83043343,2.64782483,2.73912913,7403690,tradingview_cselk_fallback,-0.03225806303453671,-0.03278982129201214,0.06666666350264401,8609917.3,0.8599025684021377
2019-08-09,BIL.N0000,2.73912913,2.83043343,2.64782483,2.73912913,3975307,tradingview_cselk_fallback,0.0,0.0,0.06666666350264401,8618861.15,0.4612334426573283
2019-08-13,BIL.N0000,2.83043343,2.92173774,2.73912913,2.73912913,8290287,tradingview_cselk_fallback,0.0,0.0,0.06666666715343954,9019767.1,0.9191242864796365
2019-08-15,BIL.N0000,2.73912913,3.01304204,2.73912913,2.92173774,17982092,tradingview_cselk_fallback,0.0666666671534395,0.0645385215939207,0.09374999893043116,9880227.4,1.8200079079151559
2019-08-16,BIL.N0000,3.01304204,3.10434635,2.73912913,2.83043343,23387860,tradingview_cselk_fallback,-0.03125000192522431,-0.03174870030190863,0.12903225920420264,10797389.8,2.1660660986787748
2019-08-19,BIL.N0000,2.83043343,2.92173774,2.73912913,2.83043343,3394897,tradingview_cselk_fallback,0.0,0.0,0.0645161296021014,10133917.0,0.33500343450612435
2019-08-20,BIL.N0000,2.83043343,3.10434635,2.83043343,3.01304204,16539403,tradingview_cselk_fallback,0.06451612960210129,0.06252035751664126,0.09090909332284003,9205342.65,1.7967178006133209
2019-08-21,BIL.N0000,3.10434635,3.10434635,2.92173774,3.01304204,5294870,tradingview_cselk_fallback,0.0,0.0,0.06060606110892496,9029095.45,0.5864230840532315
2019-08-22,BIL.N0000,3.01304204,3.10434635,2.92173774,3.10434635,2400563,tradingview_cselk_fallback,0.030303032213914838,0.0298529650043632,0.05882352979073999,9097195.2,0.2638794647387582
2019-08-23,BIL.N0000,3.10434635,3.19565065,3.10434635,3.10434635,14775774,tradingview_cselk_fallback,0.0,0.0,0.02941176328472498,9684450.85,1.5257214093868834
2019-08-26,BIL.N0000,3.10434635,3.19565065,2.92173774,3.01304204,2947439,tradingview_cselk_fallback,-0.029411766506014958,-0.029852965004363234,0.090909090003935,9757525.6,0.30206828255720897
2019-08-27,BIL.N0000,3.01304204,3.19565065,2.92173774,3.10434635,5767183,tradingview_cselk_fallback,0.030303032213914838,0.0298529650043632,0.08823529307546496,9775596.95,0.5899571176571473
2019-08-28,BIL.N0000,3.19565065,3.19565065,3.01304204,3.19565065,3041671,tradingview_cselk_fallback,0.029411763284725057,0.028987535492699487,0.05714285758989329,9720751.2,0.312904932696971
2019-08-29,BIL.N0000,3.19565065,3.28695496,3.19565065,3.19565065,14238308,tradingview_cselk_fallback,0.0,0.0,0.028571430359573234,10282355.95,1.3847320661953937
2019-08-30,BIL.N0000,3.19565065,3.74347648,3.19565065,3.74347648,39346190,tradingview_cselk_fallback,0.17142857276967982,0.15822400635974276,0.14634146439194398,12153906.4,3.237328699520016
2019-09-02,BIL.N0000,3.74347648,4.47391091,3.74347648,4.47391091,60314327,tradingview_cselk_fallback,0.1951219498512784,0.17824823026147013,0.1632653051645143,15073715.35,4.001291360460777
2019-09-03,BIL.N0000,4.47391091,4.83912813,4.199998,4.47391091,67051310,tradingview_cselk_fallback,0.0,0.0,0.14285714285714282,17510109.95,3.8292912032799657
2019-09-04,BIL.N0000,4.47391091,4.56521522,4.1086937,4.2913023,25214666,tradingview_cselk_fallback,-0.040816326849923756,-0.04167269673346726,0.10638297842591977,17953128.6,1.4044719759875166
2019-09-05,BIL.N0000,4.199998,4.38260661,3.92608509,4.2913023,26711989,tradingview_cselk_fallback,0.0,0.0,0.10638297842591977,18595145.15,1.4365033875522075
2019-09-06,BIL.N0000,4.2913023,4.47391091,4.1086937,4.2913023,17975034,tradingview_cselk_fallback,0.0,0.0,0.08510638134255886,18302643.0,0.9821004540163953
2019-09-09,BIL.N0000,4.38260661,4.56521522,4.2913023,4.56521522,18808177,tradingview_cselk_fallback,0.06382978891978786,0.06187540530268806,0.060000001489524495,18872867.35,0.9965723094005638
2019-09-10,BIL.N0000,4.47391091,4.74782383,4.47391091,4.74782383,31816797,tradingview_cselk_fallback,0.04000000026285733,0.03922071340602873,0.057692309109961204,20264941.85,1.5700413667853677
2019-09-11,BIL.N0000,4.65651952,4.65651952,4.38260661,4.47391091,17495955,tradingview_cselk_fallback,-0.05769230910996126,-0.05942342197524943,0.06122448915729526,20725225.25,0.8441864823640457
2019-09-12,BIL.N0000,4.38260661,4.47391091,4.2913023,4.47391091,2843770,tradingview_cselk_fallback,0.0,0.0,0.040816326849923784,19968309.15,0.1424141612911677
2019-09-16,BIL.N0000,4.38260661,4.56521522,4.2913023,4.47391091,5519023,tradingview_cselk_fallback,0.0,0.0,0.0612244913924761,19074867.3,0.28933480444186366
2019-09-17,BIL.N0000,4.47391091,4.56521522,4.38260661,4.38260661,2038629,tradingview_cselk_fallback,-0.020408162307371525,-0.020619286224844113,0.04166666695188505,19007053.9,0.10725644335653724
2019-09-18,BIL.N0000,4.38260661,4.47391091,4.2913023,4.38260661,2163843,tradingview_cselk_fallback,0.0,0.0,0.04166666695188505,18288275.9,0.11831858901472501
2019-09-19,BIL.N0000,4.38260661,4.47391091,4.2913023,4.38260661,1440198,tradingview_cselk_fallback,0.0,0.0,0.04166666695188505,18095542.3,0.07958855148541195
2019-09-20,BIL.N0000,4.38260661,4.47391091,4.199998,4.2913023,2113601,tradingview_cselk_fallback,-0.020833334616816024,-0.021053410508623176,0.06382978658949288,18081194.2,0.11689498915951027
2019-09-23,BIL.N0000,4.2913023,4.2913023,4.01738939,4.199998,8547865,tradingview_cselk_fallback,-0.02127659475306598,-0.02150620420779187,0.0652173905797098,17769798.75,0.4810333037677199
2019-09-24,BIL.N0000,4.1086937,4.199998,3.74347648,3.83478078,11106376,tradingview_cselk_fallback,-0.08695652236024876,-0.09097177888599914,0.11904761867508888,18177745.6,0.6109875363202354
2019-09-25,BIL.N0000,3.83478078,4.01738939,3.74347648,3.92608509,3775950,tradingview_cselk_fallback,0.02380952529964442,0.02353049886566076,0.06976744103118762,18078183.95,0.2088677718095683
2019-09-26,BIL.N0000,4.01738939,4.199998,3.92608509,4.1086937,8587779,tradingview_cselk_fallback,0.04651162820314725,0.045462374359764704,0.0666666658553788,18355489.35,0.4678588969353737
2019-09-27,BIL.N0000,4.1086937,4.1086937,3.83478078,3.92608509,9157992,tradingview_cselk_fallback,-0.04444444471487374,-0.04546237435976474,0.06976744357825415,18101473.55,0.5059252206569669
2019-09-30,BIL.N0000,3.92608509,3.92608509,3.65217217,3.74347648,10777902,tradingview_cselk_fallback,-0.04651162820314725,-0.047628049299872466,0.07317073353162884,16673059.15,0.6464261838835976
2019-10-01,BIL.N0000,3.74347648,3.83478078,3.65217217,3.74347648,1134650,tradingview_cselk_fallback,0.0,0.0,0.048780488130647996,13714075.3,0.08273616523018508
2019-10-02,BIL.N0000,3.65217217,3.74347648,3.46956357,3.46956357,6013712,tradingview_cselk_fallback,-0.07317073086031511,-0.0759859060640515,0.07894736743503447,10662195.4,0.5640219274165619
2019-10-03,BIL.N0000,3.56086787,3.83478078,3.37825926,3.74347648,7905220,tradingview_cselk_fallback,0.0789473674350345,0.07598590606405158,0.12195121899096316,9796723.1,0.806924919619296
2019-10-07,BIL.N0000,3.83478078,3.92608509,3.65217217,3.74347648,2076492,tradingview_cselk_fallback,0.0,0.0,0.07317073353162884,8564948.25,0.24244069425638387
2019-10-08,BIL.N0000,3.74347648,3.83478078,3.65217217,3.83478078,1308485,tradingview_cselk_fallback,0.024390242729667166,0.024097550434211783,0.04761904799157775,7731620.8,0.1692381240425035
2019-10-09,BIL.N0000,3.83478078,4.199998,3.74347648,4.199998,13328569,tradingview_cselk_fallback,0.09523809598315558,0.09097177888599918,0.10869565175983414,7457640.4,1.7872367511847311
2019-10-10,BIL.N0000,4.199998,4.2913023,4.01738939,4.199998,14423523,tradingview_cselk_fallback,0.0,0.0,0.0652173905797098,6587976.7,2.18937067582525
2019-10-11,BIL.N0000,4.199998,4.38260661,4.01738939,4.38260661,15166236,tradingview_cselk_fallback,0.04347826118012432,0.04255961471641507,0.0833333339037701,6471490.75,2.3435459596384343
2019-10-14,BIL.N0000,4.38260661,4.47391091,4.199998,4.2913023,5762905,tradingview_cselk_fallback,-0.020833334616816024,-0.021053410508623176,0.06382978658949288,6617447.5,0.87086523920288
2019-10-15,BIL.N0000,4.38260661,4.38260661,4.199998,4.2913023,5447895,tradingview_cselk_fallback,0.0,0.0,0.0425531918364269,6613891.1,0.8237049745194626
2019-10-16,BIL.N0000,4.2913023,4.2913023,4.01738939,4.1086937,7586362,tradingview_cselk_fallback,-0.04255318950613196,-0.04348510986836555,0.0666666658553788,6891277.75,1.1008643498660318
2019-10-17,BIL.N0000,4.1086937,4.2913023,4.1086937,4.199998,4324986,tradingview_cselk_fallback,0.022222221140504983,0.021978905660573596,0.04347825879917086,6999334.9,0.6179138535005662
2019-10-18,BIL.N0000,4.199998,4.2913023,4.1086937,4.199998,1184659,tradingview_cselk_fallback,0.0,0.0,0.04347825879917086,6986557.95,0.1695626098685691
2019-10-21,BIL.N0000,4.199998,4.199998,4.1086937,4.199998,170094,tradingview_cselk_fallback,0.0,0.0,0.02173912939958543,6889382.6,0.02468929509009995
2019-10-22,BIL.N0000,4.199998,4.199998,4.1086937,4.199998,984779,tradingview_cselk_fallback,0.0,0.0,0.02173912939958543,6511228.3,0.1512431993822118
2019-10-23,BIL.N0000,4.199998,4.199998,4.01738939,4.1086937,2410650,tradingview_cselk_fallback,-0.021739129399585444,-0.021978905660573696,0.04444444471487372,6076442.0,0.39672064672056445
2019-10-24,BIL.N0000,4.1086937,4.1086937,3.83478078,3.83478078,5531726,tradingview_cselk_fallback,-0.06666666828924239,-0.06899287322542544,0.07142857329122211,6164230.8,0.8973911229929937
2019-10-25,BIL.N0000,3.92608509,4.01738939,3.83478078,4.01738939,2305656,tradingview_cselk_fallback,0.04761904799157768,0.04652001599048973,0.045454545793978895,5850124.65,0.3941208329637899
2019-10-28,BIL.N0000,4.01738939,4.1086937,3.92608509,4.01738939,1679692,tradingview_cselk_fallback,0.0,0.0,0.045454545793978895,5476209.65,0.30672529127879533
2019-10-29,BIL.N0000,4.01738939,4.1086937,4.01738939,4.01738939,1258941,tradingview_cselk_fallback,0.0,0.0,0.02272727414157878,5000261.6,0.25177502713058053
2019-10-30,BIL.N0000,4.01738939,4.1086937,4.01738939,4.1086937,251344,tradingview_cselk_fallback,0.022727274141578713,0.022472857234935556,0.02222222357436865,4956096.3,0.050714107391335396
2019-10-31,BIL.N0000,4.1086937,4.38260661,4.1086937,4.2913023,8952143,tradingview_cselk_fallback,0.04444444228101019,0.0434851098683656,0.06382978658949288,5103017.85,1.75428408505371
2019-11-01,BIL.N0000,4.2913023,4.2913023,4.1086937,4.199998,1419039,tradingview_cselk_fallback,-0.02127659475306598,-0.02150620420779187,0.04347825879917086,4778708.8,0.29695029753643915
2019-11-04,BIL.N0000,4.199998,4.199998,4.01738939,4.199998,6364849,tradingview_cselk_fallback,0.0,0.0,0.04347826118012436,4993126.65,1.2747221222598069
2019-11-05,BIL.N0000,4.199998,4.199998,4.1086937,4.199998,1317809,tradingview_cselk_fallback,0.0,0.0,0.02173912939958543,4993592.85,0.26389996933770843
2019-11-06,BIL.N0000,4.199998,4.199998,4.01738939,4.199998,3898989,tradingview_cselk_fallback,0.0,0.0,0.04347826118012436,4522113.85,0.8622049619560109
2019-11-07,BIL.N0000,4.1086937,4.199998,4.01738939,4.1086937,7966260,tradingview_cselk_fallback,-0.021739129399585444,-0.021978905660573696,0.04444444471487372,4199250.7,1.8970670172180955
2019-11-08,BIL.N0000,4.199998,4.199998,4.01738939,4.199998,12700688,tradingview_cselk_fallback,0.022222221140504983,0.021978905660573596,0.04347826118012436,4075973.3,3.1159890080732375
2019-11-13,BIL.N0000,4.1086937,4.199998,4.01738939,4.01738939,988890,tradingview_cselk_fallback,-0.04347826118012432,-0.04445176289550926,0.045454545793978895,3837272.55,0.2577064795671082
2019-11-14,BIL.N0000,4.1086937,4.1086937,4.01738939,4.1086937,2479065,tradingview_cselk_fallback,0.022727274141578713,0.022472857234935556,0.02222222357436865,3688831.05,0.6720462299296684
2019-11-15,BIL.N0000,4.1086937,4.1086937,3.92608509,4.1086937,2054998,tradingview_cselk_fallback,0.0,0.0,0.04444444471487372,3412262.85,0.6022390684234656
2019-11-18,BIL.N0000,4.199998,4.199998,3.92608509,4.1086937,4670924,tradingview_cselk_fallback,0.0,0.0,0.0666666658553788,3429559.75,1.3619602341087658
2019-11-19,BIL.N0000,4.01738939,4.1086937,3.92608509,4.01738939,1907212,tradingview_cselk_fallback,-0.02222222357436865,-0.022472857234935622,0.045454545793978895,3465687.4,0.5503127604642012
2019-11-20,BIL.N0000,4.01738939,4.199998,4.01738939,4.1086937,3234095,tradingview_cselk_fallback,0.022727274141578713,0.022472857234935556,0.04444444471487372,3618887.45,0.8936710645698583
2019-11-21,BIL.N0000,4.01738939,4.1086937,4.01738939,4.1086937,740067,tradingview_cselk_fallback,0.0,0.0,0.02222222357436865,3606651.85,0.20519502041762083
2019-11-22,BIL.N0000,4.01738939,4.1086937,4.01738939,4.01738939,2753512,tradingview_cselk_fallback,-0.02222222357436865,-0.022472857234935622,0.02272727414157878,3623794.95,0.7598421097198118
2019-11-25,BIL.N0000,4.01738939,4.1086937,4.01738939,4.01738939,3590215,tradingview_cselk_fallback,0.0,0.0,0.02272727414157878,3526719.4,1.0180041542289981
2019-11-26,BIL.N0000,4.1086937,4.1086937,4.01738939,4.01738939,3265148,tradingview_cselk_fallback,0.0,0.0,0.02272727414157878,3574694.0,0.9134062943569435
2019-11-27,BIL.N0000,4.01738939,4.01738939,3.92608509,4.01738939,136572,tradingview_cselk_fallback,0.0,0.0,0.02272727165240012,3497538.0,0.03904803893481643
2019-11-28,BIL.N0000,4.01738939,4.1086937,3.92608509,3.92608509,4840766,tradingview_cselk_fallback,-0.022727271652400072,-0.022989517124829047,0.04651162820314726,3676629.25,1.3166315314496289
2019-11-29,BIL.N0000,3.92608509,4.01738939,3.83478078,3.92608509,1390249,tradingview_cselk_fallback,0.0,0.0,0.04651162820314726,3733574.5,0.37236407094595275
2019-12-02,BIL.N0000,3.92608509,3.92608509,3.83478078,3.83478078,1420067,tradingview_cselk_fallback,-0.023255815375106903,-0.02353049886566071,0.023809525299644363,3356970.7,0.4230203736958443
2019-12-03,BIL.N0000,3.83478078,4.1086937,3.83478078,4.01738939,2965719,tradingview_cselk_fallback,0.04761904799157768,0.04652001599048973,0.06818181993555768,3434304.7,0.8635573308332251
2019-12-04,BIL.N0000,4.1086937,4.1086937,3.92608509,4.01738939,491882,tradingview_cselk_fallback,0.0,0.0,0.045454545793978895,3140656.35,0.15661758090788888
2019-12-05,BIL.N0000,3.92608509,4.1086937,3.83478078,3.92608509,1778666,tradingview_cselk_fallback,-0.022727271652400072,-0.022989517124829047,0.06976744357825415,3163699.2,0.5622108448236798
2019-12-06,BIL.N0000,3.92608509,4.01738939,3.92608509,4.01738939,804754,tradingview_cselk_fallback,0.023255812828040456,0.022989517124829186,0.02272727165240012,3008987.45,0.2674501018606774
2019-12-09,BIL.N0000,4.01738939,4.01738939,3.83478078,3.83478078,2873467,tradingview_cselk_fallback,-0.045454545793978895,-0.04652001599048979,0.04761904799157775,2754347.8,1.04324769733147
2019-12-10,BIL.N0000,3.83478078,3.92608509,3.74347648,3.83478078,530062,tradingview_cselk_fallback,0.0,0.0,0.04761904799157775,2145816.5,0.24702112226278436
2019-12-12,BIL.N0000,3.83478078,4.01738939,3.83478078,4.01738939,2249226,tradingview_cselk_fallback,0.04761904799157768,0.04652001599048973,0.045454545793978895,2208833.3,1.0182868938095058
2019-12-13,BIL.N0000,3.92608509,4.01738939,3.83478078,3.92608509,1109025,tradingview_cselk_fallback,-0.022727271652400072,-0.022989517124829047,0.04651162820314726,2140331.3,0.5181557640165334
2019-12-16,BIL.N0000,3.83478078,4.01738939,3.83478078,3.92608509,1052057,tradingview_cselk_fallback,0.0,0.0,0.04651162820314726,2090184.25,0.503332182318377
2019-12-17,BIL.N0000,3.83478078,4.01738939,3.83478078,4.01738939,500057,tradingview_cselk_fallback,0.023255812828040456,0.022989517124829186,0.045454545793978895,1881640.9,0.26575580919823755
2019-12-18,BIL.N0000,3.92608509,4.01738939,3.92608509,3.92608509,256037,tradingview_cselk_fallback,-0.022727271652400072,-0.022989517124829047,0.023255812828040363,1799082.15,0.1423153467450055
2019-12-19,BIL.N0000,3.83478078,3.92608509,3.83478078,3.92608509,214705,tradingview_cselk_fallback,0.0,0.0,0.023255815375106896,1648112.65,0.1302732552899221
2019-12-20,BIL.N0000,3.92608509,4.1086937,3.83478078,4.01738939,5249381,tradingview_cselk_fallback,0.023255812828040456,0.022989517124829186,0.06818181993555768,1873578.35,2.801794224404867
2019-12-23,BIL.N0000,4.1086937,4.199998,4.01738939,4.199998,5957271,tradingview_cselk_fallback,0.045454545793979007,0.04445176289550941,0.04347826118012436,2033766.3,2.9291816862143896
2019-12-24,BIL.N0000,4.199998,4.199998,4.01738939,4.199998,1692810,tradingview_cselk_fallback,0.0,0.0,0.04347826118012436,1938896.05,0.8730792968503907
2019-12-26,BIL.N0000,4.199998,4.2913023,4.1086937,4.2913023,3992171,tradingview_cselk_fallback,0.021739129399585444,0.021506204207791892,0.042553189506131975,1975247.2,2.021099435047927
2019-12-27,BIL.N0000,4.2913023,4.38260661,4.199998,4.2913023,7101171,tradingview_cselk_fallback,0.0,0.0,0.0425531918364269,2323477.15,3.0562689200537223
2019-12-30,BIL.N0000,4.2913023,4.74782383,4.2913023,4.65651952,33870875,tradingview_cselk_fallback,0.08510638367285384,0.08167803165395601,0.09803921749693424,3774982.6,8.972458575040848
2019-12-31,BIL.N0000,4.65651952,4.74782383,4.38260661,4.56521522,35389643,tradingview_cselk_fallback,-0.019607842210870863,-0.019802626351267994,0.08000000052571452,5474952.3,6.463918050939001
2020-01-02,BIL.N0000,4.47391091,5.02173674,4.47391091,5.02173674,44881378,tradingview_cselk_fallback,0.09999999956190453,0.09531017940605625,0.10909090985124001,7648017.85,5.8683673182065075
2020-01-03,BIL.N0000,5.02173674,5.11304104,4.83912813,5.02173674,18967978,tradingview_cselk_fallback,0.0,0.0,0.05454545392994854,8448130.8,2.2452277845887516
2020-01-06,BIL.N0000,5.02173674,5.11304104,4.83912813,5.02173674,12961957,tradingview_cselk_fallback,0.0,0.0,0.05454545392994854,9071634.55,1.4288447058308802
2020-01-07,BIL.N0000,5.02173674,5.02173674,4.74782383,5.02173674,9374836,tradingview_cselk_fallback,0.0,0.0,0.05454545392994854,9451443.05,0.9918946715761039
2020-01-08,BIL.N0000,4.93043243,4.93043243,4.56521522,4.65651952,15042009,tradingview_cselk_fallback,-0.07272727323415995,-0.07550755305478823,0.07843137099101004,10163305.8,1.4800311331771596
2020-01-09,BIL.N0000,4.74782383,5.02173674,4.74782383,5.02173674,15625395,tradingview_cselk_fallback,0.07843137313853665,0.07550755305478822,0.05454545392994854,10800902.2,1.4466749823917489
2020-01-13,BIL.N0000,5.02173674,5.29564965,4.93043243,5.29564965,20318490,tradingview_cselk_fallback,0.054545453929948584,0.05310982473027897,0.06896551776230135,11790323.6,1.7233191122930673
2020-01-14,BIL.N0000,5.29564965,5.29564965,5.02173674,5.02173674,11452756,tradingview_cselk_fallback,-0.05172413737755477,-0.0531098247302789,0.05454545392994854,12250500.1,0.9348806911156223
2020-01-16,BIL.N0000,5.02173674,5.02173674,4.83912813,4.93043243,6035960,tradingview_cselk_fallback,-0.018181819304211477,-0.01834913981137489,0.03703703733751402,12496846.85,0.48299863737227444
2020-01-17,BIL.N0000,4.93043243,5.11304104,4.93043243,5.02173674,2758366,tradingview_cselk_fallback,0.018518519682866774,0.018349139811374822,0.03636363661708,12582162.3,0.2192282959185799
2020-01-20,BIL.N0000,5.02173674,5.11304104,4.93043243,5.02173674,5158772,tradingview_cselk_fallback,0.0,0.0,0.03636363661708,12815098.05,0.40255423562678083
2020-01-21,BIL.N0000,5.02173674,5.02173674,4.83912813,5.02173674,4182536,tradingview_cselk_fallback,0.0,0.0,0.03636363661708,13011423.0,0.32145108186860116
2020-01-22,BIL.N0000,4.93043243,4.93043243,4.74782383,4.74782383,5691563,tradingview_cselk_fallback,-0.054545453929948584,-0.05608946600002764,0.038461536598336676,13285265.9,0.42841167371742256
2020-01-23,BIL.N0000,4.83912813,4.93043243,4.83912813,4.93043243,1416968,tradingview_cselk_fallback,0.03846153659833673,0.03774032618865277,0.018518517654647182,13093645.25,0.10821799223558466
2020-01-24,BIL.N0000,4.83912813,4.93043243,4.74782383,4.83912813,2000778,tradingview_cselk_fallback,-0.018518517654647182,-0.018692132131981756,0.03773584726304819,12895820.6,0.15514933574680778
2020-01-27,BIL.N0000,4.74782383,4.74782383,4.56521522,4.56521522,7675408,tradingview_cselk_fallback,-0.05660377296106023,-0.058268907462699616,0.04000000026285726,13194950.5,0.5816928225687547
2020-01-28,BIL.N0000,4.56521522,4.65651952,4.47391091,4.65651952,6468026,tradingview_cselk_fallback,0.019999999036190097,0.019802626351268043,0.03921568656926836,13318743.25,0.48563335733647395
2020-01-29,BIL.N0000,4.65651952,4.74782383,4.56521522,4.74782383,5243157,tradingview_cselk_fallback,0.019607844358397575,0.01941808705476074,0.03846153870456477,13225842.55,0.39643273993156675
2020-01-30,BIL.N0000,4.65651952,4.74782383,4.56521522,4.74782383,1514428,tradingview_cselk_fallback,0.0,0.0,0.03846153870456477,11608020.2,0.13046393561582534
2020-01-31,BIL.N0000,4.65651952,4.74782383,4.56521522,4.65651952,2458076,tradingview_cselk_fallback,-0.019230770405396447,-0.019418087054760707,0.03921568656926836,9961441.85,0.2467590572744246
2020-02-03,BIL.N0000,4.56521522,4.74782383,4.56521522,4.65651952,840083,tradingview_cselk_fallback,0.0,0.0,0.03921568656926836,7759377.1,0.10826680920044472
2020-02-05,BIL.N0000,4.65651952,4.83912813,4.65651952,4.74782383,1285735,tradingview_cselk_fallback,0.019607844358397575,0.01941808705476074,0.03846153870456477,6875264.95,0.18700879302113294
2020-02-06,BIL.N0000,4.74782383,4.83912813,4.65651952,4.83912813,401019,tradingview_cselk_fallback,0.019230768299168366,0.01904819405667099,0.037735849329536136,6247218.05,0.06419161245700396
2020-02-07,BIL.N0000,4.83912813,4.83912813,4.65651952,4.74782383,1875141,tradingview_cselk_fallback,-0.01886792363152412,-0.019048194056670985,0.03846153870456477,5872233.3,0.3193233143512878
2020-02-10,BIL.N0000,4.74782383,4.74782383,4.65651952,4.65651952,283211,tradingview_cselk_fallback,-0.019230770405396447,-0.019418087054760707,0.019607844358397523,5134293.4,0.05516065755026777
2020-02-11,BIL.N0000,4.65651952,4.74782383,4.56521522,4.65651952,466229,tradingview_cselk_fallback,0.0,0.0,0.03921568656926836,4376335.1,0.10653411801120989
2020-02-12,BIL.N0000,4.56521522,4.65651952,4.56521522,4.65651952,908037,tradingview_cselk_fallback,0.0,0.0,0.01960784221087084,3405812.45,0.2666139176277895
2020-02-13,BIL.N0000,4.65651952,4.74782383,4.56521522,4.74782383,771712,tradingview_cselk_fallback,0.019607844358397575,0.01941808705476074,0.03846153870456477,2871760.25,0.2687243825455137
2020-02-14,BIL.N0000,4.74782383,4.74782383,4.47391091,4.56521522,1065730,tradingview_cselk_fallback,-0.03846153870456481,-0.0392207134060287,0.060000001489524495,2623248.75,0.40626341668894345
2020-02-17,BIL.N0000,4.56521522,4.65651952,4.38260661,4.47391091,2628253,tradingview_cselk_fallback,-0.02000000122666723,-0.020202708569220705,0.06122448915729526,2616743.1,1.0043985594153282
2020-02-18,BIL.N0000,4.47391091,4.56521522,4.38260661,4.56521522,4112053,tradingview_cselk_fallback,0.020408164542552232,0.020202708569220636,0.04000000026285726,2564407.15,1.6035101914296255
2020-02-19,BIL.N0000,4.56521522,4.65651952,4.47391091,4.56521522,2277723,tradingview_cselk_fallback,0.0,0.0,0.04000000026285726,2469166.5,0.9224663464371479
2020-02-20,BIL.N0000,4.56521522,4.65651952,4.38260661,4.56521522,5475926,tradingview_cselk_fallback,0.0,0.0,0.05999999929904728,2458384.65,2.227448824983511
2020-02-24,BIL.N0000,4.56521522,4.65651952,4.38260661,4.38260661,1773187,tradingview_cselk_fallback,-0.040000000262857216,-0.04082199479406473,0.06249999928695402,2476195.6,0.7160932682377757
2020-02-25,BIL.N0000,4.47391091,4.47391091,4.2913023,4.38260661,7691388,tradingview_cselk_fallback,0.0,0.0,0.04166666695188505,2760726.1,2.7860018420516255
2020-02-26,BIL.N0000,4.38260661,4.38260661,4.1086937,4.199998,3802430,tradingview_cselk_fallback,-0.041666666951885034,-0.042559614716415096,0.0652173905797098,2567077.2,1.4812293140229673
2020-02-27,BIL.N0000,4.199998,4.2913023,4.01738939,4.1086937,4568313,tradingview_cselk_fallback,-0.021739129399585444,-0.021978905660573696,0.0666666658553788,2472091.55,1.8479546196418173
2020-02-28,BIL.N0000,4.01738939,4.01738939,3.83478078,3.83478078,5442504,tradingview_cselk_fallback,-0.06666666828924239,-0.06899287322542544,0.04761904799157775,2482058.9,2.192737650182274
2020-03-02,BIL.N0000,3.92608509,4.199998,3.83478078,4.1086937,3845767,tradingview_cselk_fallback,0.0714285732912221,0.06899287322542541,0.08888888942974744,2598625.85,1.4799233217817793
2020-03-03,BIL.N0000,4.1086937,4.199998,4.01738939,4.01738939,2057306,tradingview_cselk_fallback,-0.02222222357436865,-0.022472857234935622,0.045454545793978895,2578587.35,0.7978422759267783
2020-03-04,BIL.N0000,4.01738939,4.01738939,3.74347648,3.83478078,4061906,tradingview_cselk_fallback,-0.045454545793978895,-0.04652001599048979,0.07142857068351113,2739678.5,1.482621409774906
2020-03-05,BIL.N0000,3.83478078,3.92608509,3.56086787,3.65217217,8672232,tradingview_cselk_fallback,-0.04761904799157779,-0.048790164560588684,0.10000000082142893,3109003.35,2.789392941631922
2020-03-06,BIL.N0000,3.56086787,3.65217217,3.10434635,3.19565065,8594111,tradingview_cselk_fallback,-0.12499999965773789,-0.13353139223336594,0.17142856964042671,3518657.95,2.442440021770232
2020-03-10,BIL.N0000,3.10434635,3.10434635,2.64782483,2.92173774,7786689,tradingview_cselk_fallback,-0.08571428482021337,-0.08961215771179551,0.15624999935825873,3814235.35,2.041481000903628
2020-03-11,BIL.N0000,2.83043343,3.19565065,2.83043343,3.10434635,6494281,tradingview_cselk_fallback,0.06250000042782755,0.060624622219096064,0.11764705958148011,4124788.85,1.574451744360199
2020-03-12,BIL.N0000,2.55652052,2.55652052,1.82608609,2.0086947,10290211,tradingview_cselk_fallback,-0.3529411755231501,-0.4353180697936229,0.363636360468318,4615987.95,2.2292543029710465
2020-03-13,BIL.N0000,2.0086947,2.099999,1.82608609,2.099999,5258256,tradingview_cselk_fallback,0.04545454319165576,0.04445176040633065,0.1304347811594196,4833498.9,1.0878777690422148
2020-03-19,BIL.N0000,1.82608609,1.82608609,1.73478178,1.73478178,2532948,tradingview_cselk_fallback,-0.1739130447204974,-0.19105523826646925,0.052631582284660576,4921560.7,0.5146635700337903
2020-05-12,BIL.N0000,1.64347748,1.73478178,1.46086887,1.73478178,3399505,tradingview_cselk_fallback,0.0,0.0,0.15789473532515425,5038249.45,0.674739318435295
2020-05-13,BIL.N0000,1.73478178,1.91739039,1.73478178,1.91739039,6631520,tradingview_cselk_fallback,0.10526315880490733,0.10008345938047013,0.0952380959831555,5238412.8,1.2659407063147066
2020-05-14,BIL.N0000,1.91739039,2.0086947,1.82608609,1.91739039,3083557,tradingview_cselk_fallback,0.0,0.0,0.0952380959831555,5186988.0,0.5944793008967825
2020-05-15,BIL.N0000,1.91739039,1.91739039,1.82608609,1.91739039,1199567,tradingview_cselk_fallback,0.0,0.0,0.04761904538386677,5133080.2,0.2336934069333263
2020-05-18,BIL.N0000,1.91739039,2.099999,1.91739039,2.099999,3393530,tradingview_cselk_fallback,0.09523809598315558,0.09097177888599918,0.08695652236024871,5028960.4,0.6747975187873819
2020-05-19,BIL.N0000,2.099999,2.46521622,2.099999,2.46521622,7170471,tradingview_cselk_fallback,0.1739130447204975,0.16034265113338098,0.14814814904957907,5298824.6,1.3532191648691299
2020-05-20,BIL.N0000,2.55652052,2.92173774,2.46521622,2.92173774,20204189,tradingview_cselk_fallback,0.1851851842837544,0.16989903603481527,0.15624999935825873,5924464.65,3.410297840160123
2020-05-21,BIL.N0000,3.10434635,3.28695496,3.01304204,3.10434635,10701325,tradingview_cselk_fallback,0.06250000042782755,0.060624622219096064,0.088235296296755,6269409.4,1.7069111805013084
2020-05-22,BIL.N0000,3.19565065,3.19565065,2.83043343,2.92173774,7979145,tradingview_cselk_fallback,-0.058823529790740015,-0.060624622219096105,0.12500000085565527,6439951.0,1.2390070980353733
2020-05-26,BIL.N0000,2.92173774,2.92173774,2.64782483,2.73912913,5860371,tradingview_cselk_fallback,-0.06250000042782766,-0.06453852159392068,0.09999999890476154,6460844.35,0.907059616751176
2020-05-27,BIL.N0000,2.73912913,2.83043343,2.64782483,2.73912913,1712357,tradingview_cselk_fallback,0.0,0.0,0.06666666350264401,6354173.85,0.26948538715225745
2020-05-28,BIL.N0000,2.83043343,2.83043343,2.64782483,2.83043343,2018573,tradingview_cselk_fallback,0.033333331751322026,0.03278982129201218,0.06451612606907346,6352237.2,0.3177735554333519
2020-05-29,BIL.N0000,2.83043343,2.83043343,2.64782483,2.73912913,300168,tradingview_cselk_fallback,-0.03225806303453671,-0.03278982129201214,0.06666666350264401,6164150.3,0.04869576265848028
2020-06-01,BIL.N0000,2.73912913,2.73912913,2.55652052,2.64782483,2359151,tradingview_cselk_fallback,-0.033333331751322026,-0.03390155003911793,0.06896551763207083,5848496.25,0.4033773638822116
2020-06-02,BIL.N0000,2.64782483,2.73912913,2.55652052,2.64782483,1595288,tradingview_cselk_fallback,0.0,0.0,0.06896551763207083,5498555.1,0.29012858305266415
2020-06-03,BIL.N0000,2.73912913,2.73912913,2.64782483,2.64782483,1905173,tradingview_cselk_fallback,0.0,0.0,0.03448275692769299,5204479.3,0.3660640940583624
2020-06-04,BIL.N0000,2.73912913,2.73912913,2.55652052,2.64782483,392559,tradingview_cselk_fallback,0.0,0.0,0.06896551763207083,4899393.2,0.08012400392767006
2020-06-08,BIL.N0000,2.64782483,2.73912913,2.64782483,2.73912913,1434775,tradingview_cselk_fallback,0.03448275692769309,0.033901550039118,0.033333331751322005,4456621.4,0.3219423126227415
2020-06-09,BIL.N0000,2.64782483,2.73912913,2.55652052,2.73912913,1519622,tradingview_cselk_fallback,0.0,0.0,0.06666666715343937,4269689.7,0.35590923621451925
2020-06-10,BIL.N0000,2.73912913,2.83043343,2.55652052,2.83043343,4111761,tradingview_cselk_fallback,0.033333331751322026,0.03278982129201218,0.09677419263663797,4348630.35,0.9455301253646451
2020-06-11,BIL.N0000,2.83043343,2.83043343,2.73912913,2.73912913,1704198,tradingview_cselk_fallback,-0.03225806303453671,-0.03278982129201214,0.033333331751322005,4263865.0,0.39968385490628805
2020-06-12,BIL.N0000,2.73912913,2.73912913,2.64782483,2.73912913,1603875,tradingview_cselk_fallback,0.0,0.0,0.033333331751322005,4012482.75,0.3997213445964347
2020-06-15,BIL.N0000,2.73912913,2.73912913,2.55652052,2.73912913,1271609,tradingview_cselk_fallback,0.0,0.0,0.06666666715343937,3921885.35,0.32423410847540457
2020-06-16,BIL.N0000,2.73912913,2.73912913,2.64782483,2.73912913,610912,tradingview_cselk_fallback,0.0,0.0,0.033333331751322005,3892452.6,0.1569478328393774
2020-06-17,BIL.N0000,2.73912913,2.73912913,2.64782483,2.73912913,626599,tradingview_cselk_fallback,0.0,0.0,0.033333331751322005,3754106.05,0.16691030878043522
2020-06-18,BIL.N0000,2.73912913,2.83043343,2.64782483,2.73912913,1830983,tradingview_cselk_fallback,0.0,0.0,0.06666666350264401,3487131.65,0.5250685043680527
2020-06-19,BIL.N0000,2.73912913,2.83043343,2.64782483,2.64782483,3597624,tradingview_cselk_fallback,-0.033333331751322026,-0.03390155003911793,0.06896551385538598,2656803.4,1.3541175082808161
2020-06-22,BIL.N0000,2.73912913,2.73912913,2.64782483,2.64782483,717756,tradingview_cselk_fallback,0.0,0.0,0.03448275692769299,2157624.95,0.33266022438237003
2020-06-23,BIL.N0000,2.64782483,2.64782483,2.099999,2.28260761,22096581,tradingview_cselk_fallback,-0.13793103526414163,-0.14842000602467756,0.24000000157714355,2863496.75,7.716642597900626
2020-06-24,BIL.N0000,2.28260761,2.28260761,2.099999,2.1913033,4275537,tradingview_cselk_fallback,-0.04000000245333446,-0.04082199707581186,0.08333333409391569,2784255.05,1.5356125510125231
2020-06-25,BIL.N0000,2.1913033,2.28260761,2.099999,2.28260761,2817685,tradingview_cselk_fallback,0.041666669328704886,0.040821997075811814,0.08000000052571452,2839521.45,0.9923098133313978
2020-06-26,BIL.N0000,2.1913033,2.28260761,2.099999,2.28260761,1490217,tradingview_cselk_fallback,0.0,0.0,0.08000000052571452,2813103.65,0.5297412343835962
2020-06-29,BIL.N0000,2.28260761,2.28260761,2.1913033,2.1913033,901235,tradingview_cselk_fallback,-0.04000000245333446,-0.04082199707581186,0.04166666932870495,2843157.0,0.31698390204972854
2020-06-30,BIL.N0000,2.28260761,2.28260761,2.1913033,2.28260761,942418,tradingview_cselk_fallback,0.041666669328704886,0.040821997075811814,0.04000000245333448,2772320.35,0.3399383480339853
2020-07-01,BIL.N0000,2.28260761,2.28260761,2.1913033,2.28260761,1298121,tradingview_cselk_fallback,0.0,0.0,0.04000000245333448,2757462.0,0.47076659623958556
2020-07-02,BIL.N0000,2.28260761,2.28260761,2.1913033,2.28260761,2573209,tradingview_cselk_fallback,0.0,0.0,0.04000000245333448,2790863.8,0.9220116725151547
2020-07-03,BIL.N0000,2.1913033,2.1913033,2.099999,2.1913033,429869,tradingview_cselk_fallback,-0.04000000245333446,-0.04082199707581186,0.041666664765210734,2792729.3,0.15392433487914495
2020-07-06,BIL.N0000,2.099999,2.1913033,2.099999,2.1913033,267360,tradingview_cselk_fallback,0.0,0.0,0.041666664765210734,2734358.55,0.09777795966077675
2020-07-07,BIL.N0000,2.099999,2.1913033,2.099999,2.1913033,595376,tradingview_cselk_fallback,0.0,0.0,0.041666664765210734,2688146.25,0.22148199711976235
2020-07-08,BIL.N0000,2.099999,2.1913033,2.0086947,2.099999,3054886,tradingview_cselk_fallback,-0.04166666476521075,-0.042559612434668014,0.08695651759834172,2635302.5,1.1592164466887578
2020-07-09,BIL.N0000,2.1913033,2.1913033,2.0086947,2.1913033,891312,tradingview_cselk_fallback,0.04347825879917089,0.04255961243466803,0.08333332953042147,2594658.2,0.3435180787974308
2020-07-10,BIL.N0000,2.099999,2.099999,2.0086947,2.099999,2908582,tradingview_cselk_fallback,-0.04166666476521075,-0.042559612434668014,0.04347825879917086,2659893.55,1.0934956400792808
2020-07-13,BIL.N0000,1.91739039,2.0086947,1.82608609,1.91739039,4145913,tradingview_cselk_fallback,-0.08695652236024876,-0.09097177888599914,0.0952380959831555,2803608.75,1.4787773079963458
2020-07-14,BIL.N0000,1.91739039,2.099999,1.91739039,2.0086947,3752870,tradingview_cselk_fallback,0.04761905059928884,0.04652001847966856,0.09090909136166883,2960706.65,1.26755887821578
2020-07-15,BIL.N0000,2.0086947,2.0086947,1.82608609,1.91739039,908433,tradingview_cselk_fallback,-0.04545454817001304,-0.046520018479668426,0.0952380959831555,2974798.35,0.30537632912160245
2020-07-16,BIL.N0000,2.0086947,2.099999,1.91739039,2.0086947,3217961,tradingview_cselk_fallback,0.04761905059928884,0.04652001847966856,0.09090909136166883,3044147.25,1.0570976814607111
2020-07-17,BIL.N0000,2.0086947,2.099999,1.91739039,2.0086947,1094857,tradingview_cselk_fallback,0.0,0.0,0.09090909136166883,2919008.9,0.3750783356638618
2020-07-20,BIL.N0000,2.0086947,2.099999,1.91739039,2.099999,2591001,tradingview_cselk_fallback,0.04545454319165576,0.04445176040633065,0.08695652236024871,3012671.15,0.8600344581253085
2020-07-21,BIL.N0000,2.0086947,2.0086947,1.91739039,2.0086947,255142,tradingview_cselk_fallback,-0.04347825879917089,-0.04445176040633068,0.04545454817001307,1920599.2,0.1328449996230343
2020-07-22,BIL.N0000,2.0086947,2.0086947,1.91739039,2.0086947,807813,tradingview_cselk_fallback,0.0,0.0,0.04545454817001307,1747213.0,0.46234374400831496
2020-07-23,BIL.N0000,2.0086947,2.28260761,1.91739039,2.099999,14716912,tradingview_cselk_fallback,0.04545454319165576,0.04445176040633065,0.17391304472049743,2342174.35,6.283440000954668
2020-07-24,BIL.N0000,2.2,2.3,2.1,2.3,16447223,tradingview_cselk_fallback,0.09523861678029366,0.09097225439631622,0.08695652173913032,3090024.65,5.322683429078794
2020-07-27,BIL.N0000,2.3,2.4,2.2,2.3,2931865,tradingview_cselk_fallback,0.0,0.0,0.08695652173913032,3191556.15,0.9186318091254638
2020-07-28,BIL.N0000,2.2,2.3,2.1,2.3,2466365,tradingview_cselk_fallback,0.0,0.0,0.08695652173913032,3267753.5,0.7547585826164672
2020-07-29,BIL.N0000,2.2,2.3,2.1,2.2,2606380,tradingview_cselk_fallback,-0.04347826086956508,-0.04445176257083369,0.09090909090909079,3333166.45,0.7819531484843788
2020-07-30,BIL.N0000,2.3,2.3,2.1,2.3,3412276,tradingview_cselk_fallback,0.04545454545454519,0.04445176257083359,0.08695652173913032,3375119.8,1.0110088536709128
2020-07-31,BIL.N0000,2.3,2.3,2.2,2.3,452417,tradingview_cselk_fallback,0.0,0.0,0.043478260869565064,3376247.2,0.13399996303588196
2020-08-04,BIL.N0000,2.3,2.4,2.2,2.3,13476261,tradingview_cselk_fallback,0.0,0.0,0.08695652173913032,4036692.25,3.3384415173091284
2020-08-06,BIL.N0000,2.2,2.3,2.1,2.2,5473339,tradingview_cselk_fallback,-0.04347826086956508,-0.04445176257083369,0.09090909090909079,4280590.4,1.2786411425863122
2020-08-07,BIL.N0000,2.3,2.3,2.1,2.2,7041827,tradingview_cselk_fallback,0.0,0.0,0.09090909090909079,4479937.45,1.5718583302987856
2020-08-10,BIL.N0000,2.2,2.2,2.1,2.1,4522160,tradingview_cselk_fallback,-0.045454545454545525,-0.04652001563489293,0.04761904761904766,4661479.85,0.9701125276772354
2020-08-11,BIL.N0000,2.2,2.2,2.1,2.2,1393548,tradingview_cselk_fallback,0.04761904761904767,0.04652001563489291,0.04545454545454549,4585728.15,0.30388805319826906
2020-08-12,BIL.N0000,2.2,2.3,2.1,2.2,15923903,tradingview_cselk_fallback,0.0,0.0,0.09090909090909079,5174627.65,3.077304122548798
2020-08-13,BIL.N0000,2.2,2.2,2.1,2.2,6388418,tradingview_cselk_fallback,0.0,0.0,0.04545454545454549,5306405.05,1.2039069652249785
2020-08-14,BIL.N0000,2.2,2.3,2.1,2.1,5030979,tradingview_cselk_fallback,-0.045454545454545525,-0.04652001563489293,0.09523809523809511,5512532.35,0.9126438958675681
2020-08-17,BIL.N0000,2.2,2.3,2.1,2.3,4119455,tradingview_cselk_fallback,0.09523809523809512,0.09097177820572659,0.08695652173913032,5557607.05,0.7412281874084639
2020-08-18,BIL.N0000,2.2,2.3,2.2,2.3,4604687,tradingview_cselk_fallback,0.0,0.0,0.043478260869565064,5733098.55,0.8031759719183617
2020-08-19,BIL.N0000,2.3,2.8,2.3,2.7,89143910,tradingview_cselk_fallback,0.17391304347826098,0.16034265007517948,0.18518518518518517,10060744.0,8.860568363532558
2020-08-20,BIL.N0000,2.8,2.9,2.5,2.6,38137921,tradingview_cselk_fallback,-0.03703703703703709,-0.037740327982847086,0.1538461538461538,11954882.95,3.190154279176778
2020-08-21,BIL.N0000,2.6,2.7,2.5,2.6,9013564,tradingview_cselk_fallback,0.0,0.0,0.07692307692307698,12365170.5,0.7289478135380341
2020-08-24,BIL.N0000,2.6,2.6,2.4,2.5,21639945,tradingview_cselk_fallback,-0.03846153846153855,-0.039220713153281385,0.08000000000000007,12711322.15,1.7024149608229384
2020-08-25,BIL.N0000,2.5,2.5,2.3,2.4,12484912,tradingview_cselk_fallback,-0.040000000000000036,-0.040821994520255166,0.08333333333333341,12513206.6,0.9977388209989276
2020-08-26,BIL.N0000,2.4,2.5,2.3,2.4,2386602,tradingview_cselk_fallback,0.0,0.0,0.08333333333333341,12485943.45,0.19114310500901718
2020-08-27,BIL.N0000,2.4,2.5,2.3,2.4,5227313,tradingview_cselk_fallback,0.0,0.0,0.08333333333333341,12623990.85,0.41407769239629955
2020-08-28,BIL.N0000,2.5,2.5,2.3,2.4,3495350,tradingview_cselk_fallback,0.0,0.0,0.08333333333333341,12668439.35,0.27591007095913517
2020-08-31,BIL.N0000,2.3,2.4,2.2,2.3,31732768,tradingview_cselk_fallback,-0.04166666666666674,-0.04255961441879601,0.08695652173913032,14084463.95,2.253033421268404
2020-09-02,BIL.N0000,2.3,2.6,2.3,2.6,45225090,tradingview_cselk_fallback,0.1304347826086958,0.12260232209233247,0.11538461538461549,16323097.6,2.7706193461711583
2020-09-03,BIL.N0000,2.5,2.6,2.4,2.5,17969518,tradingview_cselk_fallback,-0.03846153846153855,-0.039220713153281385,0.08000000000000007,16547760.45,1.0859184271065514
2020-09-04,BIL.N0000,2.5,2.6,2.4,2.5,8603765,tradingview_cselk_fallback,0.0,0.0,0.08000000000000007,16704281.75,0.5150634507227466
2020-09-07,BIL.N0000,2.5,2.6,2.4,2.5,6050329,tradingview_cselk_fallback,0.0,0.0,0.08000000000000007,16654706.85,0.36328042603763994
2020-09-08,BIL.N0000,2.5,2.5,2.4,2.5,2183689,tradingview_cselk_fallback,0.0,0.0,0.040000000000000036,16537783.3,0.13204242433143987
2020-09-09,BIL.N0000,2.5,2.5,2.4,2.5,7731030,tradingview_cselk_fallback,0.0,0.0,0.040000000000000036,16854657.4,0.45868805378387584
2020-09-10,BIL.N0000,2.5,2.7,2.5,2.7,35345319,tradingview_cselk_fallback,0.08000000000000007,0.0769610411361284,0.07407407407407414,17825728.2,1.982826092905422
2020-09-11,BIL.N0000,2.7,2.7,2.5,2.6,22639922,tradingview_cselk_fallback,-0.03703703703703709,-0.037740327982847086,0.07692307692307698,18638303.4,1.2146986511658568
2020-09-14,BIL.N0000,2.6,2.7,2.6,2.6,10891136,tradingview_cselk_fallback,0.0,0.0,0.03846153846153849,18931311.25,0.575297498212122
2020-09-15,BIL.N0000,2.6,2.7,2.6,2.6,10798730,tradingview_cselk_fallback,0.0,0.0,0.03846153846153849,19265275.0,0.5605282042431265
2020-09-16,BIL.N0000,2.6,2.7,2.5,2.6,6945454,tradingview_cselk_fallback,0.0,0.0,0.07692307692307698,19382313.35,0.35833978507008296
2020-09-17,BIL.N0000,2.6,2.7,2.5,2.6,7579615,tradingview_cselk_fallback,0.0,0.0,0.07692307692307698,15304098.6,0.4952669999133435
2020-09-18,BIL.N0000,2.6,2.9,2.6,2.9,55507072,tradingview_cselk_fallback,0.11538461538461542,0.109199291964992,0.10344827586206891,16172556.15,3.4321767990893632
2020-09-21,BIL.N0000,2.9,3.0,2.8,2.9,79987896,tradingview_cselk_fallback,0.0,0.0,0.06896551724137938,19721272.75,4.055919565333328
2020-09-22,BIL.N0000,2.9,3.0,2.8,2.9,8915153,tradingview_cselk_fallback,0.0,0.0,0.06896551724137938,19085033.15,0.4671279808597032
2020-09-23,BIL.N0000,2.9,2.9,2.7,2.9,19877024,tradingview_cselk_fallback,0.0,0.0,0.06896551724137923,19454638.75,1.0217112872373433
2020-09-24,BIL.N0000,2.8,2.9,2.7,2.8,9855203,tradingview_cselk_fallback,-0.034482758620689724,-0.03509131981127017,0.07142857142857134,19828068.8,0.49703292334753246
2020-09-25,BIL.N0000,2.8,2.9,2.7,2.8,5467579,tradingview_cselk_fallback,0.0,0.0,0.07142857142857134,19840082.1,0.2755824785624249
2020-09-28,BIL.N0000,2.8,2.9,2.7,2.7,5359918,tradingview_cselk_fallback,-0.03571428571428559,-0.036367644170874715,0.07407407407407397,19933310.5,0.268892515370189
2020-09-29,BIL.N0000,2.7,2.9,2.7,2.8,10940157,tradingview_cselk_fallback,0.03703703703703698,0.03636764417087479,0.07142857142857134,18893679.95,0.5790379126222047
2020-09-30,BIL.N0000,2.8,2.9,2.7,2.8,4089009,tradingview_cselk_fallback,0.0,0.0,0.07142857142857134,16836875.9,0.24286031590931903
2020-10-02,BIL.N0000,2.8,2.9,2.7,2.8,18758648,tradingview_cselk_fallback,0.0,0.0,0.07142857142857134,16876332.4,1.1115358216101505
2020-10-05,BIL.N0000,2.7,2.7,2.4,2.4,63539845,tradingview_cselk_fallback,-0.1428571428571428,-0.15415067982725822,0.1250000000000001,19623136.4,3.2380065910360796
2020-10-06,BIL.N0000,2.4,2.6,2.3,2.4,22985082,tradingview_cselk_fallback,0.0,0.0,0.1250000000000001,20469874.05,1.1228736407393771
2020-10-07,BIL.N0000,2.4,2.6,2.4,2.5,18923638,tradingview_cselk_fallback,0.04166666666666674,0.0408219945202552,0.08000000000000007,21306871.5,0.888147187633811
2020-10-08,BIL.N0000,2.5,2.6,2.4,2.6,6351020,tradingview_cselk_fallback,0.040000000000000036,0.03922071315328133,0.07692307692307698,21237871.0,0.299042215672183
2020-10-09,BIL.N0000,2.6,2.7,2.5,2.6,31505096,tradingview_cselk_fallback,0.0,0.0,0.07692307692307698,21045859.85,1.4969735722154396
2020-10-12,BIL.N0000,2.6,2.6,2.5,2.6,12134221,tradingview_cselk_fallback,0.0,0.0,0.03846153846153849,20520574.8,0.5913197421740837
2020-10-13,BIL.N0000,2.6,2.8,2.5,2.7,76964889,tradingview_cselk_fallback,0.03846153846153855,0.03774032798284711,0.11111111111111104,23824262.45,3.230525568693943
2020-10-14,BIL.N0000,2.7,2.7,2.6,2.6,23794585,tradingview_cselk_fallback,-0.03703703703703709,-0.037740327982847086,0.03846153846153849,24474055.2,0.9722371223547784
2020-10-15,BIL.N0000,2.7,2.7,2.5,2.6,17514691,tradingview_cselk_fallback,0.0,0.0,0.07692307692307698,25002517.05,0.700517110536277
2020-10-16,BIL.N0000,2.6,2.6,2.5,2.6,1559359,tradingview_cselk_fallback,0.0,0.0,0.03846153846153849,24701504.25,0.06312809876750725
2020-10-19,BIL.N0000,2.6,2.6,2.5,2.6,18943196,tradingview_cselk_fallback,0.0,0.0,0.03846153846153849,22873310.45,0.8281790273169662
2020-10-20,BIL.N0000,2.6,2.6,2.4,2.6,20583235,tradingview_cselk_fallback,0.0,0.0,0.07692307692307698,19903077.4,1.0341734891710768
2020-10-21,BIL.N0000,2.5,2.6,2.3,2.3,33391497,tradingview_cselk_fallback,-0.11538461538461553,-0.12260232209233252,0.1304347826086958,21126894.6,1.5805208305436427
2020-10-22,BIL.N0000,2.3,2.5,2.3,2.5,27101121,tradingview_cselk_fallback,0.0869565217391306,0.08338160893905121,0.08000000000000007,21488099.45,1.2612153561119153
2020-10-23,BIL.N0000,2.5,2.5,2.3,2.4,5370767,tradingview_cselk_fallback,-0.040000000000000036,-0.040821994520255166,0.08333333333333341,21263877.65,0.2525770270315678
2020-10-26,BIL.N0000,2.3,2.4,2.3,2.4,12574422,tradingview_cselk_fallback,0.0,0.0,0.041666666666666706,21619219.8,0.5816316276131297
2020-10-27,BIL.N0000,2.4,2.4,2.3,2.4,6667762,tradingview_cselk_fallback,0.0,0.0,0.041666666666666706,21684612.0,0.3074881856313592
2020-10-28,BIL.N0000,2.3,2.4,2.2,2.3,10523537,tradingview_cselk_fallback,-0.04166666666666674,-0.04255961441879601,0.08695652173913032,21663781.0,0.4857664043040317
2020-10-29,BIL.N0000,2.3,2.4,2.2,2.4,5056232,tradingview_cselk_fallback,0.04347826086956519,0.0425596144187959,0.08333333333333323,21712142.15,0.2328757782197921
2020-11-02,BIL.N0000,2.3,2.4,2.3,2.3,1332671,tradingview_cselk_fallback,-0.04166666666666674,-0.04255961441879601,0.04347826086956526,20840843.3,0.06394515715206207
2020-11-03,BIL.N0000,2.4,2.4,2.3,2.4,3369146,tradingview_cselk_fallback,0.04347826086956519,0.0425596144187959,0.041666666666666706,17832308.35,0.188934933934114
2020-11-04,BIL.N0000,2.4,2.5,2.3,2.5,21609297,tradingview_cselk_fallback,0.04166666666666674,0.0408219945202552,0.08000000000000007,17763519.1,1.2164986497523453
2020-11-05,BIL.N0000,2.5,2.7,2.5,2.7,88029863,tradingview_cselk_fallback,0.08000000000000007,0.0769610411361284,0.07407407407407414,21218830.35,4.148667082396462
2020-11-06,BIL.N0000,2.7,2.7,2.5,2.6,37192706,tradingview_cselk_fallback,-0.03703703703703709,-0.037740327982847086,0.07692307692307698,22760914.65,1.6340602551312675
2020-11-09,BIL.N0000,2.5,2.6,2.4,2.5,30666897,tradingview_cselk_fallback,-0.03846153846153855,-0.039220713153281385,0.08000000000000007,22719004.7,1.349834528622638
2020-11-10,BIL.N0000,2.6,2.6,2.5,2.5,11934123,tradingview_cselk_fallback,0.0,0.0,0.040000000000000036,22708999.8,0.5255239378706587
2020-11-11,BIL.N0000,2.5,2.6,2.4,2.5,10257674,tradingview_cselk_fallback,0.0,0.0,0.08000000000000007,19373639.05,0.5294655265088156
2020-11-12,BIL.N0000,2.5,2.5,2.4,2.5,5388116,tradingview_cselk_fallback,0.0,0.0,0.040000000000000036,18453315.6,0.29198633550709985
2020-11-13,BIL.N0000,2.5,2.6,2.5,2.5,11134862,tradingview_cselk_fallback,0.0,0.0,0.040000000000000036,18134324.15,0.6140213391961454
2020-11-16,BIL.N0000,2.6,2.6,2.5,2.6,11354565,tradingview_cselk_fallback,0.040000000000000036,0.03922071315328133,0.03846153846153849,18624084.45,0.6096710434536287
2020-11-17,BIL.N0000,2.5,2.6,2.4,2.5,19811069,tradingview_cselk_fallback,-0.03846153846153855,-0.039220713153281385,0.08000000000000007,18667478.1,1.0612611352146168
2020-11-18,BIL.N0000,2.5,2.6,2.4,2.5,5449529,tradingview_cselk_fallback,0.0,0.0,0.08000000000000007,17910792.8,0.3042595077086705
2020-11-19,BIL.N0000,2.5,2.5,2.4,2.5,7273936,tradingview_cselk_fallback,0.0,0.0,0.040000000000000036,16604914.75,0.43805921978611784
2020-11-20,BIL.N0000,2.5,2.6,2.4,2.5,4243070,tradingview_cselk_fallback,0.0,0.0,0.08000000000000007,15462012.2,0.27441900479162734
2020-11-23,BIL.N0000,2.5,2.6,2.4,2.5,1755751,tradingview_cselk_fallback,0.0,0.0,0.08000000000000007,15281261.4,0.11489568524755424
2020-11-24,BIL.N0000,2.5,2.5,2.4,2.5,1219782,tradingview_cselk_fallback,0.0,0.0,0.040000000000000036,14713529.4,0.08290206699148608
2020-11-25,BIL.N0000,2.5,2.5,2.4,2.5,2058267,tradingview_cselk_fallback,0.0,0.0,0.040000000000000036,14483054.65,0.1421155308559165
2020-11-26,BIL.N0000,2.5,2.5,2.4,2.4,8214387,tradingview_cselk_fallback,-0.040000000000000036,-0.040821994520255166,0.041666666666666706,14367597.15,0.5717300474282855
2020-11-27,BIL.N0000,2.5,2.6,2.4,2.5,10306602,tradingview_cselk_fallback,0.04166666666666674,0.0408219945202552,0.08000000000000007,14630115.65,0.7044785049255574
2020-11-30,BIL.N0000,2.5,2.6,2.5,2.6,8440378,tradingview_cselk_fallback,0.040000000000000036,0.03922071315328133,0.03846153846153849,14985501.0,0.5632362908654172
2020-12-01,BIL.N0000,2.5,2.7,2.5,2.7,32340060,tradingview_cselk_fallback,0.03846153846153855,0.03774032798284711,0.07407407407407414,16434046.7,1.9678695448760044
2020-12-02,BIL.N0000,2.7,2.7,2.5,2.7,37470590,tradingview_cselk_fallback,0.0,0.0,0.07407407407407414,17227111.35,2.175094201152882
2020-12-03,BIL.N0000,2.7,2.7,2.5,2.6,4762769,tradingview_cselk_fallback,-0.03703703703703709,-0.037740327982847086,0.07692307692307698,13063756.65,0.36457882120760415
2020-12-04,BIL.N0000,2.6,2.8,2.6,2.8,47342394,tradingview_cselk_fallback,0.07692307692307687,0.07410797215372183,0.07142857142857134,13571241.05,3.488435127309156
2020-12-07,BIL.N0000,2.8,2.9,2.7,2.9,29484564,tradingview_cselk_fallback,0.03571428571428581,0.03509131981127019,0.06896551724137923,13512124.4,2.182082041814239
2020-12-08,BIL.N0000,2.9,3.1,2.9,3.1,205040322,tradingview_cselk_fallback,0.06896551724137945,0.06669137449867235,0.06451612903225812,23167434.35,8.850368103017846
2020-12-09,BIL.N0000,3.2,3.7,3.2,3.7,443997160,tradingview_cselk_fallback,0.19354838709677424,0.17693070815907824,0.13513513513513511,44854408.65,9.898629217576364
2020-12-10,BIL.N0000,3.9,3.9,3.5,3.6,357117540,tradingview_cselk_fallback,-0.027027027027027084,-0.027398974188114503,0.11111111111111108,62440879.85,5.719290645133342
2020-12-11,BIL.N0000,3.4,3.6,3.2,3.4,118138863,tradingview_cselk_fallback,-0.05555555555555558,-0.05715841383994864,0.11764705882352938,67791079.9,1.7426903830750156
2020-12-14,BIL.N0000,3.5,3.7,3.5,3.7,56643141,tradingview_cselk_fallback,0.08823529411764719,0.08455738802806317,0.0540540540540541,70055508.7,0.8085465661603282
2020-12-15,BIL.N0000,3.7,3.8,3.6,3.8,70499967,tradingview_cselk_fallback,0.027027027027026973,0.026668247082161273,0.052631578947368356,72589953.6,0.9712083215879064
2020-12-16,BIL.N0000,3.8,4.2,3.7,4.2,291220080,tradingview_cselk_fallback,0.10526315789473695,0.10008345855698263,0.11904761904761904,86878481.15,3.3520392638678165
2020-12-17,BIL.N0000,4.3,4.5,3.8,3.9,514009760,tradingview_cselk_fallback,-0.07142857142857151,-0.07410797215372196,0.17948717948717954,112215272.35,4.580568662675442
2020-12-18,BIL.N0000,3.9,4.0,3.7,4.0,60458759,tradingview_cselk_fallback,0.025641025641025772,0.02531780798429,0.07499999999999996,115026056.8,0.5256092461303951
2020-12-21,BIL.N0000,3.9,4.0,3.8,3.9,34521623,tradingview_cselk_fallback,-0.025000000000000022,-0.025317807984289897,0.05128205128205133,116664350.4,0.29590550053754894
2020-12-22,BIL.N0000,3.9,4.1,3.7,4.0,136982753,tradingview_cselk_fallback,0.025641025641025772,0.02531780798429,0.09999999999999987,123452498.95,1.109598867297777
2020-12-23,BIL.N0000,4.0,4.1,3.9,4.0,37343277,tradingview_cselk_fallback,0.0,0.0,0.04999999999999993,125216749.45,0.2982290880734885
2020-12-24,BIL.N0000,4.0,4.0,3.9,4.0,8244780,tradingview_cselk_fallback,0.0,0.0,0.025000000000000022,125218269.1,0.06584326759392971
2020-12-28,BIL.N0000,4.0,4.0,3.9,4.0,17797634,tradingview_cselk_fallback,0.0,0.0,0.025000000000000022,125592820.7,0.14170900773470724
2020-12-30,BIL.N0000,4.0,4.2,4.0,4.2,75254324,tradingview_cselk_fallback,0.050000000000000044,0.04879016416943205,0.04761904761904766,128933518.0,0.5836676542092026
2020-12-31,BIL.N0000,4.2,4.4,4.2,4.3,113866204,tradingview_cselk_fallback,0.023809523809523725,0.023530497410194036,0.046511627906976785,133009825.2,0.8560736308673834
2021-01-04,BIL.N0000,4.4,4.9,4.3,4.8,266077369,tradingview_cselk_fallback,0.11627906976744184,0.11000089521432849,0.1250000000000001,144440164.15,1.8421286805218573
2021-01-05,BIL.N0000,4.9,5.2,4.9,5.1,249717222,tradingview_cselk_fallback,0.0625,0.06062462181643484,0.05882352941176468,156687886.8,1.5937238487282985
2021-01-06,BIL.N0000,5.1,5.9,5.0,5.8,377869920,tradingview_cselk_fallback,0.13725490196078427,0.12861737782209354,0.1551724137931035,173214263.1,2.1815173487292343
2021-01-07,BIL.N0000,6.0,7.0,6.0,6.8,616204780,tradingview_cselk_fallback,0.17241379310344818,0.15906469462968728,0.14705882352941177,202550273.9,3.0422312847832687
2021-01-08,BIL.N0000,7.0,7.1,6.3,6.5,442454360,tradingview_cselk_fallback,-0.044117647058823484,-0.045120435280469544,0.12307692307692306,214420975.8,2.063484499821962
2021-01-11,BIL.N0000,6.5,7.4,6.5,7.4,296394200,tradingview_cselk_fallback,0.1384615384615384,0.1296778233085326,0.12162162162162167,207040827.8,1.4315736811403919
2021-01-12,BIL.N0000,7.4,7.9,7.2,7.6,357308240,tradingview_cselk_fallback,0.027027027027026973,0.026668247082161273,0.09210526315789476,207050362.8,1.725706901296963
2021-01-13,BIL.N0000,7.7,7.8,7.3,7.5,164174385,tradingview_cselk_fallback,-0.013157894736842035,-0.013245226750020567,0.06666666666666667,209352138.9,0.7842020906145134
2021-01-15,BIL.N0000,7.6,7.7,7.2,7.5,179876261,tradingview_cselk_fallback,0.0,0.0,0.06666666666666667,215513794.9,0.8346391983096205
2021-01-18,BIL.N0000,7.6,7.8,7.2,7.3,182730829,tradingview_cselk_fallback,-0.026666666666666727,-0.027028672387919374,0.08219178082191776,221125338.0,0.8263676639354645
2021-01-19,BIL.N0000,7.3,7.4,6.8,6.9,208374239,tradingview_cselk_fallback,-0.05479452054794509,-0.056352936551131626,0.0869565217391305,216983045.95,0.9603249787912751
2021-01-20,BIL.N0000,6.8,7.0,6.6,7.0,80571820,tradingview_cselk_fallback,0.014492753623188248,0.014388737452099452,0.0571428571428572,195311148.95,0.4125305720290782
2021-01-21,BIL.N0000,6.7,6.8,6.5,6.8,88859160,tradingview_cselk_fallback,-0.02857142857142858,-0.028987536873252298,0.044117647058823505,196731169.0,0.45167809682460636
2021-01-22,BIL.N0000,6.8,7.1,6.7,6.9,79022898,tradingview_cselk_fallback,0.014705882352941346,0.014598799421152851,0.05797101449275354,198956232.75,0.39718734571787373
2021-01-25,BIL.N0000,6.9,7.4,6.9,7.0,94118043,tradingview_cselk_fallback,0.014492753623188248,0.014388737452099452,0.07142857142857142,196812997.25,0.4782105059883183
2021-01-26,BIL.N0000,7.0,7.1,6.8,6.9,41242324,tradingview_cselk_fallback,-0.014285714285714235,-0.014388737452099556,0.04347826086956519,197007949.6,0.20934345077819133
2021-01-27,BIL.N0000,7.0,7.0,6.6,7.0,95236537,tradingview_cselk_fallback,0.014492753623188248,0.014388737452099452,0.0571428571428572,201357537.45,0.47297229697025184
2021-01-29,BIL.N0000,6.9,7.2,6.7,6.7,77139639,tradingview_cselk_fallback,-0.042857142857142816,-0.04380262265839289,0.07462686567164178,204324637.7,0.3775346912067472
2021-02-01,BIL.N0000,6.6,7.1,6.4,6.8,76421807,tradingview_cselk_fallback,0.014925373134328401,0.014815085785140682,0.10294117647058813,204383011.85,0.37391467279133356
2021-02-02,BIL.N0000,6.7,6.8,6.4,6.5,83093541,tradingview_cselk_fallback,-0.044117647058823484,-0.045120435280469544,0.06153846153846146,202844378.7,0.40964182262547466
2021-02-03,BIL.N0000,6.6,6.7,6.3,6.5,32565261,tradingview_cselk_fallback,0.0,0.0,0.06153846153846159,191168773.3,0.17034822391675616
2021-02-05,BIL.N0000,6.5,6.6,6.3,6.5,16218104,tradingview_cselk_fallback,0.0,0.0,0.04615384615384613,179493817.4,0.09035466644434963
2021-02-08,BIL.N0000,6.6,6.6,6.2,6.4,29326957,tradingview_cselk_fallback,-0.01538461538461533,-0.015504186535965199,0.06249999999999992,162066669.25,0.1809561283372892
2021-02-09,BIL.N0000,6.3,6.4,5.8,6.0,49819395,tradingview_cselk_fallback,-0.0625,-0.06453852113757118,0.10000000000000009,133747400.0,0.37248869884573454
2021-02-10,BIL.N0000,6.0,6.1,5.3,5.5,44398381,tradingview_cselk_fallback,-0.08333333333333337,-0.08701137698962981,0.14545454545454542,113844601.05,0.38999109830865364
2021-02-11,BIL.N0000,5.5,5.7,4.2,5.4,90816598,tradingview_cselk_fallback,-0.018181818181818077,-0.01834913866819643,0.27777777777777773,103565720.95,0.8768982358925972
2021-02-12,BIL.N0000,5.6,6.2,5.5,6.0,61597082,tradingview_cselk_fallback,0.11111111111111094,0.10536051565782614,0.1166666666666667,88780163.05,0.6938158242096177
2021-02-15,BIL.N0000,6.1,6.2,5.5,5.6,37184617,tradingview_cselk_fallback,-0.06666666666666676,-0.06899287148695156,0.12500000000000003,82430674.65,0.4511016943375217
2021-02-16,BIL.N0000,5.5,5.5,4.8,5.1,39481254,tradingview_cselk_fallback,-0.0892857142857143,-0.09352605801082348,0.13725490196078435,75410924.3,0.523548204275226
2021-02-17,BIL.N0000,5.1,5.2,4.6,5.0,37783242,tradingview_cselk_fallback,-0.019607843137254832,-0.019802627296179643,0.1200000000000001,68163544.95,0.5543027732450702
2021-02-18,BIL.N0000,5.1,5.8,5.0,5.8,49291590,tradingview_cselk_fallback,0.15999999999999992,0.14842000511827322,0.1379310344827586,60209412.5,0.8186691740265694
2021-02-19,BIL.N0000,5.8,6.3,5.3,6.0,127489236,tradingview_cselk_fallback,0.034482758620689724,0.033901551675681416,0.16666666666666666,62555283.3,2.0380250759730796
2021-02-22,BIL.N0000,6.3,6.4,5.7,5.8,87439616,tradingview_cselk_fallback,-0.033333333333333326,-0.03390155167568134,0.12068965517241383,62484306.1,1.3993852449935424
2021-02-23,BIL.N0000,5.7,5.8,5.2,5.4,52217464,tradingview_cselk_fallback,-0.06896551724137923,-0.07145896398214487,0.11111111111111104,61144034.4,0.854007500689225
2021-02-24,BIL.N0000,5.3,5.7,5.2,5.5,24232922,tradingview_cselk_fallback,0.01851851851851838,0.0183491386681964,0.09090909090909091,57649778.35,0.4203471842142824
2021-02-25,BIL.N0000,5.5,5.9,5.4,5.8,34937373,tradingview_cselk_fallback,0.05454545454545445,0.05310982531394833,0.08620689655172414,57334530.8,0.6093600577612123
2021-03-01,BIL.N0000,5.9,6.1,5.6,5.8,23258905,tradingview_cselk_fallback,0.0,0.0,0.08620689655172414,53735649.2,0.4328393784437613
2021-03-02,BIL.N0000,5.8,5.8,5.5,5.7,21152688,tradingview_cselk_fallback,-0.01724137931034475,-0.017391742711869107,0.05263157894736839,50936301.65,0.4152772642455874
2021-03-03,BIL.N0000,5.6,5.7,5.3,5.5,31108935,tradingview_cselk_fallback,-0.03508771929824561,-0.03571808260207923,0.0727272727272728,48670658.05,0.6391722702421937
2021-03-04,BIL.N0000,5.6,5.6,5.0,5.2,56403885,tradingview_cselk_fallback,-0.054545454545454564,-0.056089466651043585,0.11538461538461531,47336175.25,1.1915598313997706
2021-03-05,BIL.N0000,5.3,5.4,5.1,5.3,20891667,tradingview_cselk_fallback,0.019230769230769162,0.01904819497069441,0.056603773584905794,46752495.55,0.4468567239936351
2021-03-08,BIL.N0000,5.3,5.7,5.3,5.6,38083874,tradingview_cselk_fallback,0.05660377358490565,0.05505977718302739,0.0714285714285715,47845784.05,0.79597136416871
2021-03-09,BIL.N0000,5.7,5.8,5.4,5.4,35052977,tradingview_cselk_fallback,-0.03571428571428559,-0.036367644170874715,0.07407407407407397,48132085.05,0.7282663313585249
2021-03-10,BIL.N0000,5.5,5.7,5.3,5.5,13483677,tradingview_cselk_fallback,0.01851851851851838,0.0183491386681964,0.0727272727272728,46315299.15,0.291127926353899
2021-03-12,BIL.N0000,5.5,5.5,5.3,5.4,6445770,tradingview_cselk_fallback,-0.018181818181818077,-0.01834913866819643,0.03703703703703707,44417668.6,0.1451172518316281
2021-03-15,BIL.N0000,5.5,5.5,5.2,5.3,5199598,tradingview_cselk_fallback,-0.0185185185185186,-0.018692133012152633,0.05660377358490563,40136818.6,0.12954683956939228
2021-03-16,BIL.N0000,5.3,5.3,5.0,5.2,31046245,tradingview_cselk_fallback,-0.01886792452830177,-0.019048194970694363,0.057692307692307654,38609276.75,0.8041136124105199
2021-03-17,BIL.N0000,5.2,5.3,5.0,5.1,9469296,tradingview_cselk_fallback,-0.019230769230769384,-0.01941808585710174,0.05882352941176468,37223510.7,0.254390191089633
2021-03-18,BIL.N0000,5.1,5.1,4.8,4.9,19326499,tradingview_cselk_fallback,-0.039215686274509665,-0.04000533461369902,0.061224489795918324,36215772.95,0.533648668128178
2021-03-19,BIL.N0000,4.9,5.0,4.5,4.7,19614390,tradingview_cselk_fallback,-0.04081632653061229,-0.041672696400568074,0.10638297872340426,35307330.35,0.5555330806822102
2021-03-22,BIL.N0000,4.6,5.0,4.6,4.8,19268751,tradingview_cselk_fallback,0.02127659574468077,0.021053409197832263,0.08333333333333341,33806188.4,0.5699770341456182
2021-03-23,BIL.N0000,4.9,5.0,4.7,4.8,5866553,tradingview_cselk_fallback,0.0,0.0,0.062499999999999965,27725054.25,0.21159753005713236
2021-03-24,BIL.N0000,4.7,5.4,4.7,5.4,30158535,tradingview_cselk_fallback,0.12500000000000022,0.11778303565638365,0.12962962962962965,24861000.2,1.2130861492853373
2021-03-25,BIL.N0000,5.5,5.8,5.2,5.4,86539387,tradingview_cselk_fallback,0.0,0.0,0.11111111111111104,26577096.35,3.2561640993561736
2021-03-26,BIL.N0000,5.4,5.6,5.2,5.5,24315110,tradingview_cselk_fallback,0.01851851851851838,0.0183491386681964,0.07272727272727263,26581205.75,0.914748195724718
2021-03-29,BIL.N0000,5.5,5.7,5.4,5.5,15889295,tradingview_cselk_fallback,0.0,0.0,0.054545454545454515,25628801.85,0.6199780658103609
2021-03-30,BIL.N0000,5.5,5.6,5.4,5.5,5110889,tradingview_cselk_fallback,0.0,0.0,0.03636363636363624,24721401.05,0.20673945581251754
2021-03-31,BIL.N0000,5.4,5.6,5.4,5.5,7425999,tradingview_cselk_fallback,0.0,0.0,0.03636363636363624,24035066.6,0.30896519338124073
2021-04-01,BIL.N0000,5.5,5.8,5.5,5.8,28350969,tradingview_cselk_fallback,0.05454545454545445,0.05310982531394833,0.051724137931034454,23897168.3,1.1863735754834182
2021-04-05,BIL.N0000,5.8,5.8,5.6,5.7,10800762,tradingview_cselk_fallback,-0.01724137931034475,-0.017391742711869107,0.03508771929824565,21617012.15,0.49964176015879236
2021-04-06,BIL.N0000,5.7,5.7,5.5,5.7,7680707,tradingview_cselk_fallback,0.0,0.0,0.03508771929824565,20956464.15,0.36650777273417096
2021-04-07,BIL.N0000,5.7,5.8,5.6,5.7,15229461,tradingview_cselk_fallback,0.0,0.0,0.03508771929824565,19813743.5,0.7686311776469702
2021-04-08,BIL.N0000,5.6,6.0,5.5,6.0,87247746,tradingview_cselk_fallback,0.05263157894736836,0.05129329438755048,0.08333333333333333,22423481.95,3.8909098147444494
2021-04-09,BIL.N0000,6.1,6.3,5.9,6.1,105564593,tradingview_cselk_fallback,0.016666666666666607,0.016529301951210506,0.0655737704918032,27027527.75,3.9058175788941702
2021-04-12,BIL.N0000,6.1,6.2,6.0,6.2,26402190,tradingview_cselk_fallback,0.016393442622950838,0.016260520871780326,0.03225806451612906,28025348.75,0.9420824780994028
2021-04-15,BIL.N0000,6.2,6.7,6.1,6.5,123116382,tradingview_cselk_fallback,0.048387096774193505,0.04725288485054551,0.0923076923076924,33921187.95,3.6294832062330524
2021-04-16,BIL.N0000,6.3,6.4,6.1,6.3,85678723,tradingview_cselk_fallback,-0.03076923076923077,-0.031252543504104426,0.047619047619047734,36652811.85,2.337575718627983
2021-04-19,BIL.N0000,6.3,6.6,6.1,6.3,71090830,tradingview_cselk_fallback,0.0,0.0,0.07936507936507936,39733888.55,1.7891737404593895
2021-04-20,BIL.N0000,6.4,6.6,6.0,6.2,114063976,tradingview_cselk_fallback,-0.015873015873015817,-0.016000341346441075,0.09677419354838704,44470762.4,2.5649206319880857
2021-04-21,BIL.N0000,6.1,6.5,6.1,6.4,72870915,tradingview_cselk_fallback,0.032258064516129004,0.03174869831458027,0.06250000000000006,47133588.65,1.546050642167685
2021-04-22,BIL.N0000,6.5,6.5,6.2,6.2,44592395,tradingview_cselk_fallback,-0.03125,-0.0317486983145803,0.04838709677419352,48399770.85,0.9213348372702058
2021-04-23,BIL.N0000,6.2,6.3,6.1,6.2,36052571,tradingview_cselk_fallback,0.0,0.0,0.03225806451612906,49909071.75,0.722365087866015
2021-04-27,BIL.N0000,6.1,6.2,5.9,6.1,33397201,tradingview_cselk_fallback,-0.016129032258064613,-0.016260520871780405,0.04918032786885243,50071005.05,0.6669968171529643
2021-04-28,BIL.N0000,6.0,6.4,6.0,6.4,31505893,tradingview_cselk_fallback,0.049180327868852514,0.04800921918636066,0.06250000000000006,47319330.35,0.6658144307403538
2021-04-29,BIL.N0000,6.4,6.5,6.2,6.3,38110930,tradingview_cselk_fallback,-0.01562500000000011,-0.015748356968139282,0.047619047619047596,48009121.35,0.7938268589037611
2021-05-03,BIL.N0000,6.5,6.9,6.5,6.8,154085562,tradingview_cselk_fallback,0.0793650793650793,0.07637297878457396,0.05882352941176476,54918934.7,2.8056910215339625
2021-05-04,BIL.N0000,6.8,6.9,6.3,6.5,139112453,tradingview_cselk_fallback,-0.044117647058823484,-0.045120435280469544,0.0923076923076924,61619012.9,2.2576222249090914
2021-05-05,BIL.N0000,6.4,6.6,6.4,6.6,27770268,tradingview_cselk_fallback,0.01538461538461533,0.01526747213078838,0.030303030303030196,62636226.35,0.443357935467324
2021-05-06,BIL.N0000,6.6,6.8,6.6,6.7,50182682,tradingview_cselk_fallback,0.015151515151515138,0.015037877364540502,0.029850746268656744,63727812.0,0.7874533963287489
2021-05-07,BIL.N0000,6.7,6.8,6.6,6.8,31098953,tradingview_cselk_fallback,0.014925373134328401,0.014815085785140682,0.02941176470588238,64742721.55,0.48034670547457087
2021-05-10,BIL.N0000,6.6,6.7,6.4,6.5,52474445,tradingview_cselk_fallback,-0.044117647058823484,-0.045120435280469544,0.04615384615384613,66982408.45,0.7834063631672832
2021-05-11,BIL.N0000,6.4,6.7,6.4,6.5,38951081,tradingview_cselk_fallback,0.0,0.0,0.04615384615384613,68168489.45,0.5713942220851133
2021-05-12,BIL.N0000,6.6,6.7,6.5,6.6,10837858,tradingview_cselk_fallback,0.01538461538461533,0.01526747213078838,0.03030303030303033,64347995.05,0.16842572937321068
2021-05-13,BIL.N0000,6.6,6.8,6.6,6.8,27372166,tradingview_cselk_fallback,0.030303030303030276,0.02985296314968113,0.02941176470588238,60438373.7,0.4528938209996871
2021-05-17,BIL.N0000,6.9,7.0,6.8,6.9,85819436,tradingview_cselk_fallback,0.014705882352941346,0.014598799421152851,0.028985507246376836,63409236.0,1.3534217002709195
2021-05-18,BIL.N0000,6.9,6.9,6.7,6.8,53150694,tradingview_cselk_fallback,-0.01449275362318847,-0.014598799421152749,0.02941176470588238,59910951.6,0.8871615719754316
2021-05-19,BIL.N0000,6.9,7.0,6.6,6.8,65790579,tradingview_cselk_fallback,0.0,0.0,0.05882352941176476,58916544.4,1.1166740967245188
2021-05-20,BIL.N0000,6.8,6.8,6.6,6.7,21767586,tradingview_cselk_fallback,-0.014705882352941124,-0.014815085785140587,0.029850746268656744,56450382.2,0.38560564431395467
2021-05-21,BIL.N0000,6.8,6.9,6.2,6.4,95402543,tradingview_cselk_fallback,-0.04477611940298509,-0.04580953603129422,0.10937500000000003,55517310.55,1.7184287577129402
2021-05-24,BIL.N0000,6.3,6.5,6.1,6.3,39601382,tradingview_cselk_fallback,-0.01562500000000011,-0.015748356968139282,0.06349206349206354,53853833.9,0.7353493545795632
2021-05-25,BIL.N0000,6.4,6.5,6.3,6.4,12788313,tradingview_cselk_fallback,0.01587301587301604,0.01574835696813933,0.03125000000000003,52263629.8,0.2446885730849104
2021-05-28,BIL.N0000,6.5,6.5,6.3,6.4,9098898,tradingview_cselk_fallback,0.0,0.0,0.03125000000000003,50915946.15,0.178704289874028
2021-05-31,BIL.N0000,6.4,6.5,6.2,6.4,21239123,tradingview_cselk_fallback,0.0,0.0,0.04687499999999997,50308042.25,0.42218146542961527
2021-06-01,BIL.N0000,6.4,6.6,6.2,6.5,32804382,tradingview_cselk_fallback,0.015625,0.015504186535965254,0.06153846153846146,50372966.7,0.651229898674997
2021-06-02,BIL.N0000,6.5,6.6,6.3,6.4,6158629,tradingview_cselk_fallback,-0.01538461538461533,-0.015504186535965199,0.04687499999999997,48775351.65,0.126265189110123
2021-06-03,BIL.N0000,6.4,6.5,6.3,6.5,7632409,tradingview_cselk_fallback,0.015625,0.015504186535965254,0.030769230769230795,41452694.0,0.18412335275482938
2021-06-04,BIL.N0000,6.4,6.6,6.3,6.5,24834845,tradingview_cselk_fallback,0.0,0.0,0.04615384615384613,35738813.6,0.694898417109179
2021-06-07,BIL.N0000,6.5,6.6,6.4,6.4,12418131,tradingview_cselk_fallback,-0.01538461538461533,-0.015504186535965199,0.03124999999999989,34971206.75,0.35509586754537714
2021-06-08,BIL.N0000,6.4,6.5,6.3,6.4,4510172,tradingview_cselk_fallback,0.0,0.0,0.03125000000000003,32687581.25,0.1379781503411177
2021-06-09,BIL.N0000,6.4,6.5,6.3,6.4,1704228,tradingview_cselk_fallback,0.0,0.0,0.03125000000000003,31217845.0,0.05459146843736331
2021-06-10,BIL.N0000,6.3,6.4,6.3,6.4,5691450,tradingview_cselk_fallback,0.0,0.0,0.015625000000000083,28878695.25,0.1970812722226431
2021-06-11,BIL.N0000,6.3,6.4,6.2,6.3,25387028,tradingview_cselk_fallback,-0.01562500000000011,-0.015748356968139282,0.03174603174603177,28200492.6,0.9002334945028584
2021-06-14,BIL.N0000,6.3,6.4,6.2,6.3,4846104,tradingview_cselk_fallback,0.0,0.0,0.03174603174603177,27900904.9,0.17368985046789648
2021-06-15,BIL.N0000,6.2,6.4,6.2,6.4,11359492,tradingview_cselk_fallback,0.01587301587301604,0.01574835696813933,0.03125000000000003,27100271.2,0.41916525174847696
2021-06-16,BIL.N0000,6.4,6.5,6.2,6.4,22826204,tradingview_cselk_fallback,0.0,0.0,0.04687499999999997,23950609.6,0.9530531531857126
2021-06-17,BIL.N0000,6.4,6.4,6.2,6.3,3560687,tradingview_cselk_fallback,-0.01562500000000011,-0.015748356968139282,0.03174603174603177,21471109.25,0.16583619218462128
2021-06-18,BIL.N0000,6.3,6.4,6.2,6.3,13125609,tradingview_cselk_fallback,0.0,0.0,0.03174603174603177,18837860.75,0.6967674925614895
2021-06-21,BIL.N0000,6.3,6.3,6.1,6.3,19679668,tradingview_cselk_fallback,0.0,0.0,0.03174603174603177,18733464.85,1.0505087103521054
2021-06-22,BIL.N0000,6.2,6.3,6.0,6.1,20992902,tradingview_cselk_fallback,-0.031746031746031744,-0.032260862218221435,0.04918032786885243,15012982.8,1.3983165290777526
2021-06-23,BIL.N0000,6.1,6.2,6.0,6.1,9943537,tradingview_cselk_fallback,0.0,0.0,0.03278688524590167,13530090.55,0.7349202108628903
2021-06-25,BIL.N0000,6.2,6.2,6.0,6.2,4591834,tradingview_cselk_fallback,0.016393442622950838,0.016260520871780326,0.03225806451612906,13120266.6,0.3499802359199012
2021-06-28,BIL.N0000,6.2,6.3,6.1,6.2,4599627,tradingview_cselk_fallback,0.0,0.0,0.03225806451612906,12895303.05,0.3566901050844245
2021-06-29,BIL.N0000,6.2,6.2,5.9,6.1,15984621,tradingview_cselk_fallback,-0.016129032258064613,-0.016260520871780405,0.04918032786885243,12632577.95,1.265349088940314
2021-06-30,BIL.N0000,6.0,6.1,5.8,6.0,29301607,tradingview_cselk_fallback,-0.016393442622950727,-0.01652930195121047,0.04999999999999997,12457439.2,2.352137267505187
2021-07-01,BIL.N0000,5.9,6.0,5.8,5.9,3350638,tradingview_cselk_fallback,-0.016666666666666607,-0.016807118316381174,0.03389830508474579,12317039.65,0.2720327363726559
2021-07-02,BIL.N0000,5.8,6.2,5.8,6.1,11056371,tradingview_cselk_fallback,0.03389830508474567,0.03333642026759171,0.06557377049180334,12488237.75,0.8853427698395636
2021-07-05,BIL.N0000,6.2,6.2,6.0,6.0,3263515,tradingview_cselk_fallback,-0.016393442622950727,-0.01652930195121047,0.03333333333333336,11409671.25,0.2860305900575356
2021-07-06,BIL.N0000,6.1,6.2,5.9,6.0,6550273,tradingview_cselk_fallback,0.0,0.0,0.04999999999999997,11116278.35,0.589250538153356
2021-07-07,BIL.N0000,6.0,6.1,5.9,6.0,2789029,tradingview_cselk_fallback,0.0,0.0,0.033333333333333215,11030221.2,0.2528534060586201
2021-07-08,BIL.N0000,6.1,6.1,6.0,6.0,1936480,tradingview_cselk_fallback,0.0,0.0,0.016666666666666607,11041833.8,0.17537666614761035
2021-07-09,BIL.N0000,6.1,6.2,6.0,6.1,5178832,tradingview_cselk_fallback,0.016666666666666607,0.016529301951210506,0.03278688524590167,11016202.9,0.4701104406855106
2021-07-12,BIL.N0000,6.1,6.2,6.0,6.1,4385903,tradingview_cselk_fallback,0.0,0.0,0.03278688524590167,9966146.65,0.44008011862839685
2021-07-13,BIL.N0000,6.2,6.2,6.1,6.2,2977417,tradingview_cselk_fallback,0.016393442622950838,0.016260520871780326,0.016129032258064602,9872712.3,0.30158044816114005
2021-07-14,BIL.N0000,6.2,6.4,6.1,6.3,29443951,tradingview_cselk_fallback,0.016129032258064502,0.01600034134644112,0.047619047619047734,10776935.25,2.732126557037633
2021-07-15,BIL.N0000,6.3,6.4,6.2,6.3,8328797,tradingview_cselk_fallback,0.0,0.0,0.03174603174603177,10052064.9,0.8285657805492282
2021-07-16,BIL.N0000,6.3,6.4,6.2,6.3,4833277,tradingview_cselk_fallback,0.0,0.0,0.03174603174603177,10115694.4,0.477799823608748
2021-07-19,BIL.N0000,6.3,6.5,6.2,6.5,50336109,tradingview_cselk_fallback,0.031746031746031855,0.03125254350410453,0.04615384615384613,11976219.4,4.203004914889919
2021-07-20,BIL.N0000,6.5,6.5,6.4,6.5,12327102,tradingview_cselk_fallback,0.0,0.0,0.01538461538461533,11608591.1,1.0618947548251572
2021-07-22,BIL.N0000,6.4,6.5,6.3,6.5,13498196,tradingview_cselk_fallback,0.0,0.0,0.030769230769230795,11233855.8,1.201563936756247
2021-07-26,BIL.N0000,6.4,6.5,6.3,6.3,18539976,tradingview_cselk_fallback,-0.03076923076923077,-0.031252543504104426,0.03174603174603177,11663677.75,1.5895480308515897
2021-07-27,BIL.N0000,6.4,6.4,6.3,6.4,11742616,tradingview_cselk_fallback,0.01587301587301604,0.01574835696813933,0.015625000000000083,12021216.85,0.9768242388872638
2021-07-28,BIL.N0000,6.3,6.4,6.3,6.4,6673817,tradingview_cselk_fallback,0.0,0.0,0.015625000000000083,12124926.35,0.5504212402906679
2021-07-29,BIL.N0000,6.4,6.5,6.3,6.4,8159305,tradingview_cselk_fallback,0.0,0.0,0.03125000000000003,11733660.55,0.6953759200064809
2021-07-30,BIL.N0000,6.4,6.4,6.3,6.3,7215993,tradingview_cselk_fallback,-0.01562500000000011,-0.015748356968139282,0.01587301587301596,10629379.85,0.6788724367583872
2021-08-02,BIL.N0000,6.4,6.8,6.3,6.7,69386166,tradingview_cselk_fallback,0.06349206349206349,0.061557892999433365,0.07462686567164178,13931156.25,4.980646599236873
2021-08-03,BIL.N0000,6.8,6.9,6.6,6.9,101456656,tradingview_cselk_fallback,0.029850746268656803,0.029413885206293407,0.04347826086956532,18451170.5,5.498656900926692
2021-08-04,BIL.N0000,7.0,7.1,6.8,6.9,120845127,tradingview_cselk_fallback,0.0,0.0,0.04347826086956519,24330251.1,4.966867234674779
2021-08-05,BIL.N0000,6.8,6.8,6.5,6.5,62129403,tradingview_cselk_fallback,-0.05797101449275366,-0.05971923470162231,0.04615384615384613,27109207.6,2.2918192193858147
2021-08-06,BIL.N0000,6.5,6.8,6.4,6.8,58473926,tradingview_cselk_fallback,0.04615384615384621,0.04512043528046964,0.05882352941176463,29893452.45,1.9560780441069463
2021-08-09,BIL.N0000,6.7,6.9,6.5,6.8,50363487,tradingview_cselk_fallback,0.0,0.0,0.05882352941176476,32314802.8,1.558526824740518
2021-08-10,BIL.N0000,6.8,6.9,6.6,6.7,20865184,tradingview_cselk_fallback,-0.014705882352941124,-0.014815085785140587,0.044776119402985176,33099120.4,0.6303848485351291
2021-08-11,BIL.N0000,6.6,6.8,6.6,6.7,5546007,tradingview_cselk_fallback,0.0,0.0,0.029850746268656744,33157125.6,0.1672644084685073
2021-08-12,BIL.N0000,6.7,6.7,6.5,6.6,11259455,tradingview_cselk_fallback,-0.014925373134328401,-0.015037877364540559,0.03030303030303033,33571227.5,0.33539003004879697
2021-08-13,BIL.N0000,6.5,6.7,6.5,6.6,9840741,tradingview_cselk_fallback,0.0,0.0,0.03030303030303033,32591067.0,0.3019459596091162
2021-08-16,BIL.N0000,6.5,6.6,6.4,6.6,4672812,tradingview_cselk_fallback,0.0,0.0,0.030303030303030196,32408267.75,0.14418579962515893
2021-08-17,BIL.N0000,6.5,6.8,6.5,6.8,9327362,tradingview_cselk_fallback,0.030303030303030276,0.02985296314968113,0.044117647058823505,32632972.0,0.28582631088581206
2021-08-18,BIL.N0000,6.8,7.1,6.7,7.1,83036396,tradingview_cselk_fallback,0.044117647058823595,0.04317217186520878,0.05633802816901401,34267986.35,2.423147807749725
2021-08-19,BIL.N0000,7.1,7.3,6.9,7.1,104461549,tradingview_cselk_fallback,0.0,0.0,0.05633802816901401,38874708.7,2.6871339360029722
2021-08-20,BIL.N0000,7.0,7.2,6.9,7.0,76114460,tradingview_cselk_fallback,-0.014084507042253502,-0.014184634991956413,0.04285714285714283,42005521.9,1.8120108156542152
2021-08-23,BIL.N0000,7.1,7.7,7.1,7.7,153664511,tradingview_cselk_fallback,0.10000000000000009,0.09531017980432493,0.07792207792207799,48761748.65,3.151333068528091
2021-08-24,BIL.N0000,7.8,8.0,7.5,7.6,133402728,tradingview_cselk_fallback,-0.012987012987013102,-0.013072081567352888,0.06578947368421052,54844754.25,2.4323698742801825
2021-08-25,BIL.N0000,7.6,7.7,7.4,7.5,65810709,tradingview_cselk_fallback,-0.013157894736842035,-0.013245226750020567,0.03999999999999997,57801598.85,1.1385620866783341
2021-08-26,BIL.N0000,7.5,7.9,7.5,7.8,74208914,tradingview_cselk_fallback,0.040000000000000036,0.03922071315328133,0.05128205128205133,61104079.3,1.2144674275453817
2021-08-27,BIL.N0000,8.0,9.6,8.0,9.6,325390550,tradingview_cselk_fallback,0.23076923076923084,0.20763936477824455,0.16666666666666663,77012807.15,4.225148544010708
2021-08-30,BIL.N0000,10.3,11.6,10.0,10.2,446115200,tradingview_cselk_fallback,0.0625,0.06062462181643484,0.15686274509803919,95849258.85,4.654341675173005
2021-08-31,BIL.N0000,10.5,10.8,9.7,10.5,173536330,tradingview_cselk_fallback,0.02941176470588247,0.028987536873252406,0.1047619047619049,99453242.55,1.74490369092546
2021-09-01,BIL.N0000,11.0,11.8,10.8,11.5,256707623,tradingview_cselk_fallback,0.09523809523809534,0.09097177820572679,0.08695652173913043,106246367.35,2.4161543533469336
2021-09-02,BIL.N0000,11.6,12.0,11.5,11.5,206849725,tradingview_cselk_fallback,0.0,0.0,0.043478260869565216,113482383.45,1.8227474495293567
2021-09-03,BIL.N0000,11.5,11.6,11.1,11.3,109886581,tradingview_cselk_fallback,-0.017391304347825987,-0.017544309650909393,0.04424778761061947,116053016.2,0.9468653603162448
2021-09-06,BIL.N0000,11.3,11.4,10.8,11.0,103671815,tradingview_cselk_fallback,-0.026548672566371723,-0.02690745291992438,0.054545454545454515,118718432.6,0.8732579493304395
2021-09-07,BIL.N0000,10.9,11.0,10.0,10.3,185107900,tradingview_cselk_fallback,-0.0636363636363636,-0.06575137756278042,0.0970873786407767,126930568.4,1.458339802092937
2021-09-08,BIL.N0000,10.3,10.4,8.6,9.3,227089848,tradingview_cselk_fallback,-0.09708737864077666,-0.10212949507637979,0.19354838709677424,138007760.45,1.645486074547774
2021-09-09,BIL.N0000,9.4,10.2,8.9,10.0,129776114,tradingview_cselk_fallback,0.07526881720430101,0.07257069283483537,0.1299999999999999,143933593.4,0.9016388108879104
2021-09-10,BIL.N0000,10.2,10.3,9.1,9.4,101109572,tradingview_cselk_fallback,-0.05999999999999994,-0.06187540371808741,0.1276595744680852,148497034.95,0.6808861337470092
2021-09-13,BIL.N0000,9.3,9.4,8.5,8.7,94517753,tradingview_cselk_fallback,-0.07446808510638314,-0.07738666361542035,0.10344827586206902,152989282.0,0.6178063702527867
2021-09-14,BIL.N0000,8.6,9.2,8.6,9.0,60292978,tradingview_cselk_fallback,0.034482758620689724,0.033901551675681416,0.06666666666666662,155537562.8,0.3876425534424022
2021-09-15,BIL.N0000,9.1,10.0,9.1,9.9,102024294,tradingview_cselk_fallback,0.10000000000000009,0.09531017980432493,0.09090909090909094,156486957.7,0.6519667549265673
2021-09-16,BIL.N0000,10.0,10.3,9.4,9.6,111191687,tradingview_cselk_fallback,-0.030303030303030387,-0.030771658666753774,0.09375000000000004,156823464.6,0.7090245537146487
2021-09-17,BIL.N0000,9.3,9.5,9.1,9.2,58363791,tradingview_cselk_fallback,-0.04166666666666674,-0.04255961441879601,0.04347826086956526,155935931.15,0.3742805815797381
2021-09-21,BIL.N0000,9.1,9.3,8.9,9.1,31718749,tradingview_cselk_fallback,-0.010869565217391242,-0.010929070532190206,0.043956043956043994,149838643.05,0.21168604009191205
2021-09-22,BIL.N0000,9.1,9.2,8.9,9.0,28438020,tradingview_cselk_fallback,-0.01098901098901095,-0.011049836186584935,0.033333333333333215,144590407.65,0.19667985215753694
2021-09-23,BIL.N0000,9.1,9.3,9.0,9.0,21242477,tradingview_cselk_fallback,0.0,0.0,0.03333333333333341,142361996.05,0.14921452065436952
2021-09-24,BIL.N0000,9.1,9.5,9.0,9.5,43078224,tradingview_cselk_fallback,0.05555555555555558,0.05406722127027579,0.05263157894736842,140805461.55,0.30594142816472303
2021-09-27,BIL.N0000,9.6,9.8,9.5,9.8,67639165,tradingview_cselk_fallback,0.03157894736842115,0.03109058707003118,0.030612244897959252,127917892.3,0.5287701648598849
2021-09-28,BIL.N0000,9.8,10.0,9.6,9.9,95781813,tradingview_cselk_fallback,0.010204081632652962,0.010152371464017908,0.040404040404040435,110401222.95,0.8675792753072941
2021-09-29,BIL.N0000,10.0,10.6,10.0,10.5,137511008,tradingview_cselk_fallback,0.06060606060606055,0.058840500022933395,0.057142857142857106,108599956.85,1.2662160463832635
2021-09-30,BIL.N0000,10.6,10.7,10.1,10.3,88766527,tradingview_cselk_fallback,-0.01904761904761898,-0.019231361927887533,0.05825242718446598,100202902.05,0.8858678260207136
2021-10-01,BIL.N0000,10.3,10.4,10.1,10.2,27087144,tradingview_cselk_fallback,-0.009708737864077777,-0.009756174945364798,0.029411764705882425,91214773.0,0.29696005492443645
2021-10-04,BIL.N0000,10.3,10.7,10.2,10.7,47370724,tradingview_cselk_fallback,0.0490196078431373,0.04785602117763514,0.04672897196261683,88088980.15,0.5377599322791115
2021-10-05,BIL.N0000,10.9,10.9,10.4,10.7,64392884,tradingview_cselk_fallback,0.0,0.0,0.04672897196261683,86125033.6,0.7476674470638466
2021-10-06,BIL.N0000,10.7,10.9,10.5,10.7,30204152,tradingview_cselk_fallback,0.0,0.0,0.0373831775700935,78379846.2,0.3853561019107996
2021-10-07,BIL.N0000,10.7,10.8,10.4,10.6,35144824,tradingview_cselk_fallback,-0.009345794392523366,-0.009389740349839032,0.03773584905660381,68782595.0,0.5109551914986633
2021-10-08,BIL.N0000,10.6,10.9,10.5,10.8,43102828,tradingview_cselk_fallback,0.018867924528301883,0.018692133012152546,0.03703703703703707,64448930.7,0.6687904288224288
2021-10-11,BIL.N0000,10.8,10.8,10.6,10.6,9353879,tradingview_cselk_fallback,-0.0185185185185186,-0.018692133012152633,0.018867924528301987,59861146.05,0.15625960438824577
2021-10-12,BIL.N0000,10.7,10.8,10.5,10.6,18440013,tradingview_cselk_fallback,0.0,0.0,0.028301886792452897,56057259.05,0.32894960104190113
2021-10-13,BIL.N0000,10.6,10.6,10.2,10.3,51356483,tradingview_cselk_fallback,-0.028301886792452713,-0.028710105882431253,0.03883495145631071,55610434.3,0.9235044402449488
2021-10-14,BIL.N0000,10.5,10.6,10.4,10.5,12747521,tradingview_cselk_fallback,0.01941747572815533,0.019231361927887592,0.01904761904761898,51146595.65,0.24923498500725727
2021-10-15,BIL.N0000,10.5,10.6,10.4,10.5,14891677,tradingview_cselk_fallback,0.0,0.0,0.01904761904761898,46331595.15,0.32141515852816477
2021-10-18,BIL.N0000,10.5,10.5,10.3,10.4,7051251,tradingview_cselk_fallback,-0.00952380952380949,-0.009569451016150672,0.019230769230769162,43765968.15,0.16111264752177087
2021-10-21,BIL.N0000,10.4,10.7,10.4,10.6,30726921,tradingview_cselk_fallback,0.019230769230769162,0.01904819497069441,0.02830188679245273,43716376.75,0.7028698003889354
2021-10-22,BIL.N0000,10.7,10.9,10.6,10.7,36527244,tradingview_cselk_fallback,0.00943396226415083,0.009389740349838917,0.028037383177570162,44120837.95,0.827890985239096
2021-10-25,BIL.N0000,10.7,10.9,10.5,10.9,36899589,tradingview_cselk_fallback,0.01869158878504673,0.01851904776723753,0.03669724770642205,44903693.55,0.8217495284416308
2021-10-26,BIL.N0000,10.9,11.6,10.9,11.5,114003061,tradingview_cselk_fallback,0.05504587155963292,0.05358424613410626,0.060869565217391244,48449935.4,2.353007492348483
2021-10-27,BIL.N0000,11.6,11.7,11.1,11.2,66652704,tradingview_cselk_fallback,-0.026086956521739202,-0.026433257068155597,0.05357142857142854,48400612.35,1.377104560537652
2021-10-28,BIL.N0000,11.2,11.3,11.0,11.2,14598907,tradingview_cselk_fallback,0.0,0.0,0.02678571428571435,44341467.05,0.3292382496848399
2021-10-29,BIL.N0000,11.1,11.2,10.9,11.1,22512792,tradingview_cselk_fallback,-0.008928571428571397,-0.008968669982760375,0.02702702702702693,38591556.25,0.5833605634911393
2021-11-01,BIL.N0000,11.1,11.1,10.7,10.9,22205137,tradingview_cselk_fallback,-0.018018018018017945,-0.01818231908319036,0.03669724770642205,35263486.75,0.6296920425771567
2021-11-02,BIL.N0000,10.9,10.9,10.6,10.8,20062003,tradingview_cselk_fallback,-0.00917431192660545,-0.009216655104923952,0.027777777777777842,34912229.7,0.5746411264016174
2021-11-03,BIL.N0000,10.7,10.9,10.5,10.7,29056948,tradingview_cselk_fallback,-0.009259259259259411,-0.009302392662313674,0.0373831775700935,33996540.9,0.8547030736294704
2021-11-05,BIL.N0000,10.5,11.2,10.4,10.7,36412152,tradingview_cselk_fallback,0.0,0.0,0.07476635514018683,32597504.3,1.1170226918261346
2021-11-08,BIL.N0000,10.9,11.5,10.6,11.5,77253872,tradingview_cselk_fallback,0.07476635514018692,0.0721032939013439,0.07826086956521743,34949990.3,2.2104118294991344
2021-11-09,BIL.N0000,11.8,12.5,11.1,11.4,215184156,tradingview_cselk_fallback,-0.008695652173912993,-0.008733679968754553,0.12280701754385967,43951956.9,4.895894771866233
2021-11-10,BIL.N0000,11.4,11.7,11.3,11.4,27570587,tradingview_cselk_fallback,0.0,0.0,0.03508771929824549,43175344.85,0.6385724791726822
2021-11-11,BIL.N0000,11.5,11.9,11.4,11.5,46524476,tradingview_cselk_fallback,0.00877192982456143,0.008733679968754631,0.043478260869565216,45033874.7,1.0330995569430759
2021-11-12,BIL.N0000,11.8,11.9,11.4,11.5,26601317,tradingview_cselk_fallback,0.0,0.0,0.043478260869565216,45441939.9,0.5853913160076162
2021-11-15,BIL.N0000,11.3,11.7,11.1,11.6,36671478,tradingview_cselk_fallback,0.008695652173912993,0.008658062743114531,0.051724137931034454,44707689.65,0.8202499007908364
2021-11-16,BIL.N0000,11.5,11.5,11.2,11.4,63458771,tradingview_cselk_fallback,-0.01724137931034475,-0.017391742711869107,0.02631578947368427,47243252.15,1.3432346020234764
2021-11-17,BIL.N0000,11.3,11.4,11.1,11.2,32410708,tradingview_cselk_fallback,-0.01754385964912286,-0.017699577099400975,0.02678571428571435,48119203.7,0.6735503813002625
2021-11-19,BIL.N0000,11.2,11.3,10.8,11.0,50409497,tradingview_cselk_fallback,-0.017857142857142794,-0.01801850550267825,0.045454545454545456,50287116.0,1.002433645230321
2021-11-22,BIL.N0000,11.0,11.4,10.9,11.1,22110852,tradingview_cselk_fallback,0.009090909090909038,0.009049835519917856,0.04504504504504505,49856312.55,0.4434915233216541
2021-11-23,BIL.N0000,11.2,11.7,11.0,11.7,52875820,tradingview_cselk_fallback,0.054054054054053946,0.05264373348542188,0.05982905982905977,50673741.35,1.0434560107727273
2021-11-24,BIL.N0000,11.9,12.1,11.7,11.9,106581572,tradingview_cselk_fallback,0.017094017094017255,0.016949558313773424,0.03361344537815129,54157840.5,1.9679804625887918
2021-11-25,BIL.N0000,12.1,13.2,12.0,13.2,186600519,tradingview_cselk_fallback,0.10924369747899143,0.10367842947484132,0.09090909090909086,57787713.4,3.2290690878936905
2021-11-26,BIL.N0000,13.4,13.7,13.0,13.5,132284710,tradingview_cselk_fallback,0.022727272727272707,0.022472855852058576,0.0518518518518518,61069313.7,2.1661404392039203
2021-11-29,BIL.N0000,13.6,13.7,13.0,13.4,90767757,tradingview_cselk_fallback,-0.007407407407407418,-0.00743497848751809,0.052238805970149196,64877756.2,1.3990582029407483
2021-11-30,BIL.N0000,13.4,14.2,13.4,14.1,119591651,tradingview_cselk_fallback,0.052238805970149294,0.050920090427256946,0.0567375886524822,69731699.15,1.7150256261896923
2021-12-01,BIL.N0000,14.3,14.7,13.7,14.1,152963945,tradingview_cselk_fallback,0.0,0.0,0.07092198581560284,76269639.55,2.005567954726226
2021-12-02,BIL.N0000,13.9,14.7,13.7,14.7,85334446,tradingview_cselk_fallback,0.042553191489361764,0.04167269640056808,0.06802721088435375,79533261.7,1.0729403544630434
2021-12-03,BIL.N0000,15.0,15.4,14.2,14.6,162845822,tradingview_cselk_fallback,-0.006802721088435382,-0.006825965070399871,0.08219178082191789,86222705.4,1.88866518679197
2021-12-06,BIL.N0000,14.6,15.0,14.5,14.7,40770787,tradingview_cselk_fallback,0.006849315068493178,0.006825965070399891,0.034013605442176874,86440637.15,0.4716622683987238
2021-12-07,BIL.N0000,14.7,14.9,14.3,14.4,44353318,tradingview_cselk_fallback,-0.020408163265306034,-0.020619287202735592,0.041666666666666644,84795609.45,0.5230614920711558
2021-12-08,BIL.N0000,14.4,14.5,14.1,14.2,41249619,tradingview_cselk_fallback,-0.01388888888888895,-0.013986241974739952,0.028169014084507067,76098882.6,0.542052886858026
2021-12-09,BIL.N0000,14.1,14.3,14.0,14.2,36527664,tradingview_cselk_fallback,0.0,0.0,0.021126760563380333,76546736.45,0.477194269723827
2021-12-10,BIL.N0000,14.2,14.6,14.2,14.3,30448072,tradingview_cselk_fallback,0.007042253521126751,0.00701757265864654,0.027972027972027996,75742916.25,0.4019923381283857
2021-12-13,BIL.N0000,14.4,14.7,14.2,14.4,39114423,tradingview_cselk_fallback,0.006993006993006867,0.006968669316093215,0.034722222222222224,76368571.55,0.5121795812874543
2021-12-14,BIL.N0000,14.5,14.5,14.0,14.2,44785983,tradingview_cselk_fallback,-0.01388888888888895,-0.013986241974739952,0.035211267605633804,76774296.8,0.5833460528680479
2021-12-15,BIL.N0000,14.1,14.2,13.9,14.2,40869505,tradingview_cselk_fallback,0.0,0.0,0.02112676056338021,75644833.5,0.5402815117571778
2021-12-16,BIL.N0000,14.2,14.3,13.9,14.0,20080452,tradingview_cselk_fallback,-0.014084507042253502,-0.014184634991956413,0.0285714285714286,75028320.7,0.26763829728098926
2021-12-17,BIL.N0000,14.0,14.3,13.8,13.9,38563335,tradingview_cselk_fallback,-0.0071428571428571175,-0.007168489478612516,0.03597122302158273,74436012.6,0.518073626635933
2021-12-20,BIL.N0000,13.9,14.1,13.8,13.9,16413153,tradingview_cselk_fallback,0.0,0.0,0.02158273381294956,74151127.65,0.2213473148712122
2021-12-21,BIL.N0000,14.0,14.1,13.7,14.0,21785323,tradingview_cselk_fallback,0.007194244604316502,0.007168489478612497,0.0285714285714286,72596602.8,0.30008736166370586
2021-12-22,BIL.N0000,14.1,14.2,13.9,14.0,14345855,tradingview_cselk_fallback,0.0,0.0,0.021428571428571352,67984816.95,0.2110155714701825
2021-12-23,BIL.N0000,14.0,14.9,14.0,14.3,45180649,tradingview_cselk_fallback,0.021428571428571574,0.021202207650603124,0.06293706293706296,60913823.45,0.7417142192212858
2021-12-27,BIL.N0000,14.4,14.6,14.1,14.2,25359766,tradingview_cselk_fallback,-0.006993006993007089,-0.0070175726586466465,0.035211267605633804,55567576.25,0.4563770405587917
2021-12-28,BIL.N0000,14.4,14.4,14.2,14.4,8020094,tradingview_cselk_fallback,0.014084507042253502,0.01398624197473987,0.013888888888888963,51430193.1,0.15594135500144563
2021-12-29,BIL.N0000,14.4,14.5,14.1,14.2,19541236,tradingview_cselk_fallback,-0.01388888888888895,-0.013986241974739952,0.028169014084507067,46427672.35,0.42089631055992405
2021-12-30,BIL.N0000,14.2,14.7,14.2,14.7,37862970,tradingview_cselk_fallback,0.035211267605633756,0.03460552917747552,0.034013605442176874,40672623.6,0.9309202763108697
2021-12-31,BIL.N0000,15.0,16.5,14.8,16.4,95001009,tradingview_cselk_fallback,0.11564625850340127,0.10943384104546204,0.10365853658536582,41155951.75,2.3083176299039176
2022-01-03,BIL.N0000,17.0,17.9,16.9,17.4,86750555,tradingview_cselk_fallback,0.060975609756097615,0.059188871390330654,0.0574712643678161,37351188.4,2.322564788862247
2022-01-04,BIL.N0000,17.6,17.6,16.9,17.4,45196033,tradingview_cselk_fallback,0.0,0.0,0.04022988505747143,37572450.7,1.2029035146222176
2022-01-05,BIL.N0000,17.5,19.1,17.5,18.1,108605046,tradingview_cselk_fallback,0.04022988505747138,0.039441732051296835,0.08839779005524868,40785037.1,2.6628649554422004
2022-01-06,BIL.N0000,18.5,19.1,18.200001,18.6,51780379,tradingview_cselk_fallback,0.027624309392265234,0.02724964244737554,0.048387043010752744,41311575.1,1.2534109114614707
2022-01-07,BIL.N0000,18.9,19.0,18.1,18.200001,42422518,tradingview_cselk_fallback,-0.021505322580645192,-0.021739931691352493,0.04945054673348637,41606317.8,1.019617217844738
2022-01-10,BIL.N0000,18.299999,18.4,17.200001,17.5,64218818,tradingview_cselk_fallback,-0.038461591293319164,-0.03922076809833474,0.06857137142857132,43294855.1,1.4832898239680214
2022-01-11,BIL.N0000,17.200001,17.4,16.9,17.200001,39865908,tradingview_cselk_fallback,-0.017142800000000014,-0.01729143897052783,0.029069765751757806,43332429.35,0.9200016846043735
2022-01-12,BIL.N0000,17.200001,17.299999,16.799999,17.0,27751134,tradingview_cselk_fallback,-0.011627964440234617,-0.011696097902724464,0.029411764705882353,42480686.9,0.653264719219971
2022-01-13,BIL.N0000,16.9,17.299999,16.5,17.0,37818031,tradingview_cselk_fallback,0.0,0.0,0.047058764705882335,42328113.2,0.8934494864278524
2022-01-18,BIL.N0000,17.200001,17.200001,16.799999,16.9,18712542,tradingview_cselk_fallback,-0.005882352941176561,-0.005899722127188383,0.023668757396449743,42259717.7,0.4427985566027574
2022-01-19,BIL.N0000,16.9,17.1,16.799999,16.9,15902839,tradingview_cselk_fallback,0.0,0.0,0.017751538461538565,41126692.9,0.38667925570062067
2022-01-20,BIL.N0000,16.9,17.0,16.700001,16.9,14283103,tradingview_cselk_fallback,0.0,0.0,0.01775142011834318,41020190.4,0.3481968967165009
2022-01-21,BIL.N0000,16.9,17.0,16.799999,16.9,19953172,tradingview_cselk_fallback,0.0,0.0,0.011834378698224872,40928582.85,0.48751191980252007
2022-01-24,BIL.N0000,16.9,17.0,16.700001,16.799999,20937750,tradingview_cselk_fallback,-0.00591721893491115,-0.00593479504362575,0.017857084396255007,41258177.6,0.5074812126457083
2022-01-25,BIL.N0000,16.799999,16.9,16.4,16.5,20368864,tradingview_cselk_fallback,-0.017857084396254996,-0.018018445978866992,0.030303030303030304,40017588.35,0.50899778921835
2022-01-26,BIL.N0000,16.6,16.700001,16.299999,16.4,22888542,tradingview_cselk_fallback,-0.0060606060606061,-0.006079046076382226,0.02439036585365858,39894027.15,0.573733554497769
2022-01-27,BIL.N0000,16.4,16.6,14.6,15.7,46714381,tradingview_cselk_fallback,-0.04268292682926822,-0.04362062247589029,0.12738853503184724,41828741.5,1.116801015875651
2022-01-28,BIL.N0000,15.8,16.1,15.1,15.8,30688054,tradingview_cselk_fallback,0.006369426751592355,0.0063492276786587445,0.06329113924050644,42386082.4,0.7240125121825366
2022-01-31,BIL.N0000,15.9,15.9,15.4,15.5,17355210,tradingview_cselk_fallback,-0.01898734177215189,-0.01916991610772017,0.03225806451612903,41360694.4,0.4196063497425227
2022-02-01,BIL.N0000,15.5,15.7,14.9,15.1,26541718,tradingview_cselk_fallback,-0.02580645161290329,-0.02614528010432236,0.052980132450331056,37937729.85,0.6996127102212469
2022-02-02,BIL.N0000,15.0,15.1,14.2,14.5,35311327,tradingview_cselk_fallback,-0.039735099337748325,-0.040546094394349905,0.062068965517241406,35365768.45,0.9984606173600619
2022-02-03,BIL.N0000,14.6,15.7,14.3,15.5,31925152,tradingview_cselk_fallback,0.06896551724137923,0.06669137449867214,0.0903225806451612,34702224.4,0.9199742250528471
2022-02-07,BIL.N0000,15.6,15.8,14.9,15.1,14383150,tradingview_cselk_fallback,-0.02580645161290329,-0.02614528010432236,0.05960264900662254,29991129.6,0.4795801355878239
2022-02-08,BIL.N0000,15.0,15.0,14.4,14.6,19294766,tradingview_cselk_fallback,-0.0331125827814569,-0.033673215106587835,0.04109589041095888,28366848.95,0.6801871450018773
2022-02-09,BIL.N0000,14.5,14.9,13.8,14.2,26148873,tradingview_cselk_fallback,-0.0273972602739726,-0.027779564107075706,0.07746478873239435,27553166.7,0.9490333102074979
2022-02-10,BIL.N0000,14.0,14.7,13.8,14.5,17473410,tradingview_cselk_fallback,0.021126760563380254,0.020906684819313643,0.06206896551724128,25215896.3,0.6929521676372059
2022-02-11,BIL.N0000,14.6,15.1,14.5,14.7,14944190,tradingview_cselk_fallback,0.01379310344827589,0.013698844358161927,0.04081632653061222,23969810.4,0.6234588321983557
2022-02-14,BIL.N0000,14.6,15.0,14.3,14.4,6256930,tradingview_cselk_fallback,-0.020408163265306034,-0.020619287202735592,0.04861111111111106,22895100.2,0.2732868581199745
2022-02-15,BIL.N0000,14.6,14.6,14.0,14.1,16166715,tradingview_cselk_fallback,-0.02083333333333337,-0.02105340919783238,0.04255319148936168,21812534.4,0.741166280980169
2022-02-17,BIL.N0000,13.9,14.5,13.9,14.1,19294235,tradingview_cselk_fallback,0.0,0.0,0.04255319148936168,21841619.05,0.8833701822118356
2022-02-18,BIL.N0000,14.3,14.3,13.9,13.9,15243419,tradingview_cselk_fallback,-0.014184397163120477,-0.014285957247476428,0.028776978417266213,21808648.05,0.6989621257150784
2022-02-21,BIL.N0000,13.9,14.0,12.8,13.0,26196571,tradingview_cselk_fallback,-0.06474820143884896,-0.06693948267510938,0.09230769230769226,22404321.45,1.1692642001438522
2022-02-22,BIL.N0000,13.0,13.2,12.9,13.0,14982652,tradingview_cselk_fallback,0.0,0.0,0.023076923076922995,22155795.45,0.6762407620982076
2022-02-23,BIL.N0000,13.0,13.0,10.5,11.3,53027145,tradingview_cselk_fallback,-0.13076923076923075,-0.14014663174324182,0.22123893805309733,23760265.2,2.231757286951494
2022-02-24,BIL.N0000,11.2,11.4,10.2,10.3,29655046,tradingview_cselk_fallback,-0.08849557522123896,-0.09265883048270483,0.11650485436893214,24224574.3,1.224172017751412
2022-02-25,BIL.N0000,10.4,11.4,10.0,11.1,36782044,tradingview_cselk_fallback,0.07766990291262132,0.07480121308269834,0.12612612612612617,24919249.4,1.4760494351005613
2022-02-28,BIL.N0000,11.5,12.8,11.2,12.7,27479526,tradingview_cselk_fallback,0.14414414414414423,0.1346568851462572,0.12598425196850405,23957506.65,1.1470110976677952
2022-03-02,BIL.N0000,12.7,12.8,12.0,12.2,21418729,tradingview_cselk_fallback,-0.03937007874015752,-0.04016604172533476,0.06557377049180334,23494040.4,0.911666475213859
2022-03-03,BIL.N0000,12.0,12.3,11.3,11.6,9356533,tradingview_cselk_fallback,-0.0491803278688524,-0.050430853626891856,0.08620689655172414,23094106.55,0.40514808311560335
2022-03-04,BIL.N0000,11.5,12.1,11.0,11.9,21579538,tradingview_cselk_fallback,0.02586206896551735,0.025533302005164845,0.09243697478991593,22845997.55,0.9445653643607258
2022-03-07,BIL.N0000,12.0,12.1,11.0,11.3,11964211,tradingview_cselk_fallback,-0.05042016806722682,-0.05173567439918875,0.09734513274336279,21678641.75,0.551889326737917
2022-03-08,BIL.N0000,11.6,12.1,9.9,10.3,48213745,tradingview_cselk_fallback,-0.08849557522123896,-0.09265883048270483,0.21359223300970864,22493071.4,2.1434931736356826
2022-03-09,BIL.N0000,10.4,10.6,9.5,9.7,29697603,tradingview_cselk_fallback,-0.058252427184466105,-0.06001800972625304,0.11340206185567007,23258794.05,1.2768333102807623
2022-03-10,BIL.N0000,9.9,11.8,9.9,11.7,43259094,tradingview_cselk_fallback,0.2061855670103092,0.18746295629437323,0.16239316239316243,24457010.45,1.7687809427255652
2022-03-11,BIL.N0000,12.0,12.0,11.1,11.3,23196335,tradingview_cselk_fallback,-0.03418803418803407,-0.034786116085415424,0.07964601769911507,24309383.55,0.9542132136871895
2022-03-14,BIL.N0000,11.3,11.3,10.8,11.0,9460662,tradingview_cselk_fallback,-0.026548672566371723,-0.02690745291992438,0.045454545454545456,23908746.15,0.395698793263569
2022-03-15,BIL.N0000,11.0,11.2,10.4,10.5,11477347,tradingview_cselk_fallback,-0.045454545454545414,-0.04652001563489282,0.07619047619047609,23735404.0,0.48355389274182986
2022-03-16,BIL.N0000,10.0,10.6,9.8,10.4,19111459,tradingview_cselk_fallback,-0.00952380952380949,-0.009569451016150672,0.07692307692307682,24378130.45,0.7839591735386747
2022-03-18,BIL.N0000,10.7,11.2,10.5,11.1,17389271,tradingview_cselk_fallback,0.06730769230769229,0.06513930217096145,0.063063063063063,24439258.25,0.7115302282138616
2022-03-21,BIL.N0000,11.2,11.3,10.9,11.1,10893104,tradingview_cselk_fallback,0.0,0.0,0.03603603603603607,24019201.7,0.4535164880188337
2022-03-22,BIL.N0000,11.1,11.3,10.6,10.7,8412696,tradingview_cselk_fallback,-0.03603603603603611,-0.03670136685042804,0.06542056074766366,23677665.55,0.3553009050759229
2022-03-23,BIL.N0000,10.7,11.0,10.0,10.5,13853499,tradingview_cselk_fallback,-0.01869158878504662,-0.01886848430438269,0.09523809523809523,23060511.95,0.6007455094681886
2022-03-24,BIL.N0000,10.6,10.9,10.0,10.5,11644743,tradingview_cselk_fallback,0.0,0.0,0.08571428571428574,22893616.5,0.508645848942215
2022-03-25,BIL.N0000,10.5,10.9,10.3,10.4,5377444,tradingview_cselk_fallback,-0.00952380952380949,-0.009569451016150672,0.057692307692307654,20511131.45,0.2621719827162436
2022-03-28,BIL.N0000,10.4,10.6,9.9,10.1,11105372,tradingview_cselk_fallback,-0.028846153846153966,-0.029270382300113338,0.06930693069306924,19583647.75,0.5670737209823435
2022-03-29,BIL.N0000,10.0,10.2,8.6,8.9,21784205,tradingview_cselk_fallback,-0.1188118811881187,-0.12648414710911948,0.17977528089887634,18833755.8,1.156657505350048
2022-03-30,BIL.N0000,8.9,8.9,7.0,8.3,35226051,tradingview_cselk_fallback,-0.0674157303370786,-0.06979576193554185,0.22891566265060243,19221082.05,1.8326778330359397
2022-03-31,BIL.N0000,8.2,8.2,7.2,7.2,9149029,tradingview_cselk_fallback,-0.1325301204819278,-0.14217448878054273,0.13888888888888876,18607597.05,0.4916824550432749
2022-04-01,BIL.N0000,7.0,7.0,6.5,6.7,4099122,tradingview_cselk_fallback,-0.06944444444444442,-0.07197349962508923,0.07462686567164178,18344726.5,0.2234496109822079
2022-04-04,BIL.N0000,6.4,7.2,5.8,6.7,22815765,tradingview_cselk_fallback,0.0,0.0,0.20895522388059706,18406537.85,1.2395467950535846
2022-04-05,BIL.N0000,6.7,7.7,6.7,7.3,12886541,tradingview_cselk_fallback,0.08955223880597019,0.0857668217574251,0.136986301369863,18452654.35,0.6983570360976278
2022-04-06,BIL.N0000,7.5,7.6,6.9,6.9,13665458,tradingview_cselk_fallback,-0.05479452054794509,-0.056352936551131626,0.10144927536231874,16725240.0,0.817056018329184
2022-04-07,BIL.N0000,6.9,6.9,5.9,6.0,28858944,tradingview_cselk_fallback,-0.13043478260869568,-0.13976194237515874,0.16666666666666666,16683307.05,1.7298095583513222
2022-04-08,BIL.N0000,5.9,6.4,5.8,6.0,16206121,tradingview_cselk_fallback,0.0,0.0,0.10000000000000009,15330658.4,1.0571053491088158
2022-04-25,BIL.N0000,5.4,5.4,4.8,4.8,5048613,tradingview_cselk_fallback,-0.20000000000000007,-0.22314355131420985,0.1250000000000001,14423272.3,0.3500324264140808
2022-04-26,BIL.N0000,4.2,4.5,4.0,4.1,6520445,tradingview_cselk_fallback,-0.14583333333333337,-0.15762894420358317,0.12195121951219513,14276261.45,0.4567333697856872
2022-04-27,BIL.N0000,4.0,5.8,3.9,5.6,28477131,tradingview_cselk_fallback,0.36585365853658547,0.31177962403084153,0.3392857142857143,15126250.65,1.8826298505109063
2022-04-28,BIL.N0000,5.6,6.7,5.0,6.4,38941287,tradingview_cselk_fallback,0.14285714285714302,0.13353139262452277,0.265625,16117742.05,2.416051012554826
2022-04-29,BIL.N0000,6.5,6.7,5.9,6.0,53787243,tradingview_cselk_fallback,-0.0625,-0.06453852113757118,0.1333333333333333,17937640.65,2.998568432131012
2022-05-04,BIL.N0000,6.1,6.1,5.6,6.0,9283420,tradingview_cselk_fallback,0.0,0.0,0.08333333333333333,17857156.45,0.5198711242741002
2022-05-05,BIL.N0000,6.0,6.0,5.6,5.8,3607928,tradingview_cselk_fallback,-0.033333333333333326,-0.03390155167568134,0.06896551724137938,17616918.05,0.2047990454266772
2022-05-06,BIL.N0000,5.6,5.6,5.2,5.4,8446594,tradingview_cselk_fallback,-0.06896551724137923,-0.07145896398214487,0.07407407407407397,17346572.8,0.48693157417239213
2022-05-09,BIL.N0000,5.5,6.2,5.5,5.9,17095683,tradingview_cselk_fallback,0.09259259259259256,0.08855339734144503,0.11864406779661019,17619119.8,0.9702915465731722
2022-05-12,BIL.N0000,6.0,6.4,5.8,6.3,12392736,tradingview_cselk_fallback,0.06779661016949134,0.06559728248581306,0.09523809523809533,17969884.4,0.689639160950863
2022-05-13,BIL.N0000,7.0,7.0,6.4,6.9,23786389,tradingview_cselk_fallback,0.09523809523809534,0.09097177820572679,0.08695652173913038,18603935.25,1.2785676084311248
2022-05-17,BIL.N0000,7.0,8.3,7.0,8.2,47792690,tradingview_cselk_fallback,0.188405797101449,0.1726127426669935,0.15853658536585377,19904359.5,2.401116700087737
2022-05-18,BIL.N0000,8.4,9.6,7.9,8.2,66747534,tradingview_cselk_fallback,0.0,0.0,0.20731707317073164,21480433.65,3.1073643617990925
2022-05-19,BIL.N0000,8.5,8.7,7.7,7.9,24811285,tradingview_cselk_fallback,-0.03658536585365846,-0.03727139479723154,0.12658227848101253,22263546.45,1.1144354317368876
2022-05-20,BIL.N0000,8.2,8.6,8.0,8.5,15920506,tradingview_cselk_fallback,0.07594936708860756,0.07320340402329492,0.0705882352941176,22854615.65,0.6965991572035035
2022-05-23,BIL.N0000,9.1,9.6,8.7,9.6,50412709,tradingview_cselk_fallback,0.12941176470588234,0.12169693497751977,0.09375000000000004,24234462.85,2.080207401832304
2022-05-24,BIL.N0000,9.7,10.0,9.1,9.3,46883080,tradingview_cselk_fallback,-0.03124999999999989,-0.03174869831458019,0.09677419354838712,25934289.8,1.8077641748261792
2022-05-25,BIL.N0000,9.1,9.8,9.0,9.4,21358916,tradingview_cselk_fallback,0.010752688172043001,0.01069528911674795,0.08510638297872347,26318962.7,0.8115409502822085
2022-05-26,BIL.N0000,9.5,10.2,9.3,10.1,53498324,tradingview_cselk_fallback,0.07446808510638281,0.07182573457125539,0.08910891089108897,27550931.7,1.9417972714149627
2022-05-27,BIL.N0000,10.2,10.8,10.2,10.4,49504508,tradingview_cselk_fallback,0.02970297029702973,0.029270382300113237,0.05769230769230783,29215851.05,1.6944400460995641
2022-05-30,BIL.N0000,10.5,10.7,10.3,10.4,38558918,tradingview_cselk_fallback,0.0,0.0,0.038461538461538325,30891366.3,1.2482101835683455
2022-05-31,BIL.N0000,10.4,10.4,8.9,10.2,39837819,tradingview_cselk_fallback,-0.019230769230769384,-0.01941808585710174,0.14705882352941177,32557235.0,1.223624149900936
2022-06-01,BIL.N0000,10.5,10.5,9.7,9.8,30815695,tradingview_cselk_fallback,-0.039215686274509665,-0.04000533461369902,0.08163265306122455,32674163.2,0.9431211692056433
2022-06-02,BIL.N0000,10.0,10.1,9.7,9.7,11922469,tradingview_cselk_fallback,-0.010204081632653184,-0.01025650016718922,0.041237113402061897,31323222.3,0.3806271553358034
2022-06-03,BIL.N0000,9.8,10.0,9.5,9.5,14046995,tradingview_cselk_fallback,-0.020618556701030855,-0.020834086902841914,0.05263157894736842,29336209.9,0.4788278733988742
2022-06-06,BIL.N0000,9.5,9.5,8.3,8.4,36175409,tradingview_cselk_fallback,-0.11578947368421044,-0.12306009275722712,0.14285714285714277,30680809.35,1.1790891363822513
2022-06-07,BIL.N0000,8.7,8.8,7.8,8.5,25627592,tradingview_cselk_fallback,0.011904761904761862,0.011834457647002798,0.11764705882352952,31781792.55,0.8063608105075244
2022-06-08,BIL.N0000,8.5,9.0,8.5,8.8,12353752,tradingview_cselk_fallback,0.03529411764705892,0.03468555798789011,0.056818181818181816,31977150.45,0.3863306087675489
2022-06-09,BIL.N0000,9.0,9.1,8.8,9.0,7847467,tradingview_cselk_fallback,0.022727272727272707,0.022472855852058576,0.033333333333333215,31514739.65,0.2490094186768889
2022-06-10,BIL.N0000,9.2,9.3,9.0,9.1,15519424,tradingview_cselk_fallback,0.011111111111111072,0.011049836186584935,0.032967032967033044,31671074.05,0.4900188725996174
2022-06-13,BIL.N0000,9.2,9.4,8.8,9.0,12323001,tradingview_cselk_fallback,-0.01098901098901095,-0.011049836186584935,0.06666666666666662,31097904.65,0.39626467244956326
2022-06-15,BIL.N0000,8.9,9.2,8.5,8.8,16983096,tradingview_cselk_fallback,-0.022222222222222143,-0.022472855852058514,0.07954545454545446,29557424.95,0.5745796878019308
2022-06-16,BIL.N0000,9.0,9.1,8.4,8.4,17102419,tradingview_cselk_fallback,-0.045454545454545525,-0.04652001563489293,0.08333333333333325,27075169.2,0.6316643443173755
2022-06-17,BIL.N0000,8.2,8.3,7.6,7.7,13629614,tradingview_cselk_fallback,-0.08333333333333337,-0.08701137698962981,0.09090909090909105,26516085.65,0.5140130477742668
2022-06-20,BIL.N0000,7.6,8.0,7.4,8.0,8337144,tradingview_cselk_fallback,0.03896103896103886,0.03822121282019767,0.07499999999999996,26136917.55,0.3189796189260275
2022-06-21,BIL.N0000,8.1,8.2,7.9,8.0,6225921,tradingview_cselk_fallback,0.0,0.0,0.03749999999999987,23927578.15,0.26019854416398597
2022-06-22,BIL.N0000,8.1,8.4,8.0,8.1,9579756,tradingview_cselk_fallback,0.012499999999999956,0.01242251999855711,0.04938271604938276,22062411.95,0.43421163659306977
2022-06-23,BIL.N0000,8.2,8.6,8.1,8.5,16902966,tradingview_cselk_fallback,0.04938271604938271,0.048202101817877686,0.058823529411764705,21839614.45,0.7739589926689389
2022-06-24,BIL.N0000,8.5,8.7,8.4,8.5,5328170,tradingview_cselk_fallback,0.0,0.0,0.0352941176470587,19431106.75,0.2742082614517055
2022-06-27,BIL.N0000,8.4,8.5,7.6,7.6,20381784,tradingview_cselk_fallback,-0.10588235294117654,-0.11191791620398545,0.118421052631579,17974970.55,1.1338980469150197
2022-06-28,BIL.N0000,7.5,7.6,7.2,7.3,9541638,tradingview_cselk_fallback,-0.03947368421052633,-0.04027389913793996,0.05479452054794513,16524106.55,0.5774374530403884
2022-06-29,BIL.N0000,7.2,7.7,7.2,7.6,6352241,tradingview_cselk_fallback,0.041095890410958846,0.0402738991379399,0.06578947368421052,14849827.65,0.42776530137034957
2022-06-30,BIL.N0000,7.6,7.6,7.3,7.3,4087975,tradingview_cselk_fallback,-0.03947368421052633,-0.04027389913793996,0.04109589041095888,13513441.65,0.30251175872728175
2022-07-01,BIL.N0000,7.5,7.7,7.4,7.7,6344819,tradingview_cselk_fallback,0.0547945205479452,0.053345980705292714,0.03896103896103894,13234559.15,0.47941294667151796
2022-07-04,BIL.N0000,7.7,7.7,7.0,7.3,6438538,tradingview_cselk_fallback,-0.051948051948051965,-0.053345980705292735,0.09589041095890413,12854136.3,0.5008923081047459
2022-07-05,BIL.N0000,7.1,7.1,6.7,6.8,6857638,tradingview_cselk_fallback,-0.06849315068493156,-0.07095173597228449,0.05882352941176463,11388247.75,0.6021679674118435
2022-07-06,BIL.N0000,6.7,6.9,6.3,6.3,8905212,tradingview_cselk_fallback,-0.07352941176470584,-0.07637297878457397,0.09523809523809533,10552128.75,0.843925639174939
2022-07-07,BIL.N0000,6.4,6.6,6.1,6.3,8302333,tradingview_cselk_fallback,0.0,0.0,0.07936507936507936,10349557.8,0.8021920511425135
2022-07-08,BIL.N0000,6.5,6.5,6.3,6.3,3021829,tradingview_cselk_fallback,0.0,0.0,0.03174603174603177,10108275.9,0.2989460349019559
2022-07-11,BIL.N0000,6.5,7.6,6.4,7.6,13861997,tradingview_cselk_fallback,0.20634920634920628,0.18759861389479834,0.15789473684210517,10025404.55,1.38268704578111
2022-07-12,BIL.N0000,7.7,8.0,7.4,7.6,16412269,tradingview_cselk_fallback,0.0,0.0,0.07894736842105259,10229867.95,1.604348079585915
2022-07-14,BIL.N0000,7.0,7.6,6.8,7.4,8755258,tradingview_cselk_fallback,-0.02631578947368407,-0.02666824708216118,0.10810810810810807,9818476.05,0.8917125178504661
2022-07-15,BIL.N0000,7.8,8.0,7.7,7.9,18527923,tradingview_cselk_fallback,0.06756756756756754,0.06538275926285171,0.03797468354430377,9889751.25,1.8734468169763117
2022-07-18,BIL.N0000,8.0,8.1,7.8,8.1,21454228,tradingview_cselk_fallback,0.025316455696202445,0.025001302205417186,0.037037037037037014,10280981.95,2.0867878286665023
2022-07-19,BIL.N0000,8.0,8.2,8.0,8.0,9635460,tradingview_cselk_fallback,-0.012345679012345623,-0.012422519998557096,0.02499999999999991,10345897.75,0.9313314545371377
2022-07-20,BIL.N0000,8.0,8.4,8.0,8.1,21308688,tradingview_cselk_fallback,0.012499999999999956,0.01242251999855711,0.04938271604938276,11100036.1,1.919695378288004
2022-07-21,BIL.N0000,8.2,8.3,7.8,7.9,31352681,tradingview_cselk_fallback,-0.024691358024691246,-0.025001302205417155,0.06329113924050644,12188682.35,2.572278126519558
2022-07-22,BIL.N0000,7.9,8.0,7.5,7.6,19632252,tradingview_cselk_fallback,-0.03797468354430389,-0.03871451218069051,0.06578947368421052,12325146.65,1.5928615340248304
2022-07-25,BIL.N0000,7.8,7.8,7.3,7.4,11668652,tradingview_cselk_fallback,-0.02631578947368407,-0.02666824708216118,0.06756756756756756,12642170.75,0.9229943362377067
2022-07-26,BIL.N0000,7.4,7.4,7.0,7.2,4891995,tradingview_cselk_fallback,-0.027027027027027084,-0.027398974188114503,0.0555555555555556,11867681.3,0.4122115244196859
2022-07-27,BIL.N0000,7.2,7.4,7.1,7.2,3161171,tradingview_cselk_fallback,0.0,0.0,0.04166666666666676,11548657.95,0.2737262644444327
2022-07-28,BIL.N0000,7.2,7.3,7.1,7.2,7340422,tradingview_cselk_fallback,0.0,0.0,0.0277777777777778,11598067.0,0.6329004652240757
2022-07-29,BIL.N0000,7.2,7.3,7.0,7.1,9690195,tradingview_cselk_fallback,-0.01388888888888895,-0.013986241974739952,0.04225352112676054,11878178.0,0.815798096307363
2022-08-01,BIL.N0000,7.0,7.3,6.9,7.0,14177196,tradingview_cselk_fallback,-0.014084507042253502,-0.014184634991956413,0.057142857142857065,12269796.85,1.1554548272736889
2022-08-02,BIL.N0000,7.0,7.3,6.9,7.3,13047577,tradingview_cselk_fallback,0.04285714285714293,0.04196419909903221,0.05479452054794513,12600248.8,1.0355015370807599
2022-08-03,BIL.N0000,7.3,7.7,7.3,7.7,21348180,tradingview_cselk_fallback,0.0547945205479452,0.053345980705292714,0.05194805194805199,13324775.9,1.6021417666018682
2022-08-04,BIL.N0000,7.9,8.1,7.8,7.9,24083317,tradingview_cselk_fallback,0.025974025974025983,0.025642430613337652,0.03797468354430377,14083681.15,1.710015779503784
2022-08-05,BIL.N0000,8.0,8.0,7.5,7.7,18146499,tradingview_cselk_fallback,-0.025316455696202556,-0.02564243061333767,0.06493506493506493,14575889.45,1.2449668380271641
2022-08-08,BIL.N0000,7.7,7.8,7.5,7.7,11175326,tradingview_cselk_fallback,0.0,0.0,0.03896103896103894,14983564.3,0.7458389590252568
2022-08-09,BIL.N0000,7.7,7.9,7.6,7.7,16953338,tradingview_cselk_fallback,0.0,0.0,0.03896103896103905,15138131.35,1.1199095587184213
2022-08-10,BIL.N0000,7.8,7.9,7.7,7.8,14020392,tradingview_cselk_fallback,0.01298701298701288,0.012903404835907782,0.025641025641025664,15018537.5,0.933539101260692
2022-08-12,BIL.N0000,7.8,8.4,7.8,8.4,41760588,tradingview_cselk_fallback,0.0769230769230771,0.07410797215372204,0.0714285714285715,16668804.0,2.505313998532828
2022-08-15,BIL.N0000,8.5,9.3,8.5,8.9,60489653,tradingview_cselk_fallback,0.059523809523809534,0.057819570888826236,0.08988764044943828,18766890.5,3.223211272000548
2022-08-16,BIL.N0000,9.2,9.4,8.5,8.7,52145414,tradingview_cselk_fallback,-0.022471910112359716,-0.02272825107755629,0.10344827586206902,20301449.8,2.5685561629199505
2022-08-17,BIL.N0000,8.7,8.7,8.0,8.1,32013389,tradingview_cselk_fallback,-0.06896551724137923,-0.07145896398214487,0.08641975308641967,21420346.25,1.4945318169168251
2022-08-18,BIL.N0000,8.4,8.4,8.0,8.2,10336035,tradingview_cselk_fallback,0.012345679012345734,0.012270092591814401,0.0487804878048781,20871713.6,0.4952173644237816
2022-08-19,BIL.N0000,8.3,8.4,8.0,8.3,16062914,tradingview_cselk_fallback,0.012195121951219745,0.01212136053234504,0.04819277108433739,20107225.25,0.7988627868979585
2022-08-22,BIL.N0000,8.3,8.4,8.2,8.3,9703007,tradingview_cselk_fallback,0.0,0.0,0.0240963855421688,19610763.0,0.49477967787382876
2022-08-23,BIL.N0000,8.3,8.3,8.0,8.1,9600219,tradingview_cselk_fallback,-0.024096385542168752,-0.02439145312415924,0.037037037037037125,19507341.35,0.49213364485468436
2022-08-24,BIL.N0000,8.1,8.1,7.8,7.9,8902891,tradingview_cselk_fallback,-0.024691358024691246,-0.025001302205417155,0.03797468354430377,19707886.15,0.4517425629638114
2022-08-25,BIL.N0000,7.9,8.0,7.7,7.8,5344769,tradingview_cselk_fallback,-0.012658227848101333,-0.012739025777429826,0.03846153846153844,19817066.05,0.26970536337289946
2022-08-26,BIL.N0000,7.8,7.9,7.5,7.6,7777741,tradingview_cselk_fallback,-0.02564102564102566,-0.025975486403260677,0.052631578947368474,19838932.0,0.39204433988684473
2022-08-29,BIL.N0000,7.6,7.9,7.5,7.5,3306812,tradingview_cselk_fallback,-0.013157894736842035,-0.013245226750020567,0.05333333333333338,19519762.85,0.16940841061498857
2022-08-30,BIL.N0000,7.5,7.7,7.2,7.5,7937600,tradingview_cselk_fallback,0.0,0.0,0.06666666666666667,19207783.05,0.4132491490213911
2022-08-31,BIL.N0000,7.6,7.9,7.5,7.6,8984422,tradingview_cselk_fallback,0.013333333333333197,0.013245226750020505,0.052631578947368474,19004625.3,0.47274923120952034
2022-09-01,BIL.N0000,7.7,7.9,7.6,7.7,8820107,tradingview_cselk_fallback,0.013157894736842257,0.013072081567352921,0.03896103896103905,18378221.65,0.4799216794732694
2022-09-02,BIL.N0000,7.8,8.4,7.6,8.3,24313388,tradingview_cselk_fallback,0.07792207792207795,0.0750351859429141,0.09638554216867477,18389725.2,1.3221180705843283
2022-09-05,BIL.N0000,8.4,8.6,8.0,8.1,30998723,tradingview_cselk_fallback,-0.024096385542168752,-0.02439145312415924,0.07407407407407403,19032336.4,1.62873975892944
2022-09-06,BIL.N0000,8.2,8.2,7.9,8.0,8722813,tradingview_cselk_fallback,-0.012345679012345623,-0.012422519998557096,0.03749999999999987,18909710.75,0.4612874895508383
2022-09-07,BIL.N0000,8.0,8.1,7.9,8.0,8594416,tradingview_cselk_fallback,0.0,0.0,0.02499999999999991,18491764.65,0.46476992124167016
2022-09-08,BIL.N0000,8.0,8.2,7.9,8.0,13146895,tradingview_cselk_fallback,0.0,0.0,0.03749999999999987,18448089.8,0.7126426173402517
2022-09-09,BIL.N0000,8.0,8.2,7.9,8.0,8676002,tradingview_cselk_fallback,0.0,0.0,0.03749999999999987,16793860.5,0.5166174864915664
2022-09-12,BIL.N0000,8.0,8.1,7.8,7.9,12453467,tradingview_cselk_fallback,-0.012499999999999956,-0.012578782206860073,0.03797468354430377,14392051.2,0.8653017437847915
2022-09-13,BIL.N0000,7.9,7.9,7.6,7.7,14879592,tradingview_cselk_fallback,-0.025316455696202556,-0.02564243061333767,0.03896103896103905,12528760.1,1.1876348402584547
2022-09-14,BIL.N0000,7.9,8.3,7.8,7.9,32178865,tradingview_cselk_fallback,0.025974025974025983,0.025642430613337652,0.06329113924050644,12537033.9,2.566704792909589
2022-09-15,BIL.N0000,8.0,8.0,7.7,7.9,13446033,tradingview_cselk_fallback,0.0,0.0,0.03797468354430377,12692533.8,1.0593655460661446
2022-09-16,BIL.N0000,7.9,7.9,7.7,7.9,6674039,tradingview_cselk_fallback,0.0,0.0,0.025316455696202552,12223090.05,0.5460189667832808
2022-09-19,BIL.N0000,8.0,8.0,7.7,7.8,11656888,tradingview_cselk_fallback,-0.012658227848101333,-0.012739025777429826,0.03846153846153844,12320784.1,0.9461157589799825
2022-09-20,BIL.N0000,7.7,7.8,7.5,7.7,9552393,tradingview_cselk_fallback,-0.012820512820512775,-0.012903404835907841,0.03896103896103894,12318392.8,0.7754577366618801
2022-09-21,BIL.N0000,7.6,7.8,7.5,7.5,11299598,tradingview_cselk_fallback,-0.025974025974025983,-0.026317308317373417,0.03999999999999997,12438228.15,0.9084572065837206
2022-09-22,BIL.N0000,7.6,8.2,7.6,7.9,22663586,tradingview_cselk_fallback,0.053333333333333455,0.051959738930711166,0.07594936708860754,13304169.0,1.7034950473043449
2022-09-23,BIL.N0000,7.7,7.9,7.5,7.7,10991971,tradingview_cselk_fallback,-0.025316455696202556,-0.02564243061333767,0.05194805194805199,13464880.5,0.8163437469794106
2022-09-26,BIL.N0000,7.9,7.9,7.7,7.8,6881561,tradingview_cselk_fallback,0.01298701298701288,0.012903404835907782,0.025641025641025664,13643617.95,0.5043794853549092
2022-09-27,BIL.N0000,7.9,7.9,7.7,7.8,5928576,tradingview_cselk_fallback,0.0,0.0,0.025641025641025664,13543166.75,0.4377540430121338
2022-09-28,BIL.N0000,7.8,7.8,7.6,7.7,4732270,tradingview_cselk_fallback,-0.012820512820512775,-0.012903404835907841,0.025974025974025997,13330559.15,0.35499411140604703
2022-09-29,BIL.N0000,7.7,7.7,7.5,7.6,4225866,tradingview_cselk_fallback,-0.012987012987013102,-0.013072081567352888,0.026315789473684237,13100847.1,0.3225643325003007
2022-09-30,BIL.N0000,7.6,7.7,7.5,7.6,6581451,tradingview_cselk_fallback,0.0,0.0,0.026315789473684237,12214250.25,0.5388338101227294
2022-10-03,BIL.N0000,7.5,7.7,7.1,7.1,10595313,tradingview_cselk_fallback,-0.06578947368421051,-0.06805346324501564,0.08450704225352121,11194079.75,0.9465104087721011
2022-10-04,BIL.N0000,7.2,7.2,6.8,7.0,13203489,tradingview_cselk_fallback,-0.014084507042253502,-0.014184634991956413,0.0571428571428572,11418113.55,1.1563634344834484
2022-10-05,BIL.N0000,7.0,7.1,6.7,6.9,12857653,tradingview_cselk_fallback,-0.014285714285714235,-0.014388737452099556,0.05797101449275354,11631275.4,1.1054379298765464
2022-10-06,BIL.N0000,6.9,6.9,6.5,6.6,10273679,tradingview_cselk_fallback,-0.0434782608695653,-0.04445176257083392,0.06060606060606066,11487614.6,0.8943265732469821
2022-10-07,BIL.N0000,6.5,6.6,6.2,6.4,16210356,tradingview_cselk_fallback,-0.030303030303030165,-0.030771658666753545,0.06249999999999992,11864332.3,1.3663100113944042
2022-10-11,BIL.N0000,6.4,6.5,5.9,6.0,18117426,tradingview_cselk_fallback,-0.0625,-0.06453852113757118,0.09999999999999994,12147530.25,1.4914493421409674
2022-10-12,BIL.N0000,6.0,6.4,5.9,6.4,11503406,tradingview_cselk_fallback,0.06666666666666665,0.06453852113757116,0.078125,11978720.95,0.9603200582112233
2022-10-13,BIL.N0000,6.4,6.7,6.3,6.6,7930102,tradingview_cselk_fallback,0.031249999999999778,0.030771658666753472,0.06060606060606066,10766282.8,0.7365682424764097
2022-10-14,BIL.N0000,6.7,6.8,6.2,6.3,7918569,tradingview_cselk_fallback,-0.045454545454545414,-0.04652001563489282,0.09523809523809519,10489909.6,0.7548748561188745
2022-10-17,BIL.N0000,6.5,6.5,6.0,6.1,5865220,tradingview_cselk_fallback,-0.031746031746031744,-0.032260862218221435,0.0819672131147541,10449468.65,0.5612936118048452
2022-10-18,BIL.N0000,6.2,6.2,5.9,6.1,6744870,tradingview_cselk_fallback,0.0,0.0,0.04918032786885243,10203867.75,0.6610111151234785
2022-10-19,BIL.N0000,6.1,6.3,5.9,6.0,12741151,tradingview_cselk_fallback,-0.016393442622950727,-0.01652930195121047,0.06666666666666658,10363305.65,1.2294485399067623
2022-10-20,BIL.N0000,6.1,6.1,5.9,6.0,6248687,tradingview_cselk_fallback,0.0,0.0,0.033333333333333215,10110760.1,0.6180234659113315
2022-10-21,BIL.N0000,6.0,6.0,5.9,5.9,6038287,tradingview_cselk_fallback,-0.016666666666666607,-0.016807118316381174,0.01694915254237282,9279495.15,0.6507128784910243
2022-10-25,BIL.N0000,6.0,6.1,5.8,5.9,9850652,tradingview_cselk_fallback,0.0,0.0,0.05084745762711861,9222429.2,1.0681190157578007
2022-10-26,BIL.N0000,6.0,6.0,5.8,5.9,7018336,tradingview_cselk_fallback,0.0,0.0,0.03389830508474579,9229267.95,0.7604434108991278
2022-10-27,BIL.N0000,6.0,6.8,5.9,6.5,23198150,tradingview_cselk_fallback,0.10169491525423724,0.09684982598991762,0.13846153846153839,10092746.65,2.298497208388759
2022-10-28,BIL.N0000,6.7,6.8,6.1,6.4,12702563,tradingview_cselk_fallback,-0.01538461538461533,-0.015504186535965199,0.10937500000000003,10491261.3,1.2107755813879117
2022-10-31,BIL.N0000,6.3,6.3,5.9,6.0,9548438,tradingview_cselk_fallback,-0.0625,-0.06453852113757118,0.06666666666666658,10757389.9,0.8876166141379703
2022-11-01,BIL.N0000,6.0,6.3,6.0,6.0,6226067,tradingview_cselk_fallback,0.0,0.0,0.04999999999999997,10739620.7,0.5797287608118228
2022-11-02,BIL.N0000,6.2,6.3,6.0,6.1,2552833,tradingview_cselk_fallback,0.016666666666666607,0.016529301951210506,0.04918032786885243,10337496.7,0.24694885755078405
2022-11-03,BIL.N0000,6.0,6.2,5.9,6.1,9951082,tradingview_cselk_fallback,0.0,0.0,0.04918032786885243,10174876.35,0.9780052019993344
2022-11-04,BIL.N0000,6.0,6.2,5.9,5.9,4885911,tradingview_cselk_fallback,-0.032786885245901565,-0.03333642026759172,0.05084745762711861,9776289.25,0.49977152629766963
2022-11-08,BIL.N0000,6.0,6.1,5.8,5.8,4690305,tradingview_cselk_fallback,-0.016949152542372947,-0.017094433359300183,0.051724137931034454,9497120.55,0.49386600657606683
2022-11-09,BIL.N0000,5.9,5.9,5.7,5.8,4408504,tradingview_cselk_fallback,0.0,0.0,0.03448275862068969,8907027.95,0.4949466898214909
2022-11-10,BIL.N0000,5.8,6.0,5.8,5.8,7590070,tradingview_cselk_fallback,0.0,0.0,0.03448275862068969,8380660.15,0.9056649314195135
2022-11-11,BIL.N0000,5.8,6.0,5.7,5.8,6609798,tradingview_cselk_fallback,0.0,0.0,0.051724137931034454,8135979.75,0.8124157388666067
2022-11-14,BIL.N0000,5.9,5.9,5.6,5.7,8032840,tradingview_cselk_fallback,-0.01724137931034475,-0.017391742711869107,0.05263157894736854,8141116.65,0.9867000247441485
2022-11-15,BIL.N0000,5.8,5.8,5.6,5.6,3912262,tradingview_cselk_fallback,-0.01754385964912286,-0.017699577099400975,0.03571428571428575,7940801.3,0.49267849077145404
2022-11-16,BIL.N0000,5.4,5.4,5.0,5.2,12514296,tradingview_cselk_fallback,-0.07142857142857129,-0.07410797215372172,0.07692307692307698,8273255.1,1.5126205887208772
2022-11-17,BIL.N0000,5.1,5.3,4.9,5.0,9070158,tradingview_cselk_fallback,-0.03846153846153855,-0.039220713153281385,0.07999999999999989,8389519.5,1.0811296165412096
2022-11-18,BIL.N0000,5.0,5.1,4.7,4.8,7249572,tradingview_cselk_fallback,-0.040000000000000036,-0.040821994520255166,0.08333333333333323,8114940.55,0.8933610733599274
2022-11-21,BIL.N0000,4.8,4.9,4.6,4.9,5422666,tradingview_cselk_fallback,0.02083333333333348,0.020619287202735825,0.061224489795918505,8073639.5,0.6716507468533862
2022-11-22,BIL.N0000,4.9,5.1,4.8,4.9,4592357,tradingview_cselk_fallback,0.0,0.0,0.061224489795918324,8001343.0,0.5739482734335973
2022-11-23,BIL.N0000,5.1,5.6,4.9,5.2,11854180,tradingview_cselk_fallback,0.061224489795918435,0.059423420470800806,0.13461538461538447,8101519.4,1.4632045440760162
2022-11-24,BIL.N0000,5.2,5.3,4.9,5.0,5779567,tradingview_cselk_fallback,-0.03846153846153855,-0.039220713153281385,0.07999999999999989,8039580.95,0.718889085879532
2022-11-25,BIL.N0000,5.1,5.3,4.9,5.2,7261093,tradingview_cselk_fallback,0.040000000000000036,0.03922071315328133,0.07692307692307682,7242728.1,1.0025356329474802
2022-11-28,BIL.N0000,5.3,6.4,5.3,6.3,33011991,tradingview_cselk_fallback,0.21153846153846145,0.19189100781010526,0.1746031746031747,8258199.5,3.9974804435276723
2022-11-29,BIL.N0000,6.6,6.9,6.1,6.4,43610618,tradingview_cselk_fallback,0.01587301587301604,0.01574835696813933,0.1250000000000001,9961308.5,4.378000942346079
2022-11-30,BIL.N0000,6.7,7.7,6.6,7.5,76731703,tradingview_cselk_fallback,0.171875,0.15860503017663857,0.14666666666666675,13486590.3,5.689481276820576
2022-12-01,BIL.N0000,7.6,7.7,7.0,7.1,31168503,tradingview_cselk_fallback,-0.053333333333333344,-0.05480823649499503,0.09859154929577468,14917373.8,2.089409531321123
2022-12-02,BIL.N0000,7.2,7.3,7.0,7.2,23939190,tradingview_cselk_fallback,0.014084507042253502,0.01398624197473987,0.041666666666666644,15616779.2,1.532914674237054
2022-12-05,BIL.N0000,7.3,7.9,7.3,7.7,45129449,tradingview_cselk_fallback,0.06944444444444442,0.06713930283762852,0.07792207792207799,17628956.1,2.5599615056049743
2022-12-06,BIL.N0000,7.9,8.5,7.6,8.4,76772711,tradingview_cselk_fallback,0.09090909090909083,0.0870113769896297,0.10714285714285718,21233076.4,3.6157130296954993
2022-12-08,BIL.N0000,8.5,8.6,7.8,8.0,57750818,tradingview_cselk_fallback,-0.04761904761904767,-0.048790164169432056,0.09999999999999998,23900192.1,2.4163327959192427
2022-12-09,BIL.N0000,8.0,8.4,7.9,8.1,26751770,tradingview_cselk_fallback,0.012499999999999956,0.01242251999855711,0.0617283950617284,24858277.1,1.0761715259823859
2022-12-12,BIL.N0000,8.2,8.4,8.0,8.1,15096395,tradingview_cselk_fallback,0.0,0.0,0.04938271604938276,25282606.95,0.597105948364237
2022-12-13,BIL.N0000,8.1,8.3,7.9,8.2,18652927,tradingview_cselk_fallback,0.012345679012345734,0.012270092591814401,0.0487804878048781,25813611.3,0.7226004445181988
2022-12-14,BIL.N0000,8.2,8.4,8.1,8.2,14717503,tradingview_cselk_fallback,0.0,0.0,0.036585365853658625,26353873.35,0.558456922234545
2022-12-15,BIL.N0000,8.2,8.3,7.8,7.9,14522997,tradingview_cselk_fallback,-0.03658536585365846,-0.03727139479723154,0.06329113924050644,26454308.4,0.5489841873923267
2022-12-16,BIL.N0000,7.9,8.0,7.4,7.6,19440112,tradingview_cselk_fallback,-0.03797468354430389,-0.03871451218069051,0.07894736842105259,26972806.1,0.7207300541117967
2022-12-19,BIL.N0000,7.5,7.8,7.0,7.1,15661986,tradingview_cselk_fallback,-0.06578947368421051,-0.06805346324501564,0.11267605633802814,27393426.8,0.5717424882380907
2022-12-20,BIL.N0000,7.2,7.3,6.7,6.8,20639846,tradingview_cselk_fallback,-0.04225352112676051,-0.043172171865208664,0.08823529411764701,28154285.8,0.7330978362093632
2022-12-21,BIL.N0000,6.8,6.9,6.5,6.7,14753119,tradingview_cselk_fallback,-0.014705882352941124,-0.014815085785140587,0.05970149253731349,28662323.9,0.5147216621887383
2022-12-22,BIL.N0000,6.8,6.8,6.4,6.6,9724082,tradingview_cselk_fallback,-0.014925373134328401,-0.015037877364540559,0.06060606060606053,28555819.0,0.34052891286360937
2022-12-23,BIL.N0000,6.6,7.2,6.4,7.1,8442865,tradingview_cselk_fallback,0.07575757575757569,0.07302513501488982,0.11267605633802814,28688983.9,0.29428943978737426
2022-12-27,BIL.N0000,7.2,7.4,7.0,7.1,10044910,tradingview_cselk_fallback,0.0,0.0,0.056338028169014134,28828174.75,0.3484407211733029
2022-12-28,BIL.N0000,7.2,7.2,6.8,6.9,4880226,tradingview_cselk_fallback,-0.028169014084506894,-0.028573372444055885,0.05797101449275367,27421586.5,0.17797022794432407
2022-12-29,BIL.N0000,6.9,7.2,6.7,7.1,12253850,tradingview_cselk_fallback,0.02898550724637672,0.028573372444055948,0.07042253521126761,25853748.1,0.4739680278698159
2022-12-30,BIL.N0000,7.1,7.3,6.9,7.1,16398514,tradingview_cselk_fallback,0.0,0.0,0.05633802816901401,22837088.65,0.7180649973086654
2023-01-02,BIL.N0000,7.1,7.3,6.9,7.0,12216795,tradingview_cselk_fallback,-0.014084507042253502,-0.014184634991956413,0.057142857142857065,21889503.25,0.5581120256806194
2023-01-03,BIL.N0000,6.9,7.1,6.8,6.9,10706725,tradingview_cselk_fallback,-0.014285714285714235,-0.014388737452099556,0.04347826086956519,21227880.0,0.504370902793873
2023-01-04,BIL.N0000,6.9,7.0,6.8,6.8,4545286,tradingview_cselk_fallback,-0.01449275362318847,-0.014598799421152749,0.02941176470588238,19198671.85,0.23675002289285962
2023-01-05,BIL.N0000,6.8,7.0,6.7,6.9,10941574,tradingview_cselk_fallback,0.014705882352941346,0.014598799421152851,0.04347826086956519,15907115.0,0.6878415099155315
2023-01-09,BIL.N0000,6.8,7.0,6.5,6.7,8997788,tradingview_cselk_fallback,-0.02898550724637683,-0.02941388520629334,0.07462686567164178,13469463.5,0.6680138373737009
2023-01-10,BIL.N0000,6.6,6.8,6.5,6.6,8794723,tradingview_cselk_fallback,-0.014925373134328401,-0.015037877364540559,0.04545454545454543,12571611.15,0.6995700785734214
2023-01-11,BIL.N0000,6.7,6.8,6.5,6.6,5115843,tradingview_cselk_fallback,0.0,0.0,0.04545454545454543,12072583.55,0.4237571004426803
2023-01-12,BIL.N0000,6.7,6.7,6.4,6.6,9731662,tradingview_cselk_fallback,0.0,0.0,0.04545454545454543,11626520.3,0.8370227504784901
2023-01-13,BIL.N0000,6.5,6.6,6.3,6.4,5179861,tradingview_cselk_fallback,-0.030303030303030165,-0.030771658666753545,0.04687499999999997,11149638.2,0.46457659944517304
2023-01-17,BIL.N0000,6.4,7.0,6.4,6.7,17743403,tradingview_cselk_fallback,0.046875,0.0458095360312942,0.08955223880597009,11310658.5,1.5687329787209119
2023-01-18,BIL.N0000,6.8,6.9,6.4,6.6,10090460,tradingview_cselk_fallback,-0.014925373134328401,-0.015037877364540559,0.07575757575757576,10843175.9,0.9305816020193862
2023-01-19,BIL.N0000,6.6,6.8,6.5,6.7,8100899,tradingview_cselk_fallback,0.015151515151515138,0.015037877364540502,0.044776119402985044,10465121.55,0.7740855145633736
2023-01-20,BIL.N0000,6.7,6.9,6.5,6.7,11498469,tradingview_cselk_fallback,0.0,0.0,0.05970149253731349,10008052.7,1.1489217078163467
2023-01-23,BIL.N0000,6.9,7.2,6.7,7.2,28984764,tradingview_cselk_fallback,0.07462686567164178,0.07197349962508924,0.06944444444444445,10719634.95,2.703894688130215
2023-01-24,BIL.N0000,7.3,7.5,6.9,7.0,17525255,tradingview_cselk_fallback,-0.02777777777777779,-0.028170876966696335,0.08571428571428566,11109693.6,1.5774741978482647
2023-01-25,BIL.N0000,7.0,7.1,6.8,7.0,5346855,tradingview_cselk_fallback,0.0,0.0,0.04285714285714283,10954893.1,0.4880791579791865
2023-01-26,BIL.N0000,7.1,7.2,6.8,6.9,6049672,tradingview_cselk_fallback,-0.014285714285714235,-0.014388737452099556,0.05797101449275367,10755131.2,0.562491696986458
2023-01-27,BIL.N0000,6.9,7.1,6.7,6.8,5254712,tradingview_cselk_fallback,-0.01449275362318847,-0.014598799421152749,0.05882352941176463,10773855.5,0.4877280932531534
2023-01-30,BIL.N0000,6.7,6.8,6.6,6.7,9941576,tradingview_cselk_fallback,-0.014705882352941124,-0.014815085785140587,0.029850746268656744,10658241.8,0.9327594725801773
2023-01-31,BIL.N0000,6.8,6.8,6.5,6.6,7407844,tradingview_cselk_fallback,-0.014925373134328401,-0.015037877364540559,0.04545454545454543,10208708.3,0.7256396972377004
2023-02-01,BIL.N0000,6.6,6.7,6.5,6.6,5584667,tradingview_cselk_fallback,0.0,0.0,0.03030303030303033,9877101.9,0.5654155496765706
2023-02-02,BIL.N0000,6.6,6.7,6.5,6.5,6343061,tradingview_cselk_fallback,-0.015151515151515138,-0.01526747213078842,0.030769230769230795,9658918.7,0.6567050823194113
2023-02-03,BIL.N0000,6.6,6.7,6.4,6.5,5221614,tradingview_cselk_fallback,0.0,0.0,0.04615384615384613,9692735.1,0.5387141963675455
2023-02-06,BIL.N0000,6.5,6.5,6.2,6.2,11054017,tradingview_cselk_fallback,-0.0461538461538461,-0.0472528848505455,0.04838709677419352,9698357.25,1.1397824100571259
2023-02-07,BIL.N0000,6.3,6.3,5.9,6.0,13544838,tradingview_cselk_fallback,-0.032258064516129115,-0.032789822822990956,0.06666666666666658,9925709.75,1.3646216080416818
2023-02-08,BIL.N0000,6.0,6.3,5.9,6.2,8470146,tradingview_cselk_fallback,0.03333333333333344,0.03278982282299097,0.06451612903225798,9909480.9,0.8547517357846666
2023-02-09,BIL.N0000,6.1,6.2,6.0,6.1,4005425,tradingview_cselk_fallback,-0.016129032258064613,-0.016260520871780405,0.03278688524590167,9853960.0,0.40647871515614026
2023-02-10,BIL.N0000,6.1,6.2,6.0,6.1,3512514,tradingview_cselk_fallback,0.0,0.0,0.03278688524590167,9543002.6,0.3680722040251776
2023-02-13,BIL.N0000,6.0,6.1,5.9,5.9,5803487,tradingview_cselk_fallback,-0.032786885245901565,-0.03333642026759172,0.03389830508474564,9574183.9,0.6061599673263013
2023-02-14,BIL.N0000,6.0,6.0,5.7,5.7,7428501,tradingview_cselk_fallback,-0.03389830508474578,-0.03448617607116932,0.05263157894736839,9058438.8,0.8200641594001826
2023-02-15,BIL.N0000,5.8,5.8,5.6,5.7,9266323,tradingview_cselk_fallback,0.0,0.0,0.03508771929824565,9017231.95,1.027623892939784
2023-02-16,BIL.N0000,5.7,6.2,5.7,6.2,10495290,tradingview_cselk_fallback,0.08771929824561409,0.08408311721054144,0.08064516129032258,9136951.5,1.1486643001224204
2023-02-17,BIL.N0000,6.1,6.2,5.8,5.9,3347136,tradingview_cselk_fallback,-0.048387096774193505,-0.04959694113937206,0.06779661016949158,8729384.85,0.3834332037726576
2023-02-20,BIL.N0000,6.2,6.2,5.9,6.0,4164844,tradingview_cselk_fallback,0.016949152542372836,0.01680711831638119,0.04999999999999997,7488388.85,0.5561735753078582
2023-02-21,BIL.N0000,6.1,6.1,5.8,6.0,3826721,tradingview_cselk_fallback,0.0,0.0,0.04999999999999997,6803462.15,0.5624667140979097
2023-02-22,BIL.N0000,6.0,6.2,6.0,6.1,5836771,tradingview_cselk_fallback,0.016666666666666607,0.016529301951210506,0.03278688524590167,6827957.95,0.8548340576701999
2023-02-23,BIL.N0000,6.1,6.4,6.0,6.3,10673573,tradingview_cselk_fallback,0.032786885245901676,0.03226086221822148,0.06349206349206354,7059153.0,1.5120189348495492
2023-02-24,BIL.N0000,6.3,6.4,6.1,6.2,3589203,tradingview_cselk_fallback,-0.015873015873015817,-0.016000341346441075,0.048387096774193665,6975877.55,0.5145163421052309
2023-02-27,BIL.N0000,6.1,6.1,5.9,6.0,7014497,tradingview_cselk_fallback,-0.032258064516129115,-0.032789822822990956,0.033333333333333215,6829523.6,1.0270843781841534
2023-02-28,BIL.N0000,6.0,6.1,5.9,6.0,2533980,tradingview_cselk_fallback,0.0,0.0,0.033333333333333215,6585830.4,0.38476241355987545
2023-03-01,BIL.N0000,6.0,6.1,5.9,6.1,1599437,tradingview_cselk_fallback,0.016666666666666607,0.016529301951210506,0.03278688524590152,6386568.9,0.2504376019493033
2023-03-02,BIL.N0000,6.1,6.2,6.0,6.1,5731628,tradingview_cselk_fallback,0.0,0.0,0.03278688524590167,6355997.25,0.9017669099841099
2023-03-03,BIL.N0000,6.1,6.2,5.9,6.2,6080806,tradingview_cselk_fallback,0.016393442622950838,0.016260520871780326,0.04838709677419352,6398956.85,0.9502808258505447
2023-03-07,BIL.N0000,6.2,6.5,6.1,6.5,12098199,tradingview_cselk_fallback,0.048387096774193505,0.04725288485054551,0.06153846153846159,6451165.95,1.8753507650814656
2023-03-08,BIL.N0000,6.4,6.7,6.3,6.5,11292955,tradingview_cselk_fallback,0.0,0.0,0.06153846153846159,6338571.8,1.781624529361646
2023-03-09,BIL.N0000,6.4,6.5,6.3,6.3,5382992,tradingview_cselk_fallback,-0.03076923076923077,-0.031252543504104426,0.03174603174603177,6184214.1,0.870440756570831
2023-03-10,BIL.N0000,6.4,6.4,6.1,6.3,4458773,tradingview_cselk_fallback,0.0,0.0,0.047619047619047734,6206881.5,0.7183596142442867
2023-03-13,BIL.N0000,6.1,6.2,6.0,6.2,3310029,tradingview_cselk_fallback,-0.015873015873015817,-0.016000341346441075,0.03225806451612906,6196757.25,0.5341550211604625
2023-03-14,BIL.N0000,6.2,6.2,6.0,6.1,2347729,tradingview_cselk_fallback,-0.016129032258064613,-0.016260520871780405,0.03278688524590167,6023969.35,0.38973123261326026
2023-03-15,BIL.N0000,6.1,6.5,6.1,6.5,13722059,tradingview_cselk_fallback,0.06557377049180335,0.06351340572232593,0.06153846153846159,6338647.25,2.1648245215096957
2023-03-16,BIL.N0000,6.5,6.6,6.2,6.4,7120872,tradingview_cselk_fallback,-0.01538461538461533,-0.015504186535965199,0.06249999999999992,6231374.7,1.1427449548171127
2023-03-17,BIL.N0000,6.4,6.5,6.3,6.4,5747783,tradingview_cselk_fallback,0.0,0.0,0.03125000000000003,5993999.35,0.95892286007672
2023-03-20,BIL.N0000,6.4,7.1,6.4,7.0,30832313,tradingview_cselk_fallback,0.09375,0.08961215868968714,0.0999999999999999,7368258.2,4.184477818651903
2023-03-21,BIL.N0000,7.1,7.2,6.7,6.8,17158847,tradingview_cselk_fallback,-0.02857142857142858,-0.028987536873252298,0.07352941176470588,8017958.35,2.140051899870495
2023-03-22,BIL.N0000,6.9,7.0,6.6,6.7,7585882,tradingview_cselk_fallback,-0.014705882352941124,-0.014815085785140587,0.05970149253731349,8205916.4,0.9244405658336953
2023-03-23,BIL.N0000,6.8,6.8,6.5,6.6,6131527,tradingview_cselk_fallback,-0.014925373134328401,-0.015037877364540559,0.04545454545454543,8220654.2,0.7458684979110299
2023-03-24,BIL.N0000,6.4,6.7,6.4,6.5,5199753,tradingview_cselk_fallback,-0.015151515151515138,-0.01526747213078842,0.04615384615384613,7946963.2,0.654306918144531
2023-03-27,BIL.N0000,6.4,6.6,6.3,6.4,8268568,tradingview_cselk_fallback,-0.01538461538461533,-0.015504186535965199,0.04687499999999997,8180931.45,1.010712294869553
2023-03-28,BIL.N0000,6.3,6.4,6.1,6.2,6240258,tradingview_cselk_fallback,-0.03125,-0.0317486983145803,0.048387096774193665,8142219.5,0.7664074887688793
2023-03-29,BIL.N0000,6.3,6.4,6.1,6.1,1917021,tradingview_cselk_fallback,-0.016129032258064613,-0.016260520871780405,0.049180327868852576,8111371.55,0.23633746625747898
2023-03-30,BIL.N0000,6.2,6.4,6.0,6.2,6225082,tradingview_cselk_fallback,0.016393442622950838,0.016260520871780326,0.06451612903225812,8342653.8,0.7461752757857458
2023-03-31,BIL.N0000,6.1,6.3,5.9,6.1,10449570,tradingview_cselk_fallback,-0.016129032258064613,-0.016260520871780405,0.0655737704918032,8578550.9,1.2181043304178565
2023-04-03,BIL.N0000,6.0,6.2,6.0,6.1,2019959,tradingview_cselk_fallback,0.0,0.0,0.03278688524590167,8375508.55,0.24117448963740834
2023-04-04,BIL.N0000,6.1,6.1,5.9,6.0,2698873,tradingview_cselk_fallback,-0.016393442622950727,-0.01652930195121047,0.033333333333333215,7905542.25,0.34138999130641545
2023-04-06,BIL.N0000,6.0,6.1,5.9,6.0,3082223,tradingview_cselk_fallback,0.0,0.0,0.033333333333333215,7495005.65,0.4112369148113984
2023-04-10,BIL.N0000,6.0,6.2,5.9,6.0,4220552,tradingview_cselk_fallback,0.0,0.0,0.04999999999999997,7436883.65,0.5675162068724848
2023-04-11,BIL.N0000,6.0,6.2,5.9,6.1,6640797,tradingview_cselk_fallback,0.016666666666666607,0.016529301951210506,0.04918032786885243,7545984.85,0.8800437758631334
2023-04-12,BIL.N0000,6.1,6.2,6.1,6.2,3358136,tradingview_cselk_fallback,0.016393442622950838,0.016260520871780326,0.016129032258064602,7548390.2,0.444881082061709
2023-04-17,BIL.N0000,6.1,6.2,6.0,6.1,5650239,tradingview_cselk_fallback,-0.016129032258064613,-0.016260520871780405,0.03278688524590167,7713515.7,0.7325115057456874
2023-04-18,BIL.N0000,6.1,6.1,6.0,6.0,5644327,tradingview_cselk_fallback,-0.016393442622950727,-0.01652930195121047,0.016666666666666607,7309629.1,0.7721769357627188
2023-04-19,BIL.N0000,6.0,6.1,5.9,6.0,4023143,tradingview_cselk_fallback,0.0,0.0,0.033333333333333215,7154742.65,0.5623043618487102
2023-04-20,BIL.N0000,5.9,6.0,5.9,6.0,3977251,tradingview_cselk_fallback,0.0,0.0,0.016666666666666607,7066216.05,0.5628544289981057
2023-04-21,BIL.N0000,5.9,6.0,5.8,6.0,5546951,tradingview_cselk_fallback,0.0,0.0,0.03333333333333336,5801947.95,0.9560497694571699
2023-04-24,BIL.N0000,5.9,6.0,5.8,5.9,2965440,tradingview_cselk_fallback,-0.016666666666666607,-0.016807118316381174,0.03389830508474579,5092277.6,0.5823406013843393
2023-04-25,BIL.N0000,5.9,5.9,5.7,5.9,7024119,tradingview_cselk_fallback,0.0,0.0,0.03389830508474579,5064189.45,1.3870174228967678
2023-04-26,BIL.N0000,5.9,5.9,5.7,5.7,2866439,tradingview_cselk_fallback,-0.03389830508474578,-0.03448617607116932,0.03508771929824565,4900935.05,0.5848759411737154
2023-04-27,BIL.N0000,5.7,5.8,5.6,5.7,7569341,tradingview_cselk_fallback,0.0,0.0,0.03508771929824565,5019414.45,1.5080127523639735
2023-04-28,BIL.N0000,5.7,5.7,5.5,5.6,8936166,tradingview_cselk_fallback,-0.01754385964912286,-0.017699577099400975,0.03571428571428575,5052794.35,1.7685592131807226
2023-05-02,BIL.N0000,5.6,5.6,5.2,5.3,13985582,tradingview_cselk_fallback,-0.05357142857142849,-0.05505977718302731,0.07547169811320745,5440060.55,2.570850429229138
2023-05-03,BIL.N0000,5.4,5.5,5.3,5.5,6043484,tradingview_cselk_fallback,0.037735849056603765,0.037041271680349076,0.0363636363636364,5646383.7,1.0703282527540592
2023-05-04,BIL.N0000,5.5,5.6,5.3,5.5,2517276,tradingview_cselk_fallback,0.0,0.0,0.054545454545454515,5460993.4,0.46095569351905824
2023-05-08,BIL.N0000,5.7,5.8,5.5,5.6,10772386,tradingview_cselk_fallback,0.018181818181818077,0.018018505502678212,0.05357142857142854,5477134.2,1.9667924149092422
2023-05-09,BIL.N0000,5.7,5.7,5.4,5.6,4515869,tradingview_cselk_fallback,0.0,0.0,0.05357142857142854,5601929.7,0.8061273957079468
2023-05-10,BIL.N0000,5.5,5.6,5.3,5.3,3960934,tradingview_cselk_fallback,-0.05357142857142849,-0.05505977718302731,0.05660377358490563,5665032.75,0.699189956139265
2023-05-11,BIL.N0000,5.4,5.5,5.3,5.4,5836141,tradingview_cselk_fallback,0.018867924528301883,0.018692133012152546,0.03703703703703707,5802728.65,1.0057580410898586
2023-05-12,BIL.N0000,5.4,5.4,5.2,5.3,4713308,tradingview_cselk_fallback,-0.0185185185185186,-0.018692133012152633,0.03773584905660381,5827366.45,0.8088229975652209
2023-05-15,BIL.N0000,5.3,5.4,5.2,5.3,2894069,tradingview_cselk_fallback,0.0,0.0,0.03773584905660381,5640030.05,0.5131300674541619
2023-05-16,BIL.N0000,5.3,5.4,5.1,5.2,4586731,tradingview_cselk_fallback,-0.01886792452830177,-0.019048194970694363,0.05769230769230783,5701459.8,0.8044836166344627
2023-05-17,BIL.N0000,5.3,5.3,5.1,5.2,3612990,tradingview_cselk_fallback,0.0,0.0,0.03846153846153849,5599597.35,0.6452231784129979
2023-05-18,BIL.N0000,5.2,5.3,5.0,5.1,4486195,tradingview_cselk_fallback,-0.019230769230769384,-0.01941808585710174,0.05882352941176468,5541690.75,0.8095354292370067
2023-05-19,BIL.N0000,5.1,5.1,4.9,5.0,14290527,tradingview_cselk_fallback,-0.019607843137254832,-0.019802627296179643,0.039999999999999855,6055059.95,2.360096698960016
2023-05-22,BIL.N0000,5.0,5.1,4.9,5.1,4538488,tradingview_cselk_fallback,0.020000000000000018,0.01980262729617973,0.039215686274509665,6083121.8,0.7460787650183167
2023-05-23,BIL.N0000,5.0,5.1,4.9,5.0,2488177,tradingview_cselk_fallback,-0.019607843137254832,-0.019802627296179643,0.039999999999999855,5930183.1,0.4195784443822654
2023-05-24,BIL.N0000,5.0,5.2,5.0,5.1,4268280,tradingview_cselk_fallback,0.020000000000000018,0.01980262729617973,0.03921568627450984,5995325.1,0.7119347039245628
2023-05-25,BIL.N0000,5.2,5.2,5.0,5.1,682058,tradingview_cselk_fallback,0.0,0.0,0.03921568627450984,5678222.05,0.12011823313602187
2023-05-26,BIL.N0000,5.1,5.1,4.9,5.0,3230023,tradingview_cselk_fallback,-0.019607843137254832,-0.019802627296179643,0.039999999999999855,5696401.25,0.567028700795963
2023-05-29,BIL.N0000,5.0,5.1,4.8,4.8,4343370,tradingview_cselk_fallback,-0.040000000000000036,-0.040821994520255166,0.062499999999999965,5535102.7,0.784695467348781
2023-05-30,BIL.N0000,4.9,5.0,4.7,4.9,4981273,tradingview_cselk_fallback,0.02083333333333348,0.020619287202735825,0.061224489795918324,5337358.05,0.9332843990108552
2023-05-31,BIL.N0000,4.9,5.0,4.8,4.9,4647617,tradingview_cselk_fallback,0.0,0.0,0.040816326530612276,4870459.8,0.9542460446958212
2023-06-01,BIL.N0000,4.8,5.1,4.8,5.0,7139330,tradingview_cselk_fallback,0.020408163265306145,0.02020270731751947,0.05999999999999996,4925252.1,1.4495359537027557
2023-06-02,BIL.N0000,5.0,5.4,5.0,5.3,8587507,tradingview_cselk_fallback,0.06000000000000005,0.058268908123975824,0.07547169811320761,5228763.65,1.6423589924551283
2023-06-05,BIL.N0000,5.3,5.4,5.2,5.4,5396055,tradingview_cselk_fallback,0.018867924528301883,0.018692133012152546,0.03703703703703707,4959947.1,1.0879259175969842
2023-06-06,BIL.N0000,5.3,5.4,5.2,5.2,2010454,tradingview_cselk_fallback,-0.03703703703703709,-0.037740327982847086,0.03846153846153849,4834676.35,0.415840452277638
2023-06-07,BIL.N0000,5.3,5.3,5.1,5.1,1371117,tradingview_cselk_fallback,-0.019230769230769384,-0.01941808585710174,0.03921568627450984,4705185.5,0.2914055141927986
2023-06-08,BIL.N0000,5.1,5.2,5.0,5.2,962867,tradingview_cselk_fallback,0.019607843137255054,0.01941808585710173,0.03846153846153849,4461521.8,0.2158158232018501
2023-06-09,BIL.N0000,5.2,5.4,5.1,5.4,5964449,tradingview_cselk_fallback,0.03846153846153855,0.03774032798284711,0.055555555555555684,4524078.85,1.3183786573481142
2023-06-12,BIL.N0000,5.4,5.8,5.3,5.8,14945013,tradingview_cselk_fallback,0.07407407407407396,0.07145896398214485,0.08620689655172414,5126626.05,2.9151751764691323
2023-06-13,BIL.N0000,5.8,5.9,5.5,5.8,10035395,tradingview_cselk_fallback,0.0,0.0,0.06896551724137938,5399059.25,1.8587302963937653
2023-06-14,BIL.N0000,5.7,6.0,5.6,5.9,15286070,tradingview_cselk_fallback,0.017241379310344973,0.017094433359300255,0.06779661016949158,5982713.25,2.555039722152821
2023-06-15,BIL.N0000,5.9,5.9,5.5,5.7,6785061,tradingview_cselk_fallback,-0.03389830508474578,-0.03448617607116932,0.0701754385964913,6097656.55,1.1127325628072642
2023-06-16,BIL.N0000,5.7,5.8,5.5,5.7,2620920,tradingview_cselk_fallback,0.0,0.0,0.05263157894736839,5514176.2,0.47530581267968913
2023-06-19,BIL.N0000,5.7,5.7,5.4,5.5,2629374,tradingview_cselk_fallback,-0.03508771929824561,-0.03571808260207923,0.054545454545454515,5418720.5,0.4852389046454786
2023-06-20,BIL.N0000,5.6,5.7,5.4,5.6,4284010,tradingview_cselk_fallback,0.018181818181818077,0.018018505502678212,0.05357142857142854,5508512.15,0.7777072798142053
2023-06-21,BIL.N0000,5.5,5.7,5.5,5.7,4507187,tradingview_cselk_fallback,0.017857142857143016,0.017699577099401075,0.03508771929824565,5520457.5,0.8164517161847547
2023-06-22,BIL.N0000,5.6,5.7,5.4,5.5,4382065,tradingview_cselk_fallback,-0.03508771929824561,-0.03571808260207923,0.054545454545454515,5705457.85,0.7680479139811716
2023-06-23,BIL.N0000,5.6,5.6,5.4,5.5,1824270,tradingview_cselk_fallback,0.0,0.0,0.03636363636363624,5635170.2,0.3237293524869932
2023-06-26,BIL.N0000,5.4,5.6,5.2,5.4,7040659,tradingview_cselk_fallback,-0.018181818181818077,-0.01834913866819643,0.07407407407407397,5770034.65,1.2202108699641863
2023-06-27,BIL.N0000,5.4,5.7,5.4,5.5,11846957,tradingview_cselk_fallback,0.01851851851851838,0.0183491386681964,0.054545454545454515,6113318.85,1.9378928681267789
2023-06-28,BIL.N0000,5.6,6.1,5.5,5.9,28472641,tradingview_cselk_fallback,0.07272727272727275,0.07020425867324856,0.10169491525423723,7304570.05,3.8979215484421292
2023-07-04,BIL.N0000,6.0,6.7,6.0,6.6,68487083,tradingview_cselk_fallback,0.11864406779661008,0.112117298120706,0.10606060606060609,10371957.7,6.603100878438793
2023-07-05,BIL.N0000,6.6,6.7,6.3,6.4,38877567,tradingview_cselk_fallback,-0.030303030303030165,-0.030771658666753545,0.06250000000000006,11886460.7,3.2707437462860582
2023-07-06,BIL.N0000,6.5,6.5,6.2,6.3,16557343,tradingview_cselk_fallback,-0.01562500000000011,-0.015748356968139282,0.047619047619047596,12444525.1,1.3304921535334442
2023-07-07,BIL.N0000,6.4,6.5,6.3,6.4,13059788,tradingview_cselk_fallback,0.01587301587301604,0.01574835696813933,0.03125000000000003,12996991.8,1.0048315949541493
2023-07-10,BIL.N0000,6.5,6.6,6.3,6.5,10183029,tradingview_cselk_fallback,0.015625,0.015504186535965254,0.04615384615384613,13437587.4,0.757801880417909
2023-07-11,BIL.N0000,6.6,6.7,6.4,6.7,19360550,tradingview_cselk_fallback,0.030769230769230882,0.030305349495329058,0.044776119402985044,14357471.55,1.348465148099144
2023-07-12,BIL.N0000,6.7,6.9,6.6,6.7,34573559,tradingview_cselk_fallback,0.0,0.0,0.044776119402985176,15787927.05,2.1898732424153176
2023-07-13,BIL.N0000,6.8,6.8,6.5,6.7,6931188,tradingview_cselk_fallback,0.0,0.0,0.044776119402985044,15387235.8,0.45045049611834764
2023-07-14,BIL.N0000,6.6,6.7,6.5,6.7,10120430,tradingview_cselk_fallback,0.0,0.0,0.029850746268656744,15391487.55,0.6575342355391763
2023-07-17,BIL.N0000,6.7,6.9,6.6,6.8,22192301,tradingview_cselk_fallback,0.014925373134328401,0.014815085785140682,0.044117647058823636,15736799.1,1.4102169608303636
2023-07-18,BIL.N0000,6.7,6.8,6.6,6.7,7817345,tradingview_cselk_fallback,-0.014705882352941124,-0.014815085785140587,0.029850746268656744,15788413.3,0.4951317685609357
2023-07-19,BIL.N0000,6.7,6.8,6.6,6.7,14800904,tradingview_cselk_fallback,0.0,0.0,0.029850746268656744,16397412.5,0.9026365592742147
2023-07-20,BIL.N0000,6.7,6.8,6.6,6.7,6994327,tradingview_cselk_fallback,0.0,0.0,0.029850746268656744,16615660.15,0.4209478851190875
2023-07-21,BIL.N0000,6.6,6.7,6.5,6.7,5571821,tradingview_cselk_fallback,0.0,0.0,0.029850746268656744,16680050.7,0.3340410110384137
2023-07-24,BIL.N0000,6.6,6.7,6.5,6.6,5376025,tradingview_cselk_fallback,-0.014925373134328401,-0.015037877364540559,0.03030303030303033,16723492.6,0.3214654455612938
2023-07-25,BIL.N0000,6.5,6.6,6.4,6.5,6375506,tradingview_cselk_fallback,-0.015151515151515138,-0.01526747213078842,0.03076923076923066,16823164.65,0.37897186008935607
2023-07-26,BIL.N0000,6.5,6.6,6.3,6.4,3000009,tradingview_cselk_fallback,-0.01538461538461533,-0.015504186535965199,0.04687499999999997,16881951.6,0.17770510608500972
2023-07-27,BIL.N0000,6.4,6.8,6.4,6.8,14694418,tradingview_cselk_fallback,0.0625,0.06062462181643484,0.05882352941176463,17264639.55,0.8511279924173105
2023-07-28,BIL.N0000,6.7,7.0,6.6,6.8,25744951,tradingview_cselk_fallback,0.0,0.0,0.05882352941176476,17959539.25,1.4334972986570353
2023-07-31,BIL.N0000,6.7,6.8,6.6,6.7,7980620,tradingview_cselk_fallback,-0.014705882352941124,-0.014815085785140587,0.029850746268656744,16934938.2,0.4712517935258837
2023-08-02,BIL.N0000,6.7,6.8,6.5,6.7,6521182,tradingview_cselk_fallback,0.0,0.0,0.044776119402985044,13836643.15,0.4712979824156266
2023-08-03,BIL.N0000,6.7,6.8,6.6,6.7,20399107,tradingview_cselk_fallback,0.0,0.0,0.029850746268656744,12912720.15,1.5797683805607758
2023-08-04,BIL.N0000,6.8,6.8,6.5,6.6,6393091,tradingview_cselk_fallback,-0.014925373134328401,-0.015037877364540559,0.04545454545454543,12404507.55,0.5153845063361665
2023-08-07,BIL.N0000,6.6,6.7,6.5,6.6,9074044,tradingview_cselk_fallback,0.0,0.0,0.03030303030303033,12205220.35,0.7434559753769624
2023-08-08,BIL.N0000,6.5,6.6,6.4,6.5,4094955,tradingview_cselk_fallback,-0.015151515151515138,-0.01526747213078842,0.03076923076923066,11900816.65,0.3440902519912362
2023-08-09,BIL.N0000,6.5,6.6,6.4,6.4,3069974,tradingview_cselk_fallback,-0.01538461538461533,-0.015504186535965199,0.03124999999999989,11086287.85,0.2769163169437279
2023-08-10,BIL.N0000,6.6,6.6,6.3,6.5,3983158,tradingview_cselk_fallback,0.015625,0.015504186535965254,0.04615384615384613,9556767.8,0.41678924123279415
2023-08-11,BIL.N0000,6.5,6.5,6.3,6.5,1313475,tradingview_cselk_fallback,0.0,0.0,0.030769230769230795,9275882.15,0.1416010875041141
2023-08-14,BIL.N0000,6.5,6.5,6.1,6.2,9874776,tradingview_cselk_fallback,-0.0461538461538461,-0.0472528848505455,0.06451612903225812,9263599.45,1.065976141703752
2023-08-15,BIL.N0000,6.2,6.3,6.1,6.2,6260081,tradingview_cselk_fallback,0.0,0.0,0.03225806451612906,8466988.45,0.7393515459442962
2023-08-16,BIL.N0000,6.0,6.4,6.0,6.3,7619721,tradingview_cselk_fallback,0.016129032258064502,0.01600034134644112,0.06349206349206354,8457107.25,0.9009843170665714
2023-08-17,BIL.N0000,6.3,6.3,6.0,6.1,10156931,tradingview_cselk_fallback,-0.031746031746031744,-0.032260862218221435,0.04918032786885243,8224908.6,1.2348989507311972
2023-08-18,BIL.N0000,6.1,6.2,6.0,6.1,5611047,tradingview_cselk_fallback,0.0,0.0,0.03278688524590167,8155744.6,0.6879870907188536
2023-08-21,BIL.N0000,6.1,6.1,5.9,5.9,6007323,tradingview_cselk_fallback,-0.032786885245901565,-0.03333642026759172,0.03389830508474564,8177519.7,0.73461431098723
2023-08-22,BIL.N0000,6.0,6.0,5.8,6.0,2795190,tradingview_cselk_fallback,0.016949152542372836,0.01680711831638119,0.03333333333333336,8048477.95,0.3472942359244458
2023-08-23,BIL.N0000,5.9,6.0,5.8,5.9,6467269,tradingview_cselk_fallback,-0.016666666666666607,-0.016807118316381174,0.03389830508474579,8053066.1,0.8030815741100151
2023-08-24,BIL.N0000,5.9,6.0,5.8,5.8,4302822,tradingview_cselk_fallback,-0.016949152542372947,-0.017094433359300183,0.03448275862068969,8118206.75,0.5300212389885242
2023-08-25,BIL.N0000,5.8,5.9,5.7,5.8,3044557,tradingview_cselk_fallback,0.0,0.0,0.03448275862068969,7535713.7,0.4040170740563034
2023-08-28,BIL.N0000,5.8,5.9,5.7,5.7,2163651,tradingview_cselk_fallback,-0.01724137931034475,-0.017391742711869107,0.03508771929824565,6356648.7,0.3403760538159046
2023-08-29,BIL.N0000,5.7,5.9,5.7,5.9,3351517,tradingview_cselk_fallback,0.03508771929824572,0.034486176071169404,0.03389830508474579,6125193.55,0.5471691584341853
2023-08-31,BIL.N0000,5.8,5.9,5.6,5.8,4527913,tradingview_cselk_fallback,-0.016949152542372947,-0.017094433359300183,0.05172413793103461,6025530.1,0.7514547143329349
2023-09-01,BIL.N0000,5.7,5.8,5.6,5.8,1950891,tradingview_cselk_fallback,0.0,0.0,0.03448275862068969,5103119.3,0.38229382566070913
2023-09-04,BIL.N0000,5.8,5.9,5.6,5.7,3343245,tradingview_cselk_fallback,-0.01724137931034475,-0.017391742711869107,0.05263157894736854,4950627.0,0.6753174900876192
2023-09-05,BIL.N0000,5.7,5.8,5.6,5.6,5300557,tradingview_cselk_fallback,-0.01754385964912286,-0.017699577099400975,0.03571428571428575,4761952.65,1.113105776051763
2023-09-06,BIL.N0000,5.7,5.7,5.5,5.6,2740092,tradingview_cselk_fallback,0.0,0.0,0.03571428571428575,4694209.5,0.5837174501904954
2023-09-07,BIL.N0000,5.7,5.7,5.5,5.6,8559859,tradingview_cselk_fallback,0.0,0.0,0.03571428571428575,4968703.75,1.7227549539454832
2023-09-08,BIL.N0000,5.6,5.7,5.5,5.6,2533518,tradingview_cselk_fallback,0.0,0.0,0.03571428571428575,4896221.75,0.5174434756759128
2023-09-11,BIL.N0000,5.6,5.7,5.5,5.6,2442154,tradingview_cselk_fallback,0.0,0.0,0.03571428571428575,4952655.7,0.4930998938609845
2023-09-12,BIL.N0000,5.5,5.6,5.5,5.5,2268720,tradingview_cselk_fallback,-0.017857142857142794,-0.01801850550267825,0.01818181818181812,4572352.9,0.4961821735150845
2023-09-13,BIL.N0000,5.5,5.7,5.5,5.6,1321837,tradingview_cselk_fallback,0.018181818181818077,0.018018505502678212,0.03571428571428575,4325440.7,0.30559591303609823
2023-09-14,BIL.N0000,5.6,5.9,5.6,5.9,6387846,tradingview_cselk_fallback,0.0535714285714286,0.05218575317057025,0.05084745762711876,4263846.95,1.498141484651554
2023-09-15,BIL.N0000,5.9,5.9,5.6,5.8,1586616,tradingview_cselk_fallback,-0.016949152542372947,-0.017094433359300183,0.05172413793103461,3835331.2,0.4136842210654454
2023-09-18,BIL.N0000,5.7,5.8,5.5,5.6,2713885,tradingview_cselk_fallback,-0.034482758620689724,-0.03509131981127017,0.05357142857142854,3690473.1,0.7353759061405976
2023-09-19,BIL.N0000,5.7,5.7,5.5,5.6,1931946,tradingview_cselk_fallback,0.0,0.0,0.03571428571428575,3486704.25,0.554089438471875
2023-09-20,BIL.N0000,5.6,5.7,5.5,5.7,2626773,tradingview_cselk_fallback,0.017857142857143016,0.017699577099401075,0.03508771929824565,3478283.4,0.7551923457415805
2023-09-21,BIL.N0000,5.7,5.7,5.5,5.6,1894214,tradingview_cselk_fallback,-0.01754385964912286,-0.017699577099400975,0.03571428571428575,3249630.65,0.5829013214163278
2023-09-22,BIL.N0000,5.6,5.7,5.5,5.7,2069127,tradingview_cselk_fallback,0.017857142857143016,0.017699577099401075,0.03508771929824565,3137945.9,0.6593889971143225
2023-09-25,BIL.N0000,5.6,5.8,5.6,5.6,3009340,tradingview_cselk_fallback,-0.01754385964912286,-0.017699577099400975,0.03571428571428575,3136185.05,0.9595543477257504
2023-09-26,BIL.N0000,5.6,5.8,5.6,5.7,3980335,tradingview_cselk_fallback,0.017857142857143016,0.017699577099401075,0.03508771929824565,3227019.25,1.2334401166029612
2023-09-27,BIL.N0000,5.7,5.8,5.6,5.8,3988046,tradingview_cselk_fallback,0.01754385964912264,0.01739174271186902,0.03448275862068969,3258845.7,1.2237603026126704
2023-10-02,BIL.N0000,5.6,5.7,5.5,5.5,2247868,tradingview_cselk_fallback,-0.051724137931034475,-0.05310982531394841,0.0363636363636364,3144843.45,0.714778982082558
2023-10-03,BIL.N0000,5.6,5.6,5.5,5.6,2576619,tradingview_cselk_fallback,0.018181818181818077,0.018018505502678212,0.017857142857142794,3176129.85,0.8112448551182503
2023-10-04,BIL.N0000,5.6,5.6,5.4,5.5,2243128,tradingview_cselk_fallback,-0.017857142857142794,-0.01801850550267825,0.03636363636363624,3121124.0,0.7186923685185209
2023-10-05,BIL.N0000,5.5,5.6,5.4,5.5,1742110,tradingview_cselk_fallback,0.0,0.0,0.03636363636363624,2943201.65,0.5919098339728098
2023-10-06,BIL.N0000,5.5,5.6,5.4,5.5,727672,tradingview_cselk_fallback,0.0,0.0,0.03636363636363624,2842580.65,0.2559899223967489
2023-10-09,BIL.N0000,5.5,5.5,5.3,5.3,5151118,tradingview_cselk_fallback,-0.036363636363636376,-0.0370412716803491,0.03773584905660381,2672143.6,1.9277100227697344
2023-10-10,BIL.N0000,5.4,5.5,5.3,5.4,2972161,tradingview_cselk_fallback,0.018867924528301883,0.018692133012152546,0.03703703703703707,2694075.75,1.1032210211609677
2023-10-11,BIL.N0000,5.5,5.5,5.2,5.3,4076118,tradingview_cselk_fallback,-0.0185185185185186,-0.018692133012152633,0.05660377358490563,2775773.95,1.468461796033499
2023-10-12,BIL.N0000,5.2,5.4,5.2,5.4,2546893,tradingview_cselk_fallback,0.018867924528301883,0.018692133012152546,0.03703703703703707,2789682.6,0.9129687370168922
2023-10-13,BIL.N0000,5.3,5.5,5.3,5.4,2234389,tradingview_cselk_fallback,0.0,0.0,0.03703703703703707,2835310.2,0.7880580403512815
2023-10-16,BIL.N0000,5.4,5.5,5.2,5.3,2103577,tradingview_cselk_fallback,-0.0185185185185186,-0.018692133012152633,0.05660377358490563,2621096.75,0.8025560292652303
2023-10-17,BIL.N0000,5.2,5.3,5.1,5.2,1759061,tradingview_cselk_fallback,-0.01886792452830177,-0.019048194970694363,0.03846153846153849,2629719.0,0.6689159564196783
2023-10-18,BIL.N0000,5.2,5.2,4.9,5.1,7706974,tradingview_cselk_fallback,-0.019230769230769384,-0.01941808585710174,0.05882352941176468,2879373.45,2.676614942045812
2023-10-19,BIL.N0000,5.0,5.2,4.9,5.1,4216906,tradingview_cselk_fallback,0.0,0.0,0.05882352941176468,2993621.45,1.408630339684398
2023-10-20,BIL.N0000,5.2,5.5,5.2,5.5,6496948,tradingview_cselk_fallback,0.07843137254901977,0.0755075525081453,0.054545454545454515,3187130.2,2.0384946934392576
2023-10-23,BIL.N0000,5.5,5.5,5.2,5.2,2812241,tradingview_cselk_fallback,-0.054545454545454564,-0.056089466651043585,0.057692307692307654,3233031.55,0.8698464448947305
2023-10-24,BIL.N0000,5.3,5.3,5.1,5.2,1763123,tradingview_cselk_fallback,0.0,0.0,0.03846153846153849,3217731.35,0.5479397775081503
2023-10-25,BIL.N0000,5.1,5.2,5.1,5.2,890875,tradingview_cselk_fallback,0.0,0.0,0.019230769230769332,3111808.1,0.286288540736172
2023-10-26,BIL.N0000,5.2,5.2,5.0,5.1,2301203,tradingview_cselk_fallback,-0.019230769230769384,-0.01941808585710174,0.03921568627450984,3027851.5,0.7600118433813547
2023-10-27,BIL.N0000,5.1,5.2,5.0,5.2,1428447,tradingview_cselk_fallback,0.019607843137255054,0.01941808585710173,0.03846153846153849,2899871.55,0.4925897493632089
2023-10-30,BIL.N0000,5.2,5.3,5.1,5.2,1417676,tradingview_cselk_fallback,0.0,0.0,0.03846153846153849,2858361.95,0.49597497615723574
2023-10-31,BIL.N0000,5.2,5.3,5.0,5.1,1948338,tradingview_cselk_fallback,-0.019230769230769384,-0.01941808585710174,0.05882352941176468,2826947.9,0.6892019481505125
2023-11-01,BIL.N0000,5.1,5.3,5.0,5.3,6405618,tradingview_cselk_fallback,0.03921568627450989,0.03846628082779614,0.05660377358490563,3035072.4,2.110532190269992
2023-11-02,BIL.N0000,5.2,5.3,5.1,5.2,1323071,tradingview_cselk_fallback,-0.01886792452830177,-0.019048194970694363,0.03846153846153849,3014120.45,0.43895757384214684
2023-11-03,BIL.N0000,5.2,5.3,5.0,5.2,6303536,tradingview_cselk_fallback,0.0,0.0,0.057692307692307654,3292913.65,1.9142730936779955
2023-11-06,BIL.N0000,5.1,5.2,5.1,5.1,1229903,tradingview_cselk_fallback,-0.019230769230769384,-0.01941808585710174,0.01960784313725501,3096852.9,0.39714608336740825
2023-11-07,BIL.N0000,5.2,5.4,5.1,5.4,3357258,tradingview_cselk_fallback,0.05882352941176494,0.05715841383994883,0.055555555555555684,3116107.75,1.0773882899267524
2023-11-08,BIL.N0000,5.3,5.4,5.1,5.2,8850311,tradingview_cselk_fallback,-0.03703703703703709,-0.037740327982847086,0.05769230769230783,3354817.4,2.638090228100045
2023-11-09,BIL.N0000,5.2,5.2,5.1,5.1,4620388,tradingview_cselk_fallback,-0.019230769230769384,-0.01941808585710174,0.01960784313725501,3458492.15,1.3359544563372798
2023-11-10,BIL.N0000,5.1,5.2,5.1,5.1,898543,tradingview_cselk_fallback,0.0,0.0,0.01960784313725501,3391699.85,0.2649240910866567
2023-11-13,BIL.N0000,5.1,5.2,5.1,5.2,3779107,tradingview_cselk_fallback,0.019607843137255054,0.01941808585710173,0.019230769230769332,3475476.35,1.0873637508711576
2023-11-14,BIL.N0000,5.2,5.2,5.0,5.0,3994282,tradingview_cselk_fallback,-0.03846153846153855,-0.039220713153281385,0.040000000000000036,3587237.4,1.1134702152692766
2023-11-15,BIL.N0000,5.0,5.1,5.0,5.1,1510387,tradingview_cselk_fallback,0.020000000000000018,0.01980262729617973,0.019607843137254832,3277408.05,0.46084801677349885
2023-11-16,BIL.N0000,5.1,5.1,5.0,5.1,2192853,tradingview_cselk_fallback,0.0,0.0,0.019607843137254832,3176205.4,0.6904002493037762
2023-11-17,BIL.N0000,5.0,5.1,4.9,4.9,6283119,tradingview_cselk_fallback,-0.039215686274509665,-0.04000533461369902,0.040816326530612096,3165513.95,1.984865364437898
2023-11-20,BIL.N0000,5.0,5.0,4.8,4.9,5322909,tradingview_cselk_fallback,0.0,0.0,0.040816326530612276,3291047.35,1.6173905854013313
2023-11-21,BIL.N0000,5.0,5.0,4.8,4.9,1629721,tradingview_cselk_fallback,0.0,0.0,0.040816326530612276,3284377.25,0.4962039607356311
2023-11-22,BIL.N0000,4.9,5.0,4.8,4.9,2749154,tradingview_cselk_fallback,0.0,0.0,0.040816326530612276,3377291.2,0.814011536819804
2023-11-23,BIL.N0000,5.0,5.0,4.9,5.0,698539,tradingview_cselk_fallback,0.020408163265306145,0.02020270731751947,0.019999999999999928,3297158.0,0.21186094205979816
2023-11-24,BIL.N0000,5.0,5.0,4.8,4.9,2477781,tradingview_cselk_fallback,-0.019999999999999907,-0.020202707317519355,0.040816326530612276,3349624.7,0.7397189900110301
2023-11-27,BIL.N0000,5.0,5.0,4.9,5.0,726620,tradingview_cselk_fallback,0.020408163265306145,0.02020270731751947,0.019999999999999928,3315071.9,0.21918679953819403
2023-11-28,BIL.N0000,4.9,5.0,4.8,5.0,1953779,tradingview_cselk_fallback,0.0,0.0,0.040000000000000036,3315343.95,0.5893141192786346
2023-11-29,BIL.N0000,4.9,5.1,4.9,5.0,3555205,tradingview_cselk_fallback,0.0,0.0,0.039999999999999855,3172823.3,1.120517805072851
2023-11-30,BIL.N0000,5.0,5.0,4.7,4.9,22028896,tradingview_cselk_fallback,-0.019999999999999907,-0.020202707317519355,0.061224489795918324,4208114.55,5.234861299106034
2023-12-01,BIL.N0000,4.9,5.0,4.8,5.0,6015474,tradingview_cselk_fallback,0.020408163265306145,0.02020270731751947,0.040000000000000036,4193711.45,1.434403408942215
2023-12-04,BIL.N0000,4.9,5.0,4.8,4.9,1671063,tradingview_cselk_fallback,-0.019999999999999907,-0.020202707317519355,0.040816326530612276,4215769.45,0.3963838677183829
2023-12-05,BIL.N0000,4.9,4.9,4.8,4.9,6134714,tradingview_cselk_fallback,0.0,0.0,0.02040816326530623,4354642.25,1.4087756577477748
2023-12-06,BIL.N0000,4.9,4.9,4.7,4.8,1381265,tradingview_cselk_fallback,-0.020408163265306256,-0.020619287202735818,0.041666666666666706,3981189.95,0.34694777625468487
2023-12-07,BIL.N0000,4.8,4.9,4.8,4.9,1627080,tradingview_cselk_fallback,0.02083333333333348,0.020619287202735825,0.02040816326530623,3831524.55,0.42465602889064097
2023-12-08,BIL.N0000,4.9,4.9,4.8,4.9,2353366,tradingview_cselk_fallback,0.0,0.0,0.02040816326530623,3904265.7,0.6027678905152383
2023-12-11,BIL.N0000,4.9,5.0,4.8,4.9,1095219,tradingview_cselk_fallback,0.0,0.0,0.040816326530612276,3770071.3,0.29050352442936556
2023-12-12,BIL.N0000,4.9,4.9,4.8,4.9,1542946,tradingview_cselk_fallback,0.0,0.0,0.02040816326530623,3647504.5,0.42301414569879214
2023-12-13,BIL.N0000,4.9,5.0,4.8,4.8,2052223,tradingview_cselk_fallback,-0.020408163265306256,-0.020619287202735818,0.041666666666666706,3674596.3,0.5584893774589607
2023-12-14,BIL.N0000,4.9,5.0,4.8,4.9,1186309,tradingview_cselk_fallback,0.02083333333333348,0.020619287202735825,0.040816326530612276,3624269.1,0.32732365265040614
2023-12-15,BIL.N0000,4.9,4.9,4.8,4.8,1481043,tradingview_cselk_fallback,-0.020408163265306256,-0.020619287202735818,0.020833333333333447,3384165.3,0.4376390834100214
2023-12-18,BIL.N0000,4.9,4.9,4.7,4.7,3061570,tradingview_cselk_fallback,-0.02083333333333326,-0.021053409197832267,0.042553191489361736,3271098.35,0.9359455670294964
2023-12-19,BIL.N0000,4.7,4.8,4.6,4.6,3792055,tradingview_cselk_fallback,-0.021276595744680993,-0.02150620522096373,0.04347826086956526,3379215.05,1.1221703691216693
2023-12-20,BIL.N0000,4.7,4.8,4.6,4.6,5199056,tradingview_cselk_fallback,0.0,0.0,0.04347826086956526,3501710.15,1.484719116457997
2023-12-21,BIL.N0000,4.6,4.8,4.6,4.7,1385244,tradingview_cselk_fallback,0.021739130434782705,0.021506205220963682,0.042553191489361736,3536045.4,0.39174949507152823
2023-12-22,BIL.N0000,4.7,4.7,4.5,4.6,6584877,tradingview_cselk_fallback,-0.021276595744680993,-0.02150620522096373,0.04347826086956526,3741400.2,1.7600033805525535
2023-12-27,BIL.N0000,4.6,4.7,4.5,4.7,958922,tradingview_cselk_fallback,0.021739130434782705,0.021506205220963682,0.042553191489361736,3753015.3,0.25550708519626875
2023-12-28,BIL.N0000,4.7,4.7,4.5,4.6,1595375,tradingview_cselk_fallback,-0.021276595744680993,-0.02150620522096373,0.04347826086956526,3735095.1,0.4271310253920978
2023-12-29,BIL.N0000,4.7,4.8,4.5,4.7,2448083,tradingview_cselk_fallback,0.021739130434782705,0.021506205220963682,0.0638297872340425,3679739.0,0.6652871304187606
2024-01-02,BIL.N0000,4.7,4.8,4.7,4.7,815192,tradingview_cselk_fallback,0.0,0.0,0.021276595744680774,2619053.8,0.3112543927123605
2024-01-03,BIL.N0000,4.7,4.8,4.5,4.7,3487962,tradingview_cselk_fallback,0.0,0.0,0.0638297872340425,2492678.2,1.3992829078378428
2024-01-04,BIL.N0000,4.7,4.7,4.6,4.6,1337578,tradingview_cselk_fallback,-0.021276595744680993,-0.02150620522096373,0.021739130434782726,2476003.95,0.540216424129695
2024-01-05,BIL.N0000,4.8,4.8,4.5,4.6,1899561,tradingview_cselk_fallback,0.0,0.0,0.0652173913043478,2264246.3,0.8389374424504967
2024-01-08,BIL.N0000,4.7,4.7,4.5,4.5,3202093,tradingview_cselk_fallback,-0.021739130434782483,-0.021978906718775115,0.04444444444444448,2355287.7,1.3595336994287364
2024-01-09,BIL.N0000,4.5,4.7,4.4,4.7,8982931,tradingview_cselk_fallback,0.04444444444444451,0.04348511193973889,0.0638297872340425,2723080.25,3.2988124385977975
2024-01-10,BIL.N0000,4.7,4.8,4.6,4.6,2428923,tradingview_cselk_fallback,-0.021276595744680993,-0.02150620522096373,0.04347826086956526,2726858.1,0.8907405192811463
2024-01-11,BIL.N0000,4.7,4.7,4.5,4.6,1633047,tradingview_cselk_fallback,0.0,0.0,0.04347826086956526,2753749.5,0.5930267077669918
2024-01-12,BIL.N0000,4.7,4.7,4.5,4.6,1389069,tradingview_cselk_fallback,0.0,0.0,0.04347826086956526,2746055.65,0.5058415331094983
2024-01-16,BIL.N0000,4.5,4.7,4.5,4.5,8141857,tradingview_cselk_fallback,-0.021739130434782483,-0.021978906718775115,0.04444444444444448,3050537.35,2.668991087750491
2024-01-17,BIL.N0000,4.6,4.6,4.3,4.4,9061847,tradingview_cselk_fallback,-0.022222222222222143,-0.022472855852058514,0.06818181818181814,3444314.25,2.630958252430074
2024-01-18,BIL.N0000,4.5,4.5,4.3,4.5,2108717,tradingview_cselk_fallback,0.022727272727272707,0.022472855852058576,0.04444444444444448,3475697.95,0.606703180292177
2024-01-19,BIL.N0000,4.5,4.5,4.4,4.5,1760418,tradingview_cselk_fallback,0.0,0.0,0.022222222222222143,3410640.35,0.5161546863186557
2024-01-22,BIL.N0000,4.5,4.5,4.3,4.4,2251645,tradingview_cselk_fallback,-0.022222222222222143,-0.022472855852058514,0.04545454545454549,3333619.85,0.6754354429465015
2024-01-23,BIL.N0000,4.4,4.4,4.2,4.3,6060669,tradingview_cselk_fallback,-0.022727272727272818,-0.022989518224698833,0.046511627906976785,3376700.5,1.7948494395638583
2024-01-24,BIL.N0000,4.3,4.4,4.3,4.3,1634625,tradingview_cselk_fallback,0.0,0.0,0.023255813953488497,3389169.55,0.48230841682146003
2024-01-26,BIL.N0000,4.3,4.4,4.2,4.3,1998705,tradingview_cselk_fallback,0.0,0.0,0.046511627906976785,3159860.95,0.6325294155744416
2024-01-29,BIL.N0000,4.3,4.4,4.2,4.3,4660974,tradingview_cselk_fallback,0.0,0.0,0.046511627906976785,3344963.55,1.3934304306544687
2024-01-30,BIL.N0000,4.3,4.3,4.1,4.1,2331742,tradingview_cselk_fallback,-0.04651162790697683,-0.047628048989254705,0.0487804878048781,3381781.9,0.6895009994583033
2024-01-31,BIL.N0000,4.2,4.2,4.1,4.2,8111917,tradingview_cselk_fallback,0.024390243902439046,0.024097551579060524,0.023809523809523937,3664973.6,2.213363010309269
2024-02-01,BIL.N0000,4.2,4.2,4.1,4.2,785829,tradingview_cselk_fallback,0.0,0.0,0.023809523809523937,3663505.45,0.2145019328413992
2024-02-02,BIL.N0000,4.2,4.2,4.0,4.2,5371893,tradingview_cselk_fallback,0.0,0.0,0.04761904761904766,3757702.0,1.4295686565885213
2024-02-06,BIL.N0000,4.2,4.5,4.1,4.3,6218407,tradingview_cselk_fallback,0.023809523809523725,0.023530497410194036,0.09302325581395357,4001743.45,1.5539244526032772
2024-02-07,BIL.N0000,4.2,4.3,4.1,4.2,4295860,tradingview_cselk_fallback,-0.023255813953488302,-0.023530497410194046,0.04761904761904766,4121558.4,1.0422902172149253
2024-02-08,BIL.N0000,4.2,4.4,4.1,4.3,4111419,tradingview_cselk_fallback,0.023809523809523725,0.023530497410194036,0.06976744186046528,4167024.7,0.9866557786422527
2024-02-09,BIL.N0000,4.3,4.3,4.2,4.3,1420142,tradingview_cselk_fallback,0.0,0.0,0.023255813953488292,3788885.25,0.37481789663595644
2024-02-12,BIL.N0000,4.3,4.3,4.2,4.3,1884740,tradingview_cselk_fallback,0.0,0.0,0.023255813953488292,3761676.1,0.5010372902653687
2024-02-13,BIL.N0000,4.3,4.3,4.2,4.3,1050117,tradingview_cselk_fallback,0.0,0.0,0.023255813953488292,3732529.6,0.28134190817937516
2024-02-14,BIL.N0000,4.2,4.3,4.2,4.2,3413371,tradingview_cselk_fallback,-0.023255813953488302,-0.023530497410194046,0.023809523809523725,3833744.7,0.8903490626279835
2024-02-15,BIL.N0000,4.2,4.3,4.2,4.2,823589,tradingview_cselk_fallback,0.0,0.0,0.023809523809523725,3467831.3,0.23749396344626109
2024-02-16,BIL.N0000,4.3,4.5,4.2,4.4,9206968,tradingview_cselk_fallback,0.04761904761904767,0.04652001563489291,0.06818181818181814,3475087.35,2.649420596578673
2024-02-19,BIL.N0000,4.3,4.4,4.3,4.4,681868,tradingview_cselk_fallback,0.0,0.0,0.022727272727272846,3403744.9,0.2003287614180487
2024-02-20,BIL.N0000,4.3,4.4,4.2,4.2,2489300,tradingview_cselk_fallback,-0.045454545454545525,-0.04652001563489293,0.04761904761904766,3440189.0,0.723593965331556
2024-02-21,BIL.N0000,4.3,4.3,4.2,4.3,3561077,tradingview_cselk_fallback,0.023809523809523725,0.023530497410194036,0.023255813953488292,3505660.6,1.0158076911381553
2024-02-22,BIL.N0000,4.2,4.3,4.1,4.3,1239756,tradingview_cselk_fallback,0.0,0.0,0.046511627906976785,3264614.95,0.3797556584735973
2024-02-26,BIL.N0000,4.3,4.3,4.1,4.2,4182012,tradingview_cselk_fallback,-0.023255813953488302,-0.023530497410194046,0.04761904761904766,3391984.3,1.2329101877034043
2024-02-27,BIL.N0000,4.2,4.3,4.1,4.2,1690685,tradingview_cselk_fallback,0.0,0.0,0.04761904761904766,3376583.3,0.5007088082204281
2024-02-28,BIL.N0000,4.1,4.3,4.1,4.2,5419520,tradingview_cselk_fallback,0.0,0.0,0.04761904761904766,3414510.6,1.5872025701135617
2024-02-29,BIL.N0000,4.2,4.3,4.1,4.2,3305290,tradingview_cselk_fallback,0.0,0.0,0.04761904761904766,3463188.0,0.954406748926134
2024-03-01,BIL.N0000,4.3,4.6,4.1,4.6,18293396,tradingview_cselk_fallback,0.09523809523809512,0.09097177820572659,0.10869565217391305,3972261.95,4.605284402253481
2024-03-04,BIL.N0000,4.6,5.0,4.6,4.8,23368818,tradingview_cselk_fallback,0.04347826086956519,0.0425596144187959,0.08333333333333341,5101411.4,4.580853447734092
2024-03-05,BIL.N0000,4.8,5.0,4.6,4.7,3969575,tradingview_cselk_fallback,-0.02083333333333326,-0.021053409197832267,0.08510638297872347,5031295.5,0.788976715837899
2024-03-06,BIL.N0000,4.7,4.9,4.6,4.8,4010551,tradingview_cselk_fallback,0.02127659574468077,0.021053409197832263,0.06250000000000015,4920902.7,0.8150031090840304
2024-03-07,BIL.N0000,4.9,5.5,4.8,5.4,26332490,tradingview_cselk_fallback,0.12500000000000022,0.11778303565638365,0.12962962962962965,6022734.2,4.372181990033696
2024-03-11,BIL.N0000,5.5,6.0,5.5,5.6,33371315,tradingview_cselk_fallback,0.03703703703703698,0.03636764417087479,0.08928571428571429,7485729.0,4.457991332574289
2024-03-12,BIL.N0000,5.6,5.7,5.4,5.7,14703292,tradingview_cselk_fallback,0.017857142857143016,0.017699577099401075,0.05263157894736839,8149886.5,1.8041100326980013
2024-03-13,BIL.N0000,5.7,5.8,5.6,5.7,13937014,tradingview_cselk_fallback,0.0,0.0,0.03508771929824565,8752500.2,1.5923466074299548
2024-03-14,BIL.N0000,5.7,5.8,5.3,5.5,12654971,tradingview_cselk_fallback,-0.03508771929824561,-0.03571808260207923,0.09090909090909091,9332742.9,1.3559755299805805
2024-03-15,BIL.N0000,5.5,5.5,5.3,5.4,6220755,tradingview_cselk_fallback,-0.018181818181818077,-0.01834913866819643,0.03703703703703707,9473112.1,0.656674906232768
2024-03-18,BIL.N0000,5.4,5.5,5.1,5.3,16540958,tradingview_cselk_fallback,-0.0185185185185186,-0.018692133012152633,0.07547169811320761,10258980.55,1.612339346914933
2024-03-19,BIL.N0000,5.2,5.4,5.2,5.3,6746146,tradingview_cselk_fallback,0.0,0.0,0.03773584905660381,10135939.45,0.6655669198970995
2024-03-20,BIL.N0000,5.3,5.3,5.1,5.3,3397723,tradingview_cselk_fallback,0.0,0.0,0.03773584905660381,10271732.2,0.33078383799764566
2024-03-21,BIL.N0000,5.3,5.3,5.0,5.1,5686483,tradingview_cselk_fallback,-0.037735849056603765,-0.03846628082779605,0.05882352941176468,10431591.35,0.545121334723297
2024-03-22,BIL.N0000,5.1,5.3,5.1,5.2,3970541,tradingview_cselk_fallback,0.019607843137255054,0.01941808585710173,0.03846153846153849,10452064.55,0.37988102551471514
2024-03-25,BIL.N0000,5.2,5.3,5.1,5.3,2313086,tradingview_cselk_fallback,0.019230769230769162,0.01904819497069441,0.03773584905660381,10505731.05,0.2201737307942982
2024-03-26,BIL.N0000,5.2,5.5,5.2,5.4,12786874,tradingview_cselk_fallback,0.018867924528301883,0.018692133012152546,0.05555555555555552,10935974.15,1.169248740405993
2024-03-27,BIL.N0000,5.5,5.7,5.4,5.5,9809165,tradingview_cselk_fallback,0.01851851851851838,0.0183491386681964,0.054545454545454515,11341898.15,0.864860966856769
2024-03-28,BIL.N0000,5.5,5.7,5.4,5.5,6491464,tradingview_cselk_fallback,0.0,0.0,0.054545454545454515,11395495.35,0.5696517615620807
2024-04-01,BIL.N0000,5.4,5.5,5.2,5.4,3556562,tradingview_cselk_fallback,-0.018181818181818077,-0.01834913866819643,0.05555555555555552,11408058.95,0.31175873262821807
2024-04-02,BIL.N0000,5.4,5.4,5.2,5.3,2928330,tradingview_cselk_fallback,-0.0185185185185186,-0.018692133012152633,0.03773584905660381,10639805.65,0.27522401219800474
2024-04-03,BIL.N0000,5.2,5.4,5.2,5.4,3351050,tradingview_cselk_fallback,0.018867924528301883,0.018692133012152546,0.03703703703703707,9638917.25,0.347658343057152
2024-04-04,BIL.N0000,5.3,5.4,5.2,5.3,2760213,tradingview_cselk_fallback,-0.0185185185185186,-0.018692133012152633,0.03773584905660381,9578449.15,0.28816909259261453
2024-04-05,BIL.N0000,5.3,5.4,5.2,5.4,6920278,tradingview_cselk_fallback,0.018867924528301883,0.018692133012152546,0.03703703703703707,9723935.5,0.7116746095240964
2024-04-08,BIL.N0000,5.2,5.6,5.2,5.5,9596009,tradingview_cselk_fallback,0.01851851851851838,0.0183491386681964,0.07272727272727263,8887111.45,1.07976692471883
2024-04-09,BIL.N0000,5.4,5.6,5.4,5.4,2284043,tradingview_cselk_fallback,-0.018181818181818077,-0.01834913866819643,0.0370370370370369,7332747.85,0.3114852776507241
2024-04-10,BIL.N0000,5.5,5.7,5.4,5.7,7853516,tradingview_cselk_fallback,0.05555555555555558,0.05406722127027579,0.05263157894736839,6990259.05,1.123494271646485
2024-04-15,BIL.N0000,5.6,5.8,5.5,5.8,15117423,tradingview_cselk_fallback,0.01754385964912264,0.01739174271186902,0.051724137931034454,7049279.5,2.144534487531669
2024-04-16,BIL.N0000,5.8,5.9,5.4,5.5,17855680,tradingview_cselk_fallback,-0.051724137931034475,-0.05310982531394841,0.09090909090909091,7309314.95,2.442866413903809
2024-04-17,BIL.N0000,5.5,5.6,5.4,5.6,6323600,tradingview_cselk_fallback,0.018181818181818077,0.018018505502678212,0.03571428571428559,7314457.2,0.8645344182203978
2024-04-18,BIL.N0000,5.5,5.6,5.5,5.6,4119002,tradingview_cselk_fallback,0.0,0.0,0.017857142857142794,6693359.4,0.6153863484455951
2024-04-19,BIL.N0000,5.5,5.7,5.4,5.6,12933694,tradingview_cselk_fallback,0.0,0.0,0.05357142857142854,7002736.8,1.8469484673477947
2024-04-22,BIL.N0000,5.7,5.8,5.6,5.8,17751384,tradingview_cselk_fallback,0.03571428571428581,0.03509131981127019,0.03448275862068969,7720419.85,2.2992770270129803
2024-04-24,BIL.N0000,5.8,6.3,5.8,6.2,66052136,tradingview_cselk_fallback,0.06896551724137945,0.06669137449867235,0.08064516129032258,10738702.5,6.15084885720598
2024-04-25,BIL.N0000,6.2,6.4,6.1,6.3,33416856,tradingview_cselk_fallback,0.016129032258064502,0.01600034134644112,0.047619047619047734,12211018.25,2.736615023894506
2024-04-26,BIL.N0000,6.3,6.7,6.3,6.6,54614097,tradingview_cselk_fallback,0.04761904761904767,0.04652001563489291,0.06060606060606066,14826068.8,3.683653282385955
2024-04-29,BIL.N0000,6.6,6.7,6.4,6.4,22573753,tradingview_cselk_fallback,-0.030303030303030165,-0.030771658666753545,0.04687499999999997,15315412.75,1.473923907143802
2024-04-30,BIL.N0000,6.4,6.7,6.3,6.7,22605317,tradingview_cselk_fallback,0.046875,0.0458095360312942,0.05970149253731349,15955220.35,1.416797543632796
2024-05-02,BIL.N0000,6.6,6.7,6.4,6.4,12958038,tradingview_cselk_fallback,-0.04477611940298509,-0.04580953603129422,0.04687499999999997,16278549.05,0.7960192250672365
2024-05-03,BIL.N0000,6.5,6.5,6.3,6.4,5126511,tradingview_cselk_fallback,0.0,0.0,0.03125000000000003,16357046.5,0.31341299910102965
2024-05-06,BIL.N0000,6.4,6.7,6.4,6.7,20999510,tradingview_cselk_fallback,0.046875,0.0458095360312942,0.044776119402985044,17260605.5,1.2166149095986234
2024-05-07,BIL.N0000,6.6,6.8,6.6,6.8,15826972,tradingview_cselk_fallback,0.014925373134328401,0.014815085785140682,0.02941176470588238,17884401.6,0.8849595504498176
2024-05-08,BIL.N0000,6.9,6.9,6.5,6.7,44031479,tradingview_cselk_fallback,-0.014705882352941124,-0.014815085785140587,0.05970149253731349,19947964.9,2.2073168476449445
2024-05-09,BIL.N0000,6.7,6.7,6.4,6.6,15083544,tradingview_cselk_fallback,-0.014925373134328401,-0.015037877364540559,0.04545454545454543,20356128.2,0.7409829537229973
2024-05-10,BIL.N0000,6.7,6.9,6.6,6.7,27492659,tradingview_cselk_fallback,0.015151515151515138,0.015037877364540502,0.044776119402985176,21250960.7,1.2937137001999162
2024-05-13,BIL.N0000,6.7,6.8,6.5,6.7,6544243,tradingview_cselk_fallback,0.0,0.0,0.044776119402985044,21463970.7,0.30489433159727525
2024-05-14,BIL.N0000,6.7,6.7,6.3,6.5,18023970,tradingview_cselk_fallback,-0.02985074626865669,-0.030305349495328922,0.06153846153846159,21972493.4,0.8202969809516475
2024-05-15,BIL.N0000,6.4,6.6,6.2,6.4,11659261,tradingview_cselk_fallback,-0.01538461538461533,-0.015504186535965199,0.06249999999999992,21799585.3,0.5348386604400222
2024-05-16,BIL.N0000,6.4,6.5,6.3,6.5,5856612,tradingview_cselk_fallback,0.015625,0.015504186535965254,0.030769230769230795,21199631.9,0.27626007977997014
2024-05-17,BIL.N0000,6.5,6.5,6.3,6.4,4598392,tradingview_cselk_fallback,-0.01538461538461533,-0.015504186535965199,0.03125000000000003,21113371.5,0.21779524885449963
2024-05-20,BIL.N0000,6.4,6.4,6.2,6.3,11204756,tradingview_cselk_fallback,-0.01562500000000011,-0.015748356968139282,0.03174603174603177,21467659.2,0.5219365509584762
2024-05-21,BIL.N0000,6.3,6.4,6.1,6.4,15046051,tradingview_cselk_fallback,0.01587301587301604,0.01574835696813933,0.04687500000000011,21573277.05,0.6974392886684779
2024-05-22,BIL.N0000,6.4,6.5,6.3,6.5,5393352,tradingview_cselk_fallback,0.015625,0.015504186535965254,0.030769230769230795,20955375.45,0.25737319824541727
2024-05-27,BIL.N0000,6.5,6.5,6.3,6.3,6461759,tradingview_cselk_fallback,-0.03076923076923077,-0.031252543504104426,0.03174603174603177,17975856.6,0.3594687665677084
2024-05-28,BIL.N0000,6.4,6.5,6.2,6.3,4851774,tradingview_cselk_fallback,0.0,0.0,0.047619047619047596,16547602.5,0.2932010241362759
2024-05-29,BIL.N0000,6.3,6.4,6.2,6.3,3572379,tradingview_cselk_fallback,0.0,0.0,0.03174603174603177,13995516.6,0.2552516710958708
2024-05-30,BIL.N0000,6.2,6.3,6.2,6.3,2239994,tradingview_cselk_fallback,0.0,0.0,0.015873015873015817,12978828.65,0.17258830210382659
2024-05-31,BIL.N0000,6.2,6.3,6.0,6.2,15250501,tradingview_cselk_fallback,-0.015873015873015817,-0.016000341346441075,0.04838709677419352,12611087.85,1.2092930587268886
2024-06-03,BIL.N0000,6.0,6.1,5.9,6.0,12410958,tradingview_cselk_fallback,-0.032258064516129115,-0.032789822822990956,0.033333333333333215,12583733.85,0.9862699058912471
2024-06-04,BIL.N0000,5.9,6.1,5.8,6.1,2782334,tradingview_cselk_fallback,0.016666666666666607,0.016529301951210506,0.04918032786885243,12466525.0,0.2231844078442068
2024-06-05,BIL.N0000,6.1,6.2,6.0,6.1,1352659,tradingview_cselk_fallback,0.0,0.0,0.03278688524590167,11484182.45,0.11778452718678291
2024-06-06,BIL.N0000,6.1,6.2,6.1,6.1,5964304,tradingview_cselk_fallback,0.0,0.0,0.016393442622950907,10991049.05,0.5426510220150459
2024-06-07,BIL.N0000,6.2,6.2,6.0,6.1,2154407,tradingview_cselk_fallback,0.0,0.0,0.03278688524590167,8897195.45,0.24214450633429663
2024-06-10,BIL.N0000,6.1,6.3,6.1,6.3,4534087,tradingview_cselk_fallback,0.032786885245901676,0.03226086221822148,0.03174603174603177,8369722.6,0.5417248834507371
2024-06-11,BIL.N0000,6.3,6.4,6.2,6.3,13171378,tradingview_cselk_fallback,0.0,0.0,0.03174603174603177,7653658.55,1.720925739494872
2024-06-12,BIL.N0000,6.3,6.4,6.2,6.3,4307318,tradingview_cselk_fallback,0.0,0.0,0.03174603174603177,7541812.3,0.5711250596889026
2024-06-13,BIL.N0000,6.3,6.3,6.2,6.2,2471761,tradingview_cselk_fallback,-0.015873015873015817,-0.016000341346441075,0.016129032258064457,6764201.85,0.3654179834979348
2024-06-14,BIL.N0000,6.2,6.3,6.1,6.2,2063801,tradingview_cselk_fallback,0.0,0.0,0.03225806451612906,6284428.85,0.32839913526907066
2024-06-18,BIL.N0000,6.2,6.2,6.0,6.2,2258222,tradingview_cselk_fallback,0.0,0.0,0.03225806451612906,6104509.35,0.36992686398293423
2024-06-19,BIL.N0000,6.1,6.1,5.9,6.0,6260851,tradingview_cselk_fallback,-0.032258064516129115,-0.032789822822990956,0.033333333333333215,6187632.3,1.011833072239926
2024-06-20,BIL.N0000,6.1,6.1,5.9,6.1,1857036,tradingview_cselk_fallback,0.016666666666666607,0.016529301951210506,0.03278688524590152,5720246.3,0.3246426644251315
2024-06-24,BIL.N0000,6.1,6.1,5.9,6.1,3871388,tradingview_cselk_fallback,0.0,0.0,0.03278688524590152,5161513.15,0.7500490432732889
2024-06-25,BIL.N0000,6.0,6.1,5.9,6.0,3702154,tradingview_cselk_fallback,-0.016393442622950727,-0.01652930195121047,0.033333333333333215,5076953.25,0.7292078177005077
2024-06-26,BIL.N0000,6.0,6.1,5.9,6.0,1597189,tradingview_cselk_fallback,0.0,0.0,0.033333333333333215,4833724.75,0.33042613773157026
2024-06-27,BIL.N0000,6.0,6.0,5.9,6.0,1559767,tradingview_cselk_fallback,0.0,0.0,0.016666666666666607,4669124.4,0.33405985070776867
2024-06-28,BIL.N0000,6.0,6.0,5.8,5.9,4489968,tradingview_cselk_fallback,-0.016666666666666607,-0.016807118316381174,0.03389830508474579,4715003.85,0.9522723931604001
2024-07-01,BIL.N0000,5.9,6.0,5.8,6.0,2172465,tradingview_cselk_fallback,0.016949152542372836,0.01680711831638119,0.03333333333333336,4711627.4,0.46108590844853303
2024-07-02,BIL.N0000,6.0,6.0,5.8,5.9,1375009,tradingview_cselk_fallback,-0.016666666666666607,-0.016807118316381174,0.03389830508474579,4017852.8,0.34222483212924076
2024-07-03,BIL.N0000,5.9,6.0,5.7,5.9,5907222,tradingview_cselk_fallback,0.0,0.0,0.05084745762711861,3692666.0,1.5997173857586904
2024-07-04,BIL.N0000,5.9,5.9,5.6,5.8,4849802,tradingview_cselk_fallback,-0.016949152542372947,-0.017094433359300183,0.05172413793103461,3796039.4,1.2775952746960424
2024-07-05,BIL.N0000,5.8,5.8,5.6,5.8,1806309,tradingview_cselk_fallback,0.0,0.0,0.03448275862068969,3818721.9,0.47301402073819515
2024-07-08,BIL.N0000,5.8,5.8,5.6,5.7,2664638,tradingview_cselk_fallback,-0.01724137931034475,-0.017391742711869107,0.03508771929824565,3653738.6,0.7292908146193052
2024-07-09,BIL.N0000,5.7,5.7,5.5,5.6,2581685,tradingview_cselk_fallback,-0.01754385964912286,-0.017699577099400975,0.03571428571428575,3675102.5,0.7024797267559204
2024-07-10,BIL.N0000,5.5,5.8,5.5,5.8,5996571,tradingview_cselk_fallback,0.03571428571428581,0.03509131981127019,0.051724137931034454,3748226.7,1.5998421333480175
2024-07-11,BIL.N0000,5.8,5.8,5.6,5.7,1791983,tradingview_cselk_fallback,-0.01724137931034475,-0.017391742711869107,0.03508771929824565,3179256.95,0.5636483707301481
2024-07-12,BIL.N0000,5.7,5.9,5.7,5.8,2904321,tradingview_cselk_fallback,0.01754385964912264,0.01739174271186902,0.03448275862068969,3109107.1,0.9341334687376964
2024-07-15,BIL.N0000,5.8,5.9,5.8,5.9,1094423,tradingview_cselk_fallback,0.017241379310344973,0.017094433359300255,0.01694915254237297,3040240.2,0.3599791227022128
2024-07-16,BIL.N0000,5.8,5.9,5.6,5.7,2546749,tradingview_cselk_fallback,-0.03389830508474578,-0.03448617607116932,0.05263157894736854,3064387.6,0.8310792668655884
2024-07-17,BIL.N0000,5.7,5.8,5.6,5.7,1872189,tradingview_cselk_fallback,0.0,0.0,0.03508771929824565,3045085.95,0.6148230397240511
2024-07-18,BIL.N0000,5.7,5.7,5.6,5.7,1841818,tradingview_cselk_fallback,0.0,0.0,0.0175438596491229,2824134.3,0.652170826295336
2024-07-19,BIL.N0000,5.7,5.7,5.5,5.6,1850111,tradingview_cselk_fallback,-0.01754385964912286,-0.017699577099400975,0.03571428571428575,2823788.05,0.6551876299639415
2024-07-22,BIL.N0000,5.6,5.6,5.4,5.5,5376742,tradingview_cselk_fallback,-0.017857142857142794,-0.01801850550267825,0.03636363636363624,2899055.75,1.85465284687954
2024-07-23,BIL.N0000,5.5,5.6,5.3,5.6,2325022,tradingview_cselk_fallback,0.018181818181818077,0.018018505502678212,0.05357142857142854,2830199.15,0.8215047340396523
2024-07-24,BIL.N0000,5.6,5.7,5.4,5.6,2283379,tradingview_cselk_fallback,0.0,0.0,0.05357142857142854,2864508.65,0.7971276330410104
2024-07-25,BIL.N0000,5.6,5.6,5.5,5.5,885253,tradingview_cselk_fallback,-0.017857142857142794,-0.01801850550267825,0.01818181818181812,2830782.95,0.3127237289598625
2024-07-26,BIL.N0000,5.5,5.6,5.4,5.6,1853859,tradingview_cselk_fallback,0.018181818181818077,0.018018505502678212,0.03571428571428559,2698977.5,0.686874566386715
2024-07-29,BIL.N0000,5.5,5.6,5.4,5.5,1360751,tradingview_cselk_fallback,-0.017857142857142794,-0.01801850550267825,0.03636363636363624,2658391.8,0.5118699959877999
2024-07-30,BIL.N0000,5.5,5.5,5.3,5.3,3925905,tradingview_cselk_fallback,-0.036363636363636376,-0.0370412716803491,0.03773584905660381,2785936.6,1.409186770438351
2024-07-31,BIL.N0000,5.3,5.4,5.3,5.3,6108975,tradingview_cselk_fallback,0.0,0.0,0.018867924528301987,2796024.25,2.1848791189847514
2024-08-01,BIL.N0000,5.3,5.5,5.3,5.4,1845528,tradingview_cselk_fallback,0.018867924528301883,0.018692133012152546,0.03703703703703707,2645810.55,0.697528400134318
2024-08-02,BIL.N0000,5.4,5.5,5.3,5.4,4914516,tradingview_cselk_fallback,0.0,0.0,0.03703703703703707,2801220.9,1.7544192962432916
2024-08-05,BIL.N0000,5.4,5.4,5.1,5.2,7698917,tradingview_cselk_fallback,-0.03703703703703709,-0.037740327982847086,0.05769230769230783,3052934.85,2.521808482090602
2024-08-06,BIL.N0000,5.2,5.3,5.1,5.2,3762946,tradingview_cselk_fallback,0.0,0.0,0.03846153846153849,3111997.9,1.2091736951364909
2024-08-07,BIL.N0000,5.2,5.3,5.1,5.1,1670601,tradingview_cselk_fallback,-0.019230769230769384,-0.01941808585710174,0.03921568627450984,2895699.4,0.5769248700331256
2024-08-08,BIL.N0000,5.1,5.2,5.1,5.2,3109292,tradingview_cselk_fallback,0.019607843137255054,0.01941808585710173,0.019230769230769332,2961564.85,1.049881450342038
2024-08-09,BIL.N0000,5.1,5.3,5.1,5.3,2840511,tradingview_cselk_fallback,0.019230769230769162,0.01904819497069441,0.03773584905660381,2958374.35,0.9601594199868586
2024-08-12,BIL.N0000,5.2,5.3,5.1,5.2,803406,tradingview_cselk_fallback,-0.01886792452830177,-0.019048194970694363,0.03846153846153849,2943823.5,0.27291242154972944
2024-08-13,BIL.N0000,5.1,5.3,5.1,5.3,916328,tradingview_cselk_fallback,0.019230769230769162,0.01904819497069441,0.03773584905660381,2862302.45,0.3201366787776044
2024-08-14,BIL.N0000,5.3,5.4,5.2,5.4,1964516,tradingview_cselk_fallback,0.018867924528301883,0.018692133012152546,0.03703703703703707,2866918.8,0.6852360101723146
2024-08-15,BIL.N0000,5.4,5.5,5.4,5.4,1976735,tradingview_cselk_fallback,0.0,0.0,0.01851851851851845,2873664.65,0.6878794990918652
2024-08-16,BIL.N0000,5.4,5.4,5.3,5.3,2271627,tradingview_cselk_fallback,-0.0185185185185186,-0.018692133012152633,0.018867924528301987,2894740.45,0.7847428946522649
2024-08-20,BIL.N0000,5.3,5.4,5.2,5.3,628653,tradingview_cselk_fallback,0.0,0.0,0.03773584905660381,2657336.0,0.23657264267672587
2024-08-21,BIL.N0000,5.3,5.3,5.2,5.2,429140,tradingview_cselk_fallback,-0.01886792452830177,-0.019048194970694363,0.019230769230769162,2562541.9,0.16746653001068978
2024-08-22,BIL.N0000,5.2,5.3,5.2,5.3,543688,tradingview_cselk_fallback,0.019230769230769162,0.01904819497069441,0.01886792452830182,2475557.35,0.2196224619882064
2024-08-23,BIL.N0000,5.2,5.2,5.1,5.2,835662,tradingview_cselk_fallback,-0.01886792452830177,-0.019048194970694363,0.019230769230769332,2473077.8,0.337903643791554
2024-08-26,BIL.N0000,5.2,5.2,5.0,5.1,2860771,tradingview_cselk_fallback,-0.019230769230769384,-0.01941808585710174,0.03921568627450984,2523423.4,1.133686483211656
2024-08-27,BIL.N0000,5.0,5.1,5.0,5.1,3250950,tradingview_cselk_fallback,0.0,0.0,0.019607843137254832,2617933.35,1.2418001397934748
2024-08-28,BIL.N0000,5.1,5.1,4.9,5.0,9364659,tradingview_cselk_fallback,-0.019607843137254832,-0.019802627296179643,0.039999999999999855,2889871.05,3.240511025569809
2024-08-29,BIL.N0000,5.0,5.0,4.9,4.9,791704,tradingview_cselk_fallback,-0.019999999999999907,-0.020202707317519355,0.020408163265306048,2624007.5,0.30171560104153666
2024-08-30,BIL.N0000,4.9,5.0,4.8,4.9,2726913,tradingview_cselk_fallback,0.0,0.0,0.040816326530612276,2668076.75,1.0220519331012499
2024-09-02,BIL.N0000,5.0,5.0,4.8,4.8,3260245,tradingview_cselk_fallback,-0.020408163265306256,-0.020619287202735818,0.041666666666666706,2585363.2,1.2610394547272894
2024-09-03,BIL.N0000,4.9,5.0,4.7,4.8,7959249,tradingview_cselk_fallback,0.0,0.0,0.062499999999999965,2598379.8,3.063158434344356
2024-09-04,BIL.N0000,4.8,5.1,4.8,5.1,6008384,tradingview_cselk_fallback,0.0625,0.06062462181643484,0.05882352941176468,2710651.7,2.2165828239755037
2024-09-05,BIL.N0000,5.1,5.2,4.8,5.0,7470284,tradingview_cselk_fallback,-0.019607843137254832,-0.019802627296179643,0.08000000000000007,3000635.85,2.4895670029403933
2024-09-06,BIL.N0000,5.0,5.0,4.8,5.0,411922,tradingview_cselk_fallback,0.0,0.0,0.040000000000000036,2865767.35,0.14373881396897065
2024-09-09,BIL.N0000,5.0,5.0,4.8,4.9,1636366,tradingview_cselk_fallback,-0.019999999999999907,-0.020202707317519355,0.040816326530612276,2805560.1,0.5832582235540061
2024-09-10,BIL.N0000,5.0,5.0,4.8,5.0,1310860,tradingview_cselk_fallback,0.020408163265306145,0.02020270731751947,0.040000000000000036,2830932.8,0.46304878731137666
2024-09-11,BIL.N0000,4.9,5.0,4.9,4.9,1305513,tradingview_cselk_fallback,-0.019999999999999907,-0.020202707317519355,0.020408163265306048,2850392.05,0.4580117321054134
2024-09-12,BIL.N0000,4.9,5.0,4.9,5.0,722351,tradingview_cselk_fallback,0.020408163265306145,0.02020270731751947,0.019999999999999928,2788283.8,0.2590665268721929
2024-09-13,BIL.N0000,5.0,5.1,4.9,5.1,10100487,tradingview_cselk_fallback,0.020000000000000018,0.01980262729617973,0.039215686274509665,3194471.4,3.1618649019678187
2024-09-18,BIL.N0000,5.0,5.2,5.0,5.2,4772990,tradingview_cselk_fallback,0.019607843137255054,0.01941808585710173,0.03846153846153849,3319539.55,1.4378470050161023
2024-09-19,BIL.N0000,5.1,5.4,5.1,5.4,5612136,tradingview_cselk_fallback,0.03846153846153855,0.03774032798284711,0.055555555555555684,3568713.7,1.5725935089721543
2024-09-20,BIL.N0000,5.3,5.4,5.1,5.3,6722106,tradingview_cselk_fallback,-0.0185185185185186,-0.018692133012152633,0.056603773584905794,3883362.0,1.7310016423913095
2024-09-23,BIL.N0000,5.2,5.5,4.9,5.4,9285737,tradingview_cselk_fallback,0.018867924528301883,0.018692133012152546,0.11111111111111104,4320464.45,2.149245088684852
2024-09-24,BIL.N0000,5.4,5.6,5.4,5.6,9259968,tradingview_cselk_fallback,0.03703703703703698,0.03636764417087479,0.03571428571428559,4741679.75,1.9528876871113028
2024-09-25,BIL.N0000,5.6,6.0,5.5,5.9,20209741,tradingview_cselk_fallback,0.0535714285714286,0.05218575317057025,0.0847457627118644,5609128.25,3.6030092554934896
2024-09-26,BIL.N0000,6.0,6.3,5.8,6.0,33497522,tradingview_cselk_fallback,0.016949152542372836,0.01680711831638119,0.08333333333333333,7121456.85,4.703745694955661
2024-09-27,BIL.N0000,5.9,6.0,5.8,6.0,12130835,tradingview_cselk_fallback,0.0,0.0,0.03333333333333336,7259765.65,1.670967850043479
2024-09-30,BIL.N0000,6.0,6.1,5.8,6.0,10542595,tradingview_cselk_fallback,0.0,0.0,0.04999999999999997,7747310.2,1.3608071353590565
2024-10-01,BIL.N0000,6.0,6.0,5.8,5.9,5452771,tradingview_cselk_fallback,-0.016666666666666607,-0.016807118316381174,0.03389830508474579,7883603.1,0.6916597564380176
2024-10-02,BIL.N0000,5.9,6.0,5.7,5.9,7422953,tradingview_cselk_fallback,0.0,0.0,0.05084745762711861,8091738.5,0.9173495905731506
2024-10-03,BIL.N0000,5.8,5.9,5.6,5.8,3721806,tradingview_cselk_fallback,-0.016949152542372947,-0.017094433359300183,0.05172413793103461,7879866.35,0.4723184169234038
2024-10-04,BIL.N0000,5.7,5.9,5.7,5.9,2349622,tradingview_cselk_fallback,0.017241379310344973,0.017094433359300255,0.03389830508474579,7696928.25,0.3052674942110835
2024-10-07,BIL.N0000,5.8,5.9,5.7,5.8,5126122,tradingview_cselk_fallback,-0.016949152542372947,-0.017094433359300183,0.03448275862068969,7579720.15,0.6762943616064769
2024-10-08,BIL.N0000,5.8,5.8,5.6,5.7,4205778,tradingview_cselk_fallback,-0.01724137931034475,-0.017391742711869107,0.03508771929824565,7769412.95,0.5413250688393387
2024-10-09,BIL.N0000,5.7,5.9,5.6,5.8,4616345,tradingview_cselk_fallback,0.01754385964912264,0.01739174271186902,0.05172413793103461,7918411.9,0.582988742982668
2024-10-10,BIL.N0000,5.8,5.8,5.5,5.6,6063474,tradingview_cselk_fallback,-0.034482758620689724,-0.03509131981127017,0.05357142857142854,8156042.6,0.743433341066659
2024-10-11,BIL.N0000,5.7,5.9,5.7,5.9,5661234,tradingview_cselk_fallback,0.0535714285714286,0.05218575317057025,0.03389830508474579,8373828.65,0.676062794764734
2024-10-14,BIL.N0000,5.8,5.9,5.7,5.8,2515989,tradingview_cselk_fallback,-0.016949152542372947,-0.017094433359300183,0.03448275862068969,8463510.55,0.29727487017783655
2024-10-15,BIL.N0000,5.7,5.9,5.7,5.8,4021589,tradingview_cselk_fallback,0.0,0.0,0.03448275862068969,8159565.65,0.49286802416988945
2024-10-16,BIL.N0000,5.7,5.9,5.7,5.8,4685673,tradingview_cselk_fallback,0.0,0.0,0.03448275862068969,8155199.8,0.5745626244497407
2024-10-18,BIL.N0000,5.8,5.9,5.7,5.7,3361343,tradingview_cselk_fallback,-0.01724137931034475,-0.017391742711869107,0.03508771929824565,8042660.15,0.4179392063458009
2024-10-21,BIL.N0000,5.7,5.8,5.7,5.8,2646820,tradingview_cselk_fallback,0.01754385964912264,0.01739174271186902,0.01724137931034477,7838895.85,0.33765214523165277
2024-10-22,BIL.N0000,5.7,5.8,5.6,5.7,5830635,tradingview_cselk_fallback,-0.01724137931034475,-0.017391742711869107,0.03508771929824565,7666140.75,0.7605697821292937
2024-10-23,BIL.N0000,5.6,5.7,5.5,5.7,7577575,tradingview_cselk_fallback,0.0,0.0,0.03508771929824565,7582021.1,0.9994135996271496
2024-10-24,BIL.N0000,5.6,5.8,5.6,5.7,5375267,tradingview_cselk_fallback,0.0,0.0,0.03508771929824565,6840297.4,0.7858235812963337
2024-10-25,BIL.N0000,5.7,5.8,5.6,5.8,3953132,tradingview_cselk_fallback,0.01754385964912264,0.01739174271186902,0.03448275862068969,5363077.9,0.7371013574126901
2024-10-28,BIL.N0000,5.7,6.2,5.7,6.1,30225796,tradingview_cselk_fallback,0.051724137931034475,0.050430853626891904,0.0819672131147541,6267825.95,4.822373218579881
2024-10-29,BIL.N0000,6.1,6.2,5.9,6.0,10111256,tradingview_cselk_fallback,-0.016393442622950727,-0.01652930195121047,0.04999999999999997,6246259.0,1.6187698909059007
2024-10-30,BIL.N0000,6.0,6.0,5.8,5.9,5131033,tradingview_cselk_fallback,-0.016666666666666607,-0.016807118316381174,0.03389830508474579,6230172.1,0.8235780517202728
2024-11-01,BIL.N0000,6.0,6.1,5.8,6.0,7770513,tradingview_cselk_fallback,0.016949152542372836,0.01680711831638119,0.04999999999999997,6247550.1,1.2437696177898598
2024-11-04,BIL.N0000,6.0,6.1,5.9,5.9,6180784,tradingview_cselk_fallback,-0.016666666666666607,-0.016807118316381174,0.03389830508474564,6370499.0,0.9702197582952293
2024-11-05,BIL.N0000,5.9,6.0,5.8,6.0,2565356,tradingview_cselk_fallback,0.016949152542372836,0.01680711831638119,0.03333333333333336,6381285.7,0.4020124032371721
2024-11-06,BIL.N0000,6.0,6.0,5.8,5.9,5587208,tradingview_cselk_fallback,-0.016666666666666607,-0.016807118316381174,0.03389830508474579,6404340.0,0.8724096472079871
2024-11-07,BIL.N0000,5.9,6.0,5.8,5.9,1155602,tradingview_cselk_fallback,0.0,0.0,0.03389830508474579,6251831.2,0.18484216272505885
2024-11-08,BIL.N0000,5.9,6.0,5.8,6.0,4169929,tradingview_cselk_fallback,0.016949152542372836,0.01680711831638119,0.03333333333333336,6229510.4,0.6693831027234499
2024-11-11,BIL.N0000,6.0,6.1,5.9,6.1,8437328,tradingview_cselk_fallback,0.016666666666666607,0.016529301951210506,0.03278688524590152,6348203.1,1.3290891717059274
2024-11-12,BIL.N0000,6.0,6.3,6.0,6.2,20874750,tradingview_cselk_fallback,0.016393442622950838,0.016260520871780326,0.04838709677419352,7108878.9,2.936433478983585
2024-11-13,BIL.N0000,6.1,6.4,6.1,6.4,21474736,tradingview_cselk_fallback,0.032258064516129004,0.03174869831458027,0.04687500000000011,8056816.25,2.6654121595487545
2024-11-14,BIL.N0000,6.4,6.7,6.3,6.5,74300869,tradingview_cselk_fallback,0.015625,0.015504186535965254,0.06153846153846159,11570780.25,6.421422531121011
2024-11-18,BIL.N0000,6.5,6.8,6.4,6.5,27093807,tradingview_cselk_fallback,0.0,0.0,0.06153846153846146,12691186.95,2.1348520911986095
2024-11-19,BIL.N0000,6.4,6.5,6.2,6.3,11033089,tradingview_cselk_fallback,-0.03076923076923077,-0.031252543504104426,0.047619047619047596,13074774.25,0.8438454683070341
2024-11-20,BIL.N0000,6.3,6.4,6.2,6.3,2181796,tradingview_cselk_fallback,0.0,0.0,0.03174603174603177,13051523.05,0.16716792298045244
2024-11-21,BIL.N0000,6.3,6.3,6.0,6.2,11530873,tradingview_cselk_fallback,-0.015873015873015817,-0.016000341346441075,0.04838709677419352,13336534.95,0.8646078642788696
2024-11-22,BIL.N0000,6.2,6.2,6.0,6.0,3976840,tradingview_cselk_fallback,-0.032258064516129115,-0.032789822822990956,0.03333333333333336,13156498.2,0.30227192217454946
2024-11-25,BIL.N0000,6.0,6.1,5.8,5.9,9585783,tradingview_cselk_fallback,-0.016666666666666607,-0.016807118316381174,0.05084745762711861,13367024.0,0.7171217018836803
2024-11-26,BIL.N0000,5.9,6.0,5.9,6.0,3638709,tradingview_cselk_fallback,0.016949152542372836,0.01680711831638119,0.016666666666666607,13351302.85,0.2725358746543601
2024-11-27,BIL.N0000,6.0,6.0,5.8,6.0,1991182,tradingview_cselk_fallback,0.0,0.0,0.03333333333333336,11939572.15,0.1667716376252226
2024-11-28,BIL.N0000,5.9,6.2,5.9,6.0,11219432,tradingview_cselk_fallback,0.0,0.0,0.04999999999999997,11994980.95,0.9353438781409653
2024-11-29,BIL.N0000,6.0,6.1,5.9,6.0,5741172,tradingview_cselk_fallback,0.0,0.0,0.033333333333333215,12025487.9,0.4774169703334864
2024-12-02,BIL.N0000,5.9,6.1,5.9,6.1,7151332,tradingview_cselk_fallback,0.016666666666666607,0.016529301951210506,0.03278688524590152,11994528.85,0.5962161656729018
2024-12-03,BIL.N0000,6.1,6.1,5.9,6.0,8998272,tradingview_cselk_fallback,-0.016393442622950727,-0.01652930195121047,0.033333333333333215,12135403.25,0.7414893279298321
2024-12-04,BIL.N0000,6.0,6.1,5.8,6.0,13468194,tradingview_cselk_fallback,0.0,0.0,0.04999999999999997,12680545.15,1.0621147466991985
2024-12-05,BIL.N0000,6.0,6.0,5.9,6.0,4693303,tradingview_cselk_fallback,0.0,0.0,0.016666666666666607,12635849.9,0.3714275681606506
2024-12-06,BIL.N0000,6.0,6.1,5.9,6.0,9657186,tradingview_cselk_fallback,0.0,0.0,0.033333333333333215,13060929.1,0.7393950251211455
2024-12-09,BIL.N0000,6.0,6.1,5.9,6.1,6562825,tradingview_cselk_fallback,0.016666666666666607,0.016529301951210506,0.03278688524590152,13180573.9,0.4979164829840983
2024-12-10,BIL.N0000,6.1,6.5,6.1,6.4,33033324,tradingview_cselk_fallback,0.049180327868852514,0.04800921918636066,0.06250000000000006,14410373.7,2.2923294487498267
2024-12-11,BIL.N0000,6.4,6.5,6.1,6.3,20380996,tradingview_cselk_fallback,-0.01562500000000011,-0.015748356968139282,0.06349206349206354,14385686.0,1.4167552385058315
2024-12-12,BIL.N0000,6.2,6.3,6.1,6.2,7239567,tradingview_cselk_fallback,-0.015873015873015817,-0.016000341346441075,0.03225806451612906,13673927.55,0.5294431298928448
2024-12-13,BIL.N0000,6.2,6.3,6.1,6.2,12590512,tradingview_cselk_fallback,0.0,0.0,0.03225806451612906,10588409.7,1.1890843249104728
2024-12-16,BIL.N0000,6.1,6.4,6.1,6.4,18520157,tradingview_cselk_fallback,0.032258064516129004,0.03174869831458027,0.04687500000000011,10159727.2,1.8228990439822046
2024-12-17,BIL.N0000,6.3,6.5,6.2,6.3,17489849,tradingview_cselk_fallback,-0.01562500000000011,-0.015748356968139282,0.047619047619047596,10482565.2,1.6684703282360696
2024-12-18,BIL.N0000,6.4,6.4,6.2,6.4,9887573,tradingview_cselk_fallback,0.01587301587301604,0.01574835696813933,0.03125000000000003,10867854.05,0.9097999434396158
2024-12-19,BIL.N0000,6.4,6.5,6.3,6.4,12296711,tradingview_cselk_fallback,0.0,0.0,0.03125000000000003,10906145.95,1.127502882904295
2024-12-20,BIL.N0000,6.4,6.6,6.3,6.5,15681617,tradingview_cselk_fallback,0.015625,0.015504186535965254,0.04615384615384613,11491384.8,1.3646411875442548
2024-12-23,BIL.N0000,6.6,7.1,6.5,6.8,91855699,tradingview_cselk_fallback,0.04615384615384621,0.04512043528046964,0.08823529411764701,15604880.6,5.886344237712399
2024-12-24,BIL.N0000,6.8,7.0,6.7,6.9,44947184,tradingview_cselk_fallback,0.014705882352941346,0.014598799421152851,0.04347826086956519,17670304.35,2.5436564707500353
2024-12-26,BIL.N0000,6.9,7.2,6.9,7.2,52185804,tradingview_cselk_fallback,0.04347826086956519,0.0425596144187959,0.041666666666666644,20180035.45,2.5860115126804697
2024-12-27,BIL.N0000,7.2,7.3,7.0,7.1,40045599,tradingview_cselk_fallback,-0.01388888888888895,-0.013986241974739952,0.04225352112676054,21621343.8,1.852132752266767
2024-12-30,BIL.N0000,7.2,7.3,7.0,7.0,40605082,tradingview_cselk_fallback,-0.014084507042253502,-0.014184634991956413,0.04285714285714283,23364539.3,1.7378935436574177
2024-12-31,BIL.N0000,7.1,7.2,6.9,7.1,33929892,tradingview_cselk_fallback,0.014285714285714235,0.014184634991956381,0.04225352112676054,24703467.3,1.3734870327292072
2025-01-02,BIL.N0000,7.1,8.3,7.1,8.1,137916241,tradingview_cselk_fallback,0.14084507042253525,0.13176927763112337,0.14814814814814828,31149365.75,4.42757782315359
2025-01-03,BIL.N0000,8.3,8.3,7.6,8.0,128932995,tradingview_cselk_fallback,-0.012345679012345623,-0.012422519998557096,0.08750000000000013,36922605.8,3.4919798374577344
2025-01-06,BIL.N0000,8.0,8.3,7.7,8.0,87843650,tradingview_cselk_fallback,0.0,0.0,0.07500000000000007,41080123.15,2.1383492371541246
2025-01-07,BIL.N0000,8.0,8.1,7.7,8.0,33164653,tradingview_cselk_fallback,0.0,0.0,0.04999999999999993,42255496.5,0.7848600950647924
2025-01-08,BIL.N0000,7.9,8.0,7.7,7.8,17396646,tradingview_cselk_fallback,-0.025000000000000022,-0.025317807984289897,0.03846153846153844,42797187.55,0.4064904026619852
2025-01-09,BIL.N0000,7.7,7.9,7.5,7.7,34178773,tradingview_cselk_fallback,-0.012820512820512775,-0.012903404835907841,0.05194805194805199,42854460.0,0.7975546302531872
2025-01-10,BIL.N0000,7.7,8.0,7.4,8.0,41042698,tradingview_cselk_fallback,0.03896103896103886,0.03822121282019767,0.07499999999999996,43887545.1,0.935178714290857
2025-01-15,BIL.N0000,8.0,8.2,8.0,8.2,36980735,tradingview_cselk_fallback,0.02499999999999991,0.024692612590371414,0.02439024390243894,45374603.5,0.8150095460338292
2025-01-16,BIL.N0000,8.2,8.2,8.0,8.1,16821637,tradingview_cselk_fallback,-0.012195121951219523,-0.01227009259181436,0.02469135802469127,45586159.75,0.36900754729619445
2025-01-17,BIL.N0000,8.1,8.2,7.9,8.1,15383435,tradingview_cselk_fallback,0.0,0.0,0.03703703703703691,45429323.65,0.33862346528683135
2025-01-20,BIL.N0000,8.0,8.1,7.9,8.0,5088908,tradingview_cselk_fallback,-0.012345679012345623,-0.012422519998557096,0.02499999999999991,44809276.6,0.11356818021025583
2025-01-21,BIL.N0000,7.9,8.0,7.8,8.0,14156093,tradingview_cselk_fallback,0.0,0.0,0.025000000000000022,45022702.6,0.31442121824112795
2025-01-22,BIL.N0000,8.0,8.7,8.0,8.7,115209453,tradingview_cselk_fallback,0.08749999999999991,0.08388148398070203,0.08045977011494246,50168339.7,2.296457361135274
2025-01-23,BIL.N0000,8.7,8.9,8.5,8.8,55301511,tradingview_cselk_fallback,0.011494252873563315,0.01142869582362285,0.04545454545454549,52149334.4,1.0604451933330907
2025-01-24,BIL.N0000,8.7,8.8,8.4,8.7,66547984,tradingview_cselk_fallback,-0.011363636363636576,-0.011428695823622968,0.04597701149425292,50883948.65,1.3078384395390275
2025-01-27,BIL.N0000,8.7,8.9,8.5,8.6,23369307,tradingview_cselk_fallback,-0.011494252873563204,-0.011560822401075971,0.046511627906976785,49805054.8,0.4692155664488899
2025-01-28,BIL.N0000,8.6,9.2,8.5,9.1,69417693,tradingview_cselk_fallback,0.058139534883721034,0.056512210263342404,0.07692307692307684,50666649.25,1.3700865170198717
2025-01-29,BIL.N0000,9.2,9.4,9.1,9.3,73795196,tradingview_cselk_fallback,0.021978021978022122,0.02173998663640604,0.03225806451612911,52354129.1,1.4095391761564036
2025-01-30,BIL.N0000,9.4,9.4,9.1,9.2,22973260,tradingview_cselk_fallback,-0.010752688172043112,-0.01081091610421573,0.032608695652173995,51472538.0,0.44632071571835064
2025-01-31,BIL.N0000,9.2,9.2,8.9,9.2,18412658,tradingview_cselk_fallback,0.0,0.0,0.0326086956521738,50696676.3,0.36319260637605155
2025-02-03,BIL.N0000,9.1,9.1,8.8,8.9,24902354,tradingview_cselk_fallback,-0.032608695652173836,-0.03315220731690039,0.03370786516853921,45045981.95,0.5528207605206839
2025-02-05,BIL.N0000,8.9,9.0,8.4,8.6,62290004,tradingview_cselk_fallback,-0.03370786516853941,-0.03428907347863219,0.06976744186046507,41713832.4,1.4932697480943995
2025-02-06,BIL.N0000,8.5,8.8,8.4,8.6,49246938,tradingview_cselk_fallback,0.0,0.0,0.046511627906976785,39783996.8,1.2378579821321523
2025-02-07,BIL.N0000,8.6,8.8,8.6,8.7,13246458,tradingview_cselk_fallback,0.011627906976744207,0.011560822401076006,0.02298850574712656,38788087.05,0.34150841166579265
2025-02-10,BIL.N0000,8.7,8.8,8.4,8.5,15587335,tradingview_cselk_fallback,-0.02298850574712641,-0.023256862164267235,0.047058823529411806,38697621.5,0.40279827017275466
2025-02-11,BIL.N0000,8.5,8.6,8.2,8.3,14191276,tradingview_cselk_fallback,-0.0235294117647058,-0.023810648693718447,0.04819277108433739,37698246.65,0.3764439267363115
2025-02-13,BIL.N0000,8.3,8.5,8.2,8.4,5483912,tradingview_cselk_fallback,0.012048192771084265,0.01197619104671562,0.035714285714285796,35920307.35,0.15266884958878282
2025-02-14,BIL.N0000,8.5,8.8,8.4,8.8,10460697,tradingview_cselk_fallback,0.04761904761904767,0.04652001563489291,0.04545454545454549,34594305.45,0.3023820499914098
2025-02-17,BIL.N0000,8.7,8.7,8.5,8.5,8698181,tradingview_cselk_fallback,-0.03409090909090917,-0.0346855579878901,0.0235294117647058,34188132.65,0.2544210615141626
2025-02-18,BIL.N0000,8.5,8.7,8.5,8.6,12517633,tradingview_cselk_fallback,0.0117647058823529,0.011696039763191236,0.023255813953488292,34044842.55,0.36768074287951147
2025-02-19,BIL.N0000,8.6,8.7,8.3,8.5,12970310,tradingview_cselk_fallback,-0.011627906976744096,-0.011696039763191187,0.0470588235294116,34438912.65,0.3766178721092694
2025-02-20,BIL.N0000,8.4,8.5,8.1,8.3,25328038,tradingview_cselk_fallback,-0.0235294117647058,-0.023810648693718447,0.04819277108433739,34997509.9,0.7237097174162097
2025-02-21,BIL.N0000,8.3,8.4,8.2,8.2,3541482,tradingview_cselk_fallback,-0.012048192771084487,-0.012121360532344963,0.024390243902439157,29414111.35,0.12040078171527013
2025-02-24,BIL.N0000,8.2,8.3,8.0,8.1,14183805,tradingview_cselk_fallback,-0.012195121951219523,-0.01227009259181436,0.037037037037037125,27358226.05,0.5184475402051881
2025-02-25,BIL.N0000,8.0,8.2,7.8,8.0,13428391,tradingview_cselk_fallback,-0.012345679012345623,-0.012422519998557096,0.04999999999999993,24702246.4,0.5436101147464872
2025-02-27,BIL.N0000,7.9,8.1,7.8,8.0,5617301,tradingview_cselk_fallback,0.0,0.0,0.03749999999999998,23814646.1,0.23587589655594335
2025-02-28,BIL.N0000,8.0,8.1,7.9,8.0,5909896,tradingview_cselk_fallback,0.0,0.0,0.02499999999999991,20639256.25,0.2863424887221893
2025-03-03,BIL.N0000,8.0,8.1,7.7,7.8,7871102,tradingview_cselk_fallback,-0.025000000000000022,-0.025317807984289897,0.05128205128205122,17343051.55,0.45384758139636616
2025-03-04,BIL.N0000,7.8,7.9,7.6,7.6,11663173,tradingview_cselk_fallback,-0.02564102564102566,-0.025975486403260677,0.03947368421052641,16777547.2,0.6951655603150382
2025-03-05,BIL.N0000,7.7,8.1,7.7,8.0,8430863,tradingview_cselk_fallback,0.05263157894736836,0.05129329438755048,0.04999999999999993,16278457.45,0.5179153507570216
2025-03-06,BIL.N0000,8.0,8.2,7.9,8.0,8384111,tradingview_cselk_fallback,0.0,0.0,0.03749999999999987,15452545.3,0.5425715205636705
2025-03-07,BIL.N0000,7.9,8.0,7.8,8.0,2999919,tradingview_cselk_fallback,0.0,0.0,0.025000000000000022,12488041.05,0.2402233455182308
2025-03-10,BIL.N0000,7.9,8.0,7.8,7.8,4324021,tradingview_cselk_fallback,-0.025000000000000022,-0.025317807984289897,0.025641025641025664,10241895.2,0.4221895377332118
2025-03-11,BIL.N0000,7.8,7.9,7.6,7.7,4507341,tradingview_cselk_fallback,-0.012820512820512775,-0.012903404835907841,0.03896103896103905,9804939.35,0.45970105873219913
2025-03-12,BIL.N0000,7.8,7.9,7.5,7.8,4446185,tradingview_cselk_fallback,0.01298701298701288,0.012903404835907782,0.05128205128205133,9247881.85,0.4807787417829089
2025-03-14,BIL.N0000,7.8,7.9,7.6,7.8,3501087,tradingview_cselk_fallback,0.0,0.0,0.038461538461538554,8713372.4,0.4018061938911276
2025-03-17,BIL.N0000,7.7,7.8,7.5,7.6,10178836,tradingview_cselk_fallback,-0.02564102564102566,-0.025975486403260677,0.03947368421052629,8948118.6,1.1375392364602768
2025-03-18,BIL.N0000,7.5,7.6,7.2,7.2,9206150,tradingview_cselk_fallback,-0.05263157894736836,-0.0540672212702757,0.05555555555555548,8885391.25,1.0360995639893742
2025-03-19,BIL.N0000,7.3,7.4,7.1,7.1,9900101,tradingview_cselk_fallback,-0.01388888888888895,-0.013986241974739952,0.04225352112676067,8945487.25,1.106714561579639
2025-03-20,BIL.N0000,7.1,7.5,7.1,7.5,6722854,tradingview_cselk_fallback,0.05633802816901423,0.05480823649499516,0.05333333333333338,8655748.3,0.7766924091357877
2025-03-21,BIL.N0000,7.5,7.6,7.3,7.3,5860129,tradingview_cselk_fallback,-0.026666666666666727,-0.027028672387919374,0.04109589041095888,8300239.25,0.706019287335603
2025-03-24,BIL.N0000,7.5,7.6,7.3,7.4,4177854,tradingview_cselk_fallback,0.013698630136986356,0.013605652055778678,0.040540540540540515,7242730.05,0.5768341455719449
2025-03-25,BIL.N0000,7.4,7.6,7.4,7.6,9008867,tradingview_cselk_fallback,0.027027027027026973,0.026668247082161273,0.02631578947368412,7516099.3,1.1986093637693158
2025-03-26,BIL.N0000,7.6,7.6,7.3,7.3,2219078,tradingview_cselk_fallback,-0.03947368421052633,-0.04027389913793996,0.04109589041095888,6917862.95,0.3207750740421939
2025-03-27,BIL.N0000,7.4,7.5,7.2,7.3,2631750,tradingview_cselk_fallback,0.0,0.0,0.04109589041095888,6378030.9,0.4126273518053981
2025-03-28,BIL.N0000,7.4,7.5,7.3,7.3,2554874,tradingview_cselk_fallback,0.0,0.0,0.02739726027397263,6224909.55,0.41042748966529163
2025-04-01,BIL.N0000,7.3,7.6,7.3,7.5,5723155,tradingview_cselk_fallback,0.027397260273972712,0.02702867238791942,0.03999999999999997,6215572.5,0.9207768069634776
2025-04-02,BIL.N0000,7.5,7.6,7.4,7.5,5373567,tradingview_cselk_fallback,0.0,0.0,0.02666666666666657,6090695.75,0.8822583199957083
2025-04-03,BIL.N0000,7.3,7.5,7.1,7.4,9670090,tradingview_cselk_fallback,-0.013333333333333308,-0.013423020332140661,0.0540540540540541,5991041.6,1.6140916130510596
2025-04-04,BIL.N0000,7.3,7.3,7.0,7.2,12900077,tradingview_cselk_fallback,-0.027027027027027084,-0.027398974188114503,0.041666666666666644,6214502.3,2.0758021121015595
2025-04-07,BIL.N0000,7.1,7.1,6.6,6.7,25723190,tradingview_cselk_fallback,-0.06944444444444442,-0.07197349962508923,0.07462686567164178,7081456.25,3.6324717814926837
2025-04-08,BIL.N0000,6.8,7.1,6.8,7.1,10081245,tradingview_cselk_fallback,0.05970149253731338,0.057987257650349316,0.04225352112676054,7435522.55,1.3558219926318427
2025-04-09,BIL.N0000,7.0,7.0,6.7,6.9,9867612,tradingview_cselk_fallback,-0.028169014084506894,-0.028573372444055885,0.04347826086956519,7712702.1,1.2793975278780703
2025-04-10,BIL.N0000,7.1,7.5,7.1,7.3,22067018,tradingview_cselk_fallback,0.05797101449275344,0.05635293655113157,0.05479452054794526,8590685.95,2.5687143178595653
2025-04-11,BIL.N0000,7.3,7.4,7.1,7.2,3630901,tradingview_cselk_fallback,-0.013698630136986245,-0.01379332213233576,0.04166666666666676,8549921.75,0.42467067023157257
2025-04-16,BIL.N0000,7.3,7.4,7.2,7.4,2521051,tradingview_cselk_fallback,0.0277777777777779,0.02739897418811456,0.02702702702702705,8500919.95,0.2965621385483109
2025-04-17,BIL.N0000,7.3,7.4,7.2,7.3,2565506,tradingview_cselk_fallback,-0.013513513513513598,-0.013605652055778709,0.02739726027397263,8120253.45,0.3159391533524117
2025-04-21,BIL.N0000,7.3,7.4,7.2,7.3,4687033,tradingview_cselk_fallback,0.0,0.0,0.02739726027397263,7894297.6,0.5937238798800796
2025-04-22,BIL.N0000,7.4,7.5,7.3,7.5,6722079,tradingview_cselk_fallback,0.027397260273972712,0.02702867238791942,0.02666666666666669,7735396.5,0.8690025133165443
2025-04-23,BIL.N0000,7.5,7.6,7.4,7.5,4473121,tradingview_cselk_fallback,0.0,0.0,0.02666666666666657,7622909.85,0.5867996720438718
2025-04-24,BIL.N0000,7.5,7.7,7.5,7.7,7802422,tradingview_cselk_fallback,0.026666666666666616,0.026317308317373358,0.025974025974025997,7720024.5,1.0106732174230795
2025-04-25,BIL.N0000,7.7,7.9,7.6,7.8,12145705,tradingview_cselk_fallback,0.01298701298701288,0.012903404835907782,0.038461538461538554,8118417.05,1.4960681282073334
2025-04-28,BIL.N0000,7.8,8.0,7.8,7.9,12714378,tradingview_cselk_fallback,0.012820512820512997,0.012739025777429932,0.025316455696202552,8303692.6,1.5311715657682223
2025-04-29,BIL.N0000,7.9,7.9,7.7,7.8,11640320,tradingview_cselk_fallback,-0.012658227848101333,-0.012739025777429826,0.025641025641025664,8774754.7,1.3265692772015611
2025-04-30,BIL.N0000,7.8,7.8,7.7,7.8,3426722,tradingview_cselk_fallback,0.0,0.0,0.012820512820512775,8814503.3,0.38875951183772317
2025-05-02,BIL.N0000,7.7,7.8,7.6,7.6,3649302,tradingview_cselk_fallback,-0.02564102564102566,-0.025975486403260677,0.026315789473684237,8869224.7,0.41145670827349773
2025-05-05,BIL.N0000,7.7,7.9,7.7,7.8,8158084,tradingview_cselk_fallback,0.026315789473684292,0.025975486403260736,0.025641025641025664,8990971.15,0.9073640504340846
2025-05-06,BIL.N0000,7.9,8.0,7.8,7.9,9816566,tradingview_cselk_fallback,0.012820512820512997,0.012739025777429932,0.025316455696202552,9213121.1,1.0654984226789335
2025-05-07,BIL.N0000,7.9,8.0,7.7,7.8,8668714,tradingview_cselk_fallback,-0.012658227848101333,-0.012739025777429826,0.03846153846153844,9163052.3,0.9460509136240551
2025-05-08,BIL.N0000,7.7,7.8,7.7,7.8,2501588,tradingview_cselk_fallback,0.0,0.0,0.012820512820512775,8643127.85,0.28943086847893845
2025-05-09,BIL.N0000,7.7,7.8,7.6,7.7,6939857,tradingview_cselk_fallback,-0.012820512820512775,-0.012903404835907841,0.025974025974025997,7703961.2,0.9008167123167754
2025-05-14,BIL.N0000,7.8,8.0,7.7,7.9,3744285,tradingview_cselk_fallback,0.025974025974025983,0.025642430613337652,0.03797468354430377,7387113.2,0.5068671480491188
2025-05-15,BIL.N0000,7.8,8.0,7.8,8.0,5657146,tradingview_cselk_fallback,0.012658227848101111,0.012578782206859965,0.025000000000000022,7176589.9,0.7882777306252374
2025-05-16,BIL.N0000,8.0,8.0,7.9,7.9,3839192,tradingview_cselk_fallback,-0.012499999999999956,-0.012578782206860073,0.01265822784810122,6265198.6,0.6127805749046806
2025-05-19,BIL.N0000,7.9,8.0,7.9,7.9,2116783,tradingview_cselk_fallback,0.0,0.0,0.01265822784810122,6189492.7,0.3419962026936392
2025-05-20,BIL.N0000,7.9,7.9,7.8,7.8,1315118,tradingview_cselk_fallback,-0.012658227848101333,-0.012739025777429826,0.01282051282051289,6129196.05,0.2145661501560225
2025-05-21,BIL.N0000,7.8,7.9,7.8,7.8,2424716,tradingview_cselk_fallback,0.0,0.0,0.01282051282051289,6122156.55,0.3960558636809116
2025-05-22,BIL.N0000,7.8,7.9,7.7,7.9,4739027,tradingview_cselk_fallback,0.012820512820512997,0.012739025777429932,0.025316455696202552,6124756.25,0.7737494859489307
2025-05-23,BIL.N0000,7.9,8.0,7.8,7.9,15320060,tradingview_cselk_fallback,0.0,0.0,0.025316455696202552,6554655.3,2.3372792769133106
2025-05-26,BIL.N0000,7.9,8.0,7.8,8.0,7098262,tradingview_cselk_fallback,0.012658227848101111,0.012578782206859965,0.025000000000000022,6685912.35,1.0616744025966778
2025-05-27,BIL.N0000,8.0,8.5,8.0,8.3,47732378,tradingview_cselk_fallback,0.03750000000000009,0.0368139731227164,0.06024096385542168,8682410.15,5.497595388303558
2025-05-28,BIL.N0000,8.3,8.3,8.0,8.1,17223483,tradingview_cselk_fallback,-0.024096385542168752,-0.02439145312415924,0.037037037037037125,8936299.05,1.9273619765444172
2025-05-29,BIL.N0000,8.1,8.3,8.0,8.2,9221567,tradingview_cselk_fallback,0.012345679012345734,0.012270092591814401,0.036585365853658625,8761658.5,1.0524910323770322
2025-05-30,BIL.N0000,8.2,8.3,8.1,8.2,11207242,tradingview_cselk_fallback,0.0,0.0,0.024390243902439157,8740004.6,1.2822924601206733
2025-06-02,BIL.N0000,8.3,8.3,8.1,8.1,20994212,tradingview_cselk_fallback,-0.012195121951219523,-0.01227009259181436,0.024691358024691492,9618379.1,2.1827182919001396
2025-06-03,BIL.N0000,8.2,8.2,8.0,8.2,12066926,tradingview_cselk_fallback,0.012345679012345734,0.012270092591814401,0.02439024390243894,10039260.3,1.2019736155262355
2025-06-04,BIL.N0000,8.2,8.3,8.1,8.3,18631081,tradingview_cselk_fallback,0.012195121951219745,0.01212136053234504,0.0240963855421688,10562910.15,1.7638208349239817
2025-06-05,BIL.N0000,8.3,8.5,8.3,8.4,24621376,tradingview_cselk_fallback,0.012048192771084265,0.01197619104671562,0.023809523809523725,11303150.65,2.178275488171079
2025-06-06,BIL.N0000,8.4,8.4,8.1,8.2,8922373,tradingview_cselk_fallback,-0.023809523809523947,-0.02409755157906064,0.036585365853658625,11315833.6,0.7884857020166858
2025-06-09,BIL.N0000,8.3,8.3,8.1,8.2,4180370,tradingview_cselk_fallback,0.0,0.0,0.024390243902439157,11399772.7,0.3667064344186442
2025-06-11,BIL.N0000,8.2,8.2,8.0,8.2,7860468,tradingview_cselk_fallback,0.0,0.0,0.02439024390243894,11445803.25,0.6867554708316342
2025-06-12,BIL.N0000,8.2,8.2,7.9,8.0,12549215,tradingview_cselk_fallback,-0.024390243902438935,-0.02469261259037141,0.03749999999999987,11886049.75,1.0557935785183803
2025-06-13,BIL.N0000,8.0,8.0,7.7,7.9,10769472,tradingview_cselk_fallback,-0.012499999999999956,-0.012578782206860073,0.03797468354430377,12141666.05,0.8869846984467177
2025-06-16,BIL.N0000,7.7,7.8,7.6,7.8,8362466,tradingview_cselk_fallback,-0.012658227848101333,-0.012739025777429826,0.025641025641025664,12367829.75,0.6761465971829052
2025-06-17,BIL.N0000,7.8,7.9,7.4,7.6,14268187,tradingview_cselk_fallback,-0.02564102564102566,-0.025975486403260677,0.06578947368421052,12975399.95,1.0996336956842707
2025-06-18,BIL.N0000,7.5,7.7,7.4,7.5,9180595,tradingview_cselk_fallback,-0.013157894736842035,-0.013245226750020567,0.03999999999999997,13368673.8,0.686724437842144
2025-06-19,BIL.N0000,7.4,7.6,7.4,7.6,15276689,tradingview_cselk_fallback,0.013333333333333197,0.013245226750020505,0.02631578947368412,14011272.45,1.0903141777105334
2025-06-20,BIL.N0000,7.5,7.7,7.5,7.6,4103871,tradingview_cselk_fallback,0.0,0.0,0.026315789473684237,13979514.65,0.29356319605845543
2025-06-23,BIL.N0000,7.5,7.5,7.2,7.4,9506999,tradingview_cselk_fallback,-0.02631578947368407,-0.02666824708216118,0.040540540540540515,13688861.6,0.6945061815805048
2025-06-24,BIL.N0000,7.5,7.8,7.5,7.7,15577085,tradingview_cselk_fallback,0.04054054054054057,0.03974032864951412,0.03896103896103894,14112802.75,1.1037555952519778
2025-06-25,BIL.N0000,7.7,7.8,7.6,7.7,5154686,tradingview_cselk_fallback,0.0,0.0,0.025974025974025997,11983918.15,0.4301336120190373
2025-06-26,BIL.N0000,7.8,7.9,7.6,7.7,6772925,tradingview_cselk_fallback,0.0,0.0,0.03896103896103905,11461390.25,0.5909339837721693
2025-06-27,BIL.N0000,7.7,7.8,7.6,7.7,3680735,tradingview_cselk_fallback,0.0,0.0,0.025974025974025997,11184348.65,0.32909694745612206
2025-06-30,BIL.N0000,7.7,7.8,7.5,7.7,5036648,tradingview_cselk_fallback,0.0,0.0,0.03896103896103894,10875818.95,0.4631051714960739
2025-07-01,BIL.N0000,7.7,7.7,7.5,7.6,5662590,tradingview_cselk_fallback,-0.012987012987013102,-0.013072081567352888,0.026315789473684237,10109237.85,0.560140149437675
2025-07-02,BIL.N0000,7.5,7.6,7.4,7.5,5737096,tradingview_cselk_fallback,-0.013157894736842035,-0.013245226750020567,0.02666666666666657,9792746.35,0.5858515879970689
2025-07-03,BIL.N0000,7.5,7.6,7.4,7.5,3209694,tradingview_cselk_fallback,0.0,0.0,0.02666666666666657,9021677.0,0.3557757609810238
2025-07-04,BIL.N0000,7.5,7.6,7.4,7.5,6089139,tradingview_cselk_fallback,0.0,0.0,0.02666666666666657,8095065.15,0.7522038287733854
2025-07-07,BIL.N0000,7.4,7.5,7.3,7.3,2257792,tradingview_cselk_fallback,-0.026666666666666727,-0.027028672387919374,0.02739726027397263,7761836.1,0.2908837510753416
2025-07-08,BIL.N0000,7.4,7.4,7.2,7.3,5266006,tradingview_cselk_fallback,0.0,0.0,0.02739726027397263,7816117.9,0.6737367664323487
2025-07-09,BIL.N0000,7.3,7.4,7.2,7.4,4881253,tradingview_cselk_fallback,0.013698630136986356,0.013605652055778678,0.02702702702702705,7667157.15,0.6366444438927406
2025-07-11,BIL.N0000,7.3,7.7,7.3,7.5,9324005,tradingview_cselk_fallback,0.013513513513513375,0.01342302033214055,0.05333333333333338,7505896.65,1.2422240053092124
2025-07-14,BIL.N0000,7.6,7.6,7.4,7.5,10155120,tradingview_cselk_fallback,0.0,0.0,0.02666666666666657,7475179.05,1.3585119409280237
2025-07-15,BIL.N0000,7.5,7.9,7.5,7.8,19392520,tradingview_cselk_fallback,0.040000000000000036,0.03922071315328133,0.05128205128205133,8026681.75,2.416007087860435
2025-07-16,BIL.N0000,7.9,8.1,7.7,7.8,34794257,tradingview_cselk_fallback,0.0,0.0,0.05128205128205122,9052985.25,3.8434014901327713
2025-07-17,BIL.N0000,7.8,7.9,7.6,7.8,8157126,tradingview_cselk_fallback,0.0,0.0,0.038461538461538554,9001811.8,0.9061649122679947
2025-07-18,BIL.N0000,7.8,7.8,7.5,7.7,9152929,tradingview_cselk_fallback,-0.012820512820512775,-0.012903404835907841,0.03896103896103894,8695623.8,1.0525902696020497
2025-07-21,BIL.N0000,7.7,7.9,7.7,7.8,8858660,tradingview_cselk_fallback,0.01298701298701288,0.012903404835907782,0.025641025641025664,8933363.25,0.9916377238997865
2025-07-22,BIL.N0000,7.8,7.9,7.7,7.8,9280421,tradingview_cselk_fallback,0.0,0.0,0.025641025641025664,8922034.35,1.0401687144367473
2025-07-23,BIL.N0000,7.8,8.0,7.7,7.9,14984759,tradingview_cselk_fallback,0.012820512820512997,0.012739025777429932,0.03797468354430377,8892418.05,1.6851163447044641
2025-07-24,BIL.N0000,7.8,7.9,7.7,7.9,11150197,tradingview_cselk_fallback,0.0,0.0,0.025316455696202552,9192193.6,1.2130071977596295
2025-07-25,BIL.N0000,7.9,8.0,7.7,7.8,10932791,tradingview_cselk_fallback,-0.012658227848101333,-0.012739025777429826,0.03846153846153844,9400186.9,1.1630397476458685
2025-07-28,BIL.N0000,7.9,7.9,7.7,7.8,6547078,tradingview_cselk_fallback,0.0,0.0,0.025641025641025664,9543504.05,0.6860245425263899
2025-07-29,BIL.N0000,7.7,7.9,7.6,7.7,16423419,tradingview_cselk_fallback,-0.012820512820512775,-0.012903404835907841,0.03896103896103905,10112842.6,1.6240160803056503
2025-07-30,BIL.N0000,7.8,7.9,7.7,7.8,5793521,tradingview_cselk_fallback,0.01298701298701288,0.012903404835907782,0.025641025641025664,10119389.15,0.572516869755918
2025-07-31,BIL.N0000,7.8,8.1,7.8,7.9,22545717,tradingview_cselk_fallback,0.012820512820512997,0.012739025777429932,0.03797468354430377,10959820.2,2.057124714509459
2025-08-01,BIL.N0000,7.9,8.0,7.8,8.0,5762561,tradingview_cselk_fallback,0.012658227848101111,0.012578782206859965,0.025000000000000022,11087463.55,0.5197366353461428
2025-08-04,BIL.N0000,7.9,8.0,7.7,7.7,11091971,tradingview_cselk_fallback,-0.03749999999999998,-0.03822121282019774,0.03896103896103894,11337605.15,0.9783345647735845
2025-08-05,BIL.N0000,7.8,7.9,7.7,7.8,2125451,tradingview_cselk_fallback,0.01298701298701288,0.012903404835907782,0.025641025641025664,11330988.1,0.18757861020081737
2025-08-06,BIL.N0000,7.8,7.9,7.7,7.8,2526882,tradingview_cselk_fallback,0.0,0.0,0.025641025641025664,11194031.9,0.22573475067549165
2025-08-07,BIL.N0000,7.8,7.9,7.7,7.8,1988810,tradingview_cselk_fallback,0.0,0.0,0.025641025641025664,11049409.75,0.17999241995709317
2025-08-11,BIL.N0000,7.8,7.8,7.6,7.8,10127505,tradingview_cselk_fallback,0.0,0.0,0.025641025641025664,11089584.75,0.913244745255227
2025-08-12,BIL.N0000,7.8,7.8,7.6,7.8,3971770,tradingview_cselk_fallback,0.0,0.0,0.025641025641025664,10780417.25,0.36842451529415526
2025-08-13,BIL.N0000,7.7,7.8,7.6,7.7,4020302,tradingview_cselk_fallback,-0.012820512820512775,-0.012903404835907841,0.025974025974025997,10011806.35,0.4015561088034828
2025-08-14,BIL.N0000,7.7,7.7,7.6,7.7,2612790,tradingview_cselk_fallback,0.0,0.0,0.012987012987013056,8402733.0,0.3109452603099492
2025-08-15,BIL.N0000,7.7,8.0,7.6,8.0,10492653,tradingview_cselk_fallback,0.03896103896103886,0.03822121282019767,0.050000000000000044,8519509.35,1.2316029678399263
2025-08-18,BIL.N0000,7.9,7.9,7.6,7.6,11932630,tradingview_cselk_fallback,-0.050000000000000044,-0.05129329438755058,0.03947368421052641,8658494.4,1.3781414468547788
2025-08-19,BIL.N0000,7.6,7.7,7.4,7.6,17003558,tradingview_cselk_fallback,0.0,0.0,0.03947368421052629,9065739.3,1.8755842670216647
2025-08-20,BIL.N0000,7.6,7.6,7.4,7.6,11943060,tradingview_cselk_fallback,0.0,0.0,0.02631578947368412,9198871.25,1.298317986568189
2025-08-21,BIL.N0000,7.6,7.6,7.4,7.5,11001280,tradingview_cselk_fallback,-0.013157894736842035,-0.013245226750020567,0.02666666666666657,8999697.3,1.2224055580180457
2025-08-22,BIL.N0000,7.5,7.5,7.3,7.3,8176947,tradingview_cselk_fallback,-0.026666666666666727,-0.027028672387919374,0.02739726027397263,8851034.8,0.9238407920393669
2025-08-25,BIL.N0000,7.3,7.6,7.3,7.4,4497458,tradingview_cselk_fallback,0.013698630136986356,0.013605652055778678,0.040540540540540515,8529268.15,0.5272970577200108
2025-08-26,BIL.N0000,7.5,7.5,7.3,7.4,2635796,tradingview_cselk_fallback,0.0,0.0,0.02702702702702705,8333704.05,0.3162814499034196
2025-08-27,BIL.N0000,7.4,7.6,7.4,7.4,5165188,tradingview_cselk_fallback,0.0,0.0,0.02702702702702693,7770792.5,0.6646925651405567
2025-08-28,BIL.N0000,7.5,7.5,7.3,7.4,4645339,tradingview_cselk_fallback,0.0,0.0,0.02702702702702705,7713383.4,0.6022440165492098
2025-08-29,BIL.N0000,7.4,7.5,7.3,7.4,9182554,tradingview_cselk_fallback,0.0,0.0,0.02702702702702705,7045225.25,1.3033726636348497
2025-09-01,BIL.N0000,7.4,7.5,7.3,7.4,6791108,tradingview_cselk_fallback,0.0,0.0,0.02702702702702705,7096652.6,0.9569452504973965
2025-09-02,BIL.N0000,7.4,7.5,7.4,7.5,5314817,tradingview_cselk_fallback,0.013513513513513375,0.01342302033214055,0.013333333333333286,6807794.9,0.7806958167908378
2025-09-03,BIL.N0000,7.4,7.5,7.3,7.4,3689960,tradingview_cselk_fallback,-0.013333333333333308,-0.013423020332140661,0.02702702702702705,6886020.35,0.5358624884110312
2025-09-04,BIL.N0000,7.4,7.5,7.3,7.5,5372707,tradingview_cselk_fallback,0.013513513513513375,0.01342302033214055,0.02666666666666669,7028311.6,0.7644377918588584
2025-09-08,BIL.N0000,7.4,7.7,7.3,7.7,11798377,tradingview_cselk_fallback,0.026666666666666616,0.026317308317373358,0.05194805194805199,7518789.95,1.5691856107777022
2025-09-09,BIL.N0000,7.7,7.8,7.4,7.5,19590993,tradingview_cselk_fallback,-0.025974025974025983,-0.026317308317373417,0.05333333333333326,7991964.35,2.4513363851529193
2025-09-10,BIL.N0000,7.5,8.0,7.4,7.8,31066645,tradingview_cselk_fallback,0.040000000000000036,0.03922071315328133,0.07692307692307689,9346708.1,3.3238060574503234
2025-09-11,BIL.N0000,7.8,7.9,7.6,7.7,3426424,tradingview_cselk_fallback,-0.012820512820512775,-0.012903404835907841,0.03896103896103905,9317014.2,0.36775987740793614
2025-09-12,BIL.N0000,7.7,7.7,7.5,7.6,4339507,tradingview_cselk_fallback,-0.012987012987013102,-0.013072081567352888,0.026315789473684237,9403350.05,0.46148521292153744
2025-09-15,BIL.N0000,7.5,7.8,7.5,7.7,6057798,tradingview_cselk_fallback,0.013157894736842257,0.013072081567352921,0.03896103896103894,9181607.3,0.6597753314934303
2025-09-16,BIL.N0000,7.7,7.7,7.5,7.6,8552744,tradingview_cselk_fallback,-0.012987012987013102,-0.013072081567352888,0.026315789473684237,9012613.0,0.9489749532127919
2025-09-17,BIL.N0000,7.6,7.7,7.4,7.5,7250220,tradingview_cselk_fallback,-0.013157894736842035,-0.013245226750020567,0.03999999999999997,8524946.1,0.8504710663214633
2025-09-18,BIL.N0000,7.6,7.7,7.5,7.6,6440629,tradingview_cselk_fallback,0.013333333333333197,0.013245226750020505,0.026315789473684237,8249824.55,0.7806989058937017
2025-09-19,BIL.N0000,7.6,7.7,7.4,7.7,11832625,tradingview_cselk_fallback,0.013157894736842257,0.013072081567352921,0.03896103896103894,8291391.8,1.4270975591818011
2025-09-22,BIL.N0000,7.7,7.8,7.5,7.8,25875883,tradingview_cselk_fallback,0.01298701298701288,0.012903404835907782,0.03846153846153844,9176338.6,2.8198483216388723
2025-09-23,BIL.N0000,7.8,8.2,7.7,8.1,54505011,tradingview_cselk_fallback,0.03846153846153855,0.03774032798284711,0.06172839506172829,11676716.25,4.667837244053953
2025-09-24,BIL.N0000,8.2,8.3,7.9,7.9,37795886,tradingview_cselk_fallback,-0.024691358024691246,-0.025001302205417155,0.050632911392405104,13434720.75,2.8132989664113413
2025-09-25,BIL.N0000,8.0,8.0,7.7,7.9,7573059,tradingview_cselk_fallback,0.0,0.0,0.03797468354430377,13555114.3,0.558686473045823
2025-09-26,BIL.N0000,7.9,7.9,7.6,7.8,7270380,tradingview_cselk_fallback,-0.012658227848101333,-0.012739025777429826,0.038461538461538554,13686366.35,0.5312133121440228
2025-09-29,BIL.N0000,7.8,7.8,7.6,7.7,3817742,tradingview_cselk_fallback,-0.012820512820512775,-0.012903404835907841,0.025974025974025997,13418125.75,0.28452125662930233
2025-09-30,BIL.N0000,7.7,7.8,7.6,7.8,6165645,tradingview_cselk_fallback,0.01298701298701288,0.012903404835907782,0.025641025641025664,13386852.6,0.4605746536717675
2025-10-01,BIL.N0000,7.8,7.8,7.6,7.7,3282563,tradingview_cselk_fallback,-0.012820512820512775,-0.012903404835907841,0.025974025974025997,13285239.9,0.24708345688209965
2025-10-02,BIL.N0000,7.7,7.8,7.6,7.7,4824147,tradingview_cselk_fallback,0.0,0.0,0.025974025974025997,13341949.25,0.36157737595951356
2025-10-03,BIL.N0000,7.7,7.7,7.6,7.6,6072973,tradingview_cselk_fallback,-0.012987012987013102,-0.013072081567352888,0.013157894736842176,13376962.55,0.45398744126707596
2025-10-07,BIL.N0000,7.6,7.7,7.5,7.6,11666715,tradingview_cselk_fallback,0.0,0.0,0.026315789473684237,13370379.45,0.8725791996875601
2025-10-08,BIL.N0000,7.5,7.6,7.5,7.6,7433378,tradingview_cselk_fallback,0.0,0.0,0.01315789473684206,12762498.7,0.5824390798958514
2025-10-09,BIL.N0000,7.5,7.6,7.4,7.5,10198921,tradingview_cselk_fallback,-0.013157894736842035,-0.013245226750020567,0.02666666666666657,11719112.5,0.8702810046409231
2025-10-10,BIL.N0000,7.5,7.6,7.4,7.5,13331536,tradingview_cselk_fallback,0.0,0.0,0.02666666666666657,12214368.1,1.0914634216730377
2025-10-13,BIL.N0000,7.5,7.6,7.4,7.6,11125103,tradingview_cselk_fallback,0.013333333333333197,0.013245226750020505,0.02631578947368412,12553647.9,0.8862047978898627
2025-10-14,BIL.N0000,7.5,7.7,7.5,7.6,13722287,tradingview_cselk_fallback,0.0,0.0,0.026315789473684237,12936872.35,1.0607113240937251
2025-10-15,BIL.N0000,7.6,7.7,7.5,7.5,4582333,tradingview_cselk_fallback,-0.013157894736842035,-0.013245226750020567,0.02666666666666669,12738351.8,0.35972730789237584
2025-10-16,BIL.N0000,7.5,7.6,7.5,7.5,2511557,tradingview_cselk_fallback,0.0,0.0,0.013333333333333286,12501418.65,0.20090175925753834
2025-10-17,BIL.N0000,7.5,7.6,7.4,7.5,3943463,tradingview_cselk_fallback,0.0,0.0,0.02666666666666657,12376560.35,0.3186235018843503
2025-10-21,BIL.N0000,7.5,7.6,7.4,7.5,13054713,tradingview_cselk_fallback,0.0,0.0,0.02666666666666657,12437664.75,1.0496112624357399
2025-10-22,BIL.N0000,7.5,7.6,7.4,7.5,4152221,tradingview_cselk_fallback,0.0,0.0,0.02666666666666657,11351481.65,0.365786698866751
2025-10-23,BIL.N0000,7.5,7.7,7.4,7.7,20586115,tradingview_cselk_fallback,0.026666666666666616,0.026317308317373358,0.03896103896103894,9655536.85,2.1320528645696175
2025-10-24,BIL.N0000,7.9,8.0,7.5,7.7,22160231,tradingview_cselk_fallback,0.0,0.0,0.06493506493506493,8873754.1,2.497278012245122
2025-10-27,BIL.N0000,7.5,7.7,7.5,7.6,3991929,tradingview_cselk_fallback,-0.012987012987013102,-0.013072081567352888,0.026315789473684237,8694697.6,0.4591222356025355
2025-10-28,BIL.N0000,7.6,7.6,7.4,7.6,4471980,tradingview_cselk_fallback,0.0,0.0,0.02631578947368412,8554777.6,0.5227464943097995
2025-10-29,BIL.N0000,7.5,7.6,7.4,7.5,3640599,tradingview_cselk_fallback,-0.013157894736842035,-0.013245226750020567,0.02666666666666657,8545920.45,0.42600431648061976
2025-10-30,BIL.N0000,7.4,7.5,7.4,7.4,4465938,tradingview_cselk_fallback,-0.013333333333333308,-0.013423020332140661,0.013513513513513466,8460935.1,0.5278303103873235
2025-10-31,BIL.N0000,7.5,7.5,7.4,7.5,3142384,tradingview_cselk_fallback,0.013513513513513375,0.01342302033214055,0.013333333333333286,8453926.15,0.3717070558985188
2025-11-03,BIL.N0000,7.5,7.5,7.4,7.5,4760836,tradingview_cselk_fallback,0.0,0.0,0.013333333333333286,8450760.6,0.563361835146531
2025-11-04,BIL.N0000,7.4,7.5,7.4,7.5,4298045,tradingview_cselk_fallback,0.0,0.0,0.013333333333333286,8362014.2,0.5139963766146199
2025-11-06,BIL.N0000,7.5,7.5,7.3,7.4,3256132,tradingview_cselk_fallback,-0.013333333333333308,-0.013423020332140661,0.02702702702702705,7941485.05,0.4100155045938165
2025-11-07,BIL.N0000,7.4,7.5,7.2,7.2,19542808,tradingview_cselk_fallback,-0.027027027027027084,-0.027398974188114503,0.041666666666666644,8546956.55,2.2865224464022806
2025-11-10,BIL.N0000,7.2,7.5,7.1,7.4,16891606,tradingview_cselk_fallback,0.0277777777777779,0.02739897418811456,0.0540540540540541,8881590.8,1.9018671745156284
2025-11-11,BIL.N0000,7.4,7.5,7.1,7.3,14291229,tradingview_cselk_fallback,-0.013513513513513598,-0.013605652055778709,0.05479452054794526,8929575.45,1.600437678142918
2025-11-12,BIL.N0000,7.3,7.4,7.1,7.3,9594264,tradingview_cselk_fallback,0.0,0.0,0.041095890410959006,8853033.5,1.0837261600783505
2025-11-13,BIL.N0000,7.3,7.4,7.2,7.2,2686793,tradingview_cselk_fallback,-0.013698630136986245,-0.01379332213233576,0.0277777777777778,8301258.8,0.3236609127280793
2025-11-14,BIL.N0000,7.2,7.3,7.1,7.3,4506966,tradingview_cselk_fallback,0.01388888888888884,0.01379332213233577,0.02739726027397263,8297490.45,0.5431721828616265
2025-11-17,BIL.N0000,7.1,7.1,6.9,7.0,22444127,tradingview_cselk_fallback,-0.041095890410958846,-0.04196419909903208,0.02857142857142847,9294118.95,2.414874085509741
2025-11-18,BIL.N0000,7.0,7.1,6.9,7.0,11595836,tradingview_cselk_fallback,0.0,0.0,0.02857142857142847,9676737.6,1.1983208059708057
2025-11-19,BIL.N0000,7.0,7.0,6.8,7.0,4023577,tradingview_cselk_fallback,0.0,0.0,0.0285714285714286,9225180.8,0.43615156030329505
2025-11-20,BIL.N0000,6.9,7.0,6.8,6.9,4810306,tradingview_cselk_fallback,-0.014285714285714235,-0.014388737452099556,0.028985507246376836,9258085.05,0.5195789381952156
2025-11-21,BIL.N0000,6.9,7.0,6.8,6.9,5251597,tradingview_cselk_fallback,0.0,0.0,0.028985507246376836,8491359.15,0.6184636531361413
2025-11-24,BIL.N0000,6.9,6.9,6.6,6.7,20877182,tradingview_cselk_fallback,-0.02898550724637683,-0.02941388520629334,0.044776119402985176,8427206.7,2.4773549223611666
2025-11-25,BIL.N0000,6.6,7.2,6.6,7.1,13093032,tradingview_cselk_fallback,0.05970149253731338,0.057987257650349316,0.08450704225352121,8882261.85,1.4740650772415587
2025-11-26,BIL.N0000,7.0,7.2,6.7,6.9,6732537,tradingview_cselk_fallback,-0.028169014084506894,-0.028573372444055885,0.07246376811594203,8995289.7,0.7484513811711924
2025-11-27,BIL.N0000,6.9,6.9,6.7,6.9,6594346,tradingview_cselk_fallback,0.0,0.0,0.028985507246376836,9142977.05,0.7212471347065231
2025-11-28,BIL.N0000,6.7,7.0,6.7,7.0,1895313,tradingview_cselk_fallback,0.014492753623188248,0.014388737452099452,0.04285714285714283,9014445.8,0.210252858805807
2025-12-01,BIL.N0000,6.7,6.8,6.6,6.7,8741581,tradingview_cselk_fallback,-0.042857142857142816,-0.04380262265839289,0.029850746268656744,9294405.65,0.9405207098960653
2025-12-02,BIL.N0000,6.6,6.8,6.6,6.7,4320352,tradingview_cselk_fallback,0.0,0.0,0.029850746268656744,9272381.45,0.4659376906889438
2025-12-03,BIL.N0000,6.7,6.7,6.4,6.6,6665479,tradingview_cselk_fallback,-0.014925373134328401,-0.015037877364540559,0.04545454545454543,9390753.15,0.7097917380567074
2025-12-05,BIL.N0000,6.6,6.7,6.3,6.4,10216627,tradingview_cselk_fallback,-0.030303030303030165,-0.030771658666753545,0.06250000000000006,9738777.9,1.0490666390492385
2025-12-08,BIL.N0000,6.5,6.6,6.4,6.5,4766657,tradingview_cselk_fallback,0.015625,0.015504186535965254,0.03076923076923066,8999970.35,0.5296303003931563
2025-12-09,BIL.N0000,6.5,6.7,6.4,6.6,5318916,tradingview_cselk_fallback,0.01538461538461533,0.01526747213078838,0.04545454545454543,8421335.85,0.6316000329092682
2025-12-10,BIL.N0000,6.7,6.9,6.6,6.8,4120239,tradingview_cselk_fallback,0.030303030303030276,0.02985296314968113,0.044117647058823636,7912786.35,0.5207064639120453
2025-12-11,BIL.N0000,6.8,6.9,6.7,6.8,2717620,tradingview_cselk_fallback,0.0,0.0,0.02941176470588238,7568954.15,0.3590482841014435
2025-12-12,BIL.N0000,6.8,6.8,6.7,6.7,1078140,tradingview_cselk_fallback,-0.014705882352941124,-0.014815085785140587,0.014925373134328304,7488521.5,0.14397234487475263
2025-12-15,BIL.N0000,6.8,6.8,6.5,6.7,2865764,tradingview_cselk_fallback,0.0,0.0,0.044776119402985044,7406461.4,0.38692755490496444
2025-12-16,BIL.N0000,6.5,6.7,6.5,6.6,1635877,tradingview_cselk_fallback,-0.014925373134328401,-0.015037877364540559,0.03030303030303033,6366048.9,0.25696896547558723
2025-12-17,BIL.N0000,6.6,6.9,6.6,6.9,3739228,tradingview_cselk_fallback,0.045454545454545636,0.04445176257083401,0.04347826086956532,5973218.5,0.6259988647661223
2025-12-18,BIL.N0000,6.9,7.0,6.8,6.9,1230242,tradingview_cselk_fallback,0.0,0.0,0.028985507246376836,5833551.75,0.21089073221986931
2025-12-19,BIL.N0000,6.9,6.9,6.7,6.8,1545693,tradingview_cselk_fallback,-0.01449275362318847,-0.014598799421152749,0.02941176470588238,5670321.1,0.2725935573560376
2025-12-22,BIL.N0000,6.8,6.8,6.6,6.8,2091203,tradingview_cselk_fallback,0.0,0.0,0.02941176470588238,5512301.4,0.37937022093893485
2025-12-23,BIL.N0000,6.7,6.8,6.6,6.7,1456869,tradingview_cselk_fallback,-0.014705882352941124,-0.014815085785140587,0.029850746268656744,4541285.75,0.32080540186223694
2025-12-24,BIL.N0000,6.6,6.7,6.6,6.7,2091457,tradingview_cselk_fallback,0.0,0.0,0.014925373134328438,3991207.0,0.5240161685424986
2025-12-26,BIL.N0000,6.6,6.8,6.6,6.7,965654,tradingview_cselk_fallback,0.0,0.0,0.029850746268656744,3702862.85,0.2607857863274628
2025-12-29,BIL.N0000,6.8,6.8,6.5,6.6,4418757,tradingview_cselk_fallback,-0.014925373134328401,-0.015037877364540559,0.04545454545454543,3594083.4,1.229453106180007
2025-12-30,BIL.N0000,6.7,6.7,6.5,6.6,3871472,tradingview_cselk_fallback,0.0,0.0,0.03030303030303033,3692891.35,1.048357948575985
2025-12-31,BIL.N0000,6.7,6.7,6.6,6.6,2122803,tradingview_cselk_fallback,0.0,0.0,0.015151515151515233,3361952.45,0.6314196978009013
2026-01-02,BIL.N0000,6.7,6.7,6.6,6.6,2788629,tradingview_cselk_fallback,0.0,0.0,0.015151515151515233,3285366.3,0.848803069539004
2026-01-05,BIL.N0000,6.7,6.8,6.6,6.7,3716992,tradingview_cselk_fallback,0.015151515151515138,0.015037877364540502,0.029850746268656744,3137941.95,1.1845317916094655
2026-01-06,BIL.N0000,6.8,6.9,6.7,6.7,4799632,tradingview_cselk_fallback,0.0,0.0,0.029850746268656744,2867092.2,1.6740417346885461
2026-01-07,BIL.N0000,6.8,6.8,6.7,6.7,0,tradingview_cselk_fallback,0.0,0.0,0.014925373134328304,2628759.35,0.0
2026-01-08,BIL.N0000,6.8,6.9,6.6,6.7,1875818,tradingview_cselk_fallback,0.0,0.0,0.044776119402985176,2456604.45,0.7635816177081336
2026-01-09,BIL.N0000,6.6,7.0,6.6,6.9,7749262,tradingview_cselk_fallback,0.029850746268656803,0.029413885206293407,0.05797101449275367,2638055.6,2.9374900210594497
2026-01-12,BIL.N0000,7.0,7.2,6.8,7.0,13085408,tradingview_cselk_fallback,0.014492753623188248,0.014388737452099452,0.0571428571428572,3156445.0,4.145615716415144
2026-01-13,BIL.N0000,7.0,7.0,6.8,6.9,3055524,tradingview_cselk_fallback,-0.014285714285714235,-0.014388737452099556,0.028985507246376836,3255314.2,0.9386264465654344
2026-01-14,BIL.N0000,6.8,7.0,6.7,6.9,4576779,tradingview_cselk_fallback,0.0,0.0,0.04347826086956519,3340864.95,1.3699383448588665
2026-01-16,BIL.N0000,6.8,6.9,6.7,6.8,1410045,tradingview_cselk_fallback,-0.01449275362318847,-0.014598799421152749,0.02941176470588238,3329573.35,0.4234911959515774
2026-01-19,BIL.N0000,6.8,6.9,6.6,6.8,5483827,tradingview_cselk_fallback,0.0,0.0,0.044117647058823636,3416803.3,1.60495835390934
2026-01-20,BIL.N0000,6.8,6.8,6.6,6.6,1380085,tradingview_cselk_fallback,-0.02941176470588236,-0.02985296314968116,0.03030303030303033,3424295.45,0.4030274315260968
2026-01-21,BIL.N0000,6.7,6.8,6.6,6.7,2995677,tradingview_cselk_fallback,0.015151515151515138,0.015037877364540502,0.029850746268656744,3496794.65,0.8566922853190707
2026-01-22,BIL.N0000,6.7,6.8,6.6,6.7,2970543,tradingview_cselk_fallback,0.0,0.0,0.029850746268656744,3540761.65,0.8389559348057218
2026-01-23,BIL.N0000,6.6,7.2,6.6,7.0,18091406,tradingview_cselk_fallback,0.04477611940298498,0.04380262265839284,0.08571428571428578,4372488.5,4.137553706544911
2026-01-26,BIL.N0000,7.1,7.4,7.0,7.2,29072843,tradingview_cselk_fallback,0.028571428571428692,0.02817087696669644,0.0555555555555556,5721557.8,5.081281010566737
2026-01-27,BIL.N0000,7.3,7.4,7.0,7.0,6569609,tradingview_cselk_fallback,-0.02777777777777779,-0.028170876966696335,0.0571428571428572,6001755.55,1.0946145582353817
2026-01-28,BIL.N0000,7.0,7.1,6.9,7.0,2405319,tradingview_cselk_fallback,0.0,0.0,0.02857142857142847,5901083.65,0.40760632159484805
2026-01-29,BIL.N0000,7.0,7.2,6.9,7.1,4422675,tradingview_cselk_fallback,0.014285714285714235,0.014184634991956381,0.04225352112676054,5928643.8,0.74598426709326
2026-01-30,BIL.N0000,7.0,7.1,6.8,6.9,3086539,tradingview_cselk_fallback,-0.028169014084506894,-0.028573372444055885,0.04347826086956519,5976830.6,0.5164173466786895
2026-02-02,BIL.N0000,6.9,7.0,6.7,6.9,2051045,tradingview_cselk_fallback,0.0,0.0,0.04347826086956519,5939951.4,0.3452965961977399
2026-02-03,BIL.N0000,6.9,7.0,6.7,6.8,12898565,tradingview_cselk_fallback,-0.01449275362318847,-0.014598799421152749,0.044117647058823505,6399030.05,2.015706270983991
2026-02-05,BIL.N0000,6.7,6.9,6.7,6.8,2274682,tradingview_cselk_fallback,0.0,0.0,0.02941176470588238,6272782.55,0.36262726818100843
2026-02-06,BIL.N0000,6.8,6.9,6.7,6.8,3482710,tradingview_cselk_fallback,0.0,0.0,0.02941176470588238,6446918.05,0.5402131643351663
2026-02-09,BIL.N0000,6.9,7.0,6.7,6.9,5064109,tradingview_cselk_fallback,0.014705882352941346,0.014598799421152851,0.04347826086956519,6606332.6,0.7665537457196752
2026-02-10,BIL.N0000,6.9,6.9,6.7,6.8,964792,tradingview_cselk_fallback,-0.01449275362318847,-0.014598799421152749,0.02941176470588238,6267109.1,0.1539453015107077
2026-02-11,BIL.N0000,6.8,6.9,6.7,6.7,5310846,tradingview_cselk_fallback,-0.014705882352941124,-0.014815085785140587,0.029850746268656744,5878381.0,0.9034538591493134
2026-02-12,BIL.N0000,6.7,6.9,6.7,6.8,1751200,tradingview_cselk_fallback,0.014925373134328401,0.014815085785140682,0.02941176470588238,5813164.8,0.3012472655170554
2026-02-13,BIL.N0000,6.9,6.9,6.6,6.8,2059191,tradingview_cselk_fallback,0.0,0.0,0.044117647058823636,5687285.4,0.3620692219876991
2026-02-16,BIL.N0000,6.6,6.8,6.5,6.6,6114618,tradingview_cselk_fallback,-0.02941176470588236,-0.02985296314968116,0.04545454545454543,5922514.05,1.0324362168461214
2026-02-17,BIL.N0000,6.6,6.7,6.6,6.7,2695717,tradingview_cselk_fallback,0.015151515151515138,0.015037877364540502,0.014925373134328438,5783108.55,0.4661363307800958
2026-02-18,BIL.N0000,6.6,6.7,6.5,6.7,4431780,tradingview_cselk_fallback,0.0,0.0,0.029850746268656744,5935693.3,0.7466322426059312
2026-02-19,BIL.N0000,6.7,6.7,6.5,6.6,3070002,tradingview_cselk_fallback,-0.014925373134328401,-0.015037877364540559,0.03030303030303033,5939409.55,0.5168867332948947
2026-02-20,BIL.N0000,6.5,6.6,6.5,6.6,1580742,tradingview_cselk_fallback,0.0,0.0,0.015151515151515098,5869919.5,0.2692953455324217
2026-02-23,BIL.N0000,6.5,6.7,6.5,6.5,1466438,tradingview_cselk_fallback,-0.015151515151515138,-0.01526747213078842,0.030769230769230795,5038671.1,0.2910366584554408
2026-02-24,BIL.N0000,6.5,6.6,6.5,6.6,2230916,tradingview_cselk_fallback,0.01538461538461533,0.01526747213078838,0.015151515151515098,3696574.75,0.6035089646165007
2026-02-25,BIL.N0000,6.5,6.6,6.4,6.6,3698516,tradingview_cselk_fallback,0.0,0.0,0.030303030303030196,3553020.1,1.0409499231372206
2026-02-26,BIL.N0000,6.5,6.6,6.4,6.5,2481521,tradingview_cselk_fallback,-0.015151515151515138,-0.01526747213078842,0.03076923076923066,3556830.2,0.6976776681664477
2026-02-27,BIL.N0000,6.6,6.6,6.4,6.5,4985888,tradingview_cselk_fallback,0.0,0.0,0.03076923076923066,3584990.85,1.3907672874534673
2026-03-03,BIL.N0000,6.3,6.3,5.9,6.0,24658058,tradingview_cselk_fallback,-0.07692307692307687,-0.08004270767353637,0.06666666666666658,4663566.8,5.287381752524698
2026-03-04,BIL.N0000,6.0,6.2,6.0,6.1,4858646,tradingview_cselk_fallback,0.016666666666666607,0.016529301951210506,0.03278688524590167,4803946.85,1.0113862937513558
2026-03-05,BIL.N0000,6.1,6.3,6.0,6.3,1635819,tradingview_cselk_fallback,0.032786885245901676,0.03226086221822148,0.047619047619047596,4240809.55,0.3857327193577934
2026-03-06,BIL.N0000,6.2,6.3,6.0,6.1,2127482,tradingview_cselk_fallback,-0.031746031746031744,-0.032260862218221435,0.04918032786885243,4233449.55,0.5025410070140083
2026-03-09,BIL.N0000,6.0,6.1,5.8,5.9,11161526,tradingview_cselk_fallback,-0.032786885245901565,-0.03333642026759172,0.05084745762711861,4617390.35,2.41728014180131
2026-03-10,BIL.N0000,6.0,6.1,5.8,6.0,4255824,tradingview_cselk_fallback,0.016949152542372836,0.01680711831638119,0.04999999999999997,4576976.1,0.9298331271600917
2026-03-11,BIL.N0000,6.0,6.0,5.9,5.9,2130938,tradingview_cselk_fallback,-0.016666666666666607,-0.016807118316381174,0.01694915254237282,4635283.4,0.4597211898629542
2026-03-12,BIL.N0000,6.0,6.1,5.8,5.9,4050657,tradingview_cselk_fallback,0.0,0.0,0.05084745762711861,4572273.95,0.8859173890925761
2026-03-13,BIL.N0000,5.8,5.9,5.8,5.9,2983192,tradingview_cselk_fallback,0.0,0.0,0.01694915254237297,4633873.55,0.6437793279879206
2026-03-16,BIL.N0000,5.7,5.8,5.5,5.7,8823654,tradingview_cselk_fallback,-0.03389830508474578,-0.03448617607116932,0.05263157894736839,4972096.7,1.7746344313858577
2026-03-17,BIL.N0000,5.6,5.8,5.4,5.5,7240560,tradingview_cselk_fallback,-0.03508771929824561,-0.03571808260207923,0.07272727272727263,5028393.8,1.4399349549750857
2026-03-18,BIL.N0000,5.4,5.6,5.2,5.5,4081818,tradingview_cselk_fallback,0.0,0.0,0.07272727272727263,5097698.85,0.8007177591512689
2026-03-19,BIL.N0000,5.5,5.5,5.3,5.4,2971176,tradingview_cselk_fallback,-0.018181818181818077,-0.01834913866819643,0.03703703703703707,5024668.65,0.5913177976422385
2026-03-20,BIL.N0000,5.4,5.6,5.4,5.6,3080939,tradingview_cselk_fallback,0.03703703703703698,0.03636764417087479,0.03571428571428559,5025215.5,0.6130958960864464
2026-03-23,BIL.N0000,5.4,5.5,5.2,5.5,4925166,tradingview_cselk_fallback,-0.017857142857142794,-0.01801850550267825,0.054545454545454515,5192436.7,0.9485269218592496
2026-03-24,BIL.N0000,5.6,5.8,5.5,5.8,8265053,tradingview_cselk_fallback,0.05454545454545445,0.05310982531394833,0.051724137931034454,5532367.45,1.4939450560175644
2026-03-25,BIL.N0000,5.8,6.0,5.8,6.0,4734560,tradingview_cselk_fallback,0.034482758620689724,0.033901551675681416,0.03333333333333336,5657549.65,0.8368569951480672
2026-03-26,BIL.N0000,6.0,6.0,5.6,5.7,3855828,tradingview_cselk_fallback,-0.04999999999999993,-0.05129329438755046,0.0701754385964913,5665415.25,0.680590535706981
2026-03-27,BIL.N0000,5.7,5.9,5.7,5.8,2187323,tradingview_cselk_fallback,0.01754385964912264,0.01739174271186902,0.03448275862068969,5650705.35,0.3870884897581857
2026-03-30,BIL.N0000,5.7,6.4,5.6,6.1,19700561,tradingview_cselk_fallback,0.051724137931034475,0.050430853626891904,0.13114754098360668,6386439.0,3.0847489500800056
2026-03-31,BIL.N0000,6.1,6.2,6.0,6.0,4836969,tradingview_cselk_fallback,-0.016393442622950727,-0.01652930195121047,0.03333333333333336,5395384.55,0.896501251240748
2026-04-02,BIL.N0000,6.1,6.2,5.9,6.0,4116417,tradingview_cselk_fallback,0.0,0.0,0.04999999999999997,5358273.1,0.7682357586439557
2026-04-06,BIL.N0000,6.0,6.1,5.9,6.1,1317080,tradingview_cselk_fallback,0.016666666666666607,0.016529301951210506,0.03278688524590152,5342336.15,0.24653633972471012
2026-04-07,BIL.N0000,6.1,6.1,5.9,6.0,1352116,tradingview_cselk_fallback,-0.016393442622950727,-0.01652930195121047,0.033333333333333215,5303567.85,0.25494460299965804
2026-04-08,BIL.N0000,6.1,6.4,6.1,6.4,5715919,tradingview_cselk_fallback,0.06666666666666665,0.06453852113757116,0.04687500000000011,5031287.5,1.1360748118647563
2026-04-09,BIL.N0000,6.3,6.3,6.0,6.2,3304632,tradingview_cselk_fallback,-0.03125,-0.0317486983145803,0.04838709677419352,4983727.9,0.6630843549865553
2026-04-10,BIL.N0000,6.1,6.6,6.1,6.4,6408647,tradingview_cselk_fallback,0.032258064516129004,0.03174869831458027,0.078125,5197613.35,1.232998025911258
2026-04-15,BIL.N0000,6.3,6.4,6.2,6.4,1970010,tradingview_cselk_fallback,0.0,0.0,0.03125000000000003,5093581.0,0.3867632614461221
2026-04-16,BIL.N0000,6.3,6.6,6.3,6.6,3931050,tradingview_cselk_fallback,0.031249999999999778,0.030771658666753472,0.04545454545454543,5140973.9,0.7646508378500034
2026-04-17,BIL.N0000,6.6,6.9,6.5,6.8,10756221,tradingview_cselk_fallback,0.030303030303030276,0.02985296314968113,0.05882352941176476,5237602.25,2.0536536542078965
2026-04-20,BIL.N0000,6.8,6.8,6.4,6.5,3574431,tradingview_cselk_fallback,-0.044117647058823484,-0.045120435280469544,0.06153846153846146,5054295.8,0.7072065311254636
2026-04-21,BIL.N0000,6.5,6.6,6.4,6.5,1871010,tradingview_cselk_fallback,0.0,0.0,0.03076923076923066,4943755.4,0.37845925791555135
2026-04-22,BIL.N0000,6.5,6.6,6.3,6.4,7896848,tradingview_cselk_fallback,-0.01538461538461533,-0.015504186535965199,0.04687499999999997,5190039.0,1.5215392408419282
2026-04-23,BIL.N0000,6.5,6.5,6.3,6.5,689991,tradingview_cselk_fallback,0.015625,0.015504186535965254,0.030769230769230795,5070491.6,0.13607970477655462
2026-04-24,BIL.N0000,6.5,6.5,6.3,6.4,1164105,tradingview_cselk_fallback,-0.01538461538461533,-0.015504186535965199,0.03125000000000003,4882438.55,0.2384269639194947
2026-04-27,BIL.N0000,6.3,6.4,6.2,6.4,1034479,tradingview_cselk_fallback,0.0,0.0,0.03125000000000003,4520909.85,0.22882097505217894
2026-04-28,BIL.N0000,6.2,6.4,6.2,6.3,824478,tradingview_cselk_fallback,-0.01562500000000011,-0.015748356968139282,0.03174603174603177,4325405.75,0.19061286909326366
2026-04-29,BIL.N0000,6.4,6.4,6.2,6.2,1011137,tradingview_cselk_fallback,-0.015873015873015817,-0.016000341346441075,0.03225806451612906,4183171.2,0.2417154239348368
2026-04-30,BIL.N0000,6.2,6.3,6.1,6.2,1390020,tradingview_cselk_fallback,0.0,0.0,0.03225806451612906,4143306.05,0.33548571677441014
2026-05-04,BIL.N0000,6.2,6.5,6.2,6.4,2153819,tradingview_cselk_fallback,0.032258064516129004,0.03174869831458027,0.04687499999999997,3265968.95,0.6594732016665376
2026-05-05,BIL.N0000,6.4,6.5,6.3,6.3,1627601,tradingview_cselk_fallback,-0.01562500000000011,-0.015748356968139282,0.03174603174603177,3105500.55,0.5241026281576412
2026-05-06,BIL.N0000,6.3,6.5,6.3,6.5,1382185,tradingview_cselk_fallback,0.031746031746031855,0.03125254350410453,0.030769230769230795,2968788.95,0.4655719969585578
2026-05-07,BIL.N0000,6.5,6.6,6.3,6.4,3647469,tradingview_cselk_fallback,-0.01538461538461533,-0.015504186535965199,0.04687499999999997,3085308.4,1.1822056427163004
